Customer_ID,Annual_Income,Monthly_Inhand_Salary,Num_Bank_Accounts,Num_Credit_Card,Interest_Rate,Num_of_Loan,Type_of_Loan,Delay_from_due_date,Num_of_Delayed_Payment,Changed_Credit_Limit,Num_Credit_Inquiries,Credit_Mix,Outstanding_Debt,Credit_Utilization_Ratio,Credit_History_Age,Payment_of_Min_Amount,Total_EMI_per_month,Amount_invested_monthly,Payment_Behaviour,Monthly_Balance,snapshot_date
CUS_0x1000,30625.94,2706.1616666666664,6,5,27,2,"Credit-Builder Loan, and Home Equity Loan",57,26,1.63,11.0,Bad,1562.91,30.07719135017377,10 Years and 9 Months,Yes,42.941090422469365,77.31427572208112,High_spent_Medium_value_payments,400.36080052211616,2023-05-01
CUS_0x1026,170614.28,14463.856666666668,2,6,9,2,"Payday Loan, and Auto Loan",0,5,0.73,3.0,Good,849.69,31.75752065713533,20 Years and 8 Months,No,208.90747938201577,184.27787149576235,High_spent_Medium_value_payments,1303.2003157888887,2023-10-01
CUS_0x103e,98690.8,8262.233333333334,4,6,9,1_,Student Loan,6,17,10.76,4.0,Good,706.96,26.860663456485163,26 Years and 11 Months,No,55.004407569291885,913.4813186573292,Low_spent_Small_value_payments,147.7376071067124,2024-12-01
CUS_0x104e,19180.87,1688.405833333333,8,4,18,4,"Debt Consolidation Loan, Auto Loan, Payday Loan, and Payday Loan",5,17,9.32,6.0,Standard,1127.57,29.46533771819808,25 Years and 2 Months,No,57.36421100960239,107.98322725525713,High_spent_Small_value_payments,263.49314506847384,2023-06-01
CUS_0x107c,49718.55_,4179.2125,7,10,27,6_,"Payday Loan, Mortgage Loan, Home Equity Loan, Payday Loan, Auto Loan, and Auto Loan",27,17,10.5,7.0,Bad,1920.25,30.10963834234661,14 Years and 0 Months,Yes,231.95678064503065,430.88393873056435,Low_spent_Small_value_payments,45.080530624405014,2023-11-01
CUS_0x10c0,49454.13,4328.1775,8,5,23,2_,"Payday Loan, and Auto Loan",59,23,4.95,8.0,Bad,1388.56,28.97842663428932,13 Years and 4 Months,NM,73.34635944957465,148.5406575943259,Low_spent_Medium_value_payments,459.07807620141364,2024-02-01
CUS_0x1123,15264.98,1266.0816666666667,6,5,34,3,"Home Equity Loan, Credit-Builder Loan, and Auto Loan",23,14,9.68,14.0,Bad,2375.88,24.094344057885515,8 Years and 10 Months,Yes,50563.0,136.95202265544256,Low_spent_Small_value_payments,242.8660473000196,2024-10-01
CUS_0x1145,17975.32,1444.9433333333334,6,5,32,9,"Student Loan, Payday Loan, Not Specified, Mortgage Loan, Home Equity Loan, Payday Loan, Payday Loan, Not Specified, and Credit-Builder Loan",61,25,8.9,13.0,Bad,1263.1,25.681798029462104,12 Years and 5 Months,Yes,76.450324587172,176.77621007546128,Low_spent_Small_value_payments,181.26779867070005,2024-08-01
CUS_0x1168,76440.52,6647.043333333334,0,4,9,2,"Mortgage Loan, and Student Loan",7,2,10.85,4.0,Good,998.47,36.402362376494544,20 Years and 9 Months,No,96.74970978904616,547.8585912822699,Low_spent_Medium_value_payments,300.0960322620174,2023-10-01
CUS_0x11e2,44986.55,3689.879166666667,6,5,11,1,Credit-Builder Loan,0,4,10.26,3.0,Good,753.21,25.58628563739529,20 Years and 0 Months,No,23.26713547724025,43.20363344633164,High_spent_Large_value_payments,542.5171477430948,2024-12-01
CUS_0x1231,30739.3_,2298.608333333333,4,4,13,6,"Student Loan, Personal Loan, Payday Loan, Payday Loan, Student Loan, and Student Loan",15,8,16.7,5.0,Standard,1365.58,23.40314239952093,18 Years and 2 Months,Yes,135.2381410533745,106.45326410182086,High_spent_Small_value_payments,248.16942817813796,2024-11-01
CUS_0x1233,42112.56,3511.38,5,6,9,4,"Not Specified, Auto Loan, Personal Loan, and Auto Loan",1,3,_,4.0,Good,1052.71,25.03652442406168,16 Years and 10 Months,No,132.19354223673596,218.91425990052966,Low_spent_Small_value_payments,290.0301978627343,2024-05-01
CUS_0x123a,36228.2,2991.0166666666664,8,7,34,2,"Personal Loan, and Not Specified",28,15,18.07,9.0,_,1643.06,37.11248259461096,18 Years and 9 Months,Yes,47.25240768446396,176.60375699560146,Low_spent_Medium_value_payments,366.9782289080675,2023-03-01
CUS_0x1252,34132.87,2970.4058333333337,4,6,4,4,"Student Loan, Personal Loan, Not Specified, and Home Equity Loan",7,13,10.89,2.0,Good,187.64,37.948323515588754,21 Years and 2 Months,No,100.08431790291893,378.7462153823724,Low_spent_Small_value_payments,108.21005004804205,2023-02-01
CUS_0x1281,8780.975,435.7479166666667,5,4,20,6,"Debt Consolidation Loan, Not Specified, Home Equity Loan, Not Specified, Student Loan, and Debt Consolidation Loan",16,8,14.82,4.0,Standard,851.71,38.95839469679362,11 Years and 3 Months,Yes,36.74831397560092,52.84878986594918,Low_spent_Small_value_payments,243.9776878251166,2023-11-01
CUS_0x12af,33799.36,2944.613333333333,5,3,19,4,"Personal Loan, Not Specified, Mortgage Loan, and Personal Loan",15,13,22.35,5.0,Standard,173.76,28.18336167434736,6 Years and 11 Months,Yes,75.09807764471795,235.3823394199225,Low_spent_Large_value_payments,253.98091626869288,2024-03-01
CUS_0x12d1,21384.94,1646.0783333333331,4,4,15,2,"Credit-Builder Loan, and Debt Consolidation Loan",24,15,14.37,9.0,Standard,691.53,24.884464354479032,27 Years and 0 Months,Yes,22.09562499959782,168.24549551002502,Low_spent_Medium_value_payments,254.2667128237105,2024-01-01
CUS_0x12ef,68898.0,5588.5,7,4,11,0,,24,16,5.8,5.0,Standard,312.14,29.86160695200283,28 Years and 2 Months,No,0.0,195.78897977675166,!@9#%8,613.0610202232482,2024-02-01
CUS_0x12fc,128450.32,10943.193333333336,1,5,4,3,"Home Equity Loan, Student Loan, and Personal Loan",8,2,6.66,4.0,Good,23.79,29.21807000248537,30 Years and 9 Months,NM,161.48753156568546,845.0663810926379,Low_spent_Medium_value_payments,367.7654206750102,2024-03-01
CUS_0x131f,68105.6,5636.466666666667,8,8,19,5,"Not Specified, Credit-Builder Loan, Credit-Builder Loan, Credit-Builder Loan, and Credit-Builder Loan",28,27,26.05,13.0,Bad,2867.7,24.1459024679162,2 Years and 5 Months,Yes,279.08206906571314,62.664706965685504,High_spent_Medium_value_payments,471.8998906352681,2024-05-01
CUS_0x1325,35823.96,2937.33,6,547,22,5,"Not Specified, Personal Loan, Auto Loan, Not Specified, and Debt Consolidation Loan",39,17,7.35,8.0,Bad,3029.92,31.56717092224887,9 Years and 9 Months,Yes,112.43578465602695,148.5160712146269,High_spent_Small_value_payments,292.7811441293461,2023-01-01
CUS_0x133e,16626.25,1096.5208333333333,0,2,5,0,,13,7,6.39,0.0,Good,1113.26,25.30621989849736,22 Years and 10 Months,No,0.0,53.38619195442173,Low_spent_Small_value_payments,346.2658913789116,2024-01-01
CUS_0x13bc,10885.15,611.0958333333333,5,5,5,1,Debt Consolidation Loan,18,15,9.0,4.0,Standard,246.22,34.03570757557313,14 Years and 10 Months,Yes,6.6065179827057605,36.640367339025374,Low_spent_Small_value_payments,307.86269801160216,2023-11-01
CUS_0x13c2,60682.11,5179.8425,8,5,23,5,"Home Equity Loan, Debt Consolidation Loan, Credit-Builder Loan, Payday Loan, and Debt Consolidation Loan",41,18,26.12,9.0,Bad,4899.87,35.24700773699953,9 Years and 5 Months,Yes,195.4514774266537,142.65756191908372,Low_spent_Medium_value_payments,386.53022367825247,2024-02-01
CUS_0x13d6,94158.69,7743.5575,1,4,3,4,"Credit-Builder Loan, Mortgage Loan, Student Loan, and Payday Loan",25,5,9.52,4.0,Good,1415.3,30.93572141034729,33 Years and 3 Months,No,204.3445223904461,323.5919943178024,High_spent_Small_value_payments,506.41923329175165,2023-07-01
CUS_0x13f6,152252.24,11346.170878223316,2,4,1,2,"Debt Consolidation Loan, and Not Specified",14,4,6.5,6.0,Good,522.89,38.06384213277262,31 Years and 3 Months,NM,1568.862242170566,309.51105745956835,High_spent_Medium_value_payments,998.4111554798848,2023-07-01
CUS_0x1422,57877.95,4531.1625,8,10,15,5,"Home Equity Loan, Not Specified, Not Specified, Debt Consolidation Loan, and Mortgage Loan",19,13,14.36,15.0,Standard,1805.92,34.802380380094945,20 Years and 0 Months,Yes,204.4724625889849,294.4347682469838,Low_spent_Small_value_payments,244.2090191640313,2024-04-01
CUS_0x1470,14156.88,1251.74,3,4,4,4,"Mortgage Loan, Not Specified, Payday Loan, and Home Equity Loan",0,8,8.86,4.0,Good,602.3,31.11071542032609,27 Years and 0 Months,No,57803.0,91.45229450742808,Low_spent_Small_value_payments,287.0636960694384,2024-02-01
CUS_0x1498,53869.44,4359.12,9,9,24,9,"Home Equity Loan, Mortgage Loan, Debt Consolidation Loan, Student Loan, Mortgage Loan, Home Equity Loan, Personal Loan, Personal Loan, and Home Equity Loan",20,18,24.05,12.0,Bad,4404.08,26.43925976935648,9 Years and 10 Months,Yes,253.212563285168,__10000__,High_spent_Medium_value_payments,292.0164258572154,2023-10-01
CUS_0x14a3,119016.88,9918.073333333334,8,3,8,0,,27,13,2.77,5.0,Standard,839.78,29.00174210635968,32 Years and 6 Months,No,0.0,__10000__,High_spent_Medium_value_payments,926.3716741639321,2023-07-01
CUS_0x14c1,130220.08,11141.673333333334,6,3,14,3,"Home Equity Loan, Personal Loan, and Debt Consolidation Loan",23,17,2.17,4.0,Standard,410.1,34.41841759383175,29 Years and 11 Months,Yes,245.9244924642511,282.358026649812,Low_spent_Large_value_payments,855.8848142192703,2023-11-01
CUS_0x14d3,107572.72_,9133.393333333332,4,4,15,2,"Payday Loan, and Auto Loan",17,3951,11.48,2.0,Standard,302.52,32.85526169333302,18 Years and 5 Months,NM,106.24725559655812,241.18124094226525,!@9#%8,815.9108367945099,2023-12-01
CUS_0x14f1,40701.88,3309.8233333333333,8,9,26,3,"Not Specified, Home Equity Loan, and Home Equity Loan",31,16,10.86,13.0,Standard,2052.1,32.78586748525254,6 Years and 6 Months,Yes,72.23857851158374,115.75631981036524,High_spent_Small_value_payments,402.9874350113844,2024-09-01
CUS_0x150c,128427.2,10621.266666666666,5,4,1,3,"Auto Loan, Payday Loan, and Debt Consolidation Loan",2,8,4.199999999999998,4.0,Good,201.94,39.26565360519761,16 Years and 6 Months,No,224.8576525516605,167.75236449051744,High_spent_Medium_value_payments,919.5166496244887,2023-07-01
CUS_0x15da,127014.28,10870.523333333333,7,6,14,3,"Payday Loan, Student Loan, and Not Specified",28,13,_,9.0,_,245.63,36.14219109482836,9 Years and 1 Months,Yes,215.3848503127789,323.43067652816967,Low_spent_Medium_value_payments,828.2368064923847,2024-02-01
CUS_0x15f8,69840.02,5874.001666666668,6,5,10,1,Payday Loan,21,8,8.42,4.0,Good,651.86,40.276293162818725,19 Years and 2 Months,No,49.69735077100569,161.05925223455645,!@9#%8,630.79550530822,2024-06-01
CUS_0x1691,44744.0,3457.666666666666,3,3,10,0,,5,11,5.39,6.0,_,761.54,39.9018619671449,22 Years and 10 Months,No,0.0,109.40656611147983,High_spent_Medium_value_payments,486.3601005551868,2024-09-01
CUS_0x16a4,31178.1,2353.175,6,9,24,6,"Student Loan, Mortgage Loan, Credit-Builder Loan, Debt Consolidation Loan, Auto Loan, and Not Specified",48,20,_,10.0,_,4815.82,30.664706127978697,6 Years and 2 Months,Yes,144.62971383382686,299.34730678478024,Low_spent_Small_value_payments,81.34047938139288,2023-02-01
CUS_0x16ae,51034.12,4499.843333333333,6,4,6,2,"Student Loan, and Credit-Builder Loan",16,23,11.87,1.0,Standard,1350.85,33.73788997493386,16 Years and 2 Months,Yes,65.43101498485487,108.81381239621874,High_spent_Large_value_payments,515.7395059522597,2025-01-01
CUS_0x16b1,67412.2,5911.6833333333325,6,5,7,2,"Credit-Builder Loan, and Home Equity Loan",23,12,18.7,9.0,Standard,858.85,37.420087939224615,28 Years and 9 Months,Yes,106.59293418922586,__10000__,High_spent_Medium_value_payments,508.8714529394218,2024-06-01
CUS_0x16f8,66681.8,5278.816666666667,2,1,11,0,,4,12,3.55,2.0,Good,679.2,29.76804418787517,25 Years and 11 Months,No,0.0,77.6304728981662,High_spent_Medium_value_payments,700.2511937685006,2023-09-01
CUS_0x16fd,10227.53,987.2941666666668,9,6,22,6,"Payday Loan, Mortgage Loan, Auto Loan, Mortgage Loan, Student Loan, and Credit-Builder Loan",24,20,2.38,8.0,_,1610.77,36.60535915420492,8 Years and 4 Months,Yes,42.27073229372549,124.96137702790249,Low_spent_Medium_value_payments,262.1127606996644,2024-07-01
CUS_0x1743,42527.04,3374.92,8,6,22,7,"Auto Loan, Home Equity Loan, Not Specified, Not Specified, Student Loan, Mortgage Loan, and Mortgage Loan",22,18,18.9,15.0,Bad,4193.78,25.462765121710085,11 Years and 0 Months,Yes,230.2689335553484,75.47368229286906,High_spent_Medium_value_payments,281.7493841517825,2024-06-01
CUS_0x1765,15186.175,1527.5145833333331,4,3,6,1,Student Loan,21,15_,15.22,0.0,Standard,9.7,31.02592990031219,23 Years and 9 Months,NM,10.91506982808892,84.25057610368384,Low_spent_Small_value_payments,347.5858124015606,2024-12-01
CUS_0x17ec,30813.68,2109.2054909703334,3,3,8,4,"Auto Loan, Student Loan, Student Loan, and Home Equity Loan",7,10,6.93,2.0,_,1312.2,35.3800553201252,18 Years and 10 Months,No,236.6567313279753,198.92522329626956,Low_spent_Large_value_payments,243.9998877387553,2024-02-01
CUS_0x17f3,83355.33,7208.2775,6,4,8,2,"Not Specified, and Mortgage Loan",11,15,10.07,4.0,Standard,677.27,26.03671344724589,30 Years and 2 Months,Yes,75.96957344024112,236.9426392136372,High_spent_Small_value_payments,667.9155373461217,2024-06-01
CUS_0x17ff,17574.745,1344.5620833333332,4,3,7,3,"Home Equity Loan, Credit-Builder Loan, and Home Equity Loan",19,9,16.26,7.0,Standard,766.72,37.63876297140307,24 Years and 2 Months,Yes,27.02517949812522,52.032435991118604,Low_spent_Large_value_payments,325.39859284408953,2024-10-01
CUS_0x181a,34676.38,2592.248483217291,5,5,18,-100,Student Loan,5,15,8.93,2.0,Standard,1334.09,29.526947210024304,16 Years and 0 Months,Yes,200.8180757163976,206.43743942054127,Low_spent_Small_value_payments,340.464168312437,2023-08-01
CUS_0x181e,29555.14,2663.9283333333333,7,3,13,5_,"Personal Loan, Debt Consolidation Loan, Auto Loan, Credit-Builder Loan, and Payday Loan",22,17,9.04,6.0,Standard,1488.29,26.74922823976776,12 Years and 9 Months,Yes,81.46542677045406,30.058599818785964,!@9#%8,394.8688067440933,2023-01-01
CUS_0x1833,11527.73,839.6441666666666,3,7,14,1,Auto Loan,12,12,1.39,3.0,Standard,532.86,23.33033014028687,23 Years and 11 Months,NM,5.913472082013276,43.23742383911657,Low_spent_Large_value_payments,304.8135207455368,2024-12-01
CUS_0x1835,34888.64,2771.3866666666668,5,5,20,3,"Credit-Builder Loan, Credit-Builder Loan, and Mortgage Loan",29,16,17.08,6.0,_,817.6,24.7701516213974,8 Years and 11 Months,Yes,46.09169698112407,96.82983022297876,High_spent_Small_value_payments,394.2171394625638,2024-11-01
CUS_0x1869,30643.51,2703.625833333333,0,5,7,0,,11,12,1.74,5.0,_,1364.66,29.781641851470614,31 Years and 9 Months,No,0.0,__10000__,High_spent_Medium_value_payments,451.38667530744164,2023-08-01
CUS_0x187e,19653.61,1800.8008333333337,9,5,25,7_,"Credit-Builder Loan, Payday Loan, Personal Loan, Auto Loan, Home Equity Loan, Home Equity Loan, and Payday Loan",28,20,19.67,11.0,Bad,3838.0,33.18220990431151,13 Years and 11 Months,Yes,63.36866264354919,22.594322254180497,High_spent_Large_value_payments,334.1170984356037,2023-12-01
CUS_0x18ab,14840.5,1501.708333333333,9,8,25,9,"Not Specified, Home Equity Loan, Auto Loan, Payday Loan, Student Loan, Personal Loan, Mortgage Loan, Not Specified, and Auto Loan",11,22,22.07,7.0,Bad,2685.41,27.710281666743235,12 Years and 3 Months,Yes,84.42084263040881,191.19544730794087,Low_spent_Small_value_payments,164.55454339498357,2024-06-01
CUS_0x18bc,72617.54999999999,5996.462499999999,26,4,5,-100,"Personal Loan, and Debt Consolidation Loan",22,15_,_,7.0,Good,1475.91,28.91926157534652,28 Years and 2 Months,No,89.40561295123986,389.7809702665799,Low_spent_Medium_value_payments,400.4596667821802,2024-12-01
CUS_0x18c5,140947.8,11496.65,5,7,5,2,"Personal Loan, and Credit-Builder Loan",9,2438,8.08,9.0,Standard,1348.57,27.625146720722505,19 Years and 5 Months,Yes,224.2138181230981,432.96374940904985,Low_spent_Large_value_payments,762.4874324678518,2023-06-01
CUS_0x18e8,19633.03,1760.085833333333,6,8,28,7,"Debt Consolidation Loan, Home Equity Loan, Mortgage Loan, Debt Consolidation Loan, Credit-Builder Loan, Personal Loan, and Mortgage Loan",30,19,20.72,11.0,_,4381.85,32.31899021467071,5 Years and 8 Months,Yes,74.7678592309555,111.92422188676868,High_spent_Small_value_payments,249.31650221560918,2024-06-01
CUS_0x18f5,41801.68,3280.473333333333,4,3,18,3,"Not Specified, Debt Consolidation Loan, and Not Specified",10,9,5.1099999999999985,1.0,Standard,140.6,29.749240908243465,19 Years and 4 Months,Yes,71.71705310448802,360.4852650228223,Low_spent_Small_value_payments,185.845015206023,2024-08-01
CUS_0x1920,20328.25,1561.020833333333,6,5,16,0,,19,20,_,5.0,Standard,1025.98,32.88569540221571,5 Years and 7 Months,Yes,0.0,63.30594125464429,Low_spent_Small_value_payments,382.79614207868906,2023-01-01
CUS_0x1929,101586.12,8278.51,8,7,5773,0,,13,8,2.28,7.0,Good,597.31,29.737543972253576,28 Years and 10 Months,No,0.0,845.5012989454821,Low_spent_Small_value_payments,272.34970105451816,2024-11-01
CUS_0x192f,69304.04,5695.336666666666,5,7,11,7_,"Not Specified, Personal Loan, Not Specified, Home Equity Loan, Personal Loan, Payday Loan, and Credit-Builder Loan",27,8,7.76,5.0,Standard,1760.52,30.559434720027053,16 Years and 0 Months,Yes,325.42189873573034,69.49446092503065,High_spent_Medium_value_payments,424.6173070059056,2023-04-01
CUS_0x1934,9085.09_,980.0908333333332,10,7,34,6,"Debt Consolidation Loan, Not Specified, Student Loan, Payday Loan, Home Equity Loan, and Debt Consolidation Loan",55,22,20.04,15.0,Bad,3708.09,38.00384062068367,14 Years and 2 Months,Yes,26.339556817852262,84.60564122945017,Low_spent_Medium_value_payments,267.06388528603094,2023-02-01
CUS_0x193b,19462.47,1920.8725,7,7,28,6,"Auto Loan, Mortgage Loan, Mortgage Loan, Not Specified, Student Loan, and Not Specified",55,18,1.96,9.0,Bad,2211.05,33.89504213409066,17 Years and 9 Months,Yes,60.80130551993776,121.84304937983265,High_spent_Small_value_payments,269.44289510022963,2023-07-01
CUS_0x1947,107458.2,8698.85,8,3,7,1,Student Loan,17,7,7.64,1.0,Good,244.5,42.29234770376012,32 Years and 6 Months,No,89.4060083598189,95.16846993352837,High_spent_Large_value_payments,925.3105217066527,2024-08-01
CUS_0x19a0,20618.37_,1425.1975,6,6,22,2,"Credit-Builder Loan, and Debt Consolidation Loan",34,20,18.74,10.0,Standard,1681.09,36.918347735499104,18 Years and 9 Months,Yes,21.806686430747003,141.26134262777344,Low_spent_Small_value_payments,269.45172094147955,2024-12-01
CUS_0x19b2,34134.78,2707.565,8,7,25,7,"Student Loan, Payday Loan, Mortgage Loan, Auto Loan, Not Specified, Not Specified, and Debt Consolidation Loan",6,20,19.06,15.0,Standard,2374.78,24.65338528588468,14 Years and 2 Months,Yes,195.5160024874414,161.16995697175355,High_spent_Small_value_payments,174.0705405408051,2024-03-01
CUS_0x19c9,14542.3_,1480.8583333333331,6,9,22,6,"Auto Loan, Not Specified, Auto Loan, Not Specified, Payday Loan, and Student Loan",27,18_,15.22,8.0,Bad,4479.0,34.83054103339056,1 Years and 2 Months,Yes,63.11198958207201,131.40925621245972,Low_spent_Medium_value_payments,233.56458753880156,2024-03-01
CUS_0x1a4b,19958.32,1411.1933333333334,1279,7,26,7,"Auto Loan, Student Loan, Home Equity Loan, Payday Loan, Payday Loan, Student Loan, and Debt Consolidation Loan",52,24,1.9,6.0,Bad,4753.48,37.128019888272384,4 Years and 11 Months,Yes,94.81042935216465,48.63739475294326,!@9#%8,187.9898370040933,2024-06-01
CUS_0x1a5a,32485.42,2451.1183333333333,3,6,7,0,,17,14,0.92,2.0,Standard,998.9,39.41216622232805,33 Years and 5 Months,No,0.0,56.18353882097721,High_spent_Large_value_payments,428.92829451235616,2024-04-01
CUS_0x1a96,28681.38,2127.115,3,5,2,0,,2,5,4.82,4.0,Good,467.64,32.00410689909755,19 Years and 6 Months,No,0.0,161.8166084076109,!@9#%8,335.13141526915086,2024-08-01
CUS_0x1a9c,17971.0,1383.583333333333,7,3,7,3,"Not Specified, Mortgage Loan, and Debt Consolidation Loan",29,14,11.09,1.0,Good,1282.79,29.399538396248413,22 Years and 4 Months,No,41.3915834647909,75.90186282522592,High_spent_Small_value_payments,298.092167805374,2023-01-01
CUS_0x1aaf,42474.48_,3101.080413995829,8,5,29,2,"Not Specified, and Not Specified",19,19,10.66,7.0,Standard,2637.96,25.338661311513743,12 Years and 9 Months,NM,499.92924442554977,43.398544156566636,High_spent_Large_value_payments,507.785797422054,2023-10-01
CUS_0x1ab3,81831.72,6910.31,6,5,1,4,"Auto Loan, Debt Consolidation Loan, Mortgage Loan, and Student Loan",8,4,5.14,4.0,Good,446.42,24.956494907196245,18 Years and 4 Months,No,234.5093958868053,145.2648815667498,High_spent_Large_value_payments,551.256722546445,2023-01-01
CUS_0x1abb,70217.08,5874.423333333332,9,7,28,5,"Debt Consolidation Loan, Auto Loan, Credit-Builder Loan, Not Specified, and Mortgage Loan",40,15,20.82,11.0,Bad,3100.0,27.245237386267394,9 Years and 10 Months,Yes,168.95555188558828,138.93205472165036,High_spent_Medium_value_payments,529.5547267260946,2023-10-01
CUS_0x1ad6,133444.08,10847.339999999998,5,3,13,7,"Payday Loan, Not Specified, Home Equity Loan, Student Loan, Home Equity Loan, Home Equity Loan, and Not Specified",16,15,17.04,11.0,Standard,217.91,37.25856856155757,15 Years and 3 Months,NM,24753.0,845.3280407318658,Low_spent_Small_value_payments,59.87018991744628,2024-10-01
CUS_0x1add,57452.43000000001,4802.7025,6,10,27,9,"Not Specified, Personal Loan, Student Loan, Not Specified, Payday Loan, Mortgage Loan, Mortgage Loan, Not Specified, and Debt Consolidation Loan",55,25,7.77,13.0,Bad,1567.24,26.01791228543348,20 Years and 3 Months,Yes,289.4597989299412,209.6409637990349,High_spent_Small_value_payments,241.1694872710239,2023-03-01
CUS_0x1b29,92362.68,7437.89,3,4,8,4,"Credit-Builder Loan, Credit-Builder Loan, Not Specified, and Auto Loan",5,9,18.26,8.0,_,747.28,24.053983173105483,14 Years and 8 Months,Yes,155.3304165032719,581.4912259792287,Low_spent_Large_value_payments,276.9673575174993,2023-12-01
CUS_0x1b3b,76624.48,6123.373333333332,0,2,8,0,,13,12,2.82,8.0,Good,781.42,33.0127125141646,18 Years and 0 Months,No,0.0,193.69688874390945,High_spent_Medium_value_payments,668.6404445894239,2024-09-01
CUS_0x1b8a,44927.86,3687.988333333333,4,6,6,3,"Not Specified, Personal Loan, and Debt Consolidation Loan",7,8,5.55,0.0,Good,762.62,33.03308334386134,21 Years and 4 Months,No,102.19032878254336,78.43785492350405,High_spent_Medium_value_payments,438.17064962728585,2024-06-01
CUS_0x1bac,15926.285,1591.1904166666666,4,4,11,2,"Auto Loan, and Personal Loan",14,19,19.54,5.0,Standard,1481.35,36.38451854169238,21 Years and 0 Months,Yes,14.817006678497476,178.5811736565482,Low_spent_Small_value_payments,255.72086133162102,2024-11-01
CUS_0x1bfd,19186.4,1645.8666666666668,6,10,24,4,"Personal Loan, Personal Loan, Credit-Builder Loan, and Home Equity Loan",34,15,11.98,11.0,Standard,1753.33,30.923764879468585,8 Years and 10 Months,Yes,47.83430931263835,92.9706527229484,Low_spent_Large_value_payments,293.78170463107995,2024-08-01
CUS_0x1c1c,107626.59,9095.8825,3,5,11,3,"Personal Loan, Credit-Builder Loan, and Credit-Builder Loan",28,14,11.1,8.0,Standard,914.63,28.90267359351688,18 Years and 11 Months,Yes,163.80279430012405,__10000__,High_spent_Large_value_payments,791.6333165379428,2023-10-01
CUS_0x1c1f,24922.12,2175.843333333333,8,4,5,0,,25,17,8.37,2.0,Standard,407.79,30.31173200112788,28 Years and 5 Months,No,0.0,173.6184935119189,Low_spent_Medium_value_payments,323.96583982141436,2024-01-01
CUS_0x1c40,66749.64,5379.47,6,4,9,3,"Debt Consolidation Loan, Auto Loan, and Payday Loan",25,12,10.88,10.0,Standard,303.85,33.13231736652826,12 Years and 0 Months,NM,89.78489450906727,598.0398973879776,!@9#%8,140.12220810295514,2023-11-01
CUS_0x1c58,35319.26,3082.271666666667,4,3,7,4,"Mortgage Loan, Payday Loan, Payday Loan, and Credit-Builder Loan",5,3,6.66,3.0,Good,140.19,26.530480430596576,29 Years and 2 Months,No,112.73623806176728,254.04932875457,Low_spent_Small_value_payments,231.44159985032948,2024-10-01
CUS_0x1c65,90783.75,7727.3125,4,3,3,0,,26,18,-4.52,5.0,Good,54.93,41.292492556953015,21 Years and 11 Months,NM,0.0,51.69463275841549,High_spent_Large_value_payments,961.0366172415843,2023-11-01
CUS_0x1c79,14283.665,944.3054166666668,6,4,9,4,"Payday Loan, Credit-Builder Loan, Debt Consolidation Loan, and Auto Loan",24,8,7.6,3.0,Standard,1225.88,27.646527468738693,22 Years and 11 Months,No,33.68791294124324,__10000__,High_spent_Medium_value_payments,272.81267498557133,2023-07-01
CUS_0x1ca9,128585.52,10674.46,4,4,7,1,Student Loan,22,11,7.32,6.0,Good,1000.37,35.321886789100965,22 Years and 0 Months,No,73.48567886971293,257.8548933707819,High_spent_Large_value_payments,976.1054277595053,2023-06-01
CUS_0x1d33,39294.3_,3292.525,9,10,30,3,"Debt Consolidation Loan, Home Equity Loan, and Debt Consolidation Loan",47,20,7.14,11.0,_,1292.73,30.485752262005647,13 Years and 10 Months,Yes,60.74439250830152,129.7396727183201,Low_spent_Small_value_payments,428.7684347733784,2024-01-01
CUS_0x1d51,69563.34_,5738.945,1,4,2,3,"Debt Consolidation Loan, Auto Loan, and Mortgage Loan",7,8,5.94,3.0,Good,164.52,31.876925296905053,19 Years and 5 Months,No,137.77806738072866,89.74145250964395,High_spent_Medium_value_payments,596.3749801096274,2024-06-01
CUS_0x1d6f,17438.8,1237.2333333333331,8,11,16,5,"Not Specified, Mortgage Loan, Credit-Builder Loan, Credit-Builder Loan, and Payday Loan",21,18,20.68,9.0,Bad,2635.91,30.58534347362149,9 Years and 9 Months,Yes,44.235325495955365,150.64119863743872,Low_spent_Small_value_payments,218.84680919993926,2023-06-01
CUS_0x1d85,19455.49,1428.2908333333337,7,3,20,2,"Student Loan, and Not Specified",15,17,15.46,9.0,Standard,1427.03,36.39292995195802,12 Years and 9 Months,Yes,31.30713069585225,136.19558040764522,Low_spent_Medium_value_payments,255.3263722298359,2024-03-01
CUS_0x1dac,72886.08_,5805.84,882,9,30,9,"Credit-Builder Loan, Student Loan, Home Equity Loan, Home Equity Loan, Auto Loan, Credit-Builder Loan, Auto Loan, Home Equity Loan, and Home Equity Loan",58,17,18.19,9.0,Bad,3839.64,38.56716503066517,7 Years and 11 Months,Yes,331.71951010181215,299.1377264110828,Low_spent_Medium_value_payments,299.9934763774976,2024-05-01
CUS_0x1db0,17592.34,1461.0283333333334,7,3,17,5,"Payday Loan, Not Specified, Auto Loan, Personal Loan, and Credit-Builder Loan",25,14,16.130000000000006,5.0,_,2138.95,34.62008820098844,11 Years and 4 Months,Yes,59.32681410590276,187.23156984604202,Low_spent_Small_value_payments,189.54444938138846,2023-06-01
CUS_0x1dc4,20170.75,1930.895833333333,10,5,25,2,"Payday Loan, and Credit-Builder Loan",47,10,10.14,8.0,Standard,1854.76,26.66931912704532,6 Years and 3 Months,Yes,20.9491624068454,151.5951220865231,Low_spent_Small_value_payments,310.54529883996486,2024-05-01
CUS_0x1e4d,146729.64,12495.47,3,4,17,3,"Personal Loan, Credit-Builder Loan, and Auto Loan",15,18,6.91,3.0,Standard,90.89,26.566977781404866,17 Years and 2 Months,No,343.1160892955527,1204.4059069080486,Low_spent_Medium_value_payments,585.225572572821,2023-04-01
CUS_0x1e72,26670.7,1996.5583333333327,5,4,5,3,"Debt Consolidation Loan, Payday Loan, and Payday Loan",6,13,15.96,5.0,_,502.35,30.7331810902154,11 Years and 9 Months,Yes,38.989581599188526,38.53091029719736,High_spent_Small_value_payments,382.1353414369475,2024-01-01
CUS_0x1e87,167489.4,14025.45,1,1,11,2,"Not Specified, and Payday Loan",10,11,8.51,5.0,Good,1328.9,36.78258608155857,26 Years and 11 Months,No,196.0304652758236,275.9224278267857,High_spent_Large_value_payments,1170.5921068973907,2023-12-01
CUS_0x1e9c,9379.93,622.9371981239275,10,7,16,8,"Mortgage Loan, Not Specified, Debt Consolidation Loan, Credit-Builder Loan, Personal Loan, Payday Loan, Payday Loan, and Credit-Builder Loan",39,24,3.4,11.0,Bad,4280.56,32.702175957460845,5 Years and 6 Months,Yes,73.38721343400377,86.30978193024296,Low_spent_Small_value_payments,237.39272317849256,2023-12-01
CUS_0x1ea8,33896.53,2667.710833333333,7,3,18,2,"Debt Consolidation Loan, and Payday Loan",26,10,10.95,5.0,_,807.65,26.8005502200864,27 Years and 4 Months,Yes,40.29352918151739,88.09824698156828,!@9#%8,388.37930717024767,2024-05-01
CUS_0x1ebe,72195.24,6270.27,3,7,5,1,Personal Loan,17,10,9.44,7.0,Standard,1248.19,26.654640139747286,21 Years and 6 Months,Yes,47.06610258682532,113.94394730107707,High_spent_Large_value_payments,706.0169501120978,2024-10-01
CUS_0x1ebf,17830.415,1229.8679166666668,4,5,4,2_,"Not Specified, and Payday Loan",2,8,14.45,2.0,_,1281.41,23.32759210065024,32 Years and 4 Months,No,17.613736696518426,34.99230158833095,High_spent_Medium_value_payments,320.3807533818173,2024-09-01
CUS_0x1ee3,15950.66,1047.2216666666666,9,8,26,9,"Auto Loan, Credit-Builder Loan, Student Loan, Student Loan, Payday Loan, Payday Loan, Auto Loan, Auto Loan, and Debt Consolidation Loan",57,23,9.01,9.0,Bad,2598.21,36.15071612803003,16 Years and 3 Months,Yes,63.85540142023863,134.39776819281698,Low_spent_Small_value_payments,196.46899705361102,2023-05-01
CUS_0x1f70,90074.64,7233.22,0,7,9,3_,"Mortgage Loan, Student Loan, and Student Loan",1,11,11.12,7.0,Good,1454.14,32.79436823665709,20 Years and 2 Months,No,132.1107031980545,220.080283414916,High_spent_Medium_value_payments,621.1310133870297,2024-05-01
CUS_0x1ff7,9824.31,707.6925,7,4,17,0,,25,17,0.96,5.0,_,1233.96,25.81608055668325,19 Years and 2 Months,No,0.0,38.3267256805156,High_spent_Small_value_payments,292.4425243194844,2023-01-01
CUS_0x203c,48008.07,4135.6725000000015,7,5,17,9,"Auto Loan, Credit-Builder Loan, Student Loan, Personal Loan, Payday Loan, Mortgage Loan, Mortgage Loan, Mortgage Loan, and Payday Loan",31,13,25.74,15.0,_,3532.09,35.873907459294855,7 Years and 6 Months,Yes,19033.0,99.09814769978772,High_spent_Medium_value_payments,279.37019000647,2023-05-01
CUS_0x2058,14501.97,1477.4975,8,6,30,-100,"Mortgage Loan, Debt Consolidation Loan, Debt Consolidation Loan, Credit-Builder Loan, and Credit-Builder Loan",21,17,17.64,6.0,Bad,4676.1,22.699017535305728,14 Years and 3 Months,Yes,35.28483111646098,139.22479893411958,Low_spent_Small_value_payments,263.24011994941947,2024-11-01
CUS_0x209a,34977.92,2670.8266666666664,6,4,3,4,"Credit-Builder Loan, Debt Consolidation Loan, Payday Loan, and Personal Loan",5,14,-2.71,4.0,Good,992.64,33.70747733215814,18 Years and 0 Months,No,95.27460136032886,97.5478400404655,Low_spent_Small_value_payments,364.2602252658722,2024-12-01
CUS_0x20de,52742.91,4441.2425,4,7,15,3,"Student Loan, Mortgage Loan, and Not Specified",20,14,13.79,11.0,Standard,1645.23,37.24417047898467,12 Years and 0 Months,Yes,76.63686697494155,159.49877479102125,High_spent_Medium_value_payments,457.9886082340373,2024-12-01
CUS_0x20e0,12943.475,1327.6229166666667,5,5,9,6_,"Credit-Builder Loan, Student Loan, Not Specified, Personal Loan, Payday Loan, and Payday Loan",20,14,10.6,6.0,Standard,265.36,39.22746969131425,7 Years and 4 Months,Yes,45.09082980503126,28.087069027708,High_spent_Small_value_payments,319.5843928339274,2024-11-01
CUS_0x210d,15447.63,1005.3025,3,4,27,-100,"Home Equity Loan, Mortgage Loan, and Home Equity Loan",24,10,15.91,8.0,Standard,2461.68,28.97642767042,6 Years and 5 Months,NM,37.983305158917965,60.99484096436017,Low_spent_Medium_value_payments,281.5521038767219,2023-09-01
CUS_0x2176,94053.57,7954.7975,4,4,14,3,"Auto Loan, Personal Loan, and Not Specified",22,12,11.96,0.0,Standard,815.38,34.65891648383223,26 Years and 11 Months,No,197.13248689579484,89.315985689726,High_spent_Medium_value_payments,759.0312774144792,2024-03-01
CUS_0x21ac,55593.99000000001,4874.8325,7,6,30,6,"Home Equity Loan, Payday Loan, Home Equity Loan, Debt Consolidation Loan, Auto Loan, and Student Loan",15,17,11.09,1709.0,Standard,1314.25,26.509890935420817,18 Years and 6 Months,Yes,269.03323381766097,97.67819675241422,High_spent_Medium_value_payments,370.77181942992485,2025-01-01
CUS_0x2240,14089.595,1350.1329166666667,4,7,12,2,"Debt Consolidation Loan, and Personal Loan",13,18,9.68,6.0,Standard,586.69,39.054130025849325,11 Years and 3 Months,Yes,13.369253820088865,153.6479801635429,Low_spent_Small_value_payments,257.9960576830349,2023-05-01
CUS_0x2242,39399.9,3487.3250000000007,6,6,17,2,"Not Specified, and Payday Loan",27,18,18.62,15.0,Standard,2206.86,36.48665562799687,12 Years and 0 Months,Yes,43.17129879936478,73.4637130343786,High_spent_Large_value_payments,472.0974881662567,2023-05-01
CUS_0x2267,17556.41,1192.0341666666666,8,10,34,4,"Auto Loan, Student Loan, Mortgage Loan, and Personal Loan",21,10,15.09,9.0,Standard,2178.73,35.85766103037598,15 Years and 2 Months,Yes,57130.0,70.86731811007941,Low_spent_Medium_value_payments,286.2081946653192,2024-03-01
CUS_0x2274,105931.17,8672.5975,8,7,11,5,"Mortgage Loan, Auto Loan, Mortgage Loan, Student Loan, and Mortgage Loan",27,12,23.1,8.0,Standard,254.06,29.10149914643793,5 Years and 8 Months,Yes,392.84243695183335,460.1498932260437,High_spent_Small_value_payments,274.2674198221229,2023-01-01
CUS_0x2372,62086.53,5316.8775,7,4,16,2,"Payday Loan, and Auto Loan",9,16,4.08,7.0,Standard,1286.42,35.041379562314646,33 Years and 2 Months,NM,57.40295877139104,36.92546353738529,!@9#%8,677.3593276912236,2024-12-01
CUS_0x239e,14390.16,1000.18,9,10,26,1014,"Not Specified, and Auto Loan",33,17,2.51,13.0,_,1327.91,23.32400070692379,15 Years and 11 Months,Yes,18.294211826964965,52.767286321650886,Low_spent_Small_value_payments,318.95650185138413,2024-01-01
CUS_0x23a5,29404.31,2359.3591666666666,6,25,9,1,Credit-Builder Loan,22,2072,7.35,4.0,Good,1288.52,25.663174705675736,23 Years and 11 Months,No,22.42331614603441,119.5061424758902,Low_spent_Large_value_payments,364.00645804474215,2024-10-01
CUS_0x240e,27476.99,2301.749166666667,7,4,20,4,"Not Specified, Mortgage Loan, Home Equity Loan, and Credit-Builder Loan",15,13,12.8,7.0,_,566.21,27.82606730656361,22 Years and 9 Months,Yes,73.4785381922064,42.95200444882333,High_spent_Medium_value_payments,363.7443740256369,2024-05-01
CUS_0x247e,118644.36000000002,10033.03,1,2,9,1,Auto Loan,13,1,4.5299999999999985,6.0,Good,1100.42,42.926112410510335,31 Years and 8 Months,No,53.02788627996196,133.96942132640962,High_spent_Medium_value_payments,1066.3056923936283,2024-08-01
CUS_0x248f,16380.325,1170.0270833333334,7,5,12,0,,14,8_,6.99,0.0,Standard,1307.87,29.77877065498623,17 Years and 2 Months,No,0.0,67.44691497487932,Low_spent_Small_value_payments,339.555793358454,2023-08-01
CUS_0x2567,34239.07,2916.255833333333,3,4,10,0,,11,11,7.83,1.0,Good,504.44,33.380851672306164,21 Years and 3 Months,No,0.0,333.7757777178372,Low_spent_Small_value_payments,247.84980561549614,2023-05-01
CUS_0x2579,101453.49,8620.4575,3,7,20,4,"Debt Consolidation Loan, Auto Loan, Not Specified, and Debt Consolidation Loan",7,15,-0.8200000000000001,3.0,Standard,769.18,29.16421000499705,30 Years and 8 Months,Yes,232.58751284048583,268.8771573663639,High_spent_Medium_value_payments,610.5810797931504,2024-07-01
CUS_0x2596,19886.07,1864.1725,8,6,5,2,"Debt Consolidation Loan, and Student Loan",25,11,14.65,5.0,Standard,1108.32,30.317652965286086,17 Years and 0 Months,Yes,29.6053184075048,50.83236077231178,High_spent_Small_value_payments,365.9795708201834,2025-01-01
CUS_0x25e0,11073.6,699.8000000000002,3,3,13,4,"Personal Loan, Auto Loan, Credit-Builder Loan, and Home Equity Loan",8,12,8.78,2.0,Standard,1097.02,24.92419651878839,32 Years and 8 Months,No,2017.0,__10000__,Low_spent_Small_value_payments,248.25095075514642,2024-12-01
CUS_0x25f6,20417.48,1646.2809777904044,9,5,34,8,"Debt Consolidation Loan, Home Equity Loan, Mortgage Loan, Payday Loan, Payday Loan, Payday Loan, Home Equity Loan, and Mortgage Loan",46,21,24.53,8.0,Bad,2852.17,27.042028383700035,12 Years and 6 Months,Yes,125.22743077514755,21.667597929397374,High_spent_Large_value_payments,290.92632683838417,2024-05-01
CUS_0x26ac,90487.96,7330.663333333334,4,4,12,7,"Not Specified, Student Loan, Student Loan, Mortgage Loan, Payday Loan, Mortgage Loan, and Not Specified",21,13,15.62,13.0,Standard,1416.61,31.44380652955998,11 Years and 0 Months,Yes,482.36169143107696,393.594529206502,Low_spent_Large_value_payments,127.11011269575441,2024-10-01
CUS_0x26d4,9493.125,662.09375,8,8,34,5,"Personal Loan, Credit-Builder Loan, Auto Loan, Credit-Builder Loan, and Payday Loan",38,22,8.3,8.0,Bad,1558.02,31.97265587016501,11 Years and 4 Months,Yes,26.81750394159485,70.3925335614578,Low_spent_Small_value_payments,258.99933749694736,2023-08-01
CUS_0x26ff,9844.05,910.3375,5,6,18,3,"Home Equity Loan, Credit-Builder Loan, and Payday Loan",20,15,5.1,10.0,_,1679.05,24.51025718949188,8 Years and 10 Months,Yes,23.26682118745245,55.79357771699004,High_spent_Large_value_payments,292.4848105789777,2024-02-01
CUS_0x2708,40078.08,3385.84,0,6,7,0,,3,4,5.62,8.0,Good,649.84,27.44411031602453,30 Years and 11 Months,No,0.0,91.83923938724912,High_spent_Medium_value_payments,496.74476061275095,2023-11-01
CUS_0x2714,30668.9,2530.741666666667,4,7,16,-100,"Home Equity Loan, Payday Loan, Payday Loan, and Personal Loan",13,23,15.89,9.0,Standard,2300.97,34.87282604332684,8 Years and 6 Months,Yes,60.225436836180144,78.71662879813599,High_spent_Medium_value_payments,364.1321010323505,2024-04-01
CUS_0x2717,14836.74,1151.395,5,5,2,4,"Personal Loan, Credit-Builder Loan, Auto Loan, and Home Equity Loan",17,1,8.99,2.0,Good,832.06,31.610921399370014,26 Years and 4 Months,No,36.91088386118013,152.0240177717991,Low_spent_Small_value_payments,216.2045983670208,2024-03-01
CUS_0x271e,15687.44,1036.2866666666666,6,4,21,4,"Auto Loan, Auto Loan, Auto Loan, and Not Specified",11,19,18.82,8.0,Standard,1943.08,30.554832990869585,10 Years and 6 Months,Yes,41.80302280657777,116.17267261791363,Low_spent_Small_value_payments,235.65297124217528,2023-04-01
CUS_0x2730,23289.74,2012.811666666667,4,6,6,4,"Auto Loan, Payday Loan, Mortgage Loan, and Debt Consolidation Loan",19,10,1.09,8.0,_,804.75,31.097365329228023,23 Years and 4 Months,No,40.095144867770536,115.98409799509979,Low_spent_Large_value_payments,315.2019238037964,2024-03-01
CUS_0x2784,78399.12,6568.259999999998,8,9,29,6,"Debt Consolidation Loan, Debt Consolidation Loan, Mortgage Loan, Student Loan, Mortgage Loan, and Not Specified",57,15_,22.27,12.0,Bad,1618.99,37.101492618679416,17 Years and 0 Months,Yes,237.2892496873064,99.31518156698156,High_spent_Medium_value_payments,570.2215687457121,2023-07-01
CUS_0x279c,86911.16,7303.596666666667,7,3,8,1,Personal Loan,27,19,15.42,12.0,Standard,174.9,30.12709186322464,15 Years and 9 Months,Yes,49.42789468985477,__10000__,Low_spent_Large_value_payments,359.6997793187325,2023-12-01
CUS_0x27ab,134993.79,11462.4825,1,6,1292,3,"Debt Consolidation Loan, Student Loan, and Personal Loan",9,10,10.64,5.0,_,629.16_,35.29101681872609,16 Years and 3 Months,No,280.8381170557317,1030.3044715669494,Low_spent_Small_value_payments,125.10566137731928,2024-03-01
CUS_0x2834,12249.125,870.7604166666665,3,5,12,4_,"Not Specified, Credit-Builder Loan, Credit-Builder Loan, and Home Equity Loan",16,17,9.4,2.0,Good,1367.83,34.89055533067954,19 Years and 3 Months,No,23.0626379806678,41.35687738232783,!@9#%8,312.65652630367106,2024-08-01
CUS_0x2847,97515.78,8066.315,5,1072,16,0,,6,9,9.15,5.0,Standard,154.94,30.61333438965153,33 Years and 4 Months,Yes,0.0,141.97919023622856,High_spent_Large_value_payments,904.6523097637713,2023-03-01
CUS_0x2863,80011.64,6824.636666666666,7,6,18,4,"Debt Consolidation Loan, Debt Consolidation Loan, Mortgage Loan, and Not Specified",9,16_,17.8,12.0,Standard,792.92,31.054317159602675,5 Years and 10 Months,NM,154.5616136463086,155.62215402497225,High_spent_Large_value_payments,612.2798989953858,2024-04-01
CUS_0x2883,8264.75,595.7291666666666,7,10,26,5_,"Credit-Builder Loan, Home Equity Loan, Student Loan, Student Loan, and Credit-Builder Loan",43,18,1.35,11.0,_,2534.19,30.0679618611854,15 Years and 2 Months,Yes,27.458546904719327,32.991787237156174,Low_spent_Small_value_payments,289.1225825247912,2023-11-01
CUS_0x2887,70137.0,5830.75,5,6,17,1,Personal Loan,15,5,9.43,7.0,_,1416.96,34.71535322550087,26 Years and 9 Months,Yes,45.59523790786416,362.708913867922,Low_spent_Large_value_payments,444.7708482242138,2024-10-01
CUS_0x289d,15913.015,1549.084583333333,6,7,17,0,,21,17,16.14,1.0,Standard,1347.17,33.73401011366855,29 Years and 11 Months,Yes,0.0,133.29712293383926,Low_spent_Large_value_payments,291.61133539949407,2023-10-01
CUS_0x28ee,34855.08,2847.59,5,7,23,5,"Payday Loan, Mortgage Loan, Payday Loan, Payday Loan, and Credit-Builder Loan",9,14,8.22,11.0,_,1652.88,28.877355578971127,17 Years and 5 Months,Yes,136.54267191977272,59.91366754204295,High_spent_Medium_value_payments,338.30266053818434,2025-01-01
CUS_0x28ef,34406.64,2603.7755656772283,3,6,20,6,"Debt Consolidation Loan, Personal Loan, Payday Loan, Home Equity Loan, Personal Loan, and Mortgage Loan",21,14,23.29,8.0,Standard,1598.71,25.58803943777369,17 Years and 2 Months,Yes,426.8808125161486,176.98719376321628,Low_spent_Large_value_payments,250.39842804340668,2024-09-01
CUS_0x292b,84074.88,7097.240000000002,0,1,6,4,"Student Loan, Debt Consolidation Loan, Payday Loan, and Mortgage Loan",4,3,2.87,5.0,Good,396.97,35.65860849621272,28 Years and 6 Months,No,206.74063236421503,__10000__,High_spent_Large_value_payments,646.6287223313398,2025-01-01
CUS_0x2934,40067.1,3237.925,3,6,11,-100,Debt Consolidation Loan,0,8,10.33,0.0,_,1109.77,25.591204152643968,32 Years and 5 Months,No,18.86285316658192,85.665013946601,High_spent_Medium_value_payments,469.2646328868171,2024-06-01
CUS_0x298f,30365.13,2353.4275,4,1,7,-100,"Payday Loan, Not Specified, and Home Equity Loan",14,3,7.68,4.0,Good,1224.77,21.76146039281015,28 Years and 4 Months,No,44.32074352168933,__10000__,Low_spent_Medium_value_payments,256.29547071997047,2024-09-01
CUS_0x29ef,94545.75,7617.8125,0,6,8,0,,16,11,10.74,4.0,Good,384.8,29.9016539303801,24 Years and 7 Months,NM,12358.0,287.6358765342349,High_spent_Medium_value_payments,724.145373465765,2023-08-01
CUS_0x29f5,101316.64,8526.053333333333,3,6,9,3,"Personal Loan, Credit-Builder Loan, and Payday Loan",16,18,11.92,7.0,Standard,559.18,34.66105938546237,18 Years and 7 Months,No,166.27288143071362,218.5740606977724,High_spent_Large_value_payments,707.7583912048474,2023-03-01
CUS_0x2a08,20039.58,1862.965,6,6,17,6,"Mortgage Loan, Student Loan, Credit-Builder Loan, Not Specified, Home Equity Loan, and Mortgage Loan",21,18,2.28,6.0,Bad,2507.45,32.90948189131756,20 Years and 6 Months,Yes,64.03853362505028,24.952821017759486,High_spent_Large_value_payments,337.30514535719027,2023-05-01
CUS_0x2a12,16038.68,1538.5566666666666,3,4,15,0,,9,14,11.12,7.0,Standard,984.67,32.296550399853466,19 Years and 0 Months,No,0.0,109.84736221800458,Low_spent_Small_value_payments,334.0083044486621,2023-04-01
CUS_0x2a3a,15704.0,1606.5195634194586,6,8,33,8,"Not Specified, Payday Loan, Home Equity Loan, Credit-Builder Loan, Not Specified, Student Loan, Auto Loan, and Credit-Builder Loan",50,21,1.33,6.0,_,2617.78,23.28881861687925,13 Years and 5 Months,Yes,68.9537584045176,59.515406034746036,High_spent_Small_value_payments,283.54460547461105,2023-04-01
CUS_0x2a57,9592.415,440.0408798729257,3,4,9,3,"Not Specified, Home Equity Loan, and Payday Loan",27,19,_,4.0,Good,754.55,38.09255210856568,24 Years and 8 Months,No,74.70271356166579,11.218797305950387,High_spent_Small_value_payments,286.64231759279136,2024-05-01
CUS_0x2a9a,100791.57,8436.2975,2,5,11,1,Personal Loan,6,4,11.33,0.0,Good,1336.44,37.47330536765139,33 Years and 4 Months,No,53.08360100952531,578.2748267131333,Low_spent_Large_value_payments,482.2713222773416,2023-05-01
CUS_0x2aa8,97009.44,8257.119999999999,1413,7,2,0,,11,7,7.53,3.0,Good,472.88,36.73724434633818,21 Years and 9 Months,No,0.0,403.33991644501845,High_spent_Small_value_payments,682.3720835549816,2024-12-01
CUS_0x2abd,37612.54_,3145.3783333333336,5,4,11,4,"Credit-Builder Loan, Not Specified, Payday Loan, and Not Specified",2,0,0.72,1.0,Good,15.81,29.15300502845913,30 Years and 4 Months,No,124.734381382688,74.13080919220036,High_spent_Large_value_payments,355.67264275844497,2024-08-01
CUS_0x2ae8,132273.75,10800.8125,5,4,4,2,"Debt Consolidation Loan, and Mortgage Loan",1,5,6.46,4.0,Good,827.64,25.17481483823096,25 Years and 8 Months,No,144.70131218682718,1086.2305232035844,Low_spent_Medium_value_payments,129.14941460958835,2024-08-01
CUS_0x2b7a,66516.32,5333.0266666666685,7,6,17,3,"Debt Consolidation Loan, Home Equity Loan, and Not Specified",10,14,17.92,6.0,Standard,32.95,39.22105499282172,17 Years and 9 Months,Yes,162.4926461953017,212.89439017926293,Low_spent_Medium_value_payments,437.91563029210226,2024-08-01
CUS_0x2b7d,14771.43,1456.9525,6,7,32,6,"Personal Loan, Debt Consolidation Loan, Credit-Builder Loan, Not Specified, Auto Loan, and Personal Loan",58,24,8.59,10.0,_,1723.77,31.926547344351825,9 Years and 2 Months,NM,51.56522935796982,144.28494716554428,Low_spent_Small_value_payments,239.8450734764859,2024-06-01
CUS_0x2b94,24372.88_,1981.073333333333,5,6,13,3,"Credit-Builder Loan, Credit-Builder Loan, and Auto Loan",26,12,0.4000000000000004,3.0,_,719.48,32.423377046760486,28 Years and 9 Months,Yes,55.34957705213726,169.22461243440227,Low_spent_Small_value_payments,263.53314384679385,2023-05-01
CUS_0x2ba4,70618.62,5775.884999999998,8,5,15,5,"Personal Loan, Personal Loan, Not Specified, Payday Loan, and Payday Loan",27,13,15.67,11.0,Standard,1311.97,25.53678409878989,11 Years and 2 Months,Yes,267.85995132187725,247.79250096240304,High_spent_Small_value_payments,321.93604771571967,2024-08-01
CUS_0x2bce,38957.34,3038.445,9,7,31,3,"Auto Loan, Not Specified, and Mortgage Loan",15,14,15.37,9.0,_,2274.1,29.942673216943213,16 Years and 11 Months,Yes,52.07530566390997,270.1913491841799,Low_spent_Large_value_payments,251.57784515191008,2024-07-01
CUS_0x2c0d,19403.405,1904.9504166666663,1,7,3,3,"Debt Consolidation Loan, Debt Consolidation Loan, and Credit-Builder Loan",13,10,-1.1,2.0,Good,339.11,38.36867389962454,16 Years and 11 Months,No,39.2149144347618,214.82085751715374,Low_spent_Small_value_payments,226.45926971475112,2023-03-01
CUS_0x2c14,38458.71,3116.8925,0,3,8,0,,6,0,9.77,1.0,_,855.44,38.95195560411575,33 Years and 2 Months,NM,0.0,167.90021143667906,Low_spent_Large_value_payments,413.7890385633209,2023-09-01
CUS_0x2c48,87883.92,7250.66,8,5,17,4,"Debt Consolidation Loan, Student Loan, Mortgage Loan, and Mortgage Loan",18,11,9.91,0.0,Standard,1294.9,29.355231814336506,16 Years and 3 Months,Yes,205.59985837807253,241.6062589380415,High_spent_Medium_value_payments,527.859882683886,2023-03-01
CUS_0x2c7d,130293.36,10618.78,2,4,1,4,"Debt Consolidation Loan, Student Loan, Student Loan, and Credit-Builder Loan",10,8,11.32,6.0,_,1243.13,28.897762017294184,19 Years and 10 Months,No,392.8971261774402,842.2888510974333,Low_spent_Medium_value_payments,106.69202272512665,2025-01-01
CUS_0x2c9f,52982.06999999999,4344.1725,6,8,31,8,"Payday Loan, Payday Loan, Not Specified, Personal Loan, Auto Loan, Credit-Builder Loan, Mortgage Loan, and Mortgage Loan",50,15,18.37,8.0,_,3951.34,32.77958945251695,8 Years and 11 Months,Yes,271.64189758452426,76.67527022082203,High_spent_Large_value_payments,326.1000821946537,2023-09-01
CUS_0x2d05,30910.68,2066.9269539086445,6,3,17,3,"Mortgage Loan, Payday Loan, and Home Equity Loan",25,20,15.53,11.0,Standard,392.56,37.753419170208026,11 Years and 6 Months,Yes,362.9717567246784,26.07282446626463,High_spent_Large_value_payments,396.4074649004124,2023-07-01
CUS_0x2d16,15335.895,1023.99125,0,7,12,-100,"Student Loan, Auto Loan, and Home Equity Loan",4,0,3.16,6.0,Good,628.85,36.31813567731674,23 Years and 8 Months,No,67968.0,58.772462812448644,Low_spent_Small_value_payments,298.255382646643,2024-11-01
CUS_0x2d78,45408.84,3823.07,7,7,26,6,"Not Specified, Student Loan, Mortgage Loan, Not Specified, Credit-Builder Loan, and Debt Consolidation Loan",25,18,8.01,9.0,Bad,1959.01,33.39771664208792,11 Years and 4 Months,Yes,119.6765289694368,173.84408464638943,High_spent_Small_value_payments,348.7863863841738,2023-07-01
CUS_0x2db5,101853.6,8207.800000000001,4,6,16,3,"Payday Loan, Student Loan, and Mortgage Loan",30,12,9.36,11.0,Standard,905.08,29.45153701694649,17 Years and 5 Months,Yes,203.81129780291192,925.8061587900094,Low_spent_Small_value_payments,755.4401972534308,2025-01-01
CUS_0x2de1,44120.8,3468.7333333333336,2,3,12,3,"Personal Loan, Student Loan, and Payday Loan",5,0,0.46,2.0,Good,15.47,38.937293863953656,27 Years and 11 Months,No,87.40729091194369,81.25544877967026,!@9#%8,438.2105936417194,2023-10-01
CUS_0x2e31,63206.72,5309.2266666666665,9,8,27,8,"Student Loan, Personal Loan, Home Equity Loan, Student Loan, Debt Consolidation Loan, Auto Loan, Student Loan, and Debt Consolidation Loan",41,15,26.48,13.0,Bad,4523.88,40.441591641948,13 Years and 8 Months,Yes,231.290193338046,339.6836985287578,High_spent_Small_value_payments,219.94877479986286,2024-11-01
CUS_0x2eb7,19963.97,1477.664166666667,5,10,31,5,"Auto Loan, Payday Loan, Not Specified, Student Loan, and Home Equity Loan",11,9,15.32,12.0,Standard,1983.53,32.427651129496674,10 Years and 0 Months,Yes,52.60022673725382,85.31992215032349,Low_spent_Large_value_payments,279.8462677790894,2024-11-01
CUS_0x2f11,28022.9_,2098.241666666667,5,7,5,1,Debt Consolidation Loan,6,10,12.79,9.0,Standard,385.54,29.68447014139816,20 Years and 8 Months,NM,11.744671475938633,120.77331127636705,Low_spent_Small_value_payments,367.306183914361,2023-03-01
CUS_0x2f31,31460.89,2480.7408333333333,3,4,2,1,Student Loan,7,4,8.43,3.0,Good,661.01,36.77235630293899,28 Years and 2 Months,No,23.86391354085298,36.56771988040103,High_spent_Medium_value_payments,437.6424499120793,2023-10-01
CUS_0x2fc9,107438.88,9233.24,6,4,6,2,"Credit-Builder Loan, and Mortgage Loan",28,19,7.01,4.0,Standard,1342.37,40.01315418545586,33 Years and 2 Months,No,169.8641224808636,374.6725576552662,High_spent_Small_value_payments,638.7873198638703,2024-08-01
CUS_0x2ffe,13913.795,1156.4829166666666,7,4,11,3_,"Debt Consolidation Loan, Student Loan, and Home Equity Loan",25,15,7.01,0.0,Standard,1470.31,24.00776652034057,17 Years and 4 Months,NM,24.63645068825372,89.41213765699649,Low_spent_Small_value_payments,291.59970332141637,2024-02-01
CUS_0x301d,79829.6,6618.466666666667,8,7,26,7,"Auto Loan, Student Loan, Student Loan, Home Equity Loan, Mortgage Loan, Personal Loan, and Debt Consolidation Loan",18,15,17.63,6.0,Standard,2200.1,25.219438314358147,19 Years and 6 Months,Yes,448.5128619762729,802.1840050984697,Low_spent_Small_value_payments,332.307033204351,2023-08-01
CUS_0x3033,97635.87,6907.982008755577,3,4,12,3,"Student Loan, Personal Loan, and Auto Loan",18,11,7.17,4.0,Good,1298.97,35.302763767556456,25 Years and 11 Months,No,1203.2061418751962,798.2883353663057,Low_spent_Small_value_payments,67.5782640029197,2023-02-01
CUS_0x303d,17624.38,1483.6983333333335,7,9,26,7,"Credit-Builder Loan, Not Specified, Not Specified, Auto Loan, Student Loan, Home Equity Loan, and Credit-Builder Loan",38,20,6.92,10.0,Bad,1524.0,37.44141525769873,10 Years and 8 Months,Yes,55.4910376756675,46.23129403615904,High_spent_Medium_value_payments,296.6475016215068,2025-01-01
CUS_0x3066,102333.28,8306.773333333333,6,21,6,4,"Not Specified, Debt Consolidation Loan, Home Equity Loan, and Debt Consolidation Loan",19,8,15.01,10.0,_,1052.65,40.82754380039993,17 Years and 8 Months,Yes,223.96862876211404,126.65406864097969,High_spent_Large_value_payments,720.0546359302396,2024-02-01
CUS_0x30ae,40512.0,3091.0,8,8,15,9,"Payday Loan, Not Specified, Personal Loan, Debt Consolidation Loan, Auto Loan, Mortgage Loan, Payday Loan, Debt Consolidation Loan, and Personal Loan",29,20,22.04,10.0,_,3971.97,34.88176273287857,13 Years and 10 Months,Yes,169.48650071860033,118.42362735020949,Low_spent_Small_value_payments,311.1898719311903,2023-12-01
CUS_0x30c5,19170.45,1510.5375,8,9,15,8_,"Debt Consolidation Loan, Mortgage Loan, Debt Consolidation Loan, Credit-Builder Loan, Student Loan, Auto Loan, Home Equity Loan, and Student Loan",47,23,18.93,7.0,Bad,4402.46,39.121351254622205,9 Years and 6 Months,Yes,114.42322548853274,46.35499954500803,High_spent_Medium_value_payments,240.27552496645924,2024-12-01
CUS_0x30db,24744.78,2101.065,3,7,5,3,"Payday Loan, Student Loan, and Not Specified",23,21,23.95,2.0,_,134.1,31.44241817657057,25 Years and 10 Months,Yes,61.49631840057334,46.329639295691784,High_spent_Medium_value_payments,352.2805423037349,2024-11-01
CUS_0x311a,48698.78,3865.231666666666,8,3,11,4,"Home Equity Loan, Auto Loan, Credit-Builder Loan, and Debt Consolidation Loan",22,20,10.06,8.0,Standard,850.37,37.66809782356957,20 Years and 3 Months,No,143.35136595081698,97.2287132957557,High_spent_Medium_value_payments,395.943087420094,2023-12-01
CUS_0x3155,10152.935,748.0779166666665,6,3,16,6,"Personal Loan, Mortgage Loan, Mortgage Loan, Not Specified, Auto Loan, and Mortgage Loan",17,14,_,7.0,_,2183.27,36.82274062501175,6 Years and 9 Months,Yes,30.204653346871,29.25220493833952,Low_spent_Small_value_payments,305.3509333814561,2023-03-01
CUS_0x31b2,79439.56,6444.963333333332,8,6,6,4,"Payday Loan, Payday Loan, Auto Loan, and Home Equity Loan",8,14,18.77,6.0,Standard,75.76,34.11784006946156,14 Years and 4 Months,Yes,211.57480019090343,90.8638438333488,High_spent_Large_value_payments,582.0576893090811,2023-07-01
CUS_0x3279,18762.55,1710.5458333333331,8,6,24,6,"Debt Consolidation Loan, Credit-Builder Loan, Debt Consolidation Loan, Payday Loan, Payday Loan, and Auto Loan",35,23,22.51,14.0,Bad,3916.73,24.597244453352488,2 Years and 3 Months,Yes,54.05721079817104,40.886969818234476,High_spent_Small_value_payments,336.1104027169278,2024-02-01
CUS_0x3295,16381.95,883.0800832573731,7,6,14,0,,18,18,11.43,7.0,Standard,1493.68,34.014757494502355,17 Years and 3 Months,Yes,199.08241674262715,96.13973163630959,Low_spent_Small_value_payments,302.07651836369035,2023-02-01
CUS_0x32a9,37679.19,3348.932500000001,1,2,12,1,Not Specified,5,10,1.5099999999999998,1.0,_,771.0,39.96058564485414,22 Years and 3 Months,NM,18.552219155468364,41.675358381698494,High_spent_Large_value_payments,514.6656724628332,2024-05-01
CUS_0x32c7,18873.52,1625.793333333333,8,5,16,2,"Payday Loan, and Mortgage Loan",30,26,4.01,6.0,Bad,2662.69,39.28255777497755,6 Years and 4 Months,Yes,23.83856034773879,66.49170485466266,Low_spent_Small_value_payments,362.24906813093185,2023-10-01
CUS_0x32f5,48297.48,3743.79,8,3,10,0,,16,16,11.77,2.0,Standard,1323.54,39.267812376425546,33 Years and 2 Months,No,0.0,66.3839022834275,!@9#%8,567.9950977165727,2023-09-01
CUS_0x3383,148990.16,12474.846666666665,3,7,3,3,"Personal Loan, Auto Loan, and Credit-Builder Loan",15,8,8.65,3.0,Good,407.6,33.2405108304551,29 Years and 6 Months,No,267.36596052619416,1166.0464871061874,Low_spent_Medium_value_payments,94.07221903428513,2024-04-01
CUS_0x3393,99363.88,8222.323333333334,6,3,15,1,Debt Consolidation Loan,7,9,18.67,9.0,Standard,1099.31,27.261449479290945,31 Years and 3 Months,Yes,57.37360802558504,291.05210682333853,High_spent_Medium_value_payments,723.8066184844098,2023-02-01
CUS_0x33da,35184.74,3035.061666666666,6,654,13,2,"Home Equity Loan, and Home Equity Loan",21,15,19.25,8.0,Standard,1036.03,41.120197639155975,26 Years and 0 Months,Yes,34.63006424675065,107.01959915275512,Low_spent_Large_value_payments,431.85650326716086,2023-07-01
CUS_0x33ea,9566.58,856.215,5,7,14,5,"Home Equity Loan, Mortgage Loan, Payday Loan, Auto Loan, and Payday Loan",11,14,12.47,11.0,Standard,1233.05,30.114852761599693,15 Years and 5 Months,NM,39.51316414666177,62.82927684937539,Low_spent_Large_value_payments,253.27905900396286,2023-10-01
CUS_0x342a,66169.56,5799.13,8,1141,12,3,"Payday Loan, Debt Consolidation Loan, and Not Specified",16,14,10.6,7.0,Standard,198.53,33.577580060541074,25 Years and 10 Months,Yes,126.78946147758992,186.12037883479724,Low_spent_Medium_value_payments,547.0031596876129,2024-08-01
CUS_0x3490,22159.95,1739.6625,8,6,15,0,,17,17,11.29,7.0,Standard,271.3,30.83465340797713,21 Years and 8 Months,Yes,0.0,44.2135850595459,High_spent_Large_value_payments,369.7526649404541,2023-01-01
CUS_0x34a3,14407.92,913.66,10,8,30,6,"Credit-Builder Loan, Home Equity Loan, Credit-Builder Loan, Payday Loan, Student Loan, and Personal Loan",59,21,28.63,11.0,Bad,4283.59,33.91498919147891,0 Years and 9 Months,Yes,67.22055998304457,39.68355719322594,Low_spent_Small_value_payments,274.4618828237295,2023-09-01
CUS_0x34f2,40108.06,3554.338333333333,10,6,17,4,"Student Loan, Personal Loan, Auto Loan, and Personal Loan",20,9,11.44,13.0,Standard,1325.46,27.034188699912445,10 Years and 10 Months,NM,121.26118424851192,26.611960091554607,High_spent_Large_value_payments,447.5606889932668,2023-06-01
CUS_0x352f,14015.32,1238.9433333333334,8,3,11,6,"Home Equity Loan, Not Specified, Credit-Builder Loan, Auto Loan, Student Loan, and Mortgage Loan",16,20,23.01,7.0,_,1852.75,33.44427297451866,10 Years and 5 Months,Yes,54.00190508879119,42.05815898561972,Low_spent_Large_value_payments,297.8342692589225,2023-11-01
CUS_0x3551,19797.56,1856.7966666666669,8,7,31,2,"Home Equity Loan, and Mortgage Loan",21,20,7.21,10.0,Bad,1793.37_,32.282370867923134,14 Years and 11 Months,Yes,22.44875876451056,249.68559555729004,Low_spent_Small_value_payments,203.5453123448661,2024-07-01
CUS_0x35dd,78162.72,6619.56,10,7,22,4,"Payday Loan, Personal Loan, Student Loan, and Personal Loan",46,24,3.28,12.0,_,2237.69,22.14433027111156,20 Years and 6 Months,Yes,212.50809452306643,401.6328601303498,High_spent_Small_value_payments,307.8150453465839,2024-09-01
CUS_0x362c,7844.045_,767.6704166666667,9,10,22,6,"Auto Loan, Personal Loan, Not Specified, Personal Loan, Credit-Builder Loan, and Payday Loan",28,16,8.25,9.0,Bad,2342.78,40.34481169742167,6 Years and 2 Months,Yes,21.280483399075106,60.077396858729976,!@9#%8,285.4091614088616,2023-06-01
CUS_0x365b,9328.895,641.4079166666667,7,7,15,7,"Not Specified, Payday Loan, Payday Loan, Credit-Builder Loan, Student Loan, Mortgage Loan, and Debt Consolidation Loan",62,13_,2.03,14.0,Bad,2049.2,28.36077563877101,17 Years and 6 Months,Yes,47.94186401644404,0.0,High_spent_Large_value_payments,250.03047908598296,2023-02-01
CUS_0x368f,10302.89,1146.5741666666668,8,5,16,8,"Auto Loan, Auto Loan, Personal Loan, Auto Loan, Student Loan, Not Specified, Auto Loan, and Not Specified",52,21,23.6,17.0,Bad,3072.93,40.895547439368414,11 Years and 11 Months,Yes,65.55971085683724,48.05235461304102,!@9#%8,291.04535119678843,2023-12-01
CUS_0x36c7,51307.1_,4306.591666666666,8,6,4195,2,"Debt Consolidation Loan, and Debt Consolidation Loan",22,14,9.95,5.0,Standard,878.19,33.714052427880745,32 Years and 5 Months,NM,49489.0,73.56000698847495,High_spent_Medium_value_payments,556.6551312268195,2024-06-01
CUS_0x36ee,14842.65,947.0099094818383,8,5,8,2,"Not Specified, and Mortgage Loan",24,11,11.22,6.0,_,1086.11,27.63727808421564,22 Years and 10 Months,Yes,122.22400027232182,106.77980605384892,Low_spent_Small_value_payments,273.2625341919909,2023-04-01
CUS_0x370c,65085.76,5702.8133333333335,6,5,20,7,"Personal Loan, Mortgage Loan, Mortgage Loan, Payday Loan, Student Loan, Home Equity Loan, and Home Equity Loan",18,20,3.06,7.0,_,1413.88,36.820803266470726,12 Years and 11 Months,Yes,288.1212238178406,185.6116814331773,High_spent_Medium_value_payments,346.5484280823153,2024-06-01
CUS_0x373b,26520.9,2202.0750000000007,8,4,935,4,"Auto Loan, Debt Consolidation Loan, Mortgage Loan, and Personal Loan",16,12_,15.63,5.0,Standard,1182.19,33.28578034555303,19 Years and 11 Months,Yes,2004.0,74.13007061088919,High_spent_Medium_value_payments,338.93744745713866,2024-03-01
CUS_0x376e,104255.67,8571.9725,6,3,18,3,"Payday Loan, Credit-Builder Loan, and Auto Loan",12,8,2.46,6.0,_,992.62,40.3025739234285,15 Years and 10 Months,No,133.99106693978487,484.4252823864919,High_spent_Small_value_payments,498.7809006737233,2024-06-01
CUS_0x377b,116156.1,9448.675,5,5,5,2,"Home Equity Loan, and Personal Loan",10,9,1.13,3.0,Good,1210.76,30.47762787753402,20 Years and 11 Months,No,193.1944017846174,255.21811787978024,Low_spent_Large_value_payments,766.4549803356023,2023-02-01
CUS_0x37a4,80857.56,6769.13,6,9,15,4,"Auto Loan, Debt Consolidation Loan, Student Loan, and Auto Loan",40,21,16.38,13.0,_,2368.74,26.86509360111389,19 Years and 4 Months,Yes,164.77603777502162,130.0856604388076,High_spent_Large_value_payments,622.0513017861707,2023-09-01
CUS_0x37e6,25846.78,1909.898333333333,7,3,16,4,"Payday Loan, Not Specified, Home Equity Loan, and Personal Loan",11,12,11.92,1.0,Standard,1.23,32.2431491565881,24 Years and 6 Months,No,85.27657308240245,33.63162279459721,High_spent_Medium_value_payments,322.0816374563336,2024-07-01
CUS_0x37fb,35166.35,3139.5291666666667,4,4,2,1,Not Specified,15,12,4.33,3.0,Good,1185.57,39.14041091042855,21 Years and 4 Months,No,10747.0,186.45307890792458,Low_spent_Small_value_payments,390.6433365245487,2024-07-01
CUS_0x383e,33045.79,2611.8158333333336,4,3,10,0,,1,9,11.2,9.0,Good,1243.88,37.72686832641385,26 Years and 3 Months,No,27141.0,77.44961513415711,High_spent_Small_value_payments,445.90164654820916,2023-04-01
CUS_0x384c,9841.34,690.1116666666667,8,9,31,5_,"Personal Loan, Payday Loan, Auto Loan, Debt Consolidation Loan, and Debt Consolidation Loan",61,15,29.52,10.0,_,4984.82,37.82197102652432,5 Years and 0 Months,Yes,36.67512791916932,20.40645221387888,High_spent_Small_value_payments,271.92958653361853,2024-08-01
CUS_0x3854,40100.45,3280.7041666666664,0,4,7,0,,7,14,7.16,4.0,Good,821.74,25.01059514657245,32 Years and 11 Months,No,0.0,175.71908759154212,Low_spent_Large_value_payments,422.35132907512457,2024-09-01
CUS_0x385d,18495.14,1839.2616666666663,3,3,7,4,"Auto Loan, Auto Loan, Debt Consolidation Loan, and Not Specified",11,17,12.61,10.0,Standard,1216.59,33.08035449226588,14 Years and 0 Months,Yes,39.645585209693024,111.22986881207581,Low_spent_Small_value_payments,323.0507126448978,2024-06-01
CUS_0x3868,3544929.0,1462.605833333333,8,9,30,6,"Mortgage Loan, Not Specified, Personal Loan, Home Equity Loan, Not Specified, and Auto Loan",54,24,_,8.0,Bad,2867.66,38.81884795480821,11 Years and 11 Months,Yes,43.23479313919076,119.94573352421976,Low_spent_Small_value_payments,234.10001980801397,2023-07-01
CUS_0x386e,17399.43_,1485.9525,8,9,21,2,"Mortgage Loan, and Debt Consolidation Loan",19,25,9.03,10.0,Bad,1444.19,34.869338456905,6 Years and 5 Months,Yes,27.103287048595227,41.06608519914658,Low_spent_Large_value_payments,350.4258777522582,2023-07-01
CUS_0x38a7,11650.835,1125.902916666667,6,7,3,4,"Credit-Builder Loan, Credit-Builder Loan, Auto Loan, and Mortgage Loan",30,12,6.78,6.0,Good,362.4,30.512681015942626,23 Years and 0 Months,No,23.32579105961548,57.383605022339495,High_spent_Small_value_payments,291.8808955847116,2024-12-01
CUS_0x38aa,10363.34,844.6116666666667,4,4,9,3,"Debt Consolidation Loan, Debt Consolidation Loan, and Auto Loan",25,13,17.95,8.0,_,64.53,29.15269971131936,13 Years and 7 Months,Yes,13.96537289684516,48.54607513666338,High_spent_Small_value_payments,281.9497186331581,2024-10-01
CUS_0x38ad,8108.77_,535.7308333333334,6,3,34,6,"Home Equity Loan, Credit-Builder Loan, Auto Loan, Home Equity Loan, Payday Loan, and Mortgage Loan",13,16,10.62,2207.0,_,2004.87,25.76904710672257,6 Years and 0 Months,Yes,29.75018094512929,21.72914463219952,Low_spent_Small_value_payments,292.0937577560045,2024-02-01
CUS_0x38dc,60036.75,5279.0625,7,8,34,5,"Not Specified, Not Specified, Credit-Builder Loan, Mortgage Loan, and Not Specified",46,18,26.9,15.0,Bad,3563.38,37.1449097615195,10 Years and 4 Months,Yes,147.59303110175762,83.58675746773845,High_spent_Medium_value_payments,546.7264614305038,2024-11-01
CUS_0x3909,17423.69,1707.9741666666666,6,5,15,0,,19,14,16.74,7.0,Standard,1158.96,31.00819057092876,31 Years and 9 Months,Yes,0.0,136.0178599501698,Low_spent_Large_value_payments,304.77955671649687,2024-07-01
CUS_0x3911,61839.26,5162.2716666666665,4,5,12,0,,13,1,-2.73,0.0,Good,1014.5,36.46171355607152,23 Years and 5 Months,No,0.0,108.06286573121302,High_spent_Medium_value_payments,658.1643009354536,2023-09-01
CUS_0x396d,33032.46,2842.705,8,7,20,-100,"Payday Loan, and Debt Consolidation Loan",24,9,8.68,8.0,Standard,891.29,38.46715450046847,15 Years and 9 Months,Yes,35.275234367572835,32.21787589704023,High_spent_Large_value_payments,456.777389735387,2023-09-01
CUS_0x39c5,16117.63,1322.1358333333333,6,9,26,2,"Personal Loan, and Student Loan",27,24,5.83,9.0,Bad,1488.01,30.26155053173237,17 Years and 4 Months,Yes,23.31680754441411,146.1424773891697,Low_spent_Small_value_payments,252.75429839974956,2024-03-01
CUS_0x3a85,12731.78,1246.9816666666668,6,1456,8,439,,17,15,12.0,2.0,Standard,80.09,33.273354765562885,16 Years and 5 Months,No,0.0,43.98599606955696,Low_spent_Small_value_payments,370.71217059710966,2024-02-01
CUS_0x3a94,22320.13,2151.0108333333333,5,6,18,2,"Credit-Builder Loan, and Not Specified",24,11,18.5,7.0,Standard,1426.31,37.36823812480158,20 Years and 0 Months,Yes,30.85524782324645,236.95284370899518,Low_spent_Small_value_payments,237.29299180109177,2023-12-01
CUS_0x3a9d,88726.46,7104.871666666668,2,3,7,-100,"Personal Loan, Mortgage Loan, and Home Equity Loan",5,4,8.92,4.0,_,477.58,38.05516456866812,31 Years and 9 Months,No,161.22424910969863,172.10845694280343,High_spent_Medium_value_payments,627.1544606141647,2023-10-01
CUS_0x3aa1,47888.94,4197.745000000001,4,4,27,4,"Mortgage Loan, Student Loan, Home Equity Loan, and Not Specified",9,16,8.84,8.0,Standard,1835.98,36.19591193491776,14 Years and 6 Months,Yes,150.78374500259952,95.94631214557563,High_spent_Large_value_payments,413.04444285182495,2024-07-01
CUS_0x3ace,19938.73,1813.5608333333328,7,5,19,8,"Personal Loan, Not Specified, Not Specified, Student Loan, Auto Loan, Home Equity Loan, Student Loan, and Student Loan",56,18,30.26,10.0,Bad,4203.56,31.91985047740157,13 Years and 0 Months,Yes,111.96628296910264,107.38575536669005,High_spent_Small_value_payments,222.00404499754063,2023-11-01
CUS_0x3ad4,80743.79999999999,6886.649999999999,4,3,11,3,"Mortgage Loan, Home Equity Loan, and Debt Consolidation Loan",17,9,-3.81,5.0,_,204.88,40.89968857229785,24 Years and 6 Months,No,191.4871337737844,127.8424979837274,High_spent_Large_value_payments,609.3353682424881,2023-09-01
CUS_0x3b2a,33624.4,2869.0333333333333,4,5,20,4,"Home Equity Loan, Personal Loan, Mortgage Loan, and Auto Loan",30,9,12.8,7.0,_,987.27,26.902472137762533,29 Years and 5 Months,Yes,72.25713757572737,70.00207331131716,High_spent_Medium_value_payments,394.6441224462889,2023-01-01
CUS_0x3b2b,22219.57,1687.6308333333334,7,5,8,3,"Not Specified, Student Loan, and Credit-Builder Loan",8,18,13.23,13.0,_,502.78,27.972757006683416,5 Years and 10 Months,NM,35.33648089319485,37.552757956423534,High_spent_Large_value_payments,335.87384448371495,2023-05-01
CUS_0x3baa,29968.56,2698.38,5,5,6,1,Mortgage Loan,10,12,11.04,4.0,_,1022.13,29.634747428898137,17 Years and 8 Months,No,21.03313243477011,46.44828667186058,High_spent_Large_value_payments,442.35658089336937,2024-02-01
CUS_0x3bba,75655.48,6016.623333333332,1,3,11,3,"Auto Loan, Not Specified, and Not Specified",9,10,11.0,1.0,_,1174.52,38.00645603729604,32 Years and 10 Months,No,111.02302673173772,326.04484516072387,Low_spent_Medium_value_payments,444.59446144087167,2024-05-01
CUS_0x3bc6,14414.25,1351.1875,9,9,16,9,"Credit-Builder Loan, Home Equity Loan, Auto Loan, Payday Loan, Not Specified, Debt Consolidation Loan, Student Loan, Debt Consolidation Loan, and Student Loan",47,28,6.74,10.0,Bad,2558.21,34.570424602250114,9 Years and 10 Months,Yes,82.19569260077354,47.86626156933074,Low_spent_Small_value_payments,295.0567958298957,2023-01-01
CUS_0x3ce3,94511.79,7717.982500000001,5,3,9,0,,1,7,7.29,0.0,_,1315.6,25.957824846718736,18 Years and 9 Months,No,0.0,379.8988636573503,Low_spent_Medium_value_payments,671.8993863426498,2024-01-01
CUS_0x3cfb,59393.36,4870.446666666667,8,5,15,0,,7,16,20.61,9.0,Standard,1046.68,27.411216035045648,21 Years and 2 Months,Yes,0.0,157.72235745681053,High_spent_Medium_value_payments,579.3223092098561,2023-06-01
CUS_0x3d58,95846.49,8264.2075,8,4,9,0,,5,19,19.38,7.0,Standard,1493.69,37.39136527213309,30 Years and 11 Months,NM,0.0,300.53950963400814,High_spent_Medium_value_payments,775.881240365992,2023-02-01
CUS_0x3d7e,68173.92_,5948.16,6,10,32,5,"Credit-Builder Loan, Credit-Builder Loan, Payday Loan, Mortgage Loan, and Payday Loan",33,17,25.49,11.0,Bad,3117.01,24.85901263636167,6 Years and 6 Months,Yes,144.37436119004283,483.56251520363475,Low_spent_Small_value_payments,256.87912360632254,2024-05-01
CUS_0x3d9c,19809.27,1711.7725,5,5,8,1,Credit-Builder Loan,2,0,7.23,2.0,Good,562.34,34.673978456949705,30 Years and 4 Months,No,14.05862727465902,22.954311975022502,High_spent_Large_value_payments,374.1643107503185,2023-05-01
CUS_0x3dd8,32928.14,2948.0116666666668,0,2,5,0,,10,-1,8.63,5.0,_,929.04,33.89946926356562,30 Years and 2 Months,No,0.0,149.1397544099442,Low_spent_Medium_value_payments,425.6614122567225,2024-12-01
CUS_0x3ded,33537.3,2899.775,10,6,28,7,"Debt Consolidation Loan, Auto Loan, Personal Loan, Auto Loan, Payday Loan, Debt Consolidation Loan, and Personal Loan",20,24,15.95,14.0,Bad,2502.26,35.64539237619489,8 Years and 11 Months,Yes,169.2558027710161,65.46855275935755,High_spent_Medium_value_payments,305.25314446962636,2023-04-01
CUS_0x3e14,17651.515,1528.959583333333,0,2,4,0,,18,6,-4.49,1.0,Good,67.88,31.73866363114965,24 Years and 9 Months,No,0.0,__10000__,Low_spent_Small_value_payments,275.7999432501191,2023-04-01
CUS_0x3e36,21508.72,1898.3933333333327,1,4,6,0,,25,9,-3.14,5.0,Good,1074.99,39.89849468277954,28 Years and 9 Months,No,0.0,85.00704250966669,Low_spent_Large_value_payments,374.8322908236666,2024-10-01
CUS_0x3e54,78039.48,6236.29,5,7,4,4,"Student Loan, Credit-Builder Loan, Mortgage Loan, and Debt Consolidation Loan",21,15_,-2.41,5.0,Good,1188.91,23.481192495703816,29 Years and 0 Months,No,236.23961596593352,74.59651714204156,Low_spent_Small_value_payments,326.40072606842205,2023-01-01
CUS_0x3ea3,59924.96,4816.746666666667,6,10,22,8,"Credit-Builder Loan, Auto Loan, Auto Loan, Student Loan, Auto Loan, Debt Consolidation Loan, Home Equity Loan, and Student Loan",44,21,28.8,13.0,_,2927.06,32.22107519806735,5 Years and 3 Months,Yes,384.87124085109696,142.92258792370131,!@9#%8,223.88083789186848,2023-02-01
CUS_0x3ec6,15838.8,1415.9,10,8,23,-100,"Payday Loan, Payday Loan, Auto Loan, Debt Consolidation Loan, Personal Loan, and Personal Loan",62,19,18.3,6.0,Bad,2289.44,26.53637534276262,9 Years and 8 Months,Yes,57478.0,34.18692443049639,High_spent_Large_value_payments,298.23285829427164,2023-10-01
CUS_0x3ee,16756.18,1331.3483333333334,9,6,22,2,"Credit-Builder Loan, and Payday Loan",48,12,10.66,8.0,Standard,1941.73,25.81250201787924,15 Years and 9 Months,Yes,32972.0,66.71824831147686,Low_spent_Small_value_payments,328.97449591530835,2023-12-01
CUS_0x3eed,15833.7,1362.475,5,914,13,2,"Payday Loan, and Auto Loan",15,16,15.02,6.0,Standard,2536.78,34.846365759420955,12 Years and 8 Months,Yes,40320.0,41.71046683352213,High_spent_Medium_value_payments,318.28237210275535,2024-06-01
CUS_0x3ef,21212.91,1496.7425,3,888,10,3,"Home Equity Loan, Mortgage Loan, and Student Loan",16,19,5.13,1.0,Standard,993.15,38.91186246876629,29 Years and 4 Months,No,45.74570037068675,118.54244614778156,Low_spent_Small_value_payments,275.3861034815317,2023-11-01
CUS_0x3ef5,7821.24,468.77,8,10,29,6,"Mortgage Loan, Personal Loan, Home Equity Loan, Personal Loan, Auto Loan, and Payday Loan",62,14,19.34,7.0,Bad,2924.76,30.10658137213297,10 Years and 4 Months,Yes,19.72792349229153,49.56409519917959,Low_spent_Small_value_payments,267.5849813085289,2024-02-01
CUS_0x3f49,123375.18,10275.265,2,5,7,4,"Debt Consolidation Loan, Credit-Builder Loan, Home Equity Loan, and Auto Loan",7,0,8.99,4.0,Good,36.21,36.57065957521312,23 Years and 4 Months,No,260.184019233995,162.62377022953785,High_spent_Medium_value_payments,854.718710536467,2024-04-01
CUS_0x3f75,28105.59,2133.1325,1,3,1,3,"Not Specified, Payday Loan, and Not Specified",8,8,6.44,6.0,Good,151.29,26.62257130287009,20 Years and 2 Months,No,54.99993830630629,30.965442312234828,High_spent_Medium_value_payments,377.3478693814589,2024-06-01
CUS_0x3f94,96943.47,8107.6225,0,5,4,-100,"Home Equity Loan, Mortgage Loan, and Debt Consolidation Loan",15,12,6.62,4.0,Good,304.31,36.17227470602536,27 Years and 6 Months,No,175.87270771483497,181.63701440900974,High_spent_Large_value_payments,693.2525278761552,2024-08-01
CUS_0x3ff5,87636.03,6291.992443316578,4,1,4,2_,"Payday Loan, and Debt Consolidation Loan",3,2,3.38,3.0,Good,202.96,40.000275024421406,30 Years and 5 Months,No,1054.845873521209,60.72935307420884,High_spent_Large_value_payments,823.9350800880046,2024-12-01
CUS_0x4020,14804.08,979.6733333333334,6,9,19,7,"Mortgage Loan, Payday Loan, Debt Consolidation Loan, Auto Loan, Not Specified, Auto Loan, and Auto Loan",21,15,23.06,12.0,Bad,3195.13,28.51565616199388,7 Years and 10 Months,Yes,81.26738974397513,35.52864475125608,High_spent_Medium_value_payments,231.1712988381021,2024-08-01
CUS_0x4036,8056.13,530.3441666666666,10,5,32,8,"Student Loan, Home Equity Loan, Student Loan, Personal Loan, Not Specified, Auto Loan, Auto Loan, and Debt Consolidation Loan",48,16,18.64,6.0,Bad,4230.04,40.517144779908,9 Years and 4 Months,Yes,37.58269379011682,65.97219224053109,Low_spent_Small_value_payments,239.47953063601875,2023-12-01
CUS_0x4052,73366.36,5950.863333333334,8,9,27,8,"Home Equity Loan, Payday Loan, Personal Loan, Personal Loan, Not Specified, Payday Loan, Credit-Builder Loan, and Mortgage Loan",49,17,23.68,11.0,Bad,4029.36,23.42563602982479,5 Years and 5 Months,Yes,285.3685402526143,228.02472293645386,High_spent_Small_value_payments,341.69307014426533,2023-08-01
CUS_0x406,122942.28,10205.19,2,3,3,1,Mortgage Loan,8,4,4.88,4.0,Good,924.1,32.403388221707765,28 Years and 8 Months,No,101.56797654898996,821.8076237013545,Low_spent_Medium_value_payments,377.14339974965566,2024-01-01
CUS_0x4068,102137.1,8795.425,5,5,8,0,,12,20,1.15,5.0,Good,401.69,31.07537317585505,28 Years and 6 Months,No,0.0,303.7363515847018,High_spent_Medium_value_payments,825.8061484152981,2024-04-01
CUS_0x4086,71746.68_,6107.889999999999,3,3,10,3,"Debt Consolidation Loan, Debt Consolidation Loan, and Credit-Builder Loan",11,18,17.25,7.0,Standard,2052.59,38.88521249633112,5 Years and 10 Months,Yes,107.96166481408524,76.13049585010326,High_spent_Medium_value_payments,676.6968393358114,2023-03-01
CUS_0x4098,18153.18_,1735.765,10,8,34,5,"Personal Loan, Student Loan, Personal Loan, Payday Loan, and Home Equity Loan",22,15,18.15,14.0,Bad,3830.47,34.16858861683881,9 Years and 0 Months,NM,66.61860402627934,92.11154292003357,Low_spent_Small_value_payments,304.84635305368715,2024-04-01
CUS_0x40b1,25191.69,2190.3075,5,3,19,4,"Personal Loan, Home Equity Loan, Credit-Builder Loan, and Personal Loan",11,7,16.2,10.0,_,805.57,38.41044235326349,20 Years and 4 Months,Yes,79.85401928431752,206.32630635967018,Low_spent_Medium_value_payments,212.85042435601227,2023-04-01
CUS_0x40bd,110443.2,9398.6,8,3,8,2,"Auto Loan, and Personal Loan",29,15,11.16,5.0,Standard,1330.29,34.58468914297151,31 Years and 9 Months,Yes,183.6849156176276,65.36942551922817,High_spent_Large_value_payments,930.8056588631443,2024-01-01
CUS_0x40f8,20090.02,1570.168333333333,7,9,19,4,"Mortgage Loan, Student Loan, Debt Consolidation Loan, and Personal Loan",60,21,12.73,11.0,_,2329.28,27.487270086466985,6 Years and 9 Months,Yes,40.703206956509966,133.28029308923806,Low_spent_Small_value_payments,273.0333332875853,2024-09-01
CUS_0x411a,18444.925,1497.0770833333331,1,3,7,0,,9,2,12.96,4.0,Good,1219.01,23.983396251487843,31 Years and 0 Months,No,0.0,95.36436944900305,Low_spent_Small_value_payments,344.3433388843302,2023-02-01
CUS_0x414d,91717.32_,7577.777965211783,3,4,7,2,"Payday Loan, and Not Specified",8,2056,4.39,3.0,Standard,1.48,30.45614478905012,30 Years and 10 Months,Yes,425.2504542808359,262.2235436394695,Low_spent_Medium_value_payments,656.4690368679096,2024-06-01
CUS_0x4159,16540.38,1577.365,10,5,28,7,"Mortgage Loan, Credit-Builder Loan, Student Loan, Home Equity Loan, Not Specified, Debt Consolidation Loan, and Auto Loan",59,21,6.2799999999999985,9.0,Bad,2377.8,27.331218979332743,10 Years and 10 Months,NM,94.4635889060092,__10000__,Low_spent_Small_value_payments,181.4358854902106,2023-10-01
CUS_0x416f,169481.08,14408.423333333332,3,2,10,2,"Personal Loan, and Credit-Builder Loan",13,12,0.95,4.0,_,645.14,30.13498855431236,17 Years and 4 Months,No,168.92834689265428,365.5375500402121,High_spent_Small_value_payments,1166.3764364004671,2023-01-01
CUS_0x4192,16697.83,1662.4858333333334,10,8,19,7,"Mortgage Loan, Not Specified, Payday Loan, Personal Loan, Personal Loan, Credit-Builder Loan, and Home Equity Loan",32,19,14.88,8.0,Standard,2514.35,34.27510289197928,11 Years and 9 Months,Yes,67.60115189277269,31.000650311577306,High_spent_Large_value_payments,307.6467811289834,2024-07-01
CUS_0x41ae,11526.465,704.53875,5,7,9,4,"Personal Loan, Mortgage Loan, Not Specified, and Mortgage Loan",9,14,4.64,7.0,Good,146.9,23.622995990695983,30 Years and 8 Months,No,32.14924926400015,24.11933139349829,Low_spent_Large_value_payments,250.5720337250483,2023-10-01
CUS_0x41be,72583.31999999999,6093.61,7,3,10,781,"Auto Loan, and Personal Loan",27,14,7.66,5.0,Standard,1019.44,27.04114487455388,18 Years and 9 Months,Yes,104.01673038444768,338.78455037965773,High_spent_Small_value_payments,426.55971923589465,2024-04-01
CUS_0x41d3,62976.28,5321.0233333333335,0,3,12,0,,11,2,6.05,3.0,_,68.66,35.678827881727095,16 Years and 0 Months,No,0.0,545.1663293866825,Low_spent_Medium_value_payments,266.93600394665094,2024-04-01
CUS_0x41f3,73047.96_,6253.330000000001,5,7,15,3,"Personal Loan, Home Equity Loan, and Personal Loan",13,16,10.86,8.0,_,1372.24,40.10237964228829,18 Years and 9 Months,Yes,117.50627625369935,90.43437517062773,High_spent_Large_value_payments,621.3428463527463,2023-03-01
CUS_0x4229,22032.74,2079.0616666666665,7,329,18,3,"Not Specified, Not Specified, and Debt Consolidation Loan",30,17,12.65,3.0,_,355.4,32.93851024551084,20 Years and 4 Months,NM,45.83656655459549,151.94729988169988,Low_spent_Large_value_payments,280.12230023037125,2024-11-01
CUS_0x4241,36178.94,2737.911666666667,5,7,7,2,"Student Loan, and Student Loan",28,12,16.9,12.0,_,1562.82,24.872273783726328,15 Years and 11 Months,Yes,44.33900647409711,93.2113614336874,Low_spent_Large_value_payments,406.2407987588822,2023-09-01
CUS_0x4287,21595.875,2061.65625,5,7,7,1,Auto Loan,9,2,10.46,4.0,Good,655.46,33.73562185327881,21 Years and 11 Months,NM,13.082938478587812,172.07801869811374,Low_spent_Large_value_payments,291.0046678232985,2023-08-01
CUS_0x4293,60116.7,5091.725,5,8,19,7,"Home Equity Loan, Home Equity Loan, Student Loan, Not Specified, Home Equity Loan, Credit-Builder Loan, and Debt Consolidation Loan",19,13,19.62,11.0,_,2042.27,39.33052847143173,12 Years and 11 Months,Yes,218.51488799997333,116.7483723490598,!@9#%8,413.90923965096687,2024-12-01
CUS_0x42a5,15191.03,1523.9191666666668,6,6,20,5,"Not Specified, Student Loan, Debt Consolidation Loan, Debt Consolidation Loan, and Payday Loan",31,8,9.34,11.0,Standard,1424.06,22.0096747033376,16 Years and 9 Months,Yes,48.626658102749126,33.223459534685766,High_spent_Medium_value_payments,320.54179902923175,2024-05-01
CUS_0x42bc,11533.485,786.1237500000002,4,3,20,7,"Personal Loan, Debt Consolidation Loan, Mortgage Loan, Auto Loan, Personal Loan, Personal Loan, and Home Equity Loan",22,14,18.29,5.0,Standard,1278.39,38.915848443623325,16 Years and 0 Months,Yes,44.61855570450804,43.44413020928229,High_spent_Small_value_payments,250.54968908620967,2023-06-01
CUS_0x4312,49715.1,4084.925,7,3,1,4,"Home Equity Loan, Auto Loan, Not Specified, and Not Specified",20,19,5.28,7.0,_,1211.28,39.56691923958622,32 Years and 11 Months,No,122.77035153012542,__10000__,High_spent_Medium_value_payments,427.06587438531005,2023-04-01
CUS_0x4313,19051.66,1491.3798645469806,10,8,15,6,"Personal Loan, Payday Loan, Credit-Builder Loan, Personal Loan, Payday Loan, and Debt Consolidation Loan",62,15,7.74,10.0,Bad,2655.37,37.32252642544279,4 Years and 5 Months,Yes,141.3030906093028,151.39915902710916,Low_spent_Small_value_payments,222.62005248327432,2023-07-01
CUS_0x4390,61664.0,4930.666666666667,6,3,16,4,"Personal Loan, Credit-Builder Loan, Not Specified, and Personal Loan",13,15,19.34,11.0,Standard,218.72,31.370031262987844,29 Years and 5 Months,Yes,204.84533030926715,195.96532636969826,High_spent_Small_value_payments,352.25600998770136,2024-06-01
CUS_0x43bf,42671.51,3731.959166666667,1,1,10,4,"Personal Loan, Debt Consolidation Loan, Not Specified, and Student Loan",11,11,7.28,5.0,Good,132.87,35.8632465975349,19 Years and 2 Months,No,87.77740256032335,56.10291576392928,High_spent_Large_value_payments,469.31559834241415,2024-12-01
CUS_0x43e7,34963.82,3195.651666666666,6,5,10,4,"Not Specified, Personal Loan, Debt Consolidation Loan, and Not Specified",25,15,9.56,3.0,Standard,879.49,21.79611192234469,23 Years and 5 Months,Yes,108.79608291381334,386.9405900939323,Low_spent_Small_value_payments,113.82849365892092,2024-10-01
CUS_0x444b,127708.48,10389.373333333331,7,3,13,3,"Home Equity Loan, Debt Consolidation Loan, and Home Equity Loan",11,17,19.29,1.0,_,1123.12,41.806426887951545,32 Years and 6 Months,Yes,207.27410955151103,151.0487819763139,High_spent_Large_value_payments,920.6144418055085,2024-02-01
CUS_0x446,17327.28,1716.9399999999996,6,6,20,-100,"Mortgage Loan, Personal Loan, Personal Loan, Mortgage Loan, Auto Loan, Personal Loan, and Auto Loan",47,18,18.3,13.0,Bad,2291.35,39.29868162684331,15 Years and 9 Months,Yes,55.43849806755351,153.68104769214943,!@9#%8,252.574454240297,2023-08-01
CUS_0x446f,56381.6,4535.466666666666,5,3,1,3,"Credit-Builder Loan, Mortgage Loan, and Payday Loan",5,6,0.81,6.0,_,1371.48,35.35433939069965,30 Years and 2 Months,No,119.62300814760052,172.1013336412746,Low_spent_Medium_value_payments,441.82232487779146,2023-12-01
CUS_0x447b,58599.48,5112.29,7,5,30,5_,"Debt Consolidation Loan, Mortgage Loan, Credit-Builder Loan, Personal Loan, and Personal Loan",46,18,_,12.0,Bad,2401.83,25.121249109621296,8 Years and 3 Months,Yes,474.92293071670855,207.6609755057393,Low_spent_Small_value_payments,375.77289148991827,2024-08-01
CUS_0x4496,68488.88,5692.406666666668,9,6,24,6,"Mortgage Loan, Payday Loan, Mortgage Loan, Student Loan, Home Equity Loan, and Not Specified",52,10,7.71,12.0,Standard,1356.05,38.74285697321525,15 Years and 6 Months,Yes,211.30135817488585,698.578362709772,Low_spent_Large_value_payments,202.4925490288149,2024-01-01
CUS_0x44ec,162144.64,13743.053333333335,1,6,5,1,Not Specified,22,7,5.02,5.0,Good,80.76,47.17844594079932,17 Years and 5 Months,No,117.65868074928473,240.31947222738015,High_spent_Small_value_payments,1276.3271803566688,2024-05-01
CUS_0x44f,29369.12,2171.4266666666667,5,4,8,2,"Payday Loan, and Not Specified",32,14,10.54,11.0,Standard,1605.81,33.880338302673195,20 Years and 2 Months,NM,43.93572131964716,58.679273675258464,High_spent_Medium_value_payments,364.5276716717611,2023-11-01
CUS_0x4505,20257.28,1916.1066666666663,4,5,16,1,Mortgage Loan,20,9,14.39,6.0,Standard,966.07,24.2222482737202,26 Years and 9 Months,Yes,10.776501293315496,232.75869262716517,Low_spent_Small_value_payments,238.075472746186,2023-06-01
CUS_0x453a,22182.95,1937.5791666666669,7,5,13,4,"Student Loan, Debt Consolidation Loan, Auto Loan, and Auto Loan",11,15,5.18,5.0,Standard,1170.58,29.483875533716315,6 Years and 3 Months,Yes,62.25704178917977,129.44775886275158,High_spent_Small_value_payments,262.0531160147353,2023-05-01
CUS_0x4569,18184.81,1541.4008333333334,8,9,30,8_,"Credit-Builder Loan, Debt Consolidation Loan, Payday Loan, Not Specified, Mortgage Loan, Home Equity Loan, Debt Consolidation Loan, and Personal Loan",31,14,28.55,12.0,Bad,4571.03,35.46218924962189,4 Years and 11 Months,Yes,63.741968079499,69.90934272437153,Low_spent_Medium_value_payments,300.48877252946284,2023-04-01
CUS_0x456d,36368.55,2782.7125,6,5,15,4,"Student Loan, Payday Loan, Credit-Builder Loan, and Credit-Builder Loan",10,9,5.9,3.0,Standard,950.56,29.407020068683074,22 Years and 9 Months,No,95.43359013792504,327.48674255127287,!@9#%8,145.3509173108021,2023-10-01
CUS_0x4590,28056.94,2115.078333333333,4,6,10,2,"Credit-Builder Loan, and Personal Loan",9,12,16.43,6.0,Standard,822.94,34.382303234382185,14 Years and 5 Months,Yes,41.74919161384339,17.971917483009094,High_spent_Large_value_payments,391.7867242364808,2024-07-01
CUS_0x45b,16701.96,1599.83,7,10,19,8,"Not Specified, Payday Loan, Student Loan, Not Specified, Student Loan, Debt Consolidation Loan, Mortgage Loan, and Personal Loan",62,20,28.28,12.0,_,4416.93_,26.07503997533843,14 Years and 3 Months,Yes,56.60542957440229,148.51883694675647,Low_spent_Medium_value_payments,234.8587334788413,2023-08-01
CUS_0x45e1,116680.84,10017.403333333334,5,5,8,3,"Auto Loan, Home Equity Loan, and Credit-Builder Loan",8,9,11.63,9.0,Standard,341.88,40.94819340130863,24 Years and 0 Months,Yes,178.35814413662033,608.5435785136012,High_spent_Medium_value_payments,850.0035269300215,2024-03-01
CUS_0x4657,22119.355,1844.2528927846915,2,7,11,2,"Payday Loan, and Auto Loan",0,0,6.92,3.0,Good,1111.07,33.81904510560093,26 Years and 10 Months,No,114.3217660378644,212.06006881961392,Low_spent_Small_value_payments,237.17281402449683,2024-09-01
CUS_0x465c,138079.96,11349.663333333332,2,4,8,0,,7,10,9.87,4.0,Good,637.14,29.173481308634024,29 Years and 11 Months,No,0.0,547.3110322541229,Low_spent_Medium_value_payments,867.6553010792104,2023-11-01
CUS_0x46d5,14560.52,1290.3766666666668,6,8,30,9,"Not Specified, Home Equity Loan, Debt Consolidation Loan, Debt Consolidation Loan, Debt Consolidation Loan, Home Equity Loan, Auto Loan, Auto Loan, and Credit-Builder Loan",22,23,16.99,7.0,Bad,3831.31,32.45872807681948,8 Years and 9 Months,Yes,67.73227591896628,20.893755947406767,!@9#%8,280.4116348002936,2023-12-01
CUS_0x4778,97590.15,8321.5125,6,6,2648,2,"Credit-Builder Loan, and Auto Loan",29,20,12.41,2.0,Standard,660.27,29.51114784978633,19 Years and 4 Months,Yes,83.02341726282799,208.51419516888146,High_spent_Medium_value_payments,790.6136375682905,2024-04-01
CUS_0x47ed,127524.81,10918.0675,0,3,9,0,,11,5,7.12,2.0,Good,59.58,37.620791040307815,24 Years and 4 Months,No,0.0,804.8671035593825,Low_spent_Medium_value_payments,566.9396464406175,2023-09-01
CUS_0x47f9,16196.665,1565.722083333333,5,7,17,2,"Mortgage Loan, and Auto Loan",20,11,2.55,2.0,Standard,632.93,37.23306342518301,16 Years and 3 Months,No,24.94959145561017,89.51384321524083,Low_spent_Medium_value_payments,322.10877366248235,2024-08-01
CUS_0x481d,15328.665,986.38875,5,7,1,0,,1,12,6.1,3.0,Good,1414.44,32.657935373145854,23 Years and 4 Months,No,0.0,92.2828309971035,Low_spent_Large_value_payments,276.3560440028965,2023-04-01
CUS_0x4863,41709.64,3739.803333333333,3,2,8,0,,9,2_,8.08,3.0,_,1307.73,36.17811568135062,23 Years and 0 Months,No,0.0,248.17288325296482,Low_spent_Large_value_payments,395.80745008036865,2024-07-01
CUS_0x4866,95025.4,7683.783333333333,6,6,14,0,,12,15_,10.13,7.0,Standard,746.5,38.50015328628083,9 Years and 0 Months,Yes,0.0,161.37244955196448,High_spent_Large_value_payments,847.0058837813689,2024-06-01
CUS_0x487a,58728.06,4892.005,8,5,1661,5,"Debt Consolidation Loan, Mortgage Loan, Personal Loan, Debt Consolidation Loan, and Auto Loan",10,18,_,8.0,_,1272.79,39.52702965331064,18 Years and 9 Months,Yes,129.83282295866547,54.69151368371868,High_spent_Large_value_payments,544.6761633576159,2024-03-01
CUS_0x488b,39560.62,3247.7183333333337,6,10,29,7,"Credit-Builder Loan, Home Equity Loan, Auto Loan, Credit-Builder Loan, Home Equity Loan, Mortgage Loan, and Credit-Builder Loan",22,20,11.66,9.0,Standard,1513.0,29.540484182626468,20 Years and 0 Months,Yes,189.0428085190761,119.10221996373487,High_spent_Medium_value_payments,266.6268048505225,2024-10-01
CUS_0x489d,22116.855,2104.07125,3,8,10,4,"Mortgage Loan, Personal Loan, Not Specified, and Payday Loan",5,6,_,1.0,Good,100.56,25.94930488409896,25 Years and 3 Months,NM,57.81426050307662,80.47252519177658,High_spent_Medium_value_payments,369.5831557822897,2024-11-01
CUS_0x48b7,67394.92,5844.243333333333,4,3,21,7,"Debt Consolidation Loan, Credit-Builder Loan, Student Loan, Auto Loan, Payday Loan, Auto Loan, and Payday Loan",29,17,9.77,10.0,Standard,1687.02,30.847208363544645,9 Years and 8 Months,NM,341.5669032612002,604.4168873426516,Low_spent_Medium_value_payments,239.62732270146188,2023-03-01
CUS_0x48ee,23756.68,1730.7233333333334,8,7,7,0,,24,11,16.37,2.0,_,612.93,33.887069919985464,20 Years and 11 Months,Yes,0.0,72.0371776023555,!@9#%8,361.0351557309778,2024-03-01
CUS_0x4939,16770.6,1488.55,5,6,25,2,"Auto Loan, and Payday Loan",33,17,7.44,4.0,Standard,1984.5,30.59925669816989,10 Years and 0 Months,Yes,26.8692093372618,85.71895720106899,Low_spent_Medium_value_payments,316.2668334616692,2023-01-01
CUS_0x494c,10496.255_,1141.6879166666668,9,10,26,5,"Auto Loan, Mortgage Loan, Mortgage Loan, Debt Consolidation Loan, and Not Specified",54,17,3.12,11.0,_,4184.84,33.93058107001977,2 Years and 8 Months,Yes,35.056985050612376,135.92568154608836,Low_spent_Small_value_payments,233.18612506996598,2024-09-01
CUS_0x496e,15051.065,1156.2554166666666,5,7,20,2,"Credit-Builder Loan, and Auto Loan",26,10,10.85,9.0,Standard,1455.55,33.02424862528817,31 Years and 4 Months,Yes,24.26990424741696,41.262412742651,!@9#%8,300.0932246765987,2023-12-01
CUS_0x49b5,25608.99_,1944.0825,8,6,8,3,"Student Loan, Credit-Builder Loan, and Not Specified",25,18,10.39,5.0,Standard,238.44,29.67930165939973,29 Years and 6 Months,Yes,50.15524804200507,76.45881489887155,High_spent_Small_value_payments,327.7941870591234,2023-07-01
CUS_0x4a3c,95768.85,8115.7375,8,7,16,-100,"Auto Loan, Mortgage Loan, Auto Loan, Payday Loan, and Personal Loan",26,10,17.23,9.0,Standard,1382.52,29.2994675040015,15 Years and 11 Months,Yes,268.7903299071447,826.4665273651939,Low_spent_Small_value_payments,6.31689272766141,2024-10-01
CUS_0x4a78,17785.93,1684.1608333333334,3,7,1,2,"Debt Consolidation Loan, and Auto Loan",8,7,1.74,6.0,Good,849.81,28.52417620923478,26 Years and 4 Months,No,14.921846853149988,91.97880178050464,Low_spent_Large_value_payments,331.5154346996788,2024-09-01
CUS_0x4a82,21426.07,1511.5058333333334,5,7,16,7,"Credit-Builder Loan, Credit-Builder Loan, Personal Loan, Debt Consolidation Loan, Mortgage Loan, Payday Loan, and Payday Loan",29,20,8.79,439.0,Standard,1024.27,35.614361570617966,15 Years and 8 Months,Yes,117.26678653680165,93.0666214256734,High_spent_Small_value_payments,200.8171753708583,2024-07-01
CUS_0x4b5d,134499.84_,11019.32,0,4,4,3_,"Payday Loan, Credit-Builder Loan, and Mortgage Loan",14,10,11.09,4.0,Good,115.08,29.01730873630578,31 Years and 8 Months,No,63845.0,430.3031049194387,High_spent_Medium_value_payments,690.9854628585501,2023-08-01
CUS_0x4b6b,66484.36,5595.363333333334,3,3,26,3,"Mortgage Loan, Payday Loan, and Mortgage Loan",23,18,18.77,8.0,Standard,1688.0,27.754874334648992,9 Years and 8 Months,Yes,86.77099226007715,323.0616980164488,Low_spent_Large_value_payments,419.7036430568074,2023-10-01
CUS_0x4bd,36274.17,3106.8475,8,4,15,4_,"Student Loan, Auto Loan, Debt Consolidation Loan, and Payday Loan",16,16,8.99,6.0,Standard,237.17,23.110384306671047,26 Years and 2 Months,No,83.92104895382352,55.18664893948817,High_spent_Small_value_payments,431.5770521066883,2024-05-01
CUS_0x4bfb,59479.26,4833.605,7,5,13,6,"Student Loan, Home Equity Loan, Student Loan, Credit-Builder Loan, Debt Consolidation Loan, and Mortgage Loan",18,12,12.95,8.0,Standard,2189.62,21.6842812878578,11 Years and 6 Months,NM,166.1197570270867,152.34170658342381,Low_spent_Small_value_payments,39.740138189847706,2023-12-01
CUS_0x4c13,37691.17,3321.9308333333333,4,4,5,0,,6,9,8.56,3.0,Good,209.34,28.99128528821109,20 Years and 8 Months,No,0.0,47.29904611963399,High_spent_Large_value_payments,524.8940372136993,2024-10-01
CUS_0x4c33,74829.56,6521.796666666666,7,9,25,6,"Not Specified, Home Equity Loan, Debt Consolidation Loan, Mortgage Loan, Mortgage Loan, and Not Specified",49,22,2.46,14.0,Bad,2269.63,38.315817398465946,17 Years and 3 Months,Yes,313.20464688853724,119.9801252371348,!@9#%8,458.99489454099466,2024-10-01
CUS_0x4c95,25444.95,2342.4125,8,6,10,2,"Student Loan, and Debt Consolidation Loan",21,19,11.22,12.0,Standard,249.67,27.380640196566787,16 Years and 4 Months,Yes,30.78169485461961,49.97270095119752,High_spent_Large_value_payments,393.4868541941829,2024-10-01
CUS_0x4c9a,20758.54,2027.878333333333,3,9,20,2,"Auto Loan, and Debt Consolidation Loan",22,12,2.630000000000001,11.0,Standard,2104.27,40.77396503814435,13 Years and 1 Months,Yes,22.557217437788964,43.72556856327319,High_spent_Small_value_payments,396.5050473322712,2024-04-01
CUS_0x4cfd,75650.04,6134.169999999999,10,6,15,-100,"Personal Loan, Personal Loan, Home Equity Loan, Not Specified, Personal Loan, and Not Specified",19,22_,28.83,8.0,Bad,2525.56,38.89760786954332,6 Years and 11 Months,Yes,327.534571066074,115.05510113416712,High_spent_Large_value_payments,410.82732779975885,2023-07-01
CUS_0x4d26,20978.49,1853.2075,6,10,20,3,"Debt Consolidation Loan, Credit-Builder Loan, and Mortgage Loan",29,10,12.32,10.0,Standard,2305.13,38.654773598295606,8 Years and 2 Months,Yes,28.45284753399817,95.11340117012155,Low_spent_Large_value_payments,331.75450129588035,2024-05-01
CUS_0x4d90,99617.76,8095.48,0,6,3,0,,8,4,7.41,4.0,Good,851.22,29.1225661271284,15 Years and 10 Months,No,0.0,122.72573610911614,High_spent_Large_value_payments,926.8222638908837,2024-06-01
CUS_0x4dbd,25138.62,1908.885,8,4,8,3,"Not Specified, Debt Consolidation Loan, and Personal Loan",23,9,6.05,5.0,_,329.82,30.35489205412745,27 Years and 8 Months,No,39.758206107245606,180.26198144326858,Low_spent_Small_value_payments,309.9420738004092,2023-10-01
CUS_0x4ddc,18524.985,1831.74875,0,3,1,3,"Student Loan, Mortgage Loan, and Student Loan",6,5,7.21,6.0,Good,463.93,36.53551547076969,23 Years and 11 Months,No,24.121875832761308,106.28446583933945,Low_spent_Small_value_payments,342.76853332789926,2023-01-01
CUS_0x4de9,36820.36,3300.363333333333,5,3,5,2,"Mortgage Loan, and Student Loan",27,13,14.92,11.0,Standard,975.09,36.3761729965286,18 Years and 0 Months,NM,24617.0,67.86649242072657,High_spent_Medium_value_payments,453.1985357938512,2023-02-01
CUS_0x4deb,16254.6,1187.55,7,7,23,5,"Not Specified, Personal Loan, Not Specified, Personal Loan, and Credit-Builder Loan",47,18,17.65,7.0,Bad,2911.44_,38.15034790070364,8 Years and 4 Months,Yes,59.962254077092,60.1538700245508,Low_spent_Small_value_payments,288.6388758983572,2024-11-01
CUS_0x4e0d,18314.57,1421.2141666666666,6,7,18,2,"Payday Loan, and Not Specified",19,9,9.57,11.0,Standard,1450.59,30.97935959140856,13 Years and 8 Months,Yes,19.61210131444428,51.410903881742676,Low_spent_Small_value_payments,361.0984114704797,2023-09-01
CUS_0x4e43,8295.87,883.3225000000001,7,9,1439,8,"Credit-Builder Loan, Personal Loan, Debt Consolidation Loan, Payday Loan, Mortgage Loan, Home Equity Loan, Auto Loan, and Payday Loan",47,22_,24.94,8.0,Bad,3632.72,30.41912703954669,13 Years and 11 Months,Yes,51.8800907439149,90.24808877142037,Low_spent_Medium_value_payments,226.20407048466475,2023-08-01
CUS_0x4e47,40305.02_,3545.751666666666,5,6,16,6,"Auto Loan, Home Equity Loan, Debt Consolidation Loan, Not Specified, Debt Consolidation Loan, and Student Loan",25,14,2.4399999999999995,12.0,Standard,1955.11,36.47309177741704,11 Years and 2 Months,NM,196.30165627844207,96.42066848962877,Low_spent_Small_value_payments,240.90553545233126,2023-05-01
CUS_0x4e73,113192.68,9376.723333333332,3,7,3,0,,0,2,6.15,2.0,Good,1179.64,40.2041737861831,19 Years and 0 Months,No,0.0,491.75277710752334,Low_spent_Small_value_payments,735.9195562258101,2024-01-01
CUS_0x4eb3,65544.12,5311.009999999998,3,3,10,2,"Student Loan, and Debt Consolidation Loan",7,0,8.2,1.0,Good,1357.63,29.431384578063533,18 Years and 1 Months,No,71.71689333115668,170.79564431474182,High_spent_Medium_value_payments,538.5884623541015,2024-09-01
CUS_0x4ee1,62679.87,5375.3225,8,8,17,2,"Not Specified, and Mortgage Loan",34,19,3.1,6.0,_,2172.76,29.95792162471951,16 Years and 0 Months,Yes,100.10260089398822,257.4977353915915,High_spent_Small_value_payments,439.9319137144204,2024-07-01
CUS_0x4ee7,128502.38999999998,10530.5325,1,4,11,0,,2,5,8.53,8.0,Good,1422.93,39.29394568619608,21 Years and 10 Months,No,0.0,710.2082148250224,High_spent_Small_value_payments,602.8450351749774,2024-05-01
CUS_0x4fe9,128066.44,10394.203333333331,4,6,6,4,"Mortgage Loan, Credit-Builder Loan, Credit-Builder Loan, and Not Specified",0,8,5.38,2.0,Good,1004.44,40.45951441078775,19 Years and 5 Months,No,366.3974662828732,242.5892816507011,High_spent_Large_value_payments,670.433585399759,2024-08-01
CUS_0x5002,63402.2,5475.516666666666,5,3,18,4,"Mortgage Loan, Student Loan, Credit-Builder Loan, and Home Equity Loan",20,813,14.05,5.0,Standard,2153.66,38.908368128681936,19 Years and 6 Months,Yes,152.10590568183474,302.2807663845683,High_spent_Small_value_payments,353.1649946002635,2023-04-01
CUS_0x503f,18180.43,1725.0358333333334,9,9,17,9,"Auto Loan, Debt Consolidation Loan, Auto Loan, Not Specified, Debt Consolidation Loan, Mortgage Loan, Student Loan, Personal Loan, and Home Equity Loan",61,20,8.6,14.0,Bad,2329.29,23.002023341598843,14 Years and 6 Months,Yes,116.08159431872198,26.2789831895105,High_spent_Medium_value_payments,280.1430058251009,2025-01-01
CUS_0x5052,47557.02,3715.0850000000014,4,3,17,6,"Home Equity Loan, Home Equity Loan, Credit-Builder Loan, Credit-Builder Loan, Debt Consolidation Loan, and Not Specified",14,16,11.34,6.0,Standard,2213.85,39.73822570798512,7 Years and 2 Months,Yes,122.88000566956391,313.22544476880336,Low_spent_Medium_value_payments,215.4030495616328,2023-08-01
CUS_0x506d,14707.375,1198.6145833333333,3,1,2,0,,3,0,9.13,6.0,Good,516.4,28.38306664171089,16 Years and 4 Months,No,0.0,82.41954023479622,Low_spent_Medium_value_payments,317.4419180985372,2024-04-01
CUS_0x507d,34668.59,3143.049166666666,6,3,10,3,"Not Specified, Auto Loan, and Credit-Builder Loan",11,15_,8.13,7.0,Standard,291.46,27.20909502605752,21 Years and 5 Months,No,72.26613726311984,50.41056201736146,High_spent_Large_value_payments,431.6282173861854,2024-07-01
CUS_0x50dd,41293.1,3716.091666666666,5,4,13,2,"Payday Loan, and Personal Loan",10,21,8.78,9.0,_,1416.43,30.953708548424583,19 Years and 0 Months,Yes,47.71436507290623,95.78875795447607,High_spent_Medium_value_payments,478.10604363928434,2023-05-01
CUS_0x50f7,74008.84,6229.403333333333,9,837,32,5,"Credit-Builder Loan, Credit-Builder Loan, Home Equity Loan, Personal Loan, and Mortgage Loan",19,27,1.62,7.0,Bad,1548.55,35.57862298505803,15 Years and 5 Months,Yes,170.4932849433328,489.5073247075905,Low_spent_Medium_value_payments,242.93972368241006,2023-01-01
CUS_0x5146,63195.21,5318.2675,4,7,6,0,,29,14,7.6,4.0,_,1113.92,34.82843523305265,32 Years and 4 Months,No,0.0,440.02413521912865,Low_spent_Small_value_payments,381.8026147808714,2024-06-01
CUS_0x5161,83403.2,6825.266666666666,9,8,25,6,"Home Equity Loan, Not Specified, Debt Consolidation Loan, Mortgage Loan, Mortgage Loan, and Student Loan",55,20,11.03,6.0,Bad,1668.73,26.73445713944993,19 Years and 10 Months,Yes,287.1935286177884,447.32311258869566,High_spent_Medium_value_payments,383.1399525947898,2024-03-01
CUS_0x5171,8733.57_,672.7975,8,10,15,7,"Payday Loan, Payday Loan, Credit-Builder Loan, Auto Loan, Auto Loan, Auto Loan, and Student Loan",42,22,22.86,14.0,_,2646.35,38.21953251348674,12 Years and 5 Months,Yes,37.02451006104799,18.757395429538047,Low_spent_Medium_value_payments,291.497844509414,2024-04-01
CUS_0x5172,18496.49,1802.374166666667,7,8,27,4,"Not Specified, Student Loan, Not Specified, and Credit-Builder Loan",38,26,4.48,12.0,Bad,1571.26,31.127813245480205,19 Years and 9 Months,NM,56019.0,240.63442762136387,Low_spent_Small_value_payments,174.69742047475856,2023-05-01
CUS_0x51e7,9735.115,695.2595833333335,7,5,16,7,"Credit-Builder Loan, Not Specified, Auto Loan, Debt Consolidation Loan, Mortgage Loan, Not Specified, and Mortgage Loan",40,19,23.85,10.0,_,3500.59,33.620653404347856,1 Years and 6 Months,Yes,53.89565261827463,29.71411633962712,Low_spent_Small_value_payments,275.9161893754316,2023-01-01
CUS_0x5215,71285.0,6207.416666666668,0,5,4,3,"Payday Loan, Home Equity Loan, and Debt Consolidation Loan",13,7,5.28,2.0,Good,1308.67,38.48058706059719,24 Years and 4 Months,No,159.2071226744656,84.9878944893726,High_spent_Large_value_payments,616.5466495028286,2023-06-01
CUS_0x52bf,147334.32,12223.86,5,1,7,0,,-4,12,8.96,4.0,Good,1133.25,40.06625267346579,25 Years and 3 Months,No,0.0,690.4668648519693,Low_spent_Medium_value_payments,811.9191351480307,2024-12-01
CUS_0x52c3,18763.21,1752.6008333333332,8,6,30,5_,"Student Loan, Home Equity Loan, Not Specified, Home Equity Loan, and Debt Consolidation Loan",17,13,8.22,12.0,Standard,2286.73,37.176542614449176,13 Years and 0 Months,Yes,73.56399934139769,42.81547866872473,High_spent_Medium_value_payments,308.88060532321094,2025-01-01
CUS_0x52f1,14925.81,1101.8175,8,6,5,5,"Debt Consolidation Loan, Student Loan, Auto Loan, Credit-Builder Loan, and Credit-Builder Loan",24,11,7.23,8.0,Standard,781.33,27.71019546456433,10 Years and 6 Months,Yes,61.7842816183049,134.23225075051846,Low_spent_Small_value_payments,204.16521763117663,2023-04-01
CUS_0x5321,38897.52,3402.46,5,5,3,1,Student Loan,8,7,7.01,2.0,Good,286.43,29.176897949853053,22 Years and 9 Months,No,76076.0,146.05760927519643,Low_spent_Small_value_payments,457.72539034117744,2023-05-01
CUS_0x535a,32297.67,2924.4725,6,5,2,4,"Mortgage Loan, Credit-Builder Loan, Student Loan, and Not Specified",24,13,5.64,4.0,Good,1300.2,37.91889568489236,17 Years and 10 Months,No,73.18943970474511,130.88593375528396,!@9#%8,348.37187653997086,2024-10-01
CUS_0x537,75776.54999999999,6580.712499999999,5,4,15,1,Debt Consolidation Loan,11,17,13.86,1543.0,Standard,1.37,28.154606808441443,26 Years and 0 Months,NM,60.27778125973964,80.53264859717362,High_spent_Medium_value_payments,767.2608201430867,2023-01-01
CUS_0x53aa,55139.82,4703.985,3,4,5,-100,"Auto Loan, Auto Loan, Student Loan, and Mortgage Loan",31,10,8.4,11.0,_,95.73,24.01618613644466,25 Years and 4 Months,Yes,110.39204004833772,286.00755967272494,Low_spent_Medium_value_payments,353.99890027893736,2024-10-01
CUS_0x53fc,60437.28,4948.44,6,4,8,4,"Credit-Builder Loan, Debt Consolidation Loan, Home Equity Loan, and Credit-Builder Loan",26,11,19.55,11.0,Standard,2133.53,33.93301666248926,16 Years and 10 Months,Yes,129.38746282892166,189.27359119297435,High_spent_Medium_value_payments,426.18294597810404,2023-11-01
CUS_0x540e,58224.1,4676.008333333333,2,2,11,2,"Payday Loan, and Home Equity Loan",7,5,6.21,3.0,Good,728.5,38.26132248617396,23 Years and 6 Months,No,52.943493214668216,__10000__,Low_spent_Large_value_payments,403.1605260789285,2024-10-01
CUS_0x552,161006.32,13449.193333333336,0,2,7,1,Payday Loan,11,0,2.6,0.0,Good,615.14,40.71644239515279,18 Years and 11 Months,NM,91.88030277046414,1089.9213792299252,Low_spent_Medium_value_payments,443.1176513329442,2024-08-01
CUS_0x5523,73062.6,6267.55,4,7,20,4,"Home Equity Loan, Debt Consolidation Loan, Debt Consolidation Loan, and Home Equity Loan",20,13_,14.24,8.0,Standard,280.1,35.420896613502485,17 Years and 5 Months,Yes,176.85244341466438,72.36925531304685,High_spent_Large_value_payments,617.533301272289,2024-09-01
CUS_0x5554,19261.21,1883.1008333333327,6,6,11,4,"Auto Loan, Debt Consolidation Loan, Home Equity Loan, and Student Loan",24,14,12.99,1.0,Standard,181.85,35.77196827665634,18 Years and 2 Months,Yes,56.88836733510114,235.27278184014855,Low_spent_Small_value_payments,186.14893415808362,2024-04-01
CUS_0x556,19765.86_,1613.155,10,9,34,7,"Credit-Builder Loan, Mortgage Loan, Personal Loan, Mortgage Loan, Personal Loan, Not Specified, and Home Equity Loan",22,24,23.47,11.0,_,4533.38,22.68377441204975,3 Years and 0 Months,NM,59.25746530598872,106.45684966567173,Low_spent_Small_value_payments,285.6011850283396,2025-01-01
CUS_0x5563,14791.06,1499.5883333333334,7,8,15,3,"Auto Loan, Home Equity Loan, and Home Equity Loan",50,20,9.92,10.0,Bad,2292.04,38.26722798009381,13 Years and 11 Months,Yes,22.194640475743352,36.132585385215314,High_spent_Large_value_payments,331.6316074723746,2023-04-01
CUS_0x55e6,24251.49,1991.9575,8,4,14,1,Student Loan,23,16,10.53,2.0,_,1062.17,39.36017738166811,30 Years and 5 Months,Yes,18.8355504949142,162.223678996723,High_spent_Medium_value_payments,381.96935341049414,2024-05-01
CUS_0x55ed,10702.83_,1108.9025,3,5,3110,6,"Personal Loan, Personal Loan, Debt Consolidation Loan, Not Specified, Debt Consolidation Loan, and Student Loan",22,10,17.58,7.0,Standard,140.29,31.67247451032216,14 Years and 2 Months,Yes,52.08856228482824,57.63041224648115,!@9#%8,281.1712754686906,2023-03-01
CUS_0x55f5,27581.59,2021.4658333333327,3,7,13,7,"Not Specified, Home Equity Loan, Student Loan, Mortgage Loan, Debt Consolidation Loan, Personal Loan, and Debt Consolidation Loan",17,14,10.34,6.0,Standard,1005.37,35.96208259911688,12 Years and 10 Months,Yes,103.31744187966736,71.532777842683,High_spent_Medium_value_payments,277.2963636109829,2024-01-01
CUS_0x5654,31933.89,2685.1575,4,3,11,1,Student Loan,13,12,7.18,1.0,Good,198.25,29.09254010921852,19 Years and 2 Months,No,67059.0,148.04779368256163,Low_spent_Small_value_payments,393.9452679990076,2023-03-01
CUS_0x56e5,127313.4_,9556.314852204663,5,5,5,1,Personal Loan,13,10_,3.86,2.0,_,1075.47,36.87244513898402,27 Years and 6 Months,No,1179.2539209991462,__10000__,High_spent_Medium_value_payments,781.1940320954112,2024-07-01
CUS_0x56ef,15867.45_,1468.2875,10,10,22,2,"Payday Loan, and Student Loan",17,14,16.02,8.0,_,1773.9,32.7109085943672,17 Years and 11 Months,Yes,18.34281155192388,113.14490545366932,Low_spent_Medium_value_payments,295.3410329944068,2024-04-01
CUS_0x570b,73140.38,5799.031666666668,3,5,15,1,Auto Loan,9,9,13.56,5.0,Standard,1056.32,26.40542162371881,25 Years and 11 Months,Yes,44.9815923192537,453.1888481231929,!@9#%8,351.7327262242202,2023-08-01
CUS_0x572,12016.0,729.3333333333335,6,3,14,3,"Not Specified, Mortgage Loan, and Auto Loan",30,10,15.23,0.0,Standard,583.27,35.371227141398776,30 Years and 8 Months,Yes,20.74354373539268,__10000__,Low_spent_Medium_value_payments,303.1006422670118,2023-09-01
CUS_0x5761,29999.94,2767.995,10,9,15,5,"Auto Loan, Payday Loan, Mortgage Loan, Student Loan, and Mortgage Loan",42,21,3.67,13.0,Bad,2593.23,28.82367550440972,16 Years and 8 Months,Yes,101.64748417267153,185.9308172176029,Low_spent_Small_value_payments,279.22119860972555,2023-12-01
CUS_0x5764,14469.88,1382.823333333333,10,10,29,9,"Debt Consolidation Loan, Mortgage Loan, Personal Loan, Credit-Builder Loan, Mortgage Loan, Auto Loan, Student Loan, Auto Loan, and Auto Loan",42,27,5.35,15.0,Bad,3349.7,27.71357259350936,8 Years and 6 Months,Yes,61.64272276549457,124.93110874900829,Low_spent_Large_value_payments,221.70850181883046,2024-03-01
CUS_0x576c,41655.16,3743.263333333334,3,4,5,2,"Auto Loan, and Personal Loan",28,21,5.72,4.0,Standard,1240.64,33.03944545834335,29 Years and 6 Months,No,66.91250933776806,243.88921882496845,Low_spent_Small_value_payments,353.52460517059694,2024-02-01
CUS_0x57a1,88126.58,6601.061123369183,2,7,1,0,,13,6,9.57,5.0,_,261.29,34.065422511989226,31 Years and 5 Months,No,649.8205432974855,231.1234758189169,Low_spent_Large_value_payments,763.9646908477499,2024-08-01
CUS_0x57a7,14291.24,1291.9366666666667,6,10,32,6,"Not Specified, Personal Loan, Student Loan, Personal Loan, Student Loan, and Payday Loan",23,17,2.66,10.0,Bad,2527.84,38.8033430291672,16 Years and 11 Months,Yes,68.47067908164641,66.2681373994596,Low_spent_Medium_value_payments,274.4548501855606,2024-08-01
CUS_0x57ea,41563.69,3691.640833333333,5,4,6,3,"Home Equity Loan, Not Specified, and Student Loan",13,8,3.47,9.0,Good,1306.64,37.28686061640828,32 Years and 2 Months,No,72.67212751623222,124.74316955724008,High_spent_Medium_value_payments,421.74878625986105,2023-04-01
CUS_0x581e,59907.78,4851.315,5,3,629,2,"Personal Loan, and Mortgage Loan",31,16,11.23,0.0,Standard,719.35,38.21044254882772,30 Years and 2 Months,No,67.25811455191668,224.93035323277007,High_spent_Small_value_payments,452.94303221531317,2024-03-01
CUS_0x584b,92565.81,7870.8175,4,5,14,1,Personal Loan,16,14,10.95,0.0,Standard,1236.76,42.87032687632539,16 Years and 6 Months,No,55.26199672002035,160.12897960524617,High_spent_Medium_value_payments,821.6907736747336,2023-07-01
CUS_0x5876,10003.495_,840.6245833333335,8,7,27,6,"Mortgage Loan, Personal Loan, Home Equity Loan, Credit-Builder Loan, Home Equity Loan, and Payday Loan",52,23,19.76,14.0,Bad,3488.11,23.458511357075263,1 Years and 5 Months,NM,38.50716226881405,73.97078414780619,Low_spent_Small_value_payments,261.5845119167131,2023-03-01
CUS_0x58aa,7664.315,918.6929166666664,6,5,15,5,"Debt Consolidation Loan, Student Loan, Not Specified, Credit-Builder Loan, and Not Specified",33,12_,12.6,7.0,_,1294.45,39.20257861733207,12 Years and 3 Months,Yes,24.236104131368567,84.09993933039722,Low_spent_Small_value_payments,273.5332482049009,2024-06-01
CUS_0x58ad,129575.12,10795.926666666666,3,3,8,3,"Not Specified, Payday Loan, and Payday Loan",3,1,7.47,5.0,Good,1119.28,40.02175019954729,32 Years and 0 Months,No,306.33002032943284,__10000__,High_spent_Large_value_payments,755.5949420055368,2024-08-01
CUS_0x58f,55324.29,4334.3575,9,637,28,8,"Home Equity Loan, Auto Loan, Debt Consolidation Loan, Personal Loan, Personal Loan, Auto Loan, Auto Loan, and Home Equity Loan",64,21,32.18,7.0,_,4270.21,33.66734911560125,8 Years and 2 Months,NM,245.09589182556527,356.56139836235985,Low_spent_Small_value_payments,121.77845981207493,2023-10-01
CUS_0x590,63539.56,4996.963333333333,8,7,15,2,"Student Loan, and Personal Loan",16,18,2.03,14.0,Bad,2638.22,37.22538447928483,16 Years and 11 Months,Yes,60.66704901520035,70.52600239978786,High_spent_Large_value_payments,608.5032819183451,2024-02-01
CUS_0x59a1,20373.24,1845.77,4,6,21,2,"Credit-Builder Loan, and Not Specified",19,9,11.22,8.0,Standard,1517.43,36.44964396815661,19 Years and 2 Months,Yes,21.476498190130105,117.11653951226221,Low_spent_Small_value_payments,335.98396229760766,2023-06-01
CUS_0x5a0c,82892.52,6786.71,9,7,32,4,"Personal Loan, Personal Loan, Payday Loan, and Payday Loan",34,11,7.31,7.0,Standard,1250.71,31.636798861912222,19 Years and 6 Months,Yes,223.46937855117787,__10000__,High_spent_Medium_value_payments,592.6709207246939,2023-12-01
CUS_0x5a26,10356.98,722.0816666666666,6,10,28,8,"Payday Loan, Auto Loan, Not Specified, Home Equity Loan, Credit-Builder Loan, Mortgage Loan, Not Specified, and Not Specified",54,20,26.06,16.0,Bad,3716.71,33.98136151665139,10 Years and 11 Months,Yes,66.45682500991846,31.066230116047908,Low_spent_Small_value_payments,264.6851115407003,2024-11-01
CUS_0x5a48,51410.98,4012.248333333334,4,7,16,0,,8,13,1.49,6.0,Standard,743.41,27.572058895353685,27 Years and 2 Months,No,0.0,178.0219732599551,Low_spent_Medium_value_payments,503.20286007337836,2024-03-01
CUS_0x5a58,42400.7,3627.3916666666655,4,5,5,2,"Mortgage Loan, and Not Specified",24,1,6.54,7.0,Good,699.11,33.401325654687014,27 Years and 2 Months,No,45.77561818988868,347.4031656528469,Low_spent_Medium_value_payments,249.5603828239311,2023-12-01
CUS_0x5a9e,28647.75,2161.3125,1076,6,5,5,"Not Specified, Debt Consolidation Loan, Not Specified, Personal Loan, and Payday Loan",5,12,17.36,7.0,_,82.6,25.22186466266499,6 Years and 5 Months,Yes,113.19231542947644,27.409410576176768,High_spent_Large_value_payments,315.5295239943468,2023-08-01
CUS_0x5af1,40026.12,3074.173534971804,6,10,22,7,"Home Equity Loan, Payday Loan, Auto Loan, Auto Loan, Home Equity Loan, Credit-Builder Loan, and Home Equity Loan",43,19,3.64,8.0,Bad,1472.86,24.816804916660107,18 Years and 2 Months,Yes,315.4602500675712,99.03710755537735,High_spent_Medium_value_payments,274.19010740524783,2024-08-01
CUS_0x5b64,14982.0,1137.5,6,3,17,2,"Debt Consolidation Loan, and Home Equity Loan",27,21,14.66,7.0,Standard,693.77,26.190151179817608,22 Years and 8 Months,Yes,24.56916090997996,125.85082055322802,Low_spent_Small_value_payments,253.33001853679198,2024-02-01
CUS_0x5b6c,68183.84,5916.986666666668,8,4,27,7,"Auto Loan, Student Loan, Mortgage Loan, Auto Loan, Debt Consolidation Loan, Debt Consolidation Loan, and Personal Loan",31,19,_,10.0,_,3341.21,37.13893470752938,11 Years and 9 Months,Yes,201.1615103014232,__10000__,!@9#%8,493.5249502964009,2023-04-01
CUS_0x5b77,81431.96,6790.996666666668,4,7,5,2,"Credit-Builder Loan, and Auto Loan",23,19,16.16,7.0,Standard,2352.06,38.92519023231641,9 Years and 6 Months,Yes,104.24903894709792,244.5154965581803,Low_spent_Large_value_payments,600.3351311613885,2024-10-01
CUS_0x5bb9,8086.58,823.8816666666668,2,7,22,2,"Credit-Builder Loan, and Home Equity Loan",10,23,9.55,12.0,Standard,2468.2,29.778668165858875,10 Years and 2 Months,Yes,7.913043411570557,44.69730712442024,Low_spent_Large_value_payments,299.7778161306759,2024-01-01
CUS_0x5bf,9846.615,826.55125,8,5,19,8,"Personal Loan, Home Equity Loan, Credit-Builder Loan, Credit-Builder Loan, Personal Loan, Credit-Builder Loan, Student Loan, and Home Equity Loan",26,17,1.55,12.0,Bad,4121.85,24.53224373832538,6 Years and 10 Months,Yes,33.19555230388199,22.769144946883912,Low_spent_Large_value_payments,296.6904277492341,2023-03-01
CUS_0x5c1c,17794.505,1340.8754166666668,5,4,8,0_,,13,4,7.06,2.0,Good,84.02,37.73161307371919,31 Years and 4 Months,NM,0.0,__10000__,Low_spent_Small_value_payments,280.03643733668963,2023-03-01
CUS_0x5c44,10413.6,576.8000000000002,3,6,5,5,"Personal Loan, Payday Loan, Home Equity Loan, Payday Loan, and Mortgage Loan",6,17,_,9.0,_,1098.56,37.07767610279335,19 Years and 10 Months,Yes,40.71403162638853,49.894420821881525,Low_spent_Small_value_payments,257.07154755173,2024-06-01
CUS_0x5c45,12044.89,1055.7408333333333,3,6,15,0,,11,20,19.92,8.0,Standard,747.26,28.180777554390897,19 Years and 8 Months,Yes,0.0,31.98946751051494,!@9#%8,353.58461582281836,2024-08-01
CUS_0x5c59,19662.27,1351.5225,2,3,8,-100,Auto Loan,17,9,2.58,6.0,_,879.41,27.73668807599136,25 Years and 2 Months,No,15.645155900068357,81.28477234519757,!@9#%8,318.22232175473414,2024-02-01
CUS_0x5c7a,34633.28,3084.106666666666,0,3,5,4,"Payday Loan, Auto Loan, Student Loan, and Not Specified",15,11,6.1,8.0,_,323.53,23.628792751244603,29 Years and 0 Months,No,107.6882897454246,174.8684853506306,High_spent_Small_value_payments,285.8538915706115,2023-06-01
CUS_0x5cf2,60446.62_,5065.218333333333,6,3,20,3,"Payday Loan, Student Loan, and Home Equity Loan",27,15,8.65,6.0,Standard,136.13,36.49598706760627,13 Years and 10 Months,Yes,78.57117360919784,68.73204500957323,High_spent_Large_value_payments,599.2186147145622,2023-11-01
CUS_0x5cff,24931.39,2098.6158333333333,4,6,13,2,"Credit-Builder Loan, and Home Equity Loan",21,8,11.34,12.0,Standard,18.55,41.18151950044066,29 Years and 3 Months,NM,74926.0,54.279192988939066,!@9#%8,378.7805513319969,2024-02-01
CUS_0x5d50,34486.08,2914.84,5,6,10,3,"Personal Loan, Payday Loan, and Debt Consolidation Loan",14,4,3.39,3.0,Good,1423.18,25.33592419551724,21 Years and 9 Months,No,67.97279467057083,220.771394755422,!@9#%8,352.7288017857064,2023-06-01
CUS_0x5d5c,43995.95,3432.3291666666664,4,3,11,0,,7,9,0.83,5.0,Good,1233.56,38.91022268521484,27 Years and 11 Months,No,0.0,150.49792743599025,Low_spent_Large_value_payments,462.7349892306763,2023-03-01
CUS_0x5d6d,126514.72,10341.893333333332,8,7,5,3,"Credit-Builder Loan, Home Equity Loan, and Auto Loan",16,18,10.64,2.0,Standard,470.42,27.04856407921041,29 Years and 8 Months,No,312.0328531827235,416.26971069738096,Low_spent_Small_value_payments,595.8867694532289,2023-12-01
CUS_0x5d77,66886.28,5496.245969540928,6,9,17,4,"Credit-Builder Loan, Payday Loan, Payday Loan, and Payday Loan",56,22,14.43,11.0,Bad,2661.64,37.338407590886135,16 Years and 8 Months,Yes,436.6439567871569,234.2489444127004,Low_spent_Medium_value_payments,409.103462592548,2023-05-01
CUS_0x5d7c,37921.22,2987.101666666667,0,7,4,3,"Debt Consolidation Loan, Payday Loan, and Personal Loan",6,4,6.92,5.0,Good,1077.93,24.147442796377856,30 Years and 10 Months,NM,56.658478577669975,217.23330773082176,Low_spent_Large_value_payments,294.81838035817503,2023-02-01
CUS_0x5d95,71034.88,5743.573333333334,7,7,26,9,"Debt Consolidation Loan, Credit-Builder Loan, Personal Loan, Home Equity Loan, Auto Loan, Credit-Builder Loan, Personal Loan, Payday Loan, and Payday Loan",28,23,4.82,8.0,Bad,2717.6,26.427082490594465,10 Years and 0 Months,Yes,335.7367503188206,265.8101188120686,Low_spent_Large_value_payments,242.81046420244417,2024-07-01
CUS_0x5da7,40363.74,3147.645,7,5,5,4,"Personal Loan, Debt Consolidation Loan, Student Loan, and Debt Consolidation Loan",7,16,1.14,3.0,_,1141.15,40.1943333227654,20 Years and 6 Months,No,111.58191590441592,26.68778842175148,!@9#%8,416.49479567383264,2025-01-01
CUS_0x5db0,37963.16,3431.596666666667,8,7,16,9,"Home Equity Loan, Home Equity Loan, Student Loan, Payday Loan, Not Specified, Student Loan, Mortgage Loan, Student Loan, and Not Specified",28,19,9.58,9.0,Bad,3739.9,26.871214471490102,12 Years and 6 Months,Yes,192.0858415822396,137.79116663314994,!@9#%8,293.2826584512772,2023-11-01
CUS_0x5db9,24858.67,1977.555833333333,8,6,11,2,"Mortgage Loan, and Mortgage Loan",26,16,2.99,4.0,Good,585.59,28.39671450066681,15 Years and 9 Months,No,35.193365013694184,109.8598511744898,Low_spent_Small_value_payments,342.7023671451493,2024-02-01
CUS_0x5dca,58510.3,4967.858333333334,7,4,12,0,,18,11,2.45,4.0,Standard,984.82,39.663317833696325,17 Years and 11 Months,No,0.0,97.5842572977768,High_spent_Small_value_payments,659.2015760355566,2024-02-01
CUS_0x5de2,21578.575,1499.2145833333334,1,3,4,1,Home Equity Loan,1,1,6.55,6.0,Good,881.05,34.05495639809059,29 Years and 2 Months,No,11.614217137193789,57.51967811688116,Low_spent_Small_value_payments,370.78756307925835,2023-08-01
CUS_0x5e43,8392.645,796.3870833333334,6,8,26,5,"Personal Loan, Student Loan, Credit-Builder Loan, Auto Loan, and Not Specified",23,21,1.49,11.0,Bad,2947.57,25.348679217569213,13 Years and 10 Months,Yes,22.019982136867537,87.353351154752,Low_spent_Small_value_payments,260.2653750417138,2024-01-01
CUS_0x5e52,27983.07,2497.9225,4,7,2,2,"Credit-Builder Loan, and Mortgage Loan",6,15,-1.6399999999999997,2.0,Standard,1015.21,29.799497024350053,22 Years and 3 Months,No,44.401790120451686,171.64976021079198,High_spent_Small_value_payments,293.74069966875635,2023-04-01
CUS_0x5ee1,11892.72,976.06,1645,4,5,1_,Home Equity Loan,30,17,15.73,11.0,Standard,736.01,28.588575307845105,32 Years and 0 Months,Yes,56630.0,81.77369241015788,Low_spent_Large_value_payments,278.32112530189016,2023-05-01
CUS_0x5ef3,27559.56,2253.63,6,7,3,3,"Auto Loan, Payday Loan, and Not Specified",7,18,11.69,2.0,Good,160.02,25.28385859174909,27 Years and 0 Months,No,41.16753610055615,16.63503059496207,High_spent_Large_value_payments,407.5604333044818,2023-04-01
CUS_0x5f15,7617.915,626.82625,8,6,16,9,"Not Specified, Debt Consolidation Loan, Auto Loan, Personal Loan, Auto Loan, Personal Loan, Home Equity Loan, Payday Loan, and Credit-Builder Loan",50,19,15.47,14.0,_,3257.62,35.612286489215265,9 Years and 5 Months,Yes,52.469989240305566,74.58069018023664,Low_spent_Small_value_payments,225.6319455794578,2024-04-01
CUS_0x5f3f,18192.4,1473.0333333333335,9,7,29,7,"Mortgage Loan, Home Equity Loan, Credit-Builder Loan, Mortgage Loan, Debt Consolidation Loan, Debt Consolidation Loan, and Personal Loan",32,22,-0.7400000000000002,11.0,_,2557.77,37.39551802571141,20 Years and 1 Months,Yes,94.4966945493272,120.73526985978266,Low_spent_Large_value_payments,202.07136892422352,2024-01-01
CUS_0x5f49,16509.01,1412.750833333333,7,7,23,8,"Mortgage Loan, Student Loan, Payday Loan, Payday Loan, Credit-Builder Loan, Auto Loan, Mortgage Loan, and Auto Loan",19,25,8.24,9.0,Bad,1591.92,23.79940453415379,16 Years and 8 Months,Yes,76.1798667536667,59.532608987833,!@9#%8,285.5626075918336,2025-01-01
CUS_0x5f6e,10358.88,921.9691511600636,7,7,18,6,"Payday Loan, Personal Loan, Debt Consolidation Loan, Debt Consolidation Loan, Debt Consolidation Loan, and Credit-Builder Loan",45,20,5.0299999999999985,13.0,_,2501.08,31.881623690122204,11 Years and 6 Months,Yes,126.1435246149889,72.05054309455099,Low_spent_Large_value_payments,266.6007811303965,2024-06-01
CUS_0x5fca,35171.34,2865.945,1,3,3,0,,14,7,0.75,0.0,Good,754.93,41.1781542246765,31 Years and 2 Months,No,0.0,105.7341045384012,High_spent_Small_value_payments,440.86039546159884,2023-11-01
CUS_0x5fcd,83477.58,6718.465,4,7,12,1,Personal Loan,4,12_,1.64,6.0,_,715.49,34.510715013765825,18 Years and 11 Months,No,42.14395491429588,146.62811422766288,High_spent_Small_value_payments,743.0744308580414,2023-11-01
CUS_0x5fd6,17902.54,1669.878333333333,3,6,1,0,,13,1,8.87,5.0,_,1289.22,23.557193870318088,23 Years and 7 Months,NM,0.0,57.862769278492,Low_spent_Medium_value_payments,389.1250640548414,2023-08-01
CUS_0x5ff4,28784.53,2547.710833333333,6,6,11,2,"Home Equity Loan, and Debt Consolidation Loan",24,11,10.77,2.0,_,664.2,38.40003971304765,28 Years and 11 Months,No,34.16328922873817,79.54268163236353,High_spent_Medium_value_payments,391.06511247223165,2023-03-01
CUS_0x603b,86878.4,7336.866666666666,3,4,15,4,"Student Loan, Student Loan, Payday Loan, and Home Equity Loan",30,19,10.25,6.0,Standard,156.11,30.645022977319982,20 Years and 8 Months,No,210.5760446739685,250.13217901883598,High_spent_Small_value_payments,532.9784429738621,2024-08-01
CUS_0x6044,19147.2,1692.6,3,5,5,0_,,6,19,9.0,0.0,Standard,1347.02,30.228319700065423,27 Years and 5 Months,Yes,75639.0,119.85574340247256,Low_spent_Small_value_payments,339.4042565975275,2023-03-01
CUS_0x6054,19296.24,1669.0200000000002,2,7,2,2,"Mortgage Loan, and Payday Loan",9,4,8.76,8.0,Good,826.02,24.56533536732273,20 Years and 2 Months,No,25.32904329733268,51.36859532763872,Low_spent_Medium_value_payments,370.2043613750286,2023-07-01
CUS_0x60af,21873.68,2051.8066666666664,4,1262,3,4,"Home Equity Loan, Auto Loan, Mortgage Loan, and Personal Loan",7,9,6.65,5.0,Good,303.42,39.055136486909966,17 Years and 8 Months,No,54.34360940857809,89.88526862084942,Low_spent_Small_value_payments,350.95178863723913,2023-11-01
CUS_0x60c2,9846.715,547.5595833333333,7,5,6,6,"Not Specified, Mortgage Loan, Debt Consolidation Loan, Mortgage Loan, Personal Loan, and Mortgage Loan",9,15,10.3,5.0,Standard,1723.89,32.51099075333219,17 Years and 8 Months,Yes,38.58543335707317,21.757702198098546,High_spent_Small_value_payments,254.41282277816163,2023-03-01
CUS_0x60c5,36238.86,3095.905,8,7,11,3,"Not Specified, Mortgage Loan, and Student Loan",15,15,7.18,9.0,_,1166.64,32.8012573794865,22 Years and 11 Months,No,60.77391435762571,__10000__,Low_spent_Small_value_payments,206.6277139907574,2024-09-01
CUS_0x6144,7091.66,835.9716666666667,10,7,15,2,"Credit-Builder Loan, and Student Loan",22,25,4.23,12.0,Bad,1706.05,35.29059509827715,19 Years and 10 Months,Yes,11.632689662306769,26.13088785164386,High_spent_Small_value_payments,305.83358915271606,2024-06-01
CUS_0x6148,7295.715,444.9762500000001,3,5,34,1181,"Auto Loan, Student Loan, Student Loan, Not Specified, Not Specified, Personal Loan, and Personal Loan",12,14,10.0,9.0,Standard,1349.1,23.901353632660488,10 Years and 9 Months,Yes,21.292896101774303,29.211293618931155,Low_spent_Small_value_payments,283.9934352792945,2023-07-01
CUS_0x6159,133670.48,11076.206666666669,3,3,20,4,"Student Loan, Not Specified, Student Loan, and Debt Consolidation Loan",13,9,18.11,7.0,Standard,1160.13,31.12743500800884,16 Years and 10 Months,Yes,263.5778484406841,790.8609837458345,Low_spent_Medium_value_payments,333.1818344801481,2023-04-01
CUS_0x615a,40591.74,3156.645,5,5,16,-100,"Student Loan, Not Specified, Mortgage Loan, and Credit-Builder Loan",22,10,12.36,4.0,_,278.43,32.55061929417711,19 Years and 5 Months,Yes,93.03689328963988,65.92273162688612,High_spent_Small_value_payments,416.70487508347406,2024-06-01
CUS_0x61a6,77476.68000000001,6235.39,4,1269,10,3,"Personal Loan, Credit-Builder Loan, and Not Specified",21,10,11.19,2.0,Standard,801.87,40.45087735294248,31 Years and 5 Months,No,112.63825635213324,561.8333460374897,Low_spent_Medium_value_payments,229.06739761037718,2023-02-01
CUS_0x61e4,14013.165,900.76375,2,3,4,4,"Personal Loan, Home Equity Loan, Debt Consolidation Loan, and Personal Loan",0,5,10.36,6.0,Good,1404.11,27.82827642244693,20 Years and 5 Months,No,38.42009021794846,46.011933958042185,Low_spent_Small_value_payments,295.64435082400934,2023-06-01
CUS_0x61fd,7622.665,848.2220833333333,8,6,24,5,"Credit-Builder Loan, Payday Loan, Payday Loan, Not Specified, and Debt Consolidation Loan",31,23,6.17,9.0,Bad,2140.48,27.39895801016144,14 Years and 4 Months,Yes,31.66156841839921,57.247558444096654,High_spent_Small_value_payments,255.91308147083748,2024-09-01
CUS_0x62c8,16310.21,1565.184166666667,6,6,29,7,"Not Specified, Student Loan, Personal Loan, Not Specified, Home Equity Loan, Auto Loan, and Not Specified",38,11,19.08,1545.0,Standard,1306.23,36.56610401438424,15 Years and 9 Months,Yes,85.51402870298976,122.98647923388786,Low_spent_Small_value_payments,238.01790872978904,2023-03-01
CUS_0x6312,31780.12,2473.343333333333,10,6,24,-100,"Auto Loan, Credit-Builder Loan, Student Loan, and Auto Loan",59,19,6.9,10.0,Bad,1963.21,24.733009561111377,9 Years and 0 Months,Yes,71.60048004190052,170.50330506209798,High_spent_Small_value_payments,265.2305482293349,2024-11-01
CUS_0x632e,21733.845,1320.7080096131806,4,2,6,3,"Payday Loan, Debt Consolidation Loan, and Debt Consolidation Loan",7,5,8.690000000000001,6.0,Good,47.23,28.29386245314249,23 Years and 8 Months,No,256.61387174425874,89.71094343533436,Low_spent_Small_value_payments,339.8741775518437,2024-11-01
CUS_0x632f,40835.65,3173.9708333333333,5,2,1,0,,10,11,6.42,3.0,_,1395.47,37.568059687047786,29 Years and 11 Months,No,0.0,58.111056894511776,High_spent_Small_value_payments,519.2860264388216,2023-02-01
CUS_0x636d,19415.89,1792.990833333333,4,4,27,3,"Not Specified, Not Specified, and Payday Loan",23,18,10.87,14.0,Standard,2493.12,37.53532553691009,16 Years and 1 Months,Yes,41.7703991497989,45.8955786702012,High_spent_Medium_value_payments,341.63310551333325,2023-01-01
CUS_0x637b,15115.04,1274.5866666666668,7,7,24,2,"Auto Loan, and Personal Loan",53,16,18.14,14.0,_,2154.52,33.238471005525724,18 Years and 8 Months,Yes,20.63883931215932,45.11211010446394,High_spent_Small_value_payments,321.70771725004334,2023-03-01
CUS_0x63ac,28699.48_,2434.623333333333,4,7,19,2,"Home Equity Loan, and Home Equity Loan",6,20,17.86,8.0,Standard,813.45,24.00614899001561,8 Years and 0 Months,Yes,37.19278655710208,42.45473244699235,High_spent_Small_value_payments,423.8148143292389,2023-02-01
CUS_0x640e,34107.42,3000.285,8,5,17,2,"Mortgage Loan, and Home Equity Loan",15,15,_,7.0,Standard,884.77,25.55286878892348,17 Years and 2 Months,Yes,44.53855484382924,48.53566846279247,Low_spent_Small_value_payments,321.2613710584528,2024-05-01
CUS_0x6423,68309.04,5422.231059336125,10,7,18,5,"Payday Loan, Not Specified, Mortgage Loan, Home Equity Loan, and Auto Loan",48,22,17.11,14.0,Bad,4249.96,36.31666214086557,12 Years and 2 Months,Yes,782.0998390094411,__10000__,High_spent_Medium_value_payments,334.98810019014235,2024-10-01
CUS_0x6427,8630.4,431.19999999999993,8,10,30,6,"Credit-Builder Loan, Credit-Builder Loan, Student Loan, Auto Loan, Payday Loan, and Payday Loan",51,17,27.34,6.0,Bad,2530.35,26.81350278514705,8 Years and 8 Months,Yes,27.07617403153542,34.16878750721447,Low_spent_Small_value_payments,271.8750384612501,2023-09-01
CUS_0x6435,134321.44,9997.59251367481,3,5,12,4,"Student Loan, Student Loan, Debt Consolidation Loan, and Mortgage Loan",29,20,11.09,3.0,Standard,1428.68,35.523325782962,33 Years and 3 Months,NM,1320.5490633616223,209.5174827021613,High_spent_Medium_value_payments,893.2396069280729,2023-03-01
CUS_0x645e,66252.0,5261.0,8,10,23,7,"Mortgage Loan, Personal Loan, Credit-Builder Loan, Personal Loan, Mortgage Loan, Home Equity Loan, and Home Equity Loan",26,20_,7.0,7.0,Bad,2451.98,35.97117401713857,11 Years and 10 Months,Yes,303.02693648948434,306.9930328972638,Low_spent_Large_value_payments,186.08003061325192,2023-03-01
CUS_0x645f,20415.52,1728.293333333333,7,6,27,5,"Payday Loan, Home Equity Loan, Student Loan, Personal Loan, and Not Specified",61,14,7.42,9.0,Standard,2590.01,33.870786477281605,12 Years and 8 Months,Yes,74.2724150474626,123.59609338473848,Low_spent_Large_value_payments,244.96082490113227,2023-08-01
CUS_0x64d4,14730.78,1507.565,5,2,10,0_,,18,16,5.76,7.0,Good,655.01,39.595918377102144,18 Years and 0 Months,No,0.0,173.46971271827184,Low_spent_Small_value_payments,267.28678728172815,2023-09-01
CUS_0x64e7,141733.08,11570.089999999998,5,5,20,6,"Debt Consolidation Loan, Not Specified, Debt Consolidation Loan, Home Equity Loan, Not Specified, and Auto Loan",9,20,10.15,8.0,_,291.88,37.01407461825834,20 Years and 0 Months,Yes,495.8394914005346,182.34764793529285,High_spent_Medium_value_payments,728.8218606641724,2024-04-01
CUS_0x6504,77019.08,6138.256666666667,3,6,10,-100,"Not Specified, Not Specified, and Not Specified",2,6,9.42,4.0,Good,1316.96,29.876462078875804,26 Years and 5 Months,No,168.60958493568816,150.2974272675257,High_spent_Large_value_payments,534.9186544634529,2025-01-01
CUS_0x6569,121698.48,9892.54,3,3,20,6,"Personal Loan, Auto Loan, Auto Loan, Mortgage Loan, Home Equity Loan, and Not Specified",13,13,10.67,9.0,Standard,1203.86,30.38334230519825,8 Years and 2 Months,Yes,559.5169090566362,116.36958201396006,High_spent_Large_value_payments,553.3675089294036,2023-09-01
CUS_0x6575,128754.04,10568.503333333332,3,4,6,4,"Debt Consolidation Loan, Debt Consolidation Loan, Home Equity Loan, and Auto Loan",16,9,4.5,9.0,Good,20.88,34.65427906716532,28 Years and 10 Months,No,342.0384503884663,281.51832207342017,High_spent_Medium_value_payments,683.2935608714467,2024-06-01
CUS_0x65aa,16826.495,1555.2079166666665,5,7,20,-100,"Payday Loan, Home Equity Loan, Student Loan, and Credit-Builder Loan",26,18,7.119999999999999,8.0,Standard,464.4,38.28660990684732,14 Years and 4 Months,Yes,39.67181440373015,83.99733337071838,Low_spent_Small_value_payments,321.85164389221814,2023-02-01
CUS_0x65dc,15725.7,1165.475,6,9,30,4,"Home Equity Loan, Personal Loan, Payday Loan, and Personal Loan",48,8,15.54,7.0,Standard,1452.16,35.797535150554644,18 Years and 5 Months,Yes,38.84287530684608,112.06647704479491,Low_spent_Medium_value_payments,245.63814764835902,2024-09-01
CUS_0x661d,52454.79,4130.2325,8,6,24,7,"Credit-Builder Loan, Home Equity Loan, Debt Consolidation Loan, Payday Loan, Not Specified, Debt Consolidation Loan, and Student Loan",25,25,-5.23,11.0,Bad,2429.89,36.367650873618,8 Years and 6 Months,Yes,273.56064730844287,459.974139052073,Low_spent_Small_value_payments,119.71750059272837,2023-07-01
CUS_0x6623,38480.95,2912.745833333333,5,3,2,0,,11,3,6.81,4.0,Good,1208.71,30.08998617125973,20 Years and 10 Months,No,0.0,203.6752511164383,Low_spent_Small_value_payments,377.599332216895,2024-09-01
CUS_0x6630,61607.34,5192.945,9,9,28,7,"Personal Loan, Not Specified, Mortgage Loan, Student Loan, Not Specified, Not Specified, and Auto Loan",46,23,20.67,11.0,Bad,3146.2,33.88122387815963,9 Years and 9 Months,NM,330.1506947054402,146.5968116610416,High_spent_Medium_value_payments,292.54699363351824,2024-02-01
CUS_0x66a1,18625.74,1601.1450000000002,9,7,15,8,"Personal Loan, Home Equity Loan, Home Equity Loan, Debt Consolidation Loan, Home Equity Loan, Payday Loan, Home Equity Loan, and Personal Loan",38,22,6.59,11.0,Bad,3858.98,33.29812868693664,14 Years and 3 Months,Yes,93.08625730989256,90.05671076263637,High_spent_Small_value_payments,236.97153192747103,2023-12-01
CUS_0x66c3,36693.66,3144.8050000000007,6,6,19,9,"Debt Consolidation Loan, Debt Consolidation Loan, Student Loan, Auto Loan, Mortgage Loan, Payday Loan, Auto Loan, Payday Loan, and Student Loan",58,22,28.74,9.0,Bad,2971.17,35.76365144981883,10 Years and 9 Months,Yes,189.9826851874652,130.2803585608615,High_spent_Small_value_payments,254.21745625167333,2024-07-01
CUS_0x6736,39593.77,3308.480833333333,2,1,5,4,"Auto Loan, Auto Loan, Payday Loan, and Credit-Builder Loan",8,9,10.27,8.0,Good,1460.41,31.77866219579653,28 Years and 11 Months,NM,78.73686094293899,369.28162687780195,Low_spent_Small_value_payments,172.8295955125923,2023-03-01
CUS_0x67cb,14433.725,1389.810416666667,3,3,6,3,"Debt Consolidation Loan, Student Loan, and Auto Loan",27,16,12.76,8.0,Standard,33.79,29.25591061324566,33 Years and 6 Months,Yes,29.708979312256297,67.09725238728164,Low_spent_Small_value_payments,332.17480996712874,2023-02-01
CUS_0x67eb,14709.335,1510.777916666667,1,5,8,0,,12,6,_,4.0,Good,555.74,33.29748333825886,30 Years and 8 Months,No,0.0,107.1566145646772,Low_spent_Small_value_payments,333.92117710198954,2023-06-01
CUS_0x67f9,34433.18,2671.431666666667,5,4,19,2,"Personal Loan, and Debt Consolidation Loan",9,8,10.989999999999998,14.0,Standard,1683.88,25.86752151985016,19 Years and 10 Months,Yes,36.28557407926965,345.2352189027216,Low_spent_Small_value_payments,175.6223736846754,2023-03-01
CUS_0x6894,14388.68,1015.0566666666666,6,8,25,-100,"Not Specified, Home Equity Loan, Payday Loan, Payday Loan, Credit-Builder Loan, Mortgage Loan, Home Equity Loan, and Auto Loan",19,24,15.78,17.0,Bad,3852.21,26.29461171599872,1 Years and 4 Months,Yes,87.02200428157549,24.723149864726548,High_spent_Large_value_payments,229.7605125203646,2023-12-01
CUS_0x68a7,59438.88,5163.24,10,8,31,7,"Student Loan, Not Specified, Personal Loan, Payday Loan, Debt Consolidation Loan, Debt Consolidation Loan, and Debt Consolidation Loan",47,21,8.42,12.0,Bad,2376.31,25.660541822870933,6 Years and 8 Months,Yes,234.31464029482552,107.79237998587328,High_spent_Medium_value_payments,424.2169797193012,2023-11-01
CUS_0x68b5,12303.09,1243.2575,6,3,9,3,"Payday Loan, Student Loan, and Payday Loan",23,16,17.06,5.0,Standard,1328.11,31.83226480069068,18 Years and 9 Months,NM,26.763607167780485,84.04253415199075,!@9#%8,303.5196086802288,2023-06-01
CUS_0x68d1,20967.39,1932.2825,7,6,28,8_,"Credit-Builder Loan, Mortgage Loan, Mortgage Loan, Auto Loan, Payday Loan, Credit-Builder Loan, Student Loan, and Not Specified",42,21,6.77,10.0,Bad,4094.0,38.28844984400981,5 Years and 2 Months,Yes,99.51025966713917,25.853461346184663,High_spent_Medium_value_payments,317.8645289866762,2024-03-01
CUS_0x68d5,130402.88_,10187.66736378553,4,5,7,1,Auto Loan,4,6,12.81,3.0,Good,943.72,36.7251749873986,30 Years and 4 Months,No,686.9800417964929,502.2442544870173,High_spent_Small_value_payments,782.805673264298,2024-08-01
CUS_0x68df,20422.48,1442.8733333333332,5,7,5,0,,26,10,16.33,2.0,Standard,1420.58,33.42750975398471,32 Years and 8 Months,Yes,0.0,33.646331077577024,High_spent_Small_value_payments,370.6410022557563,2023-03-01
CUS_0x68f6,32187.36,2423.28,4,3,9,4,"Auto Loan, Credit-Builder Loan, Auto Loan, and Home Equity Loan",6,14,1.4,7.0,Good,366.87,28.92782502961889,27 Years and 9 Months,No,106.82193945361178,117.82289900468464,High_spent_Small_value_payments,277.6831615417036,2025-01-01
CUS_0x6960,43788.75_,3394.0625,3,7,10,1,Not Specified,7,6,4.43,4.0,Good,1427.84,25.991295318428683,29 Years and 0 Months,No,23.44304387445748,366.83473756248833,Low_spent_Small_value_payments,239.12846856305424,2024-07-01
CUS_0x698,46301.96,3680.4966666666655,8,6,1,2,"Student Loan, and Credit-Builder Loan",18,9_,1.86,5.0,Standard,1288.02,24.325964133481303,29 Years and 3 Months,No,70.97368000803823,415.08728659390886,Low_spent_Small_value_payments,171.9887000647196,2024-09-01
CUS_0x69b1,41481.82,3526.009912076317,1,3,4,3,"Credit-Builder Loan, Not Specified, and Debt Consolidation Loan",9,4,11.68,2.0,Good,650.2,32.909667898956926,20 Years and 2 Months,NM,175.42723283660786,121.41915323267145,!@9#%8,415.84386852106974,2023-06-01
CUS_0x69ea,77519.04,6184.919999999999,6,6,23,7,"Personal Loan, Student Loan, Debt Consolidation Loan, Credit-Builder Loan, Mortgage Loan, Not Specified, and Debt Consolidation Loan",31,14,16.57,6.0,Bad,3343.32,37.65279832063058,9 Years and 0 Months,Yes,360.6812788524779,500.8134477019729,Low_spent_Medium_value_payments,36.997273445549176,2024-12-01
CUS_0x6a0b,73052.94,5909.745,4,4,14,2,"Debt Consolidation Loan, and Debt Consolidation Loan",25,13,1.93,3.0,Standard,583.73,33.266728732399095,26 Years and 8 Months,Yes,64.60393728610639,292.54202672756213,Low_spent_Small_value_payments,523.8285359863314,2025-01-01
CUS_0x6a1b,30788.44,2623.703333333333,7,9,31,6,"Credit-Builder Loan, Payday Loan, Home Equity Loan, Credit-Builder Loan, Personal Loan, and Credit-Builder Loan",49,20,21.73,9.0,Bad,3470.08,38.25442229235325,1 Years and 8 Months,Yes,114.533020898938,242.53234925147845,!@9#%8,195.30496318291688,2023-04-01
CUS_0x6a66,10640.355,1115.69625,6,3,13,2,"Credit-Builder Loan, and Credit-Builder Loan",12,18,9.62,7.0,_,76.19,39.807367805390896,24 Years and 0 Months,Yes,17.31503008207037,33.75597915938709,High_spent_Medium_value_payments,310.49861575854254,2023-04-01
CUS_0x6a74,134734.16,11184.846666666665,7,7,11,2_,"Payday Loan, and Not Specified",21,13,2.11,2.0,Standard,45.12,41.52313697334932,17 Years and 9 Months,NM,153.81394769528632,249.0177099257592,!@9#%8,975.6530090456212,2023-11-01
CUS_0x6ad2,35643.6,3046.3,4,3,9,-100,"Auto Loan, Personal Loan, Auto Loan, and Personal Loan",29,19,16.48,12.0,Standard,171.98,34.83139270263001,6 Years and 4 Months,Yes,60.03954017071801,81.04821259864895,High_spent_Medium_value_payments,413.5422472306331,2023-06-01
CUS_0x6ae2,37579.75_,2891.645833333333,3,1,5,0,,12,6,7.39,2.0,_,865.97,28.801331214348373,18 Years and 4 Months,NM,0.0,35.06453340374261,High_spent_Medium_value_payments,504.10004992959085,2024-06-01
CUS_0x6aec,9290.25,478.1875,6,7,32,9,"Home Equity Loan, Home Equity Loan, Payday Loan, Mortgage Loan, Payday Loan, Home Equity Loan, Personal Loan, Credit-Builder Loan, and Not Specified",24,19,9.28,8.0,Bad,1633.87,36.61160850868327,15 Years and 0 Months,Yes,40.856737331467954,36.77306304071735,!@9#%8,260.1889496278147,2024-02-01
CUS_0x6aed,28110.86,2519.5716666666667,427,8,32,8,"Student Loan, Student Loan, Credit-Builder Loan, Student Loan, Not Specified, Payday Loan, Home Equity Loan, and Student Loan",27,20,28.51,12.0,Bad,4593.31,40.60211743865357,11 Years and 11 Months,Yes,185.65518536991573,64.12547068875419,High_spent_Medium_value_payments,252.17651060799668,2024-09-01
CUS_0x6b89,20382.97,1451.5808333333334,6,9,28,6,"Student Loan, Auto Loan, Home Equity Loan, Credit-Builder Loan, Not Specified, and Debt Consolidation Loan",38,23,15.03,11.0,_,2536.84,28.36479968353768,19 Years and 3 Months,Yes,56.85068877732368,45.03819489710219,Low_spent_Large_value_payments,313.26919965890744,2024-04-01
CUS_0x6ba3,35310.83,3058.5691666666667,5,5,5,2,"Debt Consolidation Loan, and Not Specified",28,9,9.74,1.0,_,878.11,25.601075633335924,31 Years and 3 Months,No,31.427238825172346,91.99291552178914,High_spent_Small_value_payments,442.4367623197052,2024-06-01
CUS_0x6bcf,35198.01,2864.1675,3,7,9,2,"Mortgage Loan, and Mortgage Loan",9,11,3.28,3.0,Good,863.31,33.48144549797377,33 Years and 0 Months,No,72001.0,189.9482839035436,Low_spent_Medium_value_payments,332.86164432200155,2025-01-01
CUS_0x6c4c,85953.88,7140.823333333334,3,3,16,4,"Personal Loan, Mortgage Loan, Home Equity Loan, and Mortgage Loan",23,18,15.55,9.0,Standard,649.07,27.12889687158367,29 Years and 0 Months,NM,219.24917445632212,115.21594995593568,High_spent_Large_value_payments,619.6172089210755,2023-06-01
CUS_0x6c4e,15784.29,1147.3575,5,5,9,7,"Debt Consolidation Loan, Debt Consolidation Loan, Auto Loan, Student Loan, Payday Loan, Credit-Builder Loan, and Debt Consolidation Loan",7,14,_,7.0,Standard,485.24,29.804982992627203,17 Years and 9 Months,Yes,91.89197618391913,111.50197946685806,Low_spent_Small_value_payments,201.3417943492228,2024-03-01
CUS_0x6c85,72576.04,5934.003333333332,5,3,7,4,"Credit-Builder Loan, Personal Loan, Home Equity Loan, and Home Equity Loan",5,14,2.27,1.0,Good,478.74,39.252682328231984,25 Years and 0 Months,No,197.00993175170268,137.85586404285525,High_spent_Medium_value_payments,508.5345375387754,2023-06-01
CUS_0x6e64,41176.49_,3427.374166666666,0,4,11,2,"Personal Loan, and Credit-Builder Loan",4,4,2.5,5.0,Good,46.05,32.47725798430919,21 Years and 4 Months,No,52.52158963126021,142.32800769989484,High_spent_Medium_value_payments,397.8878193355116,2024-04-01
CUS_0x6e7,95745.88,7799.823333333334,7,6,18,3,"Payday Loan, Payday Loan, and Student Loan",15,13,10.17,8.0,_,738.41,35.024227138910014,21 Years and 5 Months,Yes,142.28077091909554,497.30871765610664,Low_spent_Large_value_payments,410.39284475813133,2024-05-01
CUS_0x6e8,76040.81999999999,6323.735,7,4,8,4,"Student Loan, Personal Loan, Personal Loan, and Payday Loan",24,15,9.23,3.0,Standard,982.4,37.78990835070096,17 Years and 6 Months,Yes,223.69410704142024,__10000__,Low_spent_Medium_value_payments,353.08029876820524,2023-03-01
CUS_0x6ed7,44915.91,3138.63093911549,3,6,20,3_,"Auto Loan, Auto Loan, and Personal Loan",13,10,17.53,7.0,Standard,1754.88,27.17414417447466,15 Years and 2 Months,NM,537.0395603274477,80.23255569908041,High_spent_Large_value_payments,449.5886948579818,2024-12-01
CUS_0x6edb,46243.56,4083.63,4,5,13,0,,5,88,15.79,11.0,Standard,1455.34,24.740042937383908,30 Years and 0 Months,Yes,0.0,76.73903747225522,High_spent_Medium_value_payments,581.6239625277448,2024-02-01
CUS_0x6f09,9026.645,599.2204166666667,8,8,17,6,"Personal Loan, Auto Loan, Not Specified, Debt Consolidation Loan, Personal Loan, and Student Loan",23,15,8.22,9.0,Bad,2018.44,27.03719060528552,12 Years and 11 Months,NM,31.38186538858564,52.95933522498479,Low_spent_Small_value_payments,265.58084105309626,2023-03-01
CUS_0x6f71,65076.0,5160.0,3,5,4,4,"Payday Loan, Debt Consolidation Loan, Debt Consolidation Loan, and Credit-Builder Loan",9,12,_,4.0,Good,451.78,33.70537752356509,22 Years and 10 Months,NM,216.28942161757053,__10000__,Low_spent_Medium_value_payments,408.6566784459858,2024-10-01
CUS_0x6f78,75490.22,6502.8516666666665,1,2,2,1,Debt Consolidation Loan,11,7,2.02,6.0,_,233.03,32.4382407623551,33 Years and 4 Months,No,42.19111810979919,390.6545319287856,Low_spent_Medium_value_payments,497.4395166280819,2023-07-01
CUS_0x703f,65778.22_,5561.5183333333325,5,3,11,4,"Mortgage Loan, Personal Loan, Payday Loan, and Credit-Builder Loan",26,18,11.6,6.0,Standard,705.44,31.106051302332865,16 Years and 10 Months,No,172.53053327914932,90.12282122326977,High_spent_Medium_value_payments,543.4984788309143,2023-01-01
CUS_0x70d6,49400.52,4055.71,9,7,31,6,"Student Loan, Credit-Builder Loan, Auto Loan, Credit-Builder Loan, Mortgage Loan, and Not Specified",33,24,18.24,10.0,Bad,2665.45,29.9117806041004,7 Years and 4 Months,Yes,230.287844059992,247.1876321825833,High_spent_Small_value_payments,188.09552375742476,2023-06-01
CUS_0x7110,87932.96,7206.746666666668,4,3,4,2,"Home Equity Loan, and Not Specified",13,13,_,3.0,Good,649.7,27.4614498160174,21 Years and 11 Months,No,117.41528169068609,66.28485792618429,High_spent_Large_value_payments,776.9745270497964,2024-09-01
CUS_0x717d,33940.0,2883.333333333333,3,5,3,2,"Student Loan, and Student Loan",10,2,10.82,0.0,Good,947.25,34.4726857729065,27 Years and 4 Months,No,56.5027896079768,207.23772068121602,Low_spent_Large_value_payments,294.59282304414063,2024-09-01
CUS_0x7189,62096.31,5151.6925,3,7,17,4,"Debt Consolidation Loan, Auto Loan, Debt Consolidation Loan, and Not Specified",28,15,9.58,4.0,_,2364.63,24.595710254708127,10 Years and 8 Months,NM,132.17491327320653,485.5201565940145,!@9#%8,187.474180132779,2024-10-01
CUS_0x7198,30912.38,2613.0316666666668,3,1,7,1,Payday Loan,0,2,10.49,0.0,_,912.63,32.27822073102016,21 Years and 10 Months,No,14.28583455387484,__10000__,High_spent_Medium_value_payments,398.88388648632014,2023-07-01
CUS_0x71e0,15398.95,1548.2458333333334,1,7,5,4,"Student Loan, Mortgage Loan, Not Specified, and Not Specified",1,1,8.41,8.0,Good,343.84_,28.13568775694777,28 Years and 10 Months,No,34.81396985624466,95.38656229488777,Low_spent_Large_value_payments,294.6240511822009,2023-09-01
CUS_0x7210,13231.53,1379.6275,5,5,12,5,"Home Equity Loan, Home Equity Loan, Credit-Builder Loan, Student Loan, and Mortgage Loan",30,13,23.46,8.0,_,292.4,33.93389426064482,18 Years and 10 Months,NM,36.263507894252726,59.075153689230916,Low_spent_Small_value_payments,332.6240884165164,2024-11-01
CUS_0x7250,85328.73,6858.7275,528,4,11,1,Student Loan,17,834,1.83,2.0,_,585.05,22.56544762239665,32 Years and 2 Months,No,68.4589661120162,610.8695367356431,Low_spent_Medium_value_payments,286.54424715234063,2024-06-01
CUS_0x7258,58982.64,4685.22,8,9,29,5,"Credit-Builder Loan, Debt Consolidation Loan, Personal Loan, Credit-Builder Loan, and Credit-Builder Loan",37,24,9.76,16.0,Bad,2471.86,28.95261162609236,6 Years and 6 Months,NM,222.1754760763804,232.77475558568844,High_spent_Small_value_payments,273.5717683379312,2024-01-01
CUS_0x72c0,116522.68,8986.315953451429,3,4,16,6,"Home Equity Loan, Mortgage Loan, Payday Loan, Student Loan, Not Specified, and Mortgage Loan",26,7,16.74,11.0,_,272.6,26.254382113361164,5 Years and 11 Months,Yes,1042.6742094601684,571.6997364369594,Low_spent_Medium_value_payments,293.4557673181089,2024-07-01
CUS_0x7327,32128.47,2386.3725,3,4,11,4,"Credit-Builder Loan, Auto Loan, Personal Loan, and Payday Loan",14,16,3.13,4.0,Good,1178.78,26.031144291702127,17 Years and 0 Months,NM,93.41266530777204,107.00345682807034,Low_spent_Medium_value_payments,318.22112786415767,2025-01-01
CUS_0x7341,16633.78,1613.148333333333,5,3,10,3,"Auto Loan, Debt Consolidation Loan, and Debt Consolidation Loan",9,3,7.199999999999998,4.0,Good,110.89,29.360670835911023,21 Years and 8 Months,No,40.15058774350474,90.90420795084879,Low_spent_Large_value_payments,300.2600376389798,2024-12-01
CUS_0x7354,24749.2,2142.433333333333,4,4,19,1,Not Specified,29,10,2.41,9.0,Standard,1188.44,36.82838747877981,33 Years and 6 Months,No,12.428471844917375,143.15446401947256,Low_spent_Small_value_payments,348.6603974689434,2023-05-01
CUS_0x7373,44689.77,3741.1475000000014,6,6,20,7_,"Debt Consolidation Loan, Student Loan, Home Equity Loan, Payday Loan, Payday Loan, Debt Consolidation Loan, and Student Loan",8,12,8.31,7.0,_,2319.8,26.858881114702022,14 Years and 0 Months,Yes,202.06108052742184,502.8256545066619,Low_spent_Small_value_payments,331.5336508743053,2023-01-01
CUS_0x73a5,50291.22_,3999.935,7,9,22,4,"Not Specified, Not Specified, Auto Loan, and Payday Loan",60,15,18.06,9.0,Bad,1696.44,37.17837203942887,9 Years and 4 Months,Yes,139.65375162525515,120.4678334601584,High_spent_Small_value_payments,399.8719149145865,2024-01-01
CUS_0x73b1,34150.84,2946.903333333333,10,10,29,4,"Personal Loan, Payday Loan, Credit-Builder Loan, and Credit-Builder Loan",46,18,8.93,12.0,Bad,2089.71,24.58535053498145,9 Years and 9 Months,Yes,67.97113360789109,125.53157712995554,High_spent_Small_value_payments,361.1876225954867,2024-02-01
CUS_0x73e6,25290.87,1868.5725,3,5,17,3,"Student Loan, Mortgage Loan, and Student Loan",8,12,17.1,5.0,_,340.65,36.36631888767123,21 Years and 10 Months,Yes,59.86693431956216,123.37260799755627,High_spent_Small_value_payments,263.6177076828816,2023-03-01
CUS_0x7430,16380.17,1441.0141666666666,4,5,8,0,,29,9,13.58,2.0,Standard,996.18,28.97209697592132,19 Years and 9 Months,No,0.0,133.96838107013042,Low_spent_Small_value_payments,300.13303559653633,2023-02-01
CUS_0x74e5,84120.45000000001,7031.037500000001,2,7,8,-100,"Payday Loan, Not Specified, and Student Loan",4,1,4.91,5.0,Good,1317.56,39.32428018003918,19 Years and 6 Months,No,136.27775632878337,276.0120854249784,Low_spent_Small_value_payments,580.8139082462384,2024-04-01
CUS_0x753,29416.29,2151.3575,4,5,5,4,"Home Equity Loan, Debt Consolidation Loan, Not Specified, and Home Equity Loan",9,6,0.97,2.0,Good,905.18,33.07414845692131,24 Years and 10 Months,No,93.32743827639888,184.6156064799109,Low_spent_Small_value_payments,227.1927052436902,2024-05-01
CUS_0x756d,91404.54,7912.045000000001,7,7,888,4,"Debt Consolidation Loan, Personal Loan, Credit-Builder Loan, and Credit-Builder Loan",32,12,_,0.0,Standard,66.93,32.17294197785272,15 Years and 11 Months,Yes,282.26040679454263,675.8787694972601,Low_spent_Small_value_payments,123.06532370819748,2023-02-01
CUS_0x757d,17135.33,1409.944166666667,6,8,19,6,"Student Loan, Credit-Builder Loan, Credit-Builder Loan, Mortgage Loan, Home Equity Loan, and Personal Loan",28,15,21.61,10.0,Bad,4933.09,28.37052903178505,14 Years and 4 Months,Yes,57.47630699017456,38.08526605617516,High_spent_Medium_value_payments,295.432843620317,2024-06-01
CUS_0x758f,64355.72,5471.9766666666665,5,5,15,2,"Debt Consolidation Loan, and Home Equity Loan",5,15,12.72,6.0,Standard,1979.39,34.826999497221735,15 Years and 5 Months,Yes,82.55655086923909,511.99588212484434,Low_spent_Small_value_payments,242.6452336725832,2023-12-01
CUS_0x7623,16518.68,1559.5566666666666,4,6,14,-100,"Not Specified, Student Loan, Auto Loan, and Payday Loan",10,6,5.17,0.0,Standard,1277.8,33.74515608542913,31 Years and 9 Months,Yes,51.73970546170983,66.83964203003009,Low_spent_Small_value_payments,327.37631917492666,2023-11-01
CUS_0x7659,20817.395,1773.7829166666668,5,5,4,3,"Auto Loan, Payday Loan, and Credit-Builder Loan",3,11,11.17,5.0,Good,1034.51,31.276286762271933,19 Years and 6 Months,No,51.26156690031435,74.47168060557921,Low_spent_Large_value_payments,321.6450441607731,2023-02-01
CUS_0x7666,113284.84,9516.403333333334,5,4,7,3,"Debt Consolidation Loan, Home Equity Loan, and Payday Loan",5,16,18.59,2.0,Standard,920.25,28.216687653829982,16 Years and 11 Months,Yes,257.61661602194994,511.2635652711022,Low_spent_Large_value_payments,452.76015204028135,2024-11-01
CUS_0x7671,16942.39,1511.865833333333,7,4,20,4,"Mortgage Loan, Personal Loan, Mortgage Loan, and Student Loan",17,9,_,11.0,Standard,78.27,33.047770828045714,26 Years and 5 Months,Yes,46.11596979131426,56.10816125896388,!@9#%8,298.9624522830552,2023-12-01
CUS_0x7694,9299.05,1033.9208333333331,9,6,20,2,"Credit-Builder Loan, and Home Equity Loan",53,24,7.81,15.0,_,2298.76,33.172399663257224,11 Years and 8 Months,Yes,14.651261225557942,55.63407965011685,Low_spent_Medium_value_payments,274.4852284428362,2023-09-01
CUS_0x7699,157299.48,13009.29,3,6,8,0,,11,3,1.01,2.0,Good,651.07,46.10143311521218,33 Years and 4 Months,No,0.0,409.06315972989023,High_spent_Medium_value_payments,1141.86584027011,2023-10-01
CUS_0x76d4,36591.25,3115.270833333333,7,5,5,4_,"Home Equity Loan, Debt Consolidation Loan, Credit-Builder Loan, and Auto Loan",17,10,7.12,5.0,Standard,575.21,40.072518427000745,33 Years and 5 Months,No,67.41331375213596,131.20191153534572,High_spent_Small_value_payments,372.91185804585166,2023-06-01
CUS_0x7711,72814.86,6035.905,2,5,4,0,,11,4,2.43,4.0,Good,557.78,34.172127149772145,26 Years and 6 Months,No,0.0,258.2057343620066,Low_spent_Large_value_payments,615.3847656379935,2024-03-01
CUS_0x7738,15154025.0,2632.08,0,5,10,3_,"Home Equity Loan, Home Equity Loan, and Home Equity Loan",3,7,6.19,4.0,Good,344.4,37.08569552497279,27 Years and 10 Months,No,74.63775566449694,142.49170793794485,Low_spent_Small_value_payments,336.07853639755825,2024-09-01
CUS_0x77de,24376.73,1926.394166666667,7,4,9,1,Mortgage Loan,24,8,8.9,6.0,Standard,1125.3,33.347303503322806,16 Years and 10 Months,Yes,18.30518956975858,134.42139066405423,Low_spent_Large_value_payments,309.9128364328538,2023-04-01
CUS_0x78a7,11777816.0,11636.443333333336,5,7,11,0,,30,8,11.35,3.0,_,990.03,33.69150790363387,22 Years and 2 Months,Yes,0.0,812.2245370135463,Low_spent_Small_value_payments,641.4197963197872,2023-01-01
CUS_0x78ce,54904.1_,4839.341666666666,7,7,7,2,"Mortgage Loan, and Credit-Builder Loan",8,15,2.81,2.0,Good,737.62,28.74588235873853,23 Years and 10 Months,No,79381.0,507.45411250182093,Low_spent_Small_value_payments,204.28474737382217,2024-03-01
CUS_0x78e8,80485.76,6463.1466666666665,0,7,8,0,,5,6,4.13,3.0,Good,1301.95,33.32343853704951,23 Years and 10 Months,No,0.0,191.442860747602,High_spent_Medium_value_payments,704.8718059190646,2023-12-01
CUS_0x7955,42250.77,3363.8975,0,4,3,0,,9,1,9.69,0.0,Good,1056.56,28.91385844026233,16 Years and 2 Months,No,0.0,111.88797462493916,High_spent_Medium_value_payments,474.5017753750608,2024-09-01
CUS_0x7977,121223.96,9864.996666666668,5,7,3,0,,5,10,3.36,2.0,_,1338.42,38.636333122444206,19 Years and 6 Months,No,68575.0,831.664699207624,Low_spent_Medium_value_payments,434.83496745904284,2023-02-01
CUS_0x7982,73355.38,6136.948333333334,3,7,12,1_,Credit-Builder Loan,16,14,11.56,7.0,Standard,998.81,32.25803712460284,28 Years and 6 Months,No,36.42229863478497,75.0172715666721,High_spent_Large_value_payments,742.2552631318762,2024-05-01
CUS_0x79aa,18114.35_,1515.5291666666665,9,6,28,2,"Auto Loan, and Student Loan",21,16,7.85,15.0,Bad,1289.04,35.91139426953247,10 Years and 6 Months,Yes,16.120788654378792,168.43898910409274,Low_spent_Small_value_payments,256.9931389081951,2023-01-01
CUS_0x79bd,21546.93,1561.5775,5,6,20,1,Personal Loan,28,21,11.41,2.0,Standard,313.06,30.04055703812059,18 Years and 10 Months,No,9.878117784047967,109.21388044629026,Low_spent_Medium_value_payments,317.0657517696618,2024-10-01
CUS_0x79f7,49880.68,3936.723333333333,5,5,14,0,,14,14_,6.24,4.0,_,499.95,33.206523236897844,27 Years and 3 Months,No,0.0,104.47019573754787,Low_spent_Large_value_payments,559.2021375957855,2024-01-01
CUS_0x7a01,17030.26,1625.188333333333,5,7,8,3,"Home Equity Loan, Payday Loan, and Home Equity Loan",14,19,16.21,8.0,_,299.0,25.032335371759444,28 Years and 10 Months,Yes,23.87142834474788,41.707375437538296,!@9#%8,336.9400295510472,2024-03-01
CUS_0x7a2d,19975.13,1466.594166666667,8,6,18,4,"Not Specified, Home Equity Loan, Debt Consolidation Loan, and Personal Loan",7,15,5.09,8.0,_,643.23,35.649197435987155,16 Years and 8 Months,No,36.27877044341378,32.639341491625245,High_spent_Small_value_payments,337.7413047316277,2023-01-01
CUS_0x7a50,170374.76,14176.896666666667,5,2,5,3,"Student Loan, Mortgage Loan, and Home Equity Loan",13,8,2.98,1.0,_,179.42,33.39979718264062,18 Years and 2 Months,No,281.63145042133925,252.17019933069008,High_spent_Medium_value_payments,1133.8880169146375,2024-05-01
CUS_0x7a56,38430.94,3279.578333333333,7,6,24,7,"Student Loan, Credit-Builder Loan, Personal Loan, Home Equity Loan, Home Equity Loan, Personal Loan, and Auto Loan",20,22,27.7,13.0,Bad,4948.46_,30.46379100593745,6 Years and 0 Months,Yes,142.81115238477238,244.1970777563261,Low_spent_Small_value_payments,230.9496031922349,2023-08-01
CUS_0x7a59,70802.28_,6073.19,7,5,15,0,,28,13,17.74,1.0,Standard,684.53,28.91777750139121,32 Years and 2 Months,Yes,0.0,__10000__,Low_spent_Medium_value_payments,327.4651230941097,2023-04-01
CUS_0x7b15,13065.87,1359.8225,5,6,13,2,"Personal Loan, and Personal Loan",14,11,1.72,5.0,Standard,1203.17,38.39786633909924,22 Years and 4 Months,NM,16.03971007504952,118.4836211606767,Low_spent_Large_value_payments,267.2544623210833,2024-06-01
CUS_0x7b4b,17235.88,1450.3233333333335,10,5,18,3,"Debt Consolidation Loan, Not Specified, and Home Equity Loan",52,20_,10.56,12.0,Standard,1971.68,37.73097512198161,20 Years and 2 Months,Yes,30.291558273397587,133.54055655530848,Low_spent_Small_value_payments,271.2002185046273,2025-01-01
CUS_0x7b52,14387.47,981.9558333333332,7,7,17,8,"Debt Consolidation Loan, Personal Loan, Payday Loan, Personal Loan, Mortgage Loan, Personal Loan, Not Specified, and Home Equity Loan",34,21,20.13,8.0,Bad,4335.68,26.142112194945103,14 Years and 3 Months,Yes,80.33755405850793,47.07698738744497,Low_spent_Medium_value_payments,250.7810418873804,2023-01-01
CUS_0x7b66,57683.19_,4729.9325,7,10,16,6,"Debt Consolidation Loan, Student Loan, Not Specified, Personal Loan, Student Loan, and Student Loan",42,18,3.31,12.0,Bad,2188.22,28.86267624973589,13 Years and 0 Months,Yes,250.0816702834513,190.4032873603616,High_spent_Medium_value_payments,282.50829235618716,2023-06-01
CUS_0x7b94,107427.99,8868.3325,8,3,20,1,Not Specified,22,17,5.76,9.0,Standard,1124.02,38.17590127360375,32 Years and 1 Months,No,55.65910096545989,152.5520616470583,High_spent_Large_value_payments,918.622087387482,2024-07-01
CUS_0x7ba9,52462.42,4315.868333333333,4,3,16,3,"Student Loan, Home Equity Loan, and Student Loan",11,8,15.87,8.0,Standard,778.66,25.2093203791762,20 Years and 8 Months,Yes,79.05169510067955,200.09042168376251,High_spent_Small_value_payments,412.4447165488912,2023-05-01
CUS_0x7baf,44678.57,3502.214166666666,3,360,9,1_,Credit-Builder Loan,12,10,10.41,5.0,Good,834.0,34.833932356292486,30 Years and 9 Months,No,25.1578663277876,40.62503285625202,High_spent_Large_value_payments,524.438517482627,2023-07-01
CUS_0x7c00,16837.43,1682.1191666666666,3,4,13,2,"Personal Loan, and Credit-Builder Loan",24,20,11.59,7.0,Standard,1347.95,38.40530400566304,27 Years and 0 Months,No,17.070189703874647,64.2506856264303,High_spent_Medium_value_payments,336.89104133636175,2023-01-01
CUS_0x7c2a,14634.1,1406.5083333333334,10,7,20,6_,"Credit-Builder Loan, Auto Loan, Home Equity Loan, Personal Loan, Credit-Builder Loan, and Payday Loan",33,13,3.2,12.0,Bad,2638.42,25.85059024822193,7 Years and 0 Months,Yes,47.83549587120697,29.407581666179997,High_spent_Medium_value_payments,313.4077557959464,2024-06-01
CUS_0x7c4a,17633.71,1489.4758333333332,5,4,9,7,"Payday Loan, Payday Loan, Home Equity Loan, Personal Loan, Auto Loan, Auto Loan, and Debt Consolidation Loan",24,12,20.8,9.0,Standard,1488.8,31.5250788985198,6 Years and 10 Months,Yes,62.05529620069856,146.88489328538873,Low_spent_Small_value_payments,230.00739384724602,2023-07-01
CUS_0x7c60,56135.76,4974.980000000001,3,6,20,2,"Home Equity Loan, and Debt Consolidation Loan",8,18,-2.6,7.0,Standard,366.46_,24.256317651086487,15 Years and 11 Months,No,78.06849718311086,88.35072245403003,High_spent_Large_value_payments,571.0787803628591,2023-02-01
CUS_0x7cb9,92705.84,7957.486666666668,8,7,11,0,,8,12,9.81,0.0,Good,633.13,34.54195615184809,16 Years and 4 Months,No,0.0,160.30025201951852,High_spent_Large_value_payments,875.4484146471483,2023-01-01
CUS_0x7cc1,51411.1,4178.258333333333,2,4,12,3,"Not Specified, Credit-Builder Loan, and Home Equity Loan",29,20,7.7,4.0,Standard,404.88,37.74882054945932,19 Years and 3 Months,Yes,113.67192620498898,341.5627087629525,Low_spent_Medium_value_payments,242.59119836539185,2024-08-01
CUS_0x7cd8,60781.48,5312.123333333334,8,6,9,0,,20,13,4.14,0.0,Good,1078.74,30.539642780737985,24 Years and 6 Months,No,0.0,224.73520822271263,Low_spent_Medium_value_payments,586.4771251106207,2023-04-01
CUS_0x7cdc,40038.58,3358.5483333333336,4,3,3,0,,4,8,7.25,8.0,_,16.88,41.83979923701185,21 Years and 5 Months,No,0.0,214.19923533204067,High_spent_Small_value_payments,381.65559800129273,2025-01-01
CUS_0x7cfb,69905.36,6090.446666666668,6,5,14,3,"Student Loan, Student Loan, and Credit-Builder Loan",16,19,_,1.0,_,1216.15,26.74604322531968,20 Years and 8 Months,No,160.9015738505894,71.06151993840446,High_spent_Large_value_payments,617.0815728776728,2023-07-01
CUS_0x7d05,20986.9,1953.908333333333,10,7,16,7,"Debt Consolidation Loan, Debt Consolidation Loan, Mortgage Loan, Credit-Builder Loan, Not Specified, Home Equity Loan, and Personal Loan",45,14,17.61,15.0,Standard,2523.34,32.52033890894698,16 Years and 3 Months,Yes,109.49677416270502,104.57505460184059,Low_spent_Large_value_payments,251.31900456878776,2023-11-01
CUS_0x7d1e,60182.7,4800.225,6,7,5,7,"Student Loan, Personal Loan, Home Equity Loan, Mortgage Loan, Not Specified, Not Specified, and Not Specified",33,9,17.86,6.0,Standard,1742.58,35.290632396383884,19 Years and 3 Months,Yes,265.40055225667334,296.3081583511227,High_spent_Small_value_payments,178.31378939220406,2024-01-01
CUS_0x7da4,8126.595,872.2162500000002,8,6,25,7,"Personal Loan, Payday Loan, Student Loan, Debt Consolidation Loan, Credit-Builder Loan, Credit-Builder Loan, and Mortgage Loan",11,6,8.27,8.0,_,1717.09,22.09159366015131,11 Years and 2 Months,Yes,46.26719559885268,93.04158995709356,Low_spent_Small_value_payments,237.91283944405376,2024-11-01
CUS_0x7dfc,68790.22,5872.5183333333325,3,5,6,3,"Debt Consolidation Loan, Mortgage Loan, and Auto Loan",-3,12,8.38,3.0,Good,399.79,33.47356565178702,27 Years and 2 Months,No,163.4102564532229,139.28016001383398,High_spent_Medium_value_payments,534.5614168662764,2024-12-01
CUS_0x7e0e,113616.93,9715.0775,1,5,7,0,,11,-1,0.93,7.0,_,1178.3,38.600889846236505,16 Years and 4 Months,NM,0.0,146.8512482449613,Low_spent_Large_value_payments,472.3432366355481,2023-02-01
CUS_0x7e1a,28637.08,2167.4233333333336,3,7,1,3,"Mortgage Loan, Student Loan, and Debt Consolidation Loan",10,12,10.91,4.0,Good,967.75,27.914414331229978,29 Years and 2 Months,No,67.84487079581181,222.12115194589543,Low_spent_Small_value_payments,216.7763105916261,2024-11-01
CUS_0x7e24,49854.92,4216.576666666667,8,3,17,3,"Debt Consolidation Loan, Home Equity Loan, and Auto Loan",17,18,8.07,5.0,Standard,1044.78,38.21382709715776,18 Years and 2 Months,Yes,62.83164834944265,61.56006578889553,!@9#%8,547.2659525283285,2023-06-01
CUS_0x7e28,19593.13,1701.7608333333335,7,6,16,0,,5,11,18.2,4.0,Standard,624.41,33.420817592390925,26 Years and 10 Months,Yes,0.0,114.23743240725454,Low_spent_Small_value_payments,345.9386509260788,2023-02-01
CUS_0x7e3e,80932.92,6759.41,9,7,22,4,"Credit-Builder Loan, Payday Loan, Not Specified, and Payday Loan",62,25,7.22,6.0,_,2696.09,30.1909401430634,16 Years and 4 Months,Yes,192.81087769599893,91.69376617336235,High_spent_Large_value_payments,631.4363561306387,2023-10-01
CUS_0x7e3f,80676.84,6929.07,4,619,12,0,,15,4,1.2,4.0,Good,1035.77,27.68314603059711,18 Years and 3 Months,No,0.0,113.15155818330307,High_spent_Large_value_payments,819.7554418166969,2023-09-01
CUS_0x7e5b,29894.7,2570.225,4,3,19,-100,"Auto Loan, Mortgage Loan, Student Loan, Payday Loan, Payday Loan, Auto Loan, and Not Specified",20,15,10.33,6.0,Standard,1049.2,25.28157268415276,13 Years and 5 Months,Yes,95.87008851162832,29.85333864289988,High_spent_Large_value_payments,371.2990728454717,2024-07-01
CUS_0x7e8a,40944.82,3588.068333333333,1426,7,17,3,"Personal Loan, Student Loan, and Student Loan",17,16,13.4,7.0,_,948.81,39.43435093811112,25 Years and 6 Months,Yes,93.98416718975731,__10000__,High_spent_Large_value_payments,453.0521859381629,2023-02-01
CUS_0x7ee,20637.2,1668.7666666666669,4,5,14,4,"Personal Loan, Mortgage Loan, Mortgage Loan, and Personal Loan",15,18,4.74,4.0,Standard,1387.48,37.32110859036855,22 Years and 3 Months,Yes,68.57490437116253,124.57593820305243,Low_spent_Small_value_payments,263.7258240924517,2024-07-01
CUS_0x7f27,100058.19,8529.1825,7,5,5,4,"Mortgage Loan, Auto Loan, Home Equity Loan, and Credit-Builder Loan",19,18,11.45,6.0,Standard,1109.15,41.28412641819116,16 Years and 3 Months,Yes,320.7675610736531,163.31495372890637,High_spent_Large_value_payments,631.3061541836453,2024-07-01
CUS_0x7f32,62545.59,5133.1325,3,6,7,4,"Personal Loan, Student Loan, Payday Loan, and Student Loan",27,10,_,8.0,Standard,1138.71,27.41853437325468,17 Years and 8 Months,Yes,174.41631843799283,257.8017596213881,Low_spent_Medium_value_payments,361.0951719406192,2024-08-01
CUS_0x7f3c,10244.8,1131.7333333333331,8,5,18,8,"Debt Consolidation Loan, Personal Loan, Auto Loan, Credit-Builder Loan, Debt Consolidation Loan, Debt Consolidation Loan, Student Loan, and Home Equity Loan",47,15,16.29,12.0,Bad,4923.97,38.31941440256515,10 Years and 2 Months,NM,37.75420492985392,__10000__,Low_spent_Medium_value_payments,261.565121345926,2024-11-01
CUS_0x7fe2,84604.8_,6899.4000000000015,4,896,14,2,"Credit-Builder Loan, and Not Specified",8,8,1.71,3.0,Standard,756.43,26.158927370453736,25 Years and 4 Months,Yes,80.24070813024305,441.0286609931891,Low_spent_Medium_value_payments,448.6706308765678,2023-01-01
CUS_0x804e,67749.5,5381.791666666667,5,6,8,2,"Student Loan, and Payday Loan",29,17,14.77,13.0,_,1437.3,36.37460578860853,8 Years and 5 Months,Yes,75.31999649795199,194.28593779027057,Low_spent_Medium_value_payments,548.5732323784441,2025-01-01
CUS_0x808d,17570.26,1352.6874920045211,6,5,31,5,"Student Loan, Personal Loan, Credit-Builder Loan, Student Loan, and Personal Loan",32,21,20.25,8.0,Bad,3150.5,23.24470647693073,14 Years and 8 Months,Yes,149.64144832309955,193.44668965704122,Low_spent_Small_value_payments,174.03153668200488,2024-11-01
CUS_0x8125,118036.28,9899.356666666668,3,4,13,3,"Home Equity Loan, Payday Loan, and Home Equity Loan",9,20,16.74,9.0,Standard,175.4,32.79766623121642,19 Years and 5 Months,NM,233.0884415404762,389.03727681295686,High_spent_Medium_value_payments,617.8099483132337,2024-01-01
CUS_0x8132,75455.34_,6116.945,3,6,11,1,Not Specified,24,13,9.77,8.0,_,68.09,28.350773499864825,7 Years and 9 Months,Yes,60.42174273137702,277.5692087071276,High_spent_Small_value_payments,533.7035485614954,2023-10-01
CUS_0x81d,43452.15,3864.0125,3,6,7,5,"Student Loan, Payday Loan, Credit-Builder Loan, Not Specified, and Not Specified",30,9,10.4,11.0,Standard,859.42,28.63181641196341,10 Years and 3 Months,Yes,155.26013657218263,247.29390866924697,Low_spent_Large_value_payments,253.84720475857037,2023-12-01
CUS_0x81e4,17709.31,1732.7758333333334,9,8,20,2,"Home Equity Loan, and Not Specified",34,19,14.09,11.0,_,1551.3,30.31688672099592,17 Years and 11 Months,Yes,18.09016279399464,96.64291285043876,Low_spent_Medium_value_payments,338.5445076889,2023-05-01
CUS_0x8204,32414.96_,2826.2466666666664,6,5,15,6_,"Mortgage Loan, Mortgage Loan, Student Loan, Not Specified, Debt Consolidation Loan, and Debt Consolidation Loan",38,15,9.06,16.0,_,2129.39,27.491489361473512,14 Years and 4 Months,Yes,81.55170275134108,114.16173804557371,Low_spent_Small_value_payments,376.9112258697519,2024-11-01
CUS_0x820c,18642.75,1706.5625,9,6,23,9,"Credit-Builder Loan, Debt Consolidation Loan, Student Loan, Auto Loan, Credit-Builder Loan, Home Equity Loan, Student Loan, Personal Loan, and Credit-Builder Loan",23,17,29.69,16.0,Bad,3856.66,40.7350165472722,5 Years and 6 Months,Yes,75.66762658445816,25.68272917281372,High_spent_Large_value_payments,309.30589424272813,2023-11-01
CUS_0x8216,7225.02,415.22788970785285,10,10,30,7,"Not Specified, Credit-Builder Loan, Debt Consolidation Loan, Payday Loan, Student Loan, Home Equity Loan, and Payday Loan",53,14,1.2,13.0,Bad,4515.94,36.89132667756258,1 Years and 2 Months,Yes,67.9408391838911,__10000__,Low_spent_Small_value_payments,248.25838886538082,2023-05-01
CUS_0x8232,9394.66,593.8883333333333,7,6,34,-100,"Home Equity Loan, Credit-Builder Loan, Credit-Builder Loan, Mortgage Loan, Mortgage Loan, and Home Equity Loan",20,18,4.58,10.0,Bad,1686.78,37.72754892006628,7 Years and 0 Months,Yes,33.21948646000168,64.95115278937273,Low_spent_Small_value_payments,251.2181940839589,2024-03-01
CUS_0x8234,10690.96,973.9133333333332,3,551,15,3,"Auto Loan, Mortgage Loan, and Auto Loan",12,9,10.89,3.0,Standard,260.75,32.982324196745125,32 Years and 9 Months,No,81971.0,33.24878451649837,Low_spent_Small_value_payments,329.68803563828624,2024-01-01
CUS_0x825d,34640.23_,2897.685833333333,6,4,10,1,Credit-Builder Loan,15,10,13.1,2.0,Standard,714.2,35.07569805948081,22 Years and 8 Months,Yes,26.838083766791712,239.71731729274262,Low_spent_Medium_value_payments,303.213182273799,2023-04-01
CUS_0x8271,20127.115,1800.2595833333337,4,4,8,2,"Not Specified, and Payday Loan",9,6,16.59,5.0,Good,328.91,24.47621914366537,18 Years and 5 Months,No,29.95953999860552,43.29706342251581,High_spent_Large_value_payments,346.76935491221207,2024-07-01
CUS_0x82dd,16397.44,1113.4533333333334,2,1,1,1,Auto Loan,14,7,_,6.0,Good,804.67,38.55647812380048,32 Years and 6 Months,No,6.898288998100544,93.80833093250729,Low_spent_Small_value_payments,300.6387134027255,2024-05-01
CUS_0x82fa,35603.8,2869.9833333333336,6,6,30,-100,"Auto Loan, Auto Loan, Home Equity Loan, Home Equity Loan, Personal Loan, Payday Loan, and Personal Loan",48,17_,22.12,12.0,Bad,4041.44,27.74470473417845,1 Years and 9 Months,Yes,2082.0,137.18090265663636,Low_spent_Large_value_payments,295.17293782020124,2024-06-01
CUS_0x8327,28079.86,2103.988333333333,3,3,20,3,"Home Equity Loan, Auto Loan, and Debt Consolidation Loan",10,19,4.51,7.0,Standard,577.91,26.19295191256944,21 Years and 7 Months,No,58.48892992564783,58.322980361127826,High_spent_Small_value_payments,353.5869230465577,2023-03-01
CUS_0x8388,60177.04,5093.753333333333,7,1413,11,3,"Personal Loan, Payday Loan, and Not Specified",10,19,17.55,3.0,Standard,765.97,28.64816049001338,21 Years and 2 Months,Yes,142.75070762898002,273.50565945604177,Low_spent_Medium_value_payments,373.1189662483116,2024-07-01
CUS_0x8399,71903.26,5739.938333333333,8,4,13,-100,"Student Loan, Personal Loan, Home Equity Loan, Personal Loan, and Mortgage Loan",22,13,2.380000000000001,10.0,Standard,541.54,39.10199409384602,16 Years and 5 Months,Yes,166.45605558742346,218.25583685660737,High_spent_Medium_value_payments,439.2819408893025,2023-06-01
CUS_0x83a0,69712.2,5841.349999999999,8,7,5,5,"Auto Loan, Not Specified, Personal Loan, Personal Loan, and Auto Loan",29,18,16.86,8.0,Standard,1638.94,37.6769924033064,14 Years and 8 Months,Yes,275.12585923167427,459.8733701416114,!@9#%8,119.13577062671436,2024-08-01
CUS_0x83f,10333.895,657.1579166666667,3,6,20,-100,"Credit-Builder Loan, Personal Loan, Student Loan, and Not Specified",17,15,11.32,10.0,Standard,70.46,35.012090187583325,10 Years and 6 Months,Yes,21.453340535857645,__10000__,Low_spent_Large_value_payments,279.17940072716584,2024-12-01
CUS_0x840f,14856.35,1473.029166666667,4,2,10,1,Home Equity Loan,14,7,5.9,6.0,Good,1456.25,38.8429153780037,26 Years and 4 Months,No,6.524757595186792,66.0846295146743,Low_spent_Small_value_payments,358.11160750669177,2024-12-01
CUS_0x8417,34253.08,3025.4233333333336,3,9,25,6,"Student Loan, Auto Loan, Not Specified, Credit-Builder Loan, Auto Loan, and Credit-Builder Loan",11,12,11.66,12.0,Standard,1485.7,28.742352370865053,19 Years and 5 Months,Yes,133.84381259881434,134.06016199687204,High_spent_Small_value_payments,294.63835873764697,2024-05-01
CUS_0x844b,22195.605,2021.63375,0,4,4,-100,,7,8,3.61,6.0,Good,1378.67,29.02281258147457,18 Years and 11 Months,No,0.0,59.12068388042631,Low_spent_Large_value_payments,413.04269111957365,2024-08-01
CUS_0x844d,29170.78,2588.898333333333,0,6,8,-100,"Credit-Builder Loan, and Auto Loan",12,12,5.39,4.0,Good,1181.13,24.43417492742748,21 Years and 11 Months,No,32.501857743138984,180.78183058871244,!@9#%8,325.60614500148193,2024-03-01
CUS_0x846e,18848.995,1364.7495833333332,3,6,10,0,,4,9,7.76,7.0,Good,159.31,38.42046162048121,29 Years and 4 Months,No,0.0,55.70334978262179,Low_spent_Small_value_payments,370.7716085507116,2023-05-01
CUS_0x848d,143469.16,11690.763333333334,4,1172,10,0,,19,19,7.94,5.0,Standard,790.97,34.69545494687287,27 Years and 6 Months,Yes,0.0,102.40519885545116,High_spent_Large_value_payments,1306.6711344778826,2024-05-01
CUS_0x84ae,65929.12,5649.093333333332,6,5,18,2,"Auto Loan, and Payday Loan",7,8,17.76,12.0,_,1329.17,31.02171553117614,20 Years and 5 Months,Yes,64.91669021308391,108.86506956485522,High_spent_Medium_value_payments,641.1275735553943,2023-05-01
CUS_0x84fe,30111.3,2743.275,7,5,15,9,"Auto Loan, Mortgage Loan, Personal Loan, Not Specified, Mortgage Loan, Mortgage Loan, Not Specified, Mortgage Loan, and Student Loan",53,20,6.31,14.0,Bad,3075.29,32.66315690488889,4 Years and 6 Months,Yes,140.83662592940402,227.34044832168428,Low_spent_Small_value_payments,196.15042574891174,2023-05-01
CUS_0x8519,165671.16_,13814.93,3,4,11,0,,0,2,10.6,5.0,_,52.76,34.225364532969905,29 Years and 0 Months,No,0.0,861.9344182007802,High_spent_Small_value_payments,779.5585817992198,2024-11-01
CUS_0x8559,95295.57,7943.2975,6,6,3,0_,,11,17,11.14,1.0,Good,406.93,39.77192146513752,24 Years and 9 Months,No,0.0,457.21921800905466,Low_spent_Large_value_payments,607.1105319909453,2024-01-01
CUS_0x85bb,20203.625,1722.635416666667,0,5,5,0,,27,6,4.07,4.0,Good,318.06,37.6327826440796,29 Years and 5 Months,No,0.0,34.82558180835249,!@9#%8,397.4379598583143,2023-05-01
CUS_0x85c0,53698.44,4293.87,7,5,29,5,"Mortgage Loan, Home Equity Loan, Payday Loan, Mortgage Loan, and Auto Loan",36,22_,23.44,12.0,Bad,3436.19,27.904841947623023,13 Years and 5 Months,NM,143.31668636274762,212.9620545887646,!@9#%8,333.1082590484877,2024-02-01
CUS_0x864a,134810.13,10998.1775,5,7,6,2,"Payday Loan, and Auto Loan",2,1,10.54,9.0,Good,744.97,31.00299069121527,32 Years and 8 Months,No,199.8420984910315,207.1219273948547,High_spent_Small_value_payments,952.8537241141136,2024-08-01
CUS_0x864e,28806.44,2361.5366666666664,4,3,6,5,"Personal Loan, Mortgage Loan, Debt Consolidation Loan, Student Loan, and Payday Loan",26,19,12.26,2069.0,Standard,332.57,31.63825559247749,13 Years and 3 Months,Yes,112.63504847496884,61.67655286235665,High_spent_Small_value_payments,321.8420653293412,2024-08-01
CUS_0x8658,21202.09,1943.8408333333327,7,6,8,1,Credit-Builder Loan,21,15,9.29,4.0,Standard,192.21,36.14088923757641,28 Years and 9 Months,Yes,15.32320302148409,44.73343914076599,High_spent_Small_value_payments,394.3274411710832,2023-01-01
CUS_0x8694,83330.32,7235.193333333334,10,5,33,9,"Home Equity Loan, Debt Consolidation Loan, Payday Loan, Debt Consolidation Loan, Personal Loan, Personal Loan, Personal Loan, Not Specified, and Debt Consolidation Loan",20,19,4.05,10.0,Bad,1538.13,37.07520931922039,18 Years and 0 Months,Yes,342.2434963353048,72.5640151702938,High_spent_Large_value_payments,548.7118218277349,2023-05-01
CUS_0x8702,19543.44,1592.62,8,5,15,7,"Credit-Builder Loan, Not Specified, Payday Loan, Mortgage Loan, Mortgage Loan, Auto Loan, and Auto Loan",37,24,25.57,16.0,Bad,3588.8,31.975894398491263,1 Years and 11 Months,Yes,64.88541487610803,208.09503120899302,Low_spent_Small_value_payments,176.28155391489898,2024-08-01
CUS_0x8716,14351.21,1274.934166666667,8,7,18,6,"Mortgage Loan, Personal Loan, Not Specified, Student Loan, Personal Loan, and Student Loan",15,14,21.91,9.0,Bad,4766.87,32.60477040982617,8 Years and 8 Months,Yes,61.09871813783708,116.83765788754921,Low_spent_Small_value_payments,239.5570406412804,2024-12-01
CUS_0x872d,47183.94,3803.995,7,9,27,5,"Not Specified, Home Equity Loan, Personal Loan, Debt Consolidation Loan, and Not Specified",53,24,9.71,12.0,Bad,4579.44,38.75575630141688,13 Years and 5 Months,Yes,166.89065453921577,59.585486718293545,High_spent_Large_value_payments,393.9233587424908,2024-02-01
CUS_0x8785,175718.04,14628.17,4,4,2,1,Mortgage Loan,30,11,8.62,3.0,Good,444.46,38.17123007926418,17 Years and 0 Months,No,145.95261303601262,1363.9206218203226,Low_spent_Medium_value_payments,232.9437651436649,2024-07-01
CUS_0x879d,51557.73,4479.4775,10,7,22,3,"Debt Consolidation Loan, Payday Loan, and Mortgage Loan",30,13,6.039999999999999,9.0,Standard,1561.52,28.64120530190109,10 Years and 9 Months,Yes,107.64691423813127,99.02300558903643,High_spent_Large_value_payments,481.27783017283235,2024-01-01
CUS_0x87c5,120174.4,10016.533333333333,7,4,6,1,Mortgage Loan,19,14,15.670000000000002,7.0,Standard,828.59,44.04210487179496,18 Years and 1 Months,Yes,94.89845431459952,113.26595163538636,High_spent_Large_value_payments,1033.4889273833473,2024-10-01
CUS_0x87e2,62359.82,5120.651666666667,4,5,11,1,Personal Loan,14,12,14.94,3.0,Standard,250.56,34.605040966126296,24 Years and 4 Months,Yes,29.765762963349623,550.0125352223763,Low_spent_Small_value_payments,222.2868684809407,2024-04-01
CUS_0x87ec,61056.3,5086.025,3,7,8,2,"Debt Consolidation Loan, and Auto Loan",0,10_,8.87,6.0,_,566.34,38.77178321966293,17 Years and 2 Months,Yes,83.57379523511754,200.25840722756362,High_spent_Small_value_payments,484.7702975373188,2023-03-01
CUS_0x87f,37171.29,3231.6075,1,6,1,4,"Personal Loan, Auto Loan, Personal Loan, and Personal Loan",4,2_,5.48,8.0,_,103.82,27.29256909843805,32 Years and 5 Months,No,64.24998249329886,__10000__,High_spent_Small_value_payments,378.6181213946441,2024-03-01
CUS_0x880,82684.62,6603.384999999998,4,5,4491,1,Payday Loan,7,6,5.8,6.0,Good,944.15,38.19473605330988,26 Years and 8 Months,No,45.9496309984116,269.82103782734606,High_spent_Medium_value_payments,594.5678311742422,2025-01-01
CUS_0x8804,14962.35,958.8625,7,9,33,8,"Student Loan, Mortgage Loan, Home Equity Loan, Debt Consolidation Loan, Home Equity Loan, Debt Consolidation Loan, Auto Loan, and Student Loan",26,20,9.97,12.0,Bad,1945.68,27.36900300293025,20 Years and 5 Months,Yes,67.46163206909782,102.93856401581043,Low_spent_Small_value_payments,215.48605391509173,2023-12-01
CUS_0x881e,16603.995,1438.66625,2,224,9,1,Home Equity Loan,5,10,0.7,1.0,Good,1447.52,26.29003045001615,16 Years and 9 Months,No,11.010734470754691,87.30871048350113,Low_spent_Small_value_payments,335.5471800457442,2023-06-01
CUS_0x8842,60498.6,5147.55,7,6,12,1,Personal Loan,27,18,9.92,3.0,Standard,736.07,25.59278426485368,26 Years and 10 Months,No,47.9282096116055,639.8991393247993,Low_spent_Small_value_payments,116.92765106359529,2024-07-01
CUS_0x8844,165396.2,13575.016666666668,5,4,6,3,"Student Loan, Credit-Builder Loan, and Payday Loan",7,5,1.12,7.0,Good,1078.62,43.32773257532713,30 Years and 10 Months,No,69853.0,242.41369892508342,!@9#%8,1092.06808704785,2023-05-01
CUS_0x8870,122426.2,10431.183333333332,4,4,2,1,Credit-Builder Loan,2,6,8.34,4.0,Good,1155.39,24.39764979218792,30 Years and 5 Months,No,76.28353860783659,641.1226667286741,!@9#%8,605.7121279968227,2024-09-01
CUS_0x892d,9427.945,921.6620833333332,6,6,28,7,"Home Equity Loan, Credit-Builder Loan, Student Loan, Not Specified, Credit-Builder Loan, Auto Loan, and Payday Loan",38,25,9.67,11.0,Bad,2358.57,34.902387968627416,8 Years and 3 Months,Yes,48.0947119375295,50.1085100226122,Low_spent_Small_value_payments,283.96298637319165,2024-11-01
CUS_0x8967,45827.74,3953.978333333333,5,6,6,2,"Not Specified, and Credit-Builder Loan",16,8,2.33,2.0,_,978.02,26.971112281401577,28 Years and 3 Months,No,53.71124128368192,298.19995910200015,Low_spent_Small_value_payments,333.48663294765134,2024-06-01
CUS_0x89aa,85744.12,7125.343333333332,6,7,11,2,"Auto Loan, and Debt Consolidation Loan",29,18,18.08,5.0,Standard,717.79,40.55497775991556,15 Years and 10 Months,Yes,72.09917649120034,537.0482155686957,Low_spent_Large_value_payments,373.3869412734373,2024-12-01
CUS_0x89c8,85480.41,6285.479818282674,2,5,9,2,"Home Equity Loan, and Student Loan",13,3,10.96,5.0,Good,1355.23,26.341215405972783,25 Years and 9 Months,No,884.3934482571243,139.77914887925988,High_spent_Large_value_payments,733.0518345809422,2024-03-01
CUS_0x8a1,29101.2_,2709.1,8,10,28,2,"Debt Consolidation Loan, and Home Equity Loan",49,15,-0.040000000000000036,7.0,Bad,1334.81,32.83065365418937,19 Years and 2 Months,Yes,43.28898384628953,__10000__,Low_spent_Large_value_payments,423.5409041109916,2023-11-01
CUS_0x8a5f,123800.8,9657.932661701245,5,3,7,2,"Payday Loan, and Personal Loan",7,6,7.21,1.0,Good,832.14,35.17410994448976,24 Years and 10 Months,No,563.4933084056885,478.1039632929085,!@9#%8,904.8315586681267,2024-09-01
CUS_0x8a6e,16866.5,1615.541666666667,4,4,19,1,Home Equity Loan,27,12,1.31,6.0,Standard,1385.89,34.517941693786995,28 Years and 11 Months,No,8.540130456032621,93.82043654568749,!@9#%8,349.1935996649466,2023-01-01
CUS_0x8a8b,40246.16,3340.846666666667,4,10,18,7,"Payday Loan, Student Loan, Auto Loan, Payday Loan, Auto Loan, Student Loan, and Payday Loan",30,8,14.17,16.0,Standard,1896.09,32.61637109182952,11 Years and 4 Months,NM,162.52071645816935,37.7587270375484,!@9#%8,373.80522317094886,2024-03-01
CUS_0x8a8c,14219.02,1126.9183333333333,10,5,23,7,"Auto Loan, Not Specified, Debt Consolidation Loan, Credit-Builder Loan, Home Equity Loan, Not Specified, and Personal Loan",38,14,25.86,10.0,Bad,3628.5,22.22269941371449,3 Years and 4 Months,Yes,76.48600820166872,110.01820880669231,Low_spent_Small_value_payments,216.18761632497225,2024-07-01
CUS_0x8ad5,63876.62_,5358.051666666667,2,4,7,4,"Debt Consolidation Loan, Student Loan, Student Loan, and Not Specified",12,2,8.79,5.0,Good,1014.51,24.127824252900904,26 Years and 9 Months,No,145.03685645396808,292.3782101036391,Low_spent_Medium_value_payments,378.3901001090596,2024-06-01
CUS_0x8b09,132473.04,10889.42,3,5,9,2,"Mortgage Loan, and Payday Loan",0,7,4.37,4.0,Good,1412.35_,38.0101559185469,33 Years and 2 Months,No,119.43999017623872,72.42010028260181,High_spent_Large_value_payments,1137.0819095411596,2024-01-01
CUS_0x8b29,73490.5,6231.208333333332,6,7,18,2,"Personal Loan, and Debt Consolidation Loan",9,16,11.71,6.0,Standard,33.14,40.17648706832399,32 Years and 6 Months,No,104.08370699905306,331.1019044079171,Low_spent_Medium_value_payments,467.9352219263632,2023-07-01
CUS_0x8b38,121933.2,10238.1,8,5,19,0,,7,7_,7.19,0.0,Standard,586.55,28.91278535322761,22 Years and 0 Months,Yes,0.0,1222.0472317530025,Low_spent_Small_value_payments,91.76276824699778,2025-01-01
CUS_0x8b4f,117116.32,8748.792401915676,1,2,12,3,"Mortgage Loan, Student Loan, and Student Loan",0,9,4.63,5.0,Good,987.98,27.212757461633743,20 Years and 2 Months,NM,1299.8169379505991,771.1161529401595,Low_spent_Large_value_payments,254.13717386023384,2024-12-01
CUS_0x8b74,59986.0,4800.833333333333,2,2,1,1,Debt Consolidation Loan,8,0,8.54,6.0,Good,275.56,33.695592633665015,21 Years and 0 Months,No,22071.0,464.55627958651365,Low_spent_Small_value_payments,265.28334778856794,2024-01-01
CUS_0x8b91,16481.715,1537.47625,7,3,15,6,"Payday Loan, Not Specified, Student Loan, Student Loan, Auto Loan, and Student Loan",13,8,16.59,8.0,Standard,145.32,33.80127666058158,9 Years and 11 Months,Yes,66.6812219426157,79.50862566484736,Low_spent_Large_value_payments,277.5577773925369,2023-10-01
CUS_0x8bdd,44080.04,3563.498770538034,5,5,10,3,"Mortgage Loan, Credit-Builder Loan, and Debt Consolidation Loan",17,8,4.7,5.0,Good,443.01,40.46739811322772,20 Years and 5 Months,No,193.5784680364336,74.98291015798398,High_spent_Small_value_payments,452.1101846008818,2024-04-01
CUS_0x8c8a,98509.71,8197.1425,5,6,6,1,Credit-Builder Loan,14,9,7.38,8.0,Standard,83.94,38.83980149940055,16 Years and 2 Months,No,55.70340734930403,698.4129023928357,Low_spent_Small_value_payments,355.5979402578604,2023-09-01
CUS_0x8cd4,20871.24,1818.27,3,5,6,0,,17,11,2.95,0.0,Good,364.42,26.47862620715637,15 Years and 9 Months,No,0.0,63.43467783738288,High_spent_Medium_value_payments,368.3923221626171,2024-02-01
CUS_0x8d2,125027.24_,8912.983174576333,4,3,5,1,Auto Loan,12,6,8.58,5.0,Good,836.14,43.458512274232696,20 Years and 8 Months,No,1320.7901339090852,193.21181494639808,High_spent_Large_value_payments,981.2452099015168,2023-03-01
CUS_0x8d3,20661.14,1626.7616666666663,8,8,18,7,"Credit-Builder Loan, Mortgage Loan, Mortgage Loan, Auto Loan, Credit-Builder Loan, Debt Consolidation Loan, and Auto Loan",17,9,20.29,6.0,Standard,1870.54,32.16299413235235,19 Years and 11 Months,Yes,80.51185289485339,84.60098910823396,Low_spent_Small_value_payments,287.56332466357935,2025-01-01
CUS_0x8d7,110064.33,9095.0275,5,4,5,2,"Credit-Builder Loan, and Mortgage Loan",28,19,11.08,1.0,Standard,456.58,38.113553132131074,22 Years and 3 Months,No,136.9409830700163,222.17864061622058,High_spent_Large_value_payments,790.3831263137632,2024-12-01
CUS_0x8e00,18849.55,1795.7958333333331,7,10,32,5,"Payday Loan, Debt Consolidation Loan, Debt Consolidation Loan, Mortgage Loan, and Personal Loan",52,15,5.23,12.0,_,2687.09,28.720480375126662,16 Years and 0 Months,Yes,64.24406439111429,64.44759343994545,Low_spent_Large_value_payments,320.8879255022736,2024-11-01
CUS_0x8e6e,13056.35,1177.0291666666667,5,6,18,1,Personal Loan,18,15,10.39,5.0,Standard,562.05,27.48553558630199,27 Years and 9 Months,Yes,8.140792415105551,93.22152388148176,Low_spent_Small_value_payments,306.34060037007936,2024-08-01
CUS_0x8e70,16618.17,1628.8475,6,9,17,2,"Student Loan, and Student Loan",29,18,9.95,11.0,_,1467.27,25.847944561924656,20 Years and 3 Months,Yes,21.097100510407188,53.5327428153476,Low_spent_Medium_value_payments,368.2549066742452,2024-02-01
CUS_0x8e72,37813.97,3233.164166666667,5,6,11,2,"Home Equity Loan, and Payday Loan",13,5,4.91,4.0,Good,880.43,28.988674890650948,18 Years and 5 Months,No,36.01705179340833,__10000__,High_spent_Large_value_payments,496.32376835472235,2024-10-01
CUS_0x8e7f,47119.29,3637.6075,7,5,24,6,"Debt Consolidation Loan, Mortgage Loan, Auto Loan, Personal Loan, Personal Loan, and Debt Consolidation Loan",22,26,4.0600000000000005,15.0,Bad,2773.96,38.65279114197615,13 Years and 11 Months,Yes,29519.0,150.29142748399568,High_spent_Medium_value_payments,282.0657987385622,2023-09-01
CUS_0x8ea,16228.17,1374.3475,8,7,18,4,"Debt Consolidation Loan, Credit-Builder Loan, Student Loan, and Not Specified",22,19,8.37,13.0,_,2697.18,28.48347185834369,19 Years and 6 Months,Yes,47.8740134975111,130.98843651091482,Low_spent_Small_value_payments,248.57229999157408,2024-03-01
CUS_0x8eac,15881.55,1361.4625,8,5,24,6,"Not Specified, Credit-Builder Loan, Credit-Builder Loan, Student Loan, Personal Loan, and Debt Consolidation Loan",24,24,4.67,9.0,_,2395.15,23.620361216787163,17 Years and 9 Months,Yes,74.48464695372822,114.31397110715562,Low_spent_Medium_value_payments,227.34763193911613,2025-01-01
CUS_0x8f35,39052.47,3075.464909609783,5,4,9,2,"Student Loan, and Debt Consolidation Loan",4,11,2.65,1.0,Good,1284.22,31.30741835399255,33 Years and 6 Months,No,46764.0,66.09372190454128,High_spent_Large_value_payments,452.719311048259,2025-01-01
CUS_0x8f45,4156013.0,1504.0566666666666,7,4,17,1,Debt Consolidation Loan,26,10,2.26,6.0,Standard,274.91,28.802033935088488,25 Years and 8 Months,Yes,9.801338745218944,106.5663368313662,Low_spent_Small_value_payments,324.0379910900815,2023-07-01
CUS_0x8f58,99984.48,8626.04,5,3,11,3,"Student Loan, Payday Loan, and Home Equity Loan",17,13,7.69,7.0,Standard,443.96,31.9999550823796,14 Years and 10 Months,Yes,171.36102240502967,303.0100545257883,High_spent_Medium_value_payments,638.2329230691821,2025-01-01
CUS_0x8f7e,35589.97,2794.830833333333,4,6,14,4,"Home Equity Loan, Mortgage Loan, Credit-Builder Loan, and Personal Loan",5,11,19.4,8.0,Standard,1484.18,29.10107461883592,14 Years and 10 Months,Yes,98.23221001497294,165.8703859682738,!@9#%8,305.38048735008664,2023-01-01
CUS_0x8fd5,122835.52,9974.293333333331,6,4,17,3,"Debt Consolidation Loan, Personal Loan, and Not Specified",29,14,21.73,2081.0,_,493.99,29.40228458704496,13 Years and 8 Months,Yes,193.6489266849396,263.13063855968363,High_spent_Medium_value_payments,790.6497680887102,2024-06-01
CUS_0x8fe0,25352.0,2077.6666666666665,5,6,8,2,"Student Loan, and Payday Loan",26,15,15.19,8.0,_,1320.31,34.04490221441994,19 Years and 0 Months,Yes,26.50359850189216,105.12938595248684,Low_spent_Large_value_payments,346.1336822122877,2024-05-01
CUS_0x8fec,45559.59,3860.6325,10,7,24,5,"Mortgage Loan, Payday Loan, Student Loan, Payday Loan, and Personal Loan",59,15,13.28,7.0,Standard,2663.43,38.15561559600751,16 Years and 4 Months,Yes,138.81006997841018,242.8237295590386,High_spent_Small_value_payments,264.42945046255124,2024-12-01
CUS_0x8ff8,58246.4,4780.866666666667,6,5,18,2,"Payday Loan, and Debt Consolidation Loan",42,22,16.79,8.0,_,2534.49,38.29480962547314,8 Years and 11 Months,NM,55.39520153014778,299.26656101223665,Low_spent_Small_value_payments,413.4249041242823,2024-07-01
CUS_0x9002,20851.59_,1701.6325,4,6,18,-100,Mortgage Loan,24,14,14.46,5.0,Standard,1195.06,36.515635101766456,16 Years and 8 Months,Yes,9.299161964160938,21.983857806562327,High_spent_Large_value_payments,378.88023022927683,2024-02-01
CUS_0x9038,33132.94,2478.078333333333,6,6,8,3,"Credit-Builder Loan, Credit-Builder Loan, and Mortgage Loan",23,10,0.61,2.0,Standard,795.69,24.02483088702669,21 Years and 4 Months,No,81.78093560227401,102.54957619536509,High_spent_Medium_value_payments,313.4773215356942,2023-10-01
CUS_0x903a,17214.01,1531.500833333333,8,6,19,8,"Auto Loan, Payday Loan, Debt Consolidation Loan, Personal Loan, Personal Loan, Not Specified, Home Equity Loan, and Not Specified",26,18,3.12,10.0,Bad,2534.96,30.58898741667335,11 Years and 9 Months,Yes,107.03786226244058,179.6311088188662,!@9#%8,156.48111225202655,2024-06-01
CUS_0x9070,120522.88,9816.573333333334,7,4,6,-100,"Mortgage Loan, Credit-Builder Loan, Home Equity Loan, Auto Loan, and Home Equity Loan",11,19,14.01,2015.0,Standard,1402.67,23.14595487908004,9 Years and 10 Months,Yes,408.5619300547407,77.89794010024563,Low_spent_Medium_value_payments,735.1974631783472,2025-01-01
CUS_0x9074,17685.73_,1552.8108333333332,2,1,5,4,"Payday Loan, Mortgage Loan, Student Loan, and Auto Loan",2,12,2.53,3.0,Good,838.13,36.61736958389274,17 Years and 2 Months,No,38.53351101415253,190.142549442424,Low_spent_Small_value_payments,216.60502287675686,2023-10-01
CUS_0x90e2,27377.06,1989.4216666666664,5,7,15,4,"Mortgage Loan, Not Specified, Debt Consolidation Loan, and Auto Loan",28,8,12.48,10.0,Standard,982.91,31.248816556850343,19 Years and 2 Months,Yes,57.316695441147424,43.09474095657836,High_spent_Large_value_payments,338.5307302689409,2023-02-01
CUS_0x9102,57030.99000000001,4986.5825,7,3,15,2,"Home Equity Loan, and Not Specified",18,17,9.88,6.0,Standard,2522.86,28.402922450609505,17 Years and 5 Months,Yes,69.8582895582342,197.7040096000396,!@9#%8,501.0959508417263,2023-01-01
CUS_0x9123,61614.58,5325.548333333333,5,5,10,2,"Payday Loan, and Mortgage Loan",14,21,19.41,6.0,Standard,1047.98,34.2719882392188,20 Years and 2 Months,Yes,85.8860471624414,185.90177765812905,High_spent_Medium_value_payments,510.7670085127629,2023-03-01
CUS_0x9167,177150.4,14710.533333333333,2,6,6,4,"Auto Loan, Mortgage Loan, Credit-Builder Loan, and Home Equity Loan",2,11,1.47,4.0,Good,429.86,39.22051716782752,21 Years and 8 Months,No,472.2784577044415,156.39280072825275,High_spent_Large_value_payments,1082.382074900639,2023-10-01
CUS_0x9175,145380.88,12361.073333333336,5,3,887,1,Student Loan,16,2,6.69,5.0,Good,797.79,35.282863660250406,31 Years and 1 Months,No,102.75860532724752,302.3972039803309,!@9#%8,1070.951524025755,2024-01-01
CUS_0x9176,32144.54,2950.711666666666,9,7,32,8,"Auto Loan, Student Loan, Debt Consolidation Loan, Student Loan, Mortgage Loan, Student Loan, Auto Loan, and Student Loan",28,21,27.29,6.0,Bad,3360.92,37.337103405249856,7 Years and 2 Months,Yes,166.09065286955968,242.1195285751291,Low_spent_Small_value_payments,176.86098522197787,2023-07-01
CUS_0x917b,17086.73,1157.8941666666667,8,5,25,3,"Credit-Builder Loan, Credit-Builder Loan, and Student Loan",14,8,17.67,6.0,Standard,2548.19,30.340001935885248,11 Years and 3 Months,Yes,30.47395445930724,62.02239818037428,Low_spent_Large_value_payments,293.2930640269852,2024-02-01
CUS_0x91b2,28472.92,2201.7433333333333,2,1,5285,4,"Home Equity Loan, Debt Consolidation Loan, Student Loan, and Personal Loan",8,5,7.69,7.0,Good,325.41,35.29142664791493,24 Years and 11 Months,No,75.55976368298326,70.17708185198059,High_spent_Medium_value_payments,324.4374877983695,2025-01-01
CUS_0x91df,129695.72,10589.976666666667,1,4,1,2,"Home Equity Loan, and Credit-Builder Loan",11,8,4.34,3.0,_,1446.6,33.21126162792958,17 Years and 0 Months,No,192.32609826080227,667.9410336542279,Low_spent_Medium_value_payments,478.73053475163664,2024-05-01
CUS_0x91f,21450.72,1713.5600000000004,2,5,10,3,"Personal Loan, Payday Loan, and Home Equity Loan",6,8,9.41,1.0,Good,123.12,25.81001399695988,33 Years and 5 Months,No,31.29690078186111,52.78699600085357,High_spent_Small_value_payments,347.2721032172853,2024-12-01
CUS_0x9215,36196.52,3201.376666666666,8,7,33,5,"Payday Loan, Student Loan, Credit-Builder Loan, Mortgage Loan, and Auto Loan",40,19,21.53,15.0,Bad,4730.21,32.9899827471606,13 Years and 3 Months,Yes,108.57586603685422,43.899658940567335,High_spent_Large_value_payments,407.6621416892452,2023-03-01
CUS_0x922,33599.08,2749.9233333333336,5,5,13,4,"Personal Loan, Not Specified, Mortgage Loan, and Debt Consolidation Loan",13,10,7.18,5.0,Standard,743.6,32.85332537562776,27 Years and 3 Months,Yes,95.59666049476527,306.61053545267794,Low_spent_Small_value_payments,162.78513738589015,2024-05-01
CUS_0x925,39094.34,3554.861666666666,3,5,11,3,"Payday Loan, Home Equity Loan, and Not Specified",4,0,10.84,3.0,Good,133.84,27.2193657784767,29 Years and 6 Months,No,66.8604610429916,134.34667101858992,High_spent_Medium_value_payments,404.27903460508514,2025-01-01
CUS_0x9278,20521.75,1632.145833333333,3,4,16,4,"Payday Loan, Auto Loan, Credit-Builder Loan, and Student Loan",8,9,14.07,6.0,Standard,306.23,38.30999820951976,11 Years and 4 Months,Yes,48.11081429861567,26.962517965294424,!@9#%8,328.14125106942316,2023-01-01
CUS_0x9288,20800.88,1715.406666666667,10,10,34,7,"Payday Loan, Personal Loan, Credit-Builder Loan, Payday Loan, Home Equity Loan, Payday Loan, and Auto Loan",20,24,15.45,14.0,Bad,2850.2,34.122689921707256,3 Years and 2 Months,Yes,60.87912198446632,70.34646456276711,!@9#%8,310.31508011943316,2023-03-01
CUS_0x92b9,46855.17,3987.5975,7,5,27,6,"Auto Loan, Not Specified, Debt Consolidation Loan, Auto Loan, Student Loan, and Auto Loan",36,20,19.86,7.0,Standard,1653.0,32.842437940342215,11 Years and 3 Months,Yes,145.55242168068656,140.93209748065638,Low_spent_Medium_value_payments,392.27523083865714,2024-07-01
CUS_0x92d5,19590.31_,1408.5258333333334,3,7,14,2,"Home Equity Loan, and Payday Loan",10,11,18.24,4.0,Standard,1131.45,25.53849707731998,19 Years and 2 Months,NM,31.47494933859052,73.72688223681746,!@9#%8,325.6507517579254,2023-09-01
CUS_0x92f9,21555.5,2006.291666666667,6,6,20,2,"Student Loan, and Not Specified",30,8,21.58,9.0,Standard,857.88,22.42740069680617,6 Years and 9 Months,Yes,22.772211203335985,126.87902699967344,!@9#%8,330.9779284636573,2023-11-01
CUS_0x9338,72252.36,6059.03,5,3,12,4,"Credit-Builder Loan, Debt Consolidation Loan, Credit-Builder Loan, and Personal Loan",21,15,9.1,4.0,Standard,51.39,23.414051744356808,25 Years and 9 Months,No,127.15030194941885,132.35376657125823,High_spent_Large_value_payments,586.398931479323,2024-04-01
CUS_0x935b,10616.07,899.6725,5,6,14,5,"Student Loan, Personal Loan, Credit-Builder Loan, Mortgage Loan, and Home Equity Loan",5,20,17.36,7.0,_,765.97,28.72982191289068,10 Years and 10 Months,Yes,28.71775192183189,32.973551759815194,High_spent_Medium_value_payments,278.2759463183529,2024-12-01
CUS_0x9365,16868.34,1570.695,10,7,22,8,"Debt Consolidation Loan, Payday Loan, Mortgage Loan, Payday Loan, Auto Loan, Mortgage Loan, Personal Loan, and Personal Loan",31,19,5.36,8.0,_,2086.07,24.14085796470705,12 Years and 8 Months,Yes,101.50571588415876,20.538954031434766,Low_spent_Medium_value_payments,222.99341744643368,2024-04-01
CUS_0x940d,25415.42,2339.9516666666664,7,6,11,1,Auto Loan,18,14,8.45,5.0,Standard,1272.08,29.81174854770197,20 Years and 9 Months,No,12.232103167641355,32.587349341246494,High_spent_Medium_value_payments,439.17571415777877,2023-10-01
CUS_0x9442,18225.38,1487.781666666667,8,9,19,8,"Student Loan, Payday Loan, Payday Loan, Mortgage Loan, Credit-Builder Loan, Mortgage Loan, Debt Consolidation Loan, and Mortgage Loan",34,21,17.2,16.0,Bad,2652.19,39.39712901103439,12 Years and 10 Months,Yes,71.8255587315648,93.631204491725,Low_spent_Medium_value_payments,263.32140344337694,2024-08-01
CUS_0x9443,8204.11,816.6758333333332,6,7,20,9,"Mortgage Loan, Personal Loan, Credit-Builder Loan, Payday Loan, Student Loan, Not Specified, Payday Loan, Mortgage Loan, and Auto Loan",44,15,-2.3600000000000003,8.0,Bad,2359.92,34.275827693078554,19 Years and 5 Months,Yes,57.87131550498545,39.883210205128606,Low_spent_Medium_value_payments,263.9130576232193,2023-02-01
CUS_0x944e,11834.645,688.2204166666667,5,7,10,2,"Credit-Builder Loan, and Payday Loan",27,13,15.62,10.0,Standard,1095.9,37.72863755464465,13 Years and 10 Months,Yes,11.089574893795469,__10000__,Low_spent_Medium_value_payments,299.233745111019,2023-10-01
CUS_0x94ae,14665.31,1230.1091666666666,6,6,25,6,"Not Specified, Mortgage Loan, Not Specified, Mortgage Loan, Payday Loan, and Personal Loan",35,17,2.7,9.0,Bad,4696.1,34.95040887446295,5 Years and 11 Months,Yes,44.18837100071423,103.50483229079151,Low_spent_Small_value_payments,265.3177133751609,2023-02-01
CUS_0x94f6,90789.21,7836.767499999999,1,1106,5,2,"Personal Loan, and Mortgage Loan",8,7,3.53,8.0,Good,18.15,40.86232727036562,16 Years and 10 Months,No,105.50525097966027,320.45833032431295,Low_spent_Medium_value_payments,637.7131686960267,2023-07-01
CUS_0x953c,132872.72,11203.726666666667,3,3,10,2,"Home Equity Loan, and Student Loan",14,5,10.28,4.0,Good,89.68,29.55005879344251,28 Years and 3 Months,No,144.83068233841504,173.51080191051963,High_spent_Large_value_payments,1042.0311824177322,2024-10-01
CUS_0x9550,34435.82,2740.651666666666,6,4,14,1,Auto Loan,16,13,17.81,7.0,Standard,360.11,39.34963818892325,10 Years and 5 Months,Yes,27.827486038488328,92.05660772680315,High_spent_Medium_value_payments,404.1810729013752,2024-01-01
CUS_0x955d,9536.42,769.7016666666667,7,5,26,6,"Personal Loan, Student Loan, Not Specified, Home Equity Loan, Mortgage Loan, and Credit-Builder Loan",26,25,5.26,15.0,Bad,1298.56,33.155184953994805,20 Years and 2 Months,Yes,37.09339740269709,41.063982429659106,Low_spent_Small_value_payments,288.8127868343105,2023-06-01
CUS_0x956d,140254.28,11655.856666666668,5,5,7,3,"Credit-Builder Loan, Credit-Builder Loan, and Personal Loan",7,12,6.7,4.0,Good,84.81,40.55517187893721,22 Years and 8 Months,No,210.82437934383216,360.6417299533107,!@9#%8,844.1195573695238,2023-08-01
CUS_0x958e,89269.79999999997,7494.149999999999,5,4,12,3,"Mortgage Loan, Payday Loan, and Student Loan",28,12,10.35,2.0,Standard,444.69,33.291837600140056,19 Years and 0 Months,Yes,209.7322460408085,367.1460297159349,High_spent_Small_value_payments,432.53672424325663,2023-10-01
CUS_0x95e7,7080.7,358.0583333333333,9,9,20,8,"Payday Loan, Mortgage Loan, Not Specified, Not Specified, Debt Consolidation Loan, Personal Loan, Debt Consolidation Loan, and Student Loan",25,22,24.58,9.0,Bad,3011.81,30.36353300364932,5 Years and 8 Months,NM,35.015311132050165,34.63343715543564,Low_spent_Medium_value_payments,246.15708504584754,2023-10-01
CUS_0x960f,14480.21,943.6841666666668,10,7,24,9,"Payday Loan, Credit-Builder Loan, Debt Consolidation Loan, Payday Loan, Auto Loan, Personal Loan, Not Specified, Auto Loan, and Not Specified",25,17,15.93,10.0,_,3873.09,25.289404099339453,8 Years and 2 Months,Yes,54.587566811939446,71.95692419680299,Low_spent_Small_value_payments,257.82392565792424,2023-12-01
CUS_0x961f,13838.18,1420.1816666666666,5,4,15,6,"Student Loan, Not Specified, Not Specified, Payday Loan, Student Loan, and Debt Consolidation Loan",12,16,9.6,7.0,_,1381.32,23.099164746587228,18 Years and 6 Months,Yes,51.98653037308748,54.408204866177975,Low_spent_Small_value_payments,325.6234314274012,2024-12-01
CUS_0x971a,72841.32,5827.1100000000015,3,6,30,5,"Payday Loan, Payday Loan, Payday Loan, Home Equity Loan, and Mortgage Loan",15,12,16.93,7.0,Standard,1992.97,32.557440774135124,16 Years and 6 Months,NM,279.2915313171151,225.8171931458458,Low_spent_Medium_value_payments,357.60227553703925,2023-08-01
CUS_0x975d,143883.28,12131.273333333333,4,3,4,4,"Credit-Builder Loan, Debt Consolidation Loan, Credit-Builder Loan, and Auto Loan",27,8,3.56,4.0,Good,354.41,24.63251402265729,24 Years and 8 Months,No,398.4961966861016,615.5375506226309,High_spent_Small_value_payments,459.0935860246009,2023-10-01
CUS_0x97a4,58942.6,5168.883333333333,9,6,18,6,"Home Equity Loan, Mortgage Loan, Auto Loan, Payday Loan, Debt Consolidation Loan, and Credit-Builder Loan",58,22,0.52,13.0,Bad,2517.0,40.11246975362493,15 Years and 9 Months,NM,187.70354492842685,102.80771905532947,High_spent_Large_value_payments,466.37706934957697,2023-11-01
CUS_0x97aa,43831.6,3506.633333333333,6,7,15,2,"Credit-Builder Loan, and Payday Loan",18,13,11.08,2.0,_,1231.16,36.47900681246808,28 Years and 0 Months,No,66.33023758604543,112.934279673747,High_spent_Medium_value_payments,421.39881607354096,2023-04-01
CUS_0x9828,17535.65,1490.3041666666668,8,7,29,6,"Credit-Builder Loan, Payday Loan, Debt Consolidation Loan, Auto Loan, Auto Loan, and Home Equity Loan",18,18,19.11,10.0,Standard,1485.54,38.00063661153502,20 Years and 8 Months,Yes,81.70490745142334,90.39512447623508,High_spent_Small_value_payments,236.9303847390083,2023-10-01
CUS_0x9836,26013.73,1904.8108333333328,7,6,5,3,"Home Equity Loan, Credit-Builder Loan, and Debt Consolidation Loan",19,19,1.58,1.0,Standard,515.55,25.00915975233498,21 Years and 0 Months,Yes,59.21204297331721,72.16562598768525,High_spent_Medium_value_payments,309.10341437233086,2024-10-01
CUS_0x9871,85553.97,7223.4975,1,4,1,2,"Not Specified, and Credit-Builder Loan",4,-2,10.65,1.0,Good,180.95,33.03243965338365,18 Years and 6 Months,No,95.1054258716156,__10000__,Low_spent_Large_value_payments,549.471167140616,2024-03-01
CUS_0x9884,56313.96,4860.83,4,5,8,2,"Mortgage Loan, and Debt Consolidation Loan",9,9,7.88,1.0,Good,1333.22,34.32814697042686,28 Years and 0 Months,No,75.00221722202626,46.48691603636159,High_spent_Large_value_payments,604.5938667416121,2023-09-01
CUS_0x98a,20524.7,1791.3916666666669,9,10,24,9,"Mortgage Loan, Personal Loan, Debt Consolidation Loan, Payday Loan, Home Equity Loan, Payday Loan, Not Specified, Mortgage Loan, and Auto Loan",32,25,8.86,12.0,Bad,4021.94,35.07927262870533,8 Years and 11 Months,Yes,79.79906572624873,108.07019297363505,High_spent_Small_value_payments,251.2699079667829,2023-07-01
CUS_0x98cc,9771.77,574.0346036490059,6,6,8,4,"Personal Loan, Mortgage Loan, Personal Loan, and Not Specified",24,9,6.76,7.0,Standard,316.13,24.91124362333315,29 Years and 1 Months,Yes,105.3107736175048,56.38119858787297,Low_spent_Small_value_payments,271.8190074789497,2024-06-01
CUS_0x98cd,74800.0,5967.333333333332,3,1,5,4,"Credit-Builder Loan, Personal Loan, Home Equity Loan, and Payday Loan",8,7,7.73,4.0,Good,1132.51,32.37290695235977,28 Years and 4 Months,No,244.58397254644612,240.14317686380286,High_spent_Medium_value_payments,362.00618392308417,2024-11-01
CUS_0x9902,141474.2,11536.516666666668,3,3,18,0_,,11,11,15.62,5.0,Standard,364.38,30.174493448297127,24 Years and 0 Months,NM,0.0,726.7438810860326,Low_spent_Medium_value_payments,706.9077855806343,2023-05-01
CUS_0x990e,35260.69,2839.390833333333,0,6,5,4_,"Debt Consolidation Loan, Payday Loan, Home Equity Loan, and Debt Consolidation Loan",1,0,-1.16,2.0,Good,51.5,30.623820502618543,29 Years and 10 Months,No,91.4291217839192,185.41215757308743,Low_spent_Large_value_payments,277.0978039763268,2024-02-01
CUS_0x9916,69591.18,5708.264999999999,5,1,2,2,"Mortgage Loan, and Not Specified",7,0,4.02,6.0,Good,1050.09,29.715501246394734,32 Years and 0 Months,No,73.6064190847753,156.92066421094887,High_spent_Medium_value_payments,590.2994167042757,2023-01-01
CUS_0x9983,57219.92,4511.326666666667,8,6,33,6,"Student Loan, Not Specified, Home Equity Loan, Not Specified, Personal Loan, and Personal Loan",18,24,19.25,13.0,Bad,4935.76,32.71172172380787,3 Years and 8 Months,Yes,159.295824218156,63.241849296401966,High_spent_Medium_value_payments,478.5949931521087,2024-03-01
CUS_0x99a9,27956.77,2624.730833333333,5,5,20,2,"Mortgage Loan, and Not Specified",21,7,15.9,8.0,Standard,249.39,36.38465025525519,29 Years and 2 Months,Yes,26.9887497741038,60.41285506733819,High_spent_Medium_value_payments,425.0714784918914,2023-11-01
CUS_0x99ec,131844.32,10874.026666666668,6,3,10,1,Auto Loan,5,18,14.31,9.0,Standard,398.2,27.67382745632517,8 Years and 0 Months,Yes,106.77960906902388,__10000__,Low_spent_Small_value_payments,17.719701838406873,2024-02-01
CUS_0x9a18,40517.81,3215.484166666666,1,2,2,1,Credit-Builder Loan,4,10,5.47,0.0,Good,1491.23,38.36030465177206,30 Years and 11 Months,No,25.05956173406492,174.9848672621254,High_spent_Small_value_payments,381.50398767047636,2024-03-01
CUS_0x9a26,61204.77,5057.3975,8,8,32,6,"Not Specified, Home Equity Loan, Not Specified, Student Loan, Student Loan, and Auto Loan",25,26,18.42,16.0,_,4751.96,31.260176839825387,13 Years and 3 Months,Yes,236.4311998161849,158.36998312753374,High_spent_Medium_value_payments,360.9385670562813,2024-01-01
CUS_0x9a55,7296.72,840.0600000000002,8,6,29,5,"Credit-Builder Loan, Mortgage Loan, Auto Loan, Home Equity Loan, and Student Loan",18,12,17.65,13.0,_,2567.89,39.4291137711767,6 Years and 6 Months,Yes,30.014600717117123,96.1954501806814,Low_spent_Small_value_payments,247.7959491022015,2023-01-01
CUS_0x9a70,15264.39,1383.0325,1,4,5,0,,14,10,0.9500000000000002,2.0,_,104.07,22.61820774575088,21 Years and 2 Months,No,0.0,56.267036255123216,!@9#%8,372.03621374487676,2024-03-01
CUS_0x9aa1,16517.795,1467.4829166666666,5,6,11,0,,25,13,4.67,7.0,Standard,87.91,27.69237140575211,23 Years and 10 Months,Yes,0.0,122.18853040234195,Low_spent_Medium_value_payments,304.55976126432466,2024-03-01
CUS_0x9ac5,112423.8,9485.65,1,3,4,3,"Student Loan, Home Equity Loan, and Payday Loan",1,9,6.04,4.0,Good,655.91,39.68500256822122,27 Years and 4 Months,No,158.47536619351328,140.6663415807565,!@9#%8,899.4232922257303,2024-08-01
CUS_0x9c03,81760.0,6988.333333333332,8,5,24,3,"Credit-Builder Loan, Home Equity Loan, and Debt Consolidation Loan",39,21,7.71,12.0,Bad,2604.66,29.317103883143872,14 Years and 2 Months,Yes,125.1786318915412,290.45849422964983,Low_spent_Small_value_payments,573.1962072121424,2023-11-01
CUS_0x9c2e,19013.31_,1571.4425,979,7,26,5,"Personal Loan, Auto Loan, Student Loan, Debt Consolidation Loan, and Debt Consolidation Loan",54,18,23.55,10.0,Bad,2838.06,27.802949464270178,5 Years and 5 Months,Yes,48.73686785102105,82.25921760533637,Low_spent_Small_value_payments,316.14816454364257,2023-04-01
CUS_0x9c85,110607.09,8997.2575,4,4,2,3,"Home Equity Loan, Debt Consolidation Loan, and Auto Loan",2,9,4.26,6.0,Good,1174.05,38.706786002335406,22 Years and 4 Months,No,154.8241362088844,354.45825513371034,High_spent_Small_value_payments,650.4433586574054,2023-09-01
CUS_0x9cdc,16937.425,1162.4520833333331,4,5,4,1,Home Equity Loan,10,2_,_,1.0,Good,167.57,27.77495346794608,22 Years and 0 Months,No,7.247942505883222,21.501074765190477,Low_spent_Small_value_payments,341.6580453612024,2024-06-01
CUS_0x9ce0,21964.79,1783.3991666666668,5,2,11,3,"Home Equity Loan, Mortgage Loan, and Not Specified",1,5,11.38,5.0,Good,1151.01,31.35899365042289,33 Years and 2 Months,No,39.958297933354565,52.481528845958145,High_spent_Large_value_payments,345.64405945990194,2024-11-01
CUS_0x9ce4,32540.8,2816.733333333333,10,10,29,9,"Auto Loan, Mortgage Loan, Debt Consolidation Loan, Mortgage Loan, Mortgage Loan, Home Equity Loan, Student Loan, Auto Loan, and Credit-Builder Loan",32,25,16.54,6.0,Bad,2571.84,28.864933228444887,6 Years and 2 Months,NM,26598.0,43.21496307538239,High_spent_Large_value_payments,339.95836724842417,2023-08-01
CUS_0x9d0a,88045.8,7108.1500000000015,5,4,19,4,"Home Equity Loan, Not Specified, Not Specified, and Student Loan",14,13,9.57,6.0,Standard,262.3,41.243476931028844,22 Years and 5 Months,Yes,268.581906060986,88.94773638255171,High_spent_Large_value_payments,593.2853575564625,2024-09-01
CUS_0x9d3d,15400.19,1140.2852857482385,6,10,17,2,"Auto Loan, and Not Specified",56,8,14.71,10.0,Standard,2567.88,36.24644121316267,6 Years and 10 Months,NM,105.6513666752542,42.78297072677304,Low_spent_Small_value_payments,351.3644601830677,2024-09-01
CUS_0x9d51,15361.995_,1414.16625,8,6,10,5,"Credit-Builder Loan, Not Specified, Debt Consolidation Loan, Personal Loan, and Student Loan",11,23,13.35,11.0,Standard,440.92,29.91200631432583,10 Years and 6 Months,Yes,51.74325540998792,124.81890740162314,Low_spent_Small_value_payments,254.8544621883889,2023-04-01
CUS_0x9d64,116114.76,9541.23,5,3,18,0,,6,10,9.96,7.0,Standard,37.71_,36.45815304646364,16 Years and 4 Months,Yes,0.0,1178.4403291288534,Low_spent_Small_value_payments,65.68267087114691,2025-01-01
CUS_0x9da4,77380.48,6229.81907152606,5,2,8,0,,0,0,2.2,1.0,_,486.34,27.77716790438314,20 Years and 3 Months,No,388.55426180727386,99.4969398742959,High_spent_Large_value_payments,802.3403934590375,2024-07-01
CUS_0x9dc3,59154.04_,4090.097333269687,2,5,8,1,Payday Loan,23,10,11.4,4.0,Good,1346.13,31.418225212083,22 Years and 4 Months,No,10306.0,173.2666752942369,!@9#%8,503.32809795300795,2024-11-01
CUS_0x9df0,36115.92,2716.66,0,7,9,3,"Student Loan, Not Specified, and Personal Loan",11,3,4.02,3.0,Good,886.95,36.15913499892901,23 Years and 4 Months,No,78.05225497436741,176.341769337386,High_spent_Small_value_payments,277.2719756882466,2023-10-01
CUS_0x9df7,128919.96,10511.33,0,3,10,3,"Personal Loan, Personal Loan, and Home Equity Loan",15,12,5.9,3.0,_,579.15,28.150534623400283,27 Years and 11 Months,No,211.66336630523205,76.47568855878411,High_spent_Large_value_payments,1002.9939451359837,2023-09-01
CUS_0x9e3c,33579.27,2523.2725,6,5,20,3,"Credit-Builder Loan, Credit-Builder Loan, and Personal Loan",18,14,13.51,7.0,Standard,517.8,23.88385218500444,21 Years and 4 Months,Yes,70.92850703935073,105.58764858002756,High_spent_Medium_value_payments,325.8110943806217,2023-05-01
CUS_0x9e3f,15923.295,1621.94125,4,3,5,2,"Home Equity Loan, and Debt Consolidation Loan",6,12,7.89,1.0,Standard,1480.54,39.324585822199154,27 Years and 4 Months,No,24.84397732618231,47.56472601936964,!@9#%8,349.7854216544481,2024-07-01
CUS_0x9e42,126603.51,10711.2925,1,5,2,2,"Personal Loan, and Student Loan",7,-3,6.04,4.0,_,545.67,38.89577690608529,30 Years and 5 Months,No,163.94448184700911,97.40864410294265,High_spent_Large_value_payments,1049.776124050048,2024-06-01
CUS_0x9e5b,92652.09,7635.0075,7,7,4,1,Home Equity Loan,13,16,7.17,4.0,Standard,156.76,33.935599165890366,19 Years and 3 Months,No,41.36481718234322,309.65362412465754,High_spent_Small_value_payments,672.4823086929994,2023-03-01
CUS_0x9e5f,8057.715,925.47625,9,10,32,2,"Home Equity Loan, and Personal Loan",53,9,19.63,10.0,Standard,1558.88,27.04016436569133,6 Years and 3 Months,Yes,7.049634750496763,53.84667343639953,Low_spent_Medium_value_payments,311.65131681310373,2023-08-01
CUS_0x9e80,104455.02,8892.585,4,4,8,3,"Debt Consolidation Loan, Auto Loan, and Payday Loan",12,4,3.94,9.0,Good,1222.3,35.157310776656644,28 Years and 8 Months,No,215.11032310156665,487.65560502930185,High_spent_Small_value_payments,446.4925718691315,2024-09-01
CUS_0x9e8d,20299.4,1757.6166666666668,9,6,22,6,"Home Equity Loan, Credit-Builder Loan, Personal Loan, Credit-Builder Loan, Not Specified, and Mortgage Loan",48,19,26.12,10.0,Bad,3917.82,34.319660822018754,2 Years and 3 Months,Yes,75.77365520391602,161.9159343963197,Low_spent_Medium_value_payments,218.072077066431,2023-11-01
CUS_0x9ed1,15641.73,1205.4775,1,4,8,4,"Home Equity Loan, Payday Loan, Credit-Builder Loan, and Credit-Builder Loan",-3,4,11.73,3.0,Good,1429.18,38.170741490117656,21 Years and 11 Months,No,30.88270741777375,45.98988261961596,Low_spent_Medium_value_payments,323.67515996261034,2023-11-01
CUS_0x9ee4,102745.4,8615.116666666667,3,4,11,0,,13,15,3.8,4.0,Good,465.88,32.50294881949152,16 Years and 8 Months,No,0.0,559.142138510609,Low_spent_Large_value_payments,572.3695281560578,2023-09-01
CUS_0x9efc,33418.55,2739.879166666667,6,3,5,2,"Student Loan, and Payday Loan",11,17,18.98,7.0,Standard,415.34,36.0310745653239,11 Years and 0 Months,Yes,37.63232989584368,126.47806805432744,Low_spent_Medium_value_payments,389.8775187164956,2024-07-01
CUS_0x9efd,8446.24_,909.186680650896,8,5,16,3,"Student Loan, Credit-Builder Loan, and Mortgage Loan",23,19,4.46,11.0,Bad,1425.23,38.45733647263047,19 Years and 3 Months,Yes,80.25169765024204,120.09357273550287,Low_spent_Small_value_payments,248.40671563002576,2024-06-01
CUS_0x9f69,43504.07,3767.339166666666,5,4,2,2,"Mortgage Loan, and Student Loan",10,2,6.76,6.0,Good,530.51,33.49812582751278,30 Years and 8 Months,No,53.4283374998532,360.9005926481629,!@9#%8,252.4049865186505,2024-12-01
CUS_0x9fff,25020.07,1928.005833333333,4,3,10,1,Home Equity Loan,23,10,3.1,5.0,_,94.75,36.79139951528244,22 Years and 5 Months,NM,17.06628101073421,63.81834689773877,High_spent_Medium_value_payments,361.9159554248604,2024-12-01
CUS_0xa00f,105950.76,8905.23,6,5,12,1,Not Specified,21,17,10.18,8.0,Standard,746.19,31.594551375330035,30 Years and 4 Months,No,46.54472119383624,72.46380995837937,High_spent_Large_value_payments,1011.5144688477844,2024-05-01
CUS_0xa011,31408.15,2609.3458333333333,5,3,18,2,"Mortgage Loan, and Personal Loan",6,19,19.13,12.0,_,1408.66,22.19522910163204,20 Years and 11 Months,Yes,30.79188323930164,245.90863432413846,Low_spent_Small_value_payments,274.2340657698933,2023-09-01
CUS_0xa04f,135941.28,11058.44,3,3,11,3_,"Personal Loan, Home Equity Loan, and Mortgage Loan",27,6,7.21,0.0,_,1209.32,29.45938937149199,31 Years and 3 Months,Yes,66023.0,361.8082295314306,Low_spent_Medium_value_payments,741.7511900164363,2023-05-01
CUS_0xa05,18949.07,1562.0891666666666,10,9,29,5,"Debt Consolidation Loan, Debt Consolidation Loan, Personal Loan, Payday Loan, and Not Specified",52,18,16.57,8.0,Bad,4454.76,29.25938109844189,9 Years and 0 Months,Yes,55.67782990151591,80.07832907895627,High_spent_Small_value_payments,280.4527576861945,2025-01-01
CUS_0xa053,87695.34,7337.945,2,7,7,0,,5,10,6.52,6.0,Good,361.68,40.0228064823165,19 Years and 8 Months,No,0.0,143.00179477680922,High_spent_Large_value_payments,830.7927052231908,2024-01-01
CUS_0xa06,36791.9,2772.991666666667,6,958,20,3,"Debt Consolidation Loan, Home Equity Loan, and Student Loan",26,19,1.6,4.0,Standard,145.6,38.57370585098119,24 Years and 0 Months,No,57.30150931559734,30.619596611788864,High_spent_Medium_value_payments,439.3780607392805,2024-03-01
CUS_0xa080,18802.31,1292.8591666666666,7,8,18,8,"Debt Consolidation Loan, Mortgage Loan, Personal Loan, Personal Loan, Debt Consolidation Loan, Home Equity Loan, Debt Consolidation Loan, and Credit-Builder Loan",37,21,19.7,11.0,Bad,4416.32,29.430039529955007,5 Years and 11 Months,Yes,66.31256648622086,53.06428489274503,Low_spent_Small_value_payments,299.9090652877008,2023-12-01
CUS_0xa08c,10917.655,1121.3963522601218,5,4,19,6,"Not Specified, Mortgage Loan, Auto Loan, Credit-Builder Loan, Personal Loan, and Credit-Builder Loan",7,15,16.49,7.0,_,278.25,27.88146801663526,15 Years and 2 Months,Yes,94.3119662527189,61.088357939985066,Low_spent_Large_value_payments,286.58836521384114,2023-07-01
CUS_0xa0cd,21209.33,1749.444166666667,7,7,8,-100,Credit-Builder Loan,30,12,18.7,7.0,Standard,138.94,24.61711510456771,24 Years and 9 Months,NM,17.303508891205805,87.5583238211089,Low_spent_Large_value_payments,340.082583954352,2024-04-01
CUS_0xa130,42384.08,3296.0066666666667,3,4,4,0,,21,19,11.55,5.0,Standard,887.44,26.56417142520809,24 Years and 0 Months,No,0.0,192.94971295837482,Low_spent_Small_value_payments,426.65095370829187,2024-02-01
CUS_0xa204,16735.02,1176.585,9,10,15,7,"Mortgage Loan, Credit-Builder Loan, Mortgage Loan, Personal Loan, Home Equity Loan, Debt Consolidation Loan, and Home Equity Loan",48,14,14.43,11.0,Standard,2168.76,35.81133215618739,18 Years and 5 Months,Yes,71.74975958755209,__10000__,High_spent_Small_value_payments,237.6068895858316,2024-09-01
CUS_0xa223,28253.33,2249.4441666666667,1,6,5,4_,"Student Loan, Auto Loan, Payday Loan, and Home Equity Loan",7,9,9.0,6.0,_,1104.91,25.3512787596024,25 Years and 11 Months,No,93.60803133425492,123.73050294705251,Low_spent_Small_value_payments,297.60588238535917,2023-08-01
CUS_0xa26,29377.62,2430.135,5,4,5,1,Debt Consolidation Loan,15,16,11.48,8.0,Standard,911.06,33.46273913564972,28 Years and 0 Months,Yes,17.32722005069449,53.743679136381004,High_spent_Large_value_payments,411.9426008129245,2024-02-01
CUS_0xa262,67639.38,5679.615000000002,3,2,7,2,"Debt Consolidation Loan, and Home Equity Loan",3,10,10.23,0.0,Good,423.26,36.06750527005787,26 Years and 7 Months,No,96.24654424227133,__10000__,Low_spent_Large_value_payments,415.2877388292044,2024-12-01
CUS_0xa279,27113.76,1962.48,7,3,8,-100,"Credit-Builder Loan, Mortgage Loan, Auto Loan, Home Equity Loan, Auto Loan, Credit-Builder Loan, and Auto Loan",29,19,8.12,12.0,_,834.43,33.30244115084385,15 Years and 10 Months,Yes,97.89329113184694,175.08494405408683,Low_spent_Small_value_payments,213.26976481406624,2024-08-01
CUS_0xa2b,89256.75_,7379.0625,8,5,15,-100,,13,9,1.92,1.0,Standard,49.03,29.714068843831782,21 Years and 4 Months,Yes,0.0,259.6624433769032,Low_spent_Medium_value_payments,758.2438066230968,2023-12-01
CUS_0xa2b6,27020.67,2514.7225,5,7,15,0,,18,14_,3.27,4.0,Standard,764.45,25.45420666088748,16 Years and 3 Months,No,0.0,70.78100887245215,High_spent_Medium_value_payments,430.6912411275479,2024-09-01
CUS_0xa2eb,56366.58,4897.215,5,3,20,2,"Mortgage Loan, and Payday Loan",11,20,_,5.0,Standard,327.8,42.06173744786889,23 Years and 9 Months,Yes,65.36005762331358,177.7630682512453,!@9#%8,490.86036319592944,2024-11-01
CUS_0xa2f7,20005.22,1683.101666666667,8,3,6,4,"Home Equity Loan, Credit-Builder Loan, Personal Loan, and Not Specified",22,20,18.33,13.0,Standard,1859.45,25.47481436002419,13 Years and 0 Months,Yes,59.51321413246297,176.44557305338955,Low_spent_Small_value_payments,222.35137948081416,2025-01-01
CUS_0xa303,78390.96,6609.580000000001,9,7,21,8,"Personal Loan, Payday Loan, Credit-Builder Loan, Home Equity Loan, Home Equity Loan, Credit-Builder Loan, Mortgage Loan, and Payday Loan",50,19,7.18,7.0,Bad,4298.96,37.72914865656765,8 Years and 5 Months,Yes,437.01275293262665,374.81667952297175,Low_spent_Medium_value_payments,129.12856754440173,2023-03-01
CUS_0xa31b,106879.71,8676.6425,1,4,11,4,"Mortgage Loan, Home Equity Loan, Personal Loan, and Credit-Builder Loan",7,7,2.31,7.0,Good,1057.95,23.73985332439205,31 Years and 11 Months,NM,182.65467474947567,449.35615555138537,High_spent_Small_value_payments,495.653419699139,2023-06-01
CUS_0xa36e,36377.09,3146.424166666666,1,5,3,4,"Home Equity Loan, Debt Consolidation Loan, Payday Loan, and Auto Loan",11,1,9.42,3.0,Good,822.54,33.41086199437621,16 Years and 2 Months,No,117.27948408848464,__10000__,!@9#%8,279.0054991411612,2023-12-01
CUS_0xa3b5,68588.28,5913.69,8,7,17,1,Payday Loan,11,9_,2.61,3.0,Standard,347.58,30.43425959799849,30 Years and 5 Months,No,35.65185868338628,195.4920139370187,High_spent_Medium_value_payments,610.225127379595,2024-07-01
CUS_0xa442,77945.08,6319.423333333332,8,5,24,5,"Personal Loan, Personal Loan, Debt Consolidation Loan, Debt Consolidation Loan, and Debt Consolidation Loan",56,24,29.06,7.0,_,4467.44,35.198667987644136,14 Years and 4 Months,NM,267.04047764514496,560.7399914577437,Low_spent_Large_value_payments,74.16186423044473,2023-03-01
CUS_0xa46e,131557.44,11144.12,4,6,6,1,Auto Loan,25,20,11.7,5.0,Standard,1031.15,46.23068290110786,31 Years and 10 Months,Yes,100.56510421267444,200.23611436590943,High_spent_Large_value_payments,1053.610781421416,2025-01-01
CUS_0xa478,125222.6,10208.216666666667,1,5,2,2,"Payday Loan, and Student Loan",6,1,3.47,5.0,Good,188.33,27.58554051232085,17 Years and 11 Months,No,205.6343261282746,186.98268128894625,High_spent_Large_value_payments,868.204659249446,2024-01-01
CUS_0xa4d9,43956.23,3820.019166666667,3,4,4,0,,14,1,7.16,4.0,_,1084.09,30.46817834389801,30 Years and 4 Months,No,0.0,289.20833194383516,Low_spent_Large_value_payments,362.7935847228315,2024-12-01
CUS_0xa4ee,7471.91,597.6591666666667,8,8,18,6,"Personal Loan, Payday Loan, Payday Loan, Home Equity Loan, Mortgage Loan, and Not Specified",29,17,18.95,8.0,Standard,1814.13,33.326484723486054,19 Years and 4 Months,Yes,18.694162128399395,__10000__,!@9#%8,283.8933868042348,2025-01-01
CUS_0xa53,107289.36000000002,9031.78,6,4,7,3,"Mortgage Loan, Personal Loan, and Mortgage Loan",9,9,7.77,5.0,_,815.62,32.906426861237094,23 Years and 3 Months,NM,207.77772889476967,59.669931638722325,High_spent_Large_value_payments,875.730339466508,2024-07-01
CUS_0xa5a4,135452.08,11212.673333333332,0,3,2,1,Not Specified,4,11,1.21,4.0,Good,257.19,42.099774144561394,20 Years and 11 Months,No,69.23716233825547,432.0669977905727,High_spent_Medium_value_payments,869.963173204505,2025-01-01
CUS_0xa666,31153.48,2543.123333333333,2,5,9,3,"Debt Consolidation Loan, Home Equity Loan, and Payday Loan",14,9,5.96,5.0,Good,737.93,29.433256742468764,18 Years and 8 Months,No,68.46128852529768,105.86270402297116,High_spent_Medium_value_payments,329.9883407850645,2024-05-01
CUS_0xa667,32021.48,2444.4566666666665,2,1,7,3,"Auto Loan, Payday Loan, and Payday Loan",0,0,4.7,5.0,_,1317.45,25.524107345907787,33 Years and 6 Months,No,56.11966957514071,251.8562174738047,Low_spent_Small_value_payments,226.46977961772126,2024-07-01
CUS_0xa66c,74349.18,6133.764999999999,0,3,2,2,"Home Equity Loan, and Debt Consolidation Loan",14,0,4.64,5.0,_,929.91,26.65558975617921,28 Years and 10 Months,No,12736.0,375.1684846032906,Low_spent_Large_value_payments,441.7909192942993,2023-12-01
CUS_0xa682,22933.45,1873.1208333333327,8,7,19,4,"Credit-Builder Loan, Mortgage Loan, Personal Loan, and Auto Loan",30,11,6.52,4.0,Standard,328.94,35.24163490304423,20 Years and 5 Months,Yes,38.75600325764032,70.97280465617354,High_spent_Medium_value_payments,327.5832754195195,2023-04-01
CUS_0xa68a,76593.92,6402.826666666668,6,9,27,3,"Home Equity Loan, Payday Loan, and Auto Loan",45,19,0.71,13.0,Bad,1864.11,27.55201357399023,17 Years and 9 Months,NM,96.71243804653636,174.80828081350174,High_spent_Small_value_payments,628.7619478066285,2023-02-01
CUS_0xa6d5,20762.97,1651.2475000000004,8,10,23,5,"Student Loan, Debt Consolidation Loan, Mortgage Loan, Credit-Builder Loan, and Auto Loan",55,14,9.9,10.0,Bad,1671.15_,29.51336041888284,16 Years and 10 Months,Yes,75.4912701155931,59.700176714829766,High_spent_Small_value_payments,289.9333031695772,2023-10-01
CUS_0xa6d9,96826.96,7933.913333333334,8,5,7,0,,13,19,8.76,5.0,Standard,1290.07,25.98308652727739,26 Years and 2 Months,NM,0.0,369.7411273250808,High_spent_Small_value_payments,683.6502060082527,2023-01-01
CUS_0xa6e7,37424.09,3182.674166666666,4,5,5,2,"Home Equity Loan, and Auto Loan",1,3827,3.55,1.0,_,509.45,36.07648490438002,28 Years and 8 Months,No,62.10742941594819,__10000__,High_spent_Medium_value_payments,468.6484851112813,2024-07-01
CUS_0xa6e8,33349.63,2925.1358333333333,4,1,3,2,"Home Equity Loan, and Auto Loan",14,6,1.59,2.0,Good,248.58,24.6855589741507,18 Years and 8 Months,No,45.898363623626565,286.9854940091891,Low_spent_Small_value_payments,249.6297257005177,2023-08-01
CUS_0xa731,16724.455,1408.7045833333334,4,4,11,0,,16,6,10.98,1.0,Good,139.33,28.52073041860773,32 Years and 9 Months,No,0.0,53.26101324076546,Low_spent_Medium_value_payments,348.8226521007765,2023-04-01
CUS_0xa742,16474.49,1165.8741666666667,8,3,23,5,"Home Equity Loan, Credit-Builder Loan, Personal Loan, Student Loan, and Debt Consolidation Loan",3,10,15.36,15.0,Standard,1538.62,39.11833279576995,18 Years and 2 Months,Yes,68.4496453041275,56.947199032143224,Low_spent_Small_value_payments,281.190572330396,2024-04-01
CUS_0xa789,15339.75,987.1371372441504,6,4,17,8,"Debt Consolidation Loan, Student Loan, Mortgage Loan, Home Equity Loan, Student Loan, Personal Loan, Mortgage Loan, and Home Equity Loan",57,16,8.15,12.0,Bad,3981.77,25.00695259170656,0 Years and 10 Months,Yes,172.72284533655716,93.78382416556177,Low_spent_Small_value_payments,202.6999432537308,2024-10-01
CUS_0xa806,35733.63,2883.8025,5,3,11,6,"Personal Loan, Payday Loan, Not Specified, Personal Loan, Personal Loan, and Mortgage Loan",20,19,11.78,4.0,Standard,781.34,39.11782072663284,8 Years and 8 Months,Yes,96.60188430573584,120.61663616169297,Low_spent_Large_value_payments,341.1617295325712,2023-02-01
CUS_0xa8cb,16364.65,1634.720833333333,9,10,32,4,"Payday Loan, Credit-Builder Loan, Personal Loan, and Personal Loan",20,16,-0.53,14.0,Bad,2234.81,37.3532402291873,8 Years and 4 Months,Yes,39.55481363603104,66.54535389954903,High_spent_Medium_value_payments,307.3719157977533,2024-09-01
CUS_0xa8d8,61756.52,5312.376666666666,9,856,33,4,"Mortgage Loan, Personal Loan, Mortgage Loan, and Auto Loan",43,17,2.35,10.0,_,1854.48,35.483770507469416,6 Years and 5 Months,Yes,126.57994723128286,179.63387973344337,Low_spent_Large_value_payments,495.0238397019405,2023-08-01
CUS_0xa90d,7261.91,393.1591666666667,5,7,12,6,"Personal Loan, Credit-Builder Loan, Home Equity Loan, Payday Loan, Personal Loan, and Not Specified",30,17,22.98,12.0,Standard,908.02,33.75052612916739,8 Years and 11 Months,NM,35.461801249881184,16.198855630199517,High_spent_Medium_value_payments,237.655259786586,2024-08-01
CUS_0xa91f,134327.56,11411.963333333331,4,6,13,2,"Personal Loan, and Personal Loan",1,18,11.11,1.0,_,1077.5,40.04215776593991,27 Years and 6 Months,No,187.67681271061744,667.4800585259231,Low_spent_Small_value_payments,576.0394620967927,2024-05-01
CUS_0xa93f,10324.26,708.355,7,9,29,9,"Mortgage Loan, Auto Loan, Personal Loan, Credit-Builder Loan, Payday Loan, Not Specified, Not Specified, Home Equity Loan, and Credit-Builder Loan",27,19,21.52,11.0,Bad,3276.53,32.265304154012696,3 Years and 3 Months,Yes,44.12355815389902,49.76082241940714,Low_spent_Medium_value_payments,256.9511194266938,2024-02-01
CUS_0xaa29,17258.715,1691.22625,4,7,10,0,,0,12,11.09,1.0,Good,741.09,23.69676370195581,33 Years and 6 Months,No,0.0,140.08339032993374,Low_spent_Medium_value_payments,309.03923467006626,2025-01-01
CUS_0xaa4,36760.86,2967.405,6,5,17,5,"Not Specified, Debt Consolidation Loan, Not Specified, Not Specified, and Home Equity Loan",16,17,21.76,12.0,Bad,3596.56,31.082430074410944,13 Years and 10 Months,NM,151.63542048135594,239.63633945142098,Low_spent_Small_value_payments,195.46874006722317,2023-04-01
CUS_0xaa5a,19355.62,1728.968333333333,6,7,9,2_,"Mortgage Loan, and Home Equity Loan",10,19,11.38,4.0,_,1294.09,30.15459980889986,5 Years and 11 Months,Yes,25.54526965354386,108.14258184125843,Low_spent_Small_value_payments,329.2089818385311,2023-11-01
CUS_0xaa83,61634.54_,4957.211666666667,3,2,9,2,"Mortgage Loan, and Student Loan",12,3,4.5299999999999985,5.0,Good,793.77,23.75029314722643,29 Years and 7 Months,NM,68.85671805539175,506.3120497963512,Low_spent_Small_value_payments,210.55239881492375,2024-01-01
CUS_0xaa8d,70544.38,4976.102799845236,1,7,10,0,,0,11,_,1.0,Good,30.36,39.478353711613394,22 Years and 4 Months,No,620.5955334880972,205.98203557407075,Low_spent_Small_value_payments,643.6877977592626,2024-03-01
CUS_0xab26,21945.825,1979.81875,2,6,2,4,"Debt Consolidation Loan, Debt Consolidation Loan, Home Equity Loan, and Personal Loan",6,4,7.57,8.0,Good,202.68,38.934675000142406,24 Years and 9 Months,No,63.3245534668285,72.64800576309925,High_spent_Medium_value_payments,312.0093157700723,2024-11-01
CUS_0xab32,38873.66,3239.471666666667,10,5,16,7,"Personal Loan, Mortgage Loan, Personal Loan, Credit-Builder Loan, Not Specified, Auto Loan, and Auto Loan",39,18,14.54,9.0,Bad,3373.85,28.08966090558967,12 Years and 2 Months,Yes,225.6107082138676,44.151584777796614,High_spent_Medium_value_payments,304.1848736750025,2023-04-01
CUS_0xab65,36368.77_,3229.730833333333,7,3,12,4,"Mortgage Loan, Auto Loan, Mortgage Loan, and Mortgage Loan",23,16,5.76,6.0,Standard,347.66,32.11665474867609,19 Years and 6 Months,No,83.04488446676766,75.68767249367558,High_spent_Large_value_payments,404.2405263728901,2024-10-01
CUS_0xab7b,7724.425,631.7020833333332,10,7,26,3,"Not Specified, Home Equity Loan, and Credit-Builder Loan",40,18,5.06,12.0,Bad,2048.13,28.58539024440903,15 Years and 7 Months,Yes,14.118876433277237,36.88574796255372,Low_spent_Medium_value_payments,292.1655839375024,2025-01-01
CUS_0xab8,74820.12,6511.009999999998,9,6,27,5,"Mortgage Loan, Credit-Builder Loan, Not Specified, Student Loan, and Personal Loan",19,17,6.72,9.0,Bad,2532.0,28.81888416895479,3 Years and 2 Months,Yes,255.5801522181416,160.05783441270182,High_spent_Large_value_payments,475.46301336915656,2024-07-01
CUS_0xab9d,8391.185,488.2654166666666,6,7,17,4,"Debt Consolidation Loan, Payday Loan, Student Loan, and Home Equity Loan",16,15,19.32,11.0,Standard,1588.39,38.47878310332701,12 Years and 4 Months,Yes,21.8322270694534,58.46927955714582,Low_spent_Small_value_payments,271.0723285972263,2024-07-01
CUS_0xabc1,32300.85,2739.7375,6,5,12,3,"Student Loan, Student Loan, and Credit-Builder Loan",24,10,_,0.0,Standard,298.85,33.45911725364179,30 Years and 0 Months,Yes,71.33363564953069,96.85149887850314,High_spent_Medium_value_payments,355.78861547196624,2023-07-01
CUS_0xabc6,20380.51,1854.375833333333,8,3,20,5,"Debt Consolidation Loan, Student Loan, Home Equity Loan, Debt Consolidation Loan, and Credit-Builder Loan",6,13,14.5,12.0,Standard,153.7,34.59073976080707,13 Years and 8 Months,Yes,57.299498128700144,170.10406404178968,Low_spent_Large_value_payments,228.03402116284352,2024-11-01
CUS_0xabc9,28415.93,2241.994166666667,2,2,12,2,"Personal Loan, and Payday Loan",6,10,-3.6,1.0,Good,1112.8,32.25222952988121,24 Years and 3 Months,No,35.469400999269865,189.31258325425773,Low_spent_Medium_value_payments,279.41743241313907,2024-02-01
CUS_0xac31,43531.45,3678.620833333333,0,3,9,2,"Auto Loan, and Home Equity Loan",2,9,5.94,0.0,_,376.17,33.875142139560424,19 Years and 6 Months,NM,53.721272837941925,145.01614310651325,High_spent_Medium_value_payments,419.12466738887815,2025-01-01
CUS_0xac5a,43428.47,3410.5339020751885,5,6,12,-100,,6,1,11.96,1.0,Good,1244.42,36.73040669121672,18 Years and 4 Months,No,320.5052645914785,142.48214000689697,High_spent_Medium_value_payments,480.6217766597697,2023-11-01
CUS_0xac81,18096.155,1338.0129166666666,3,6,18,3,"Debt Consolidation Loan, Debt Consolidation Loan, and Payday Loan",8,19,6.83,8.0,_,162.21,25.55834454420755,23 Years and 9 Months,Yes,34.09269975586441,36.27826642488746,Low_spent_Large_value_payments,333.4303254859148,2024-03-01
CUS_0xac85,43135.98,3375.6649999999995,8,4,18,2,"Mortgage Loan, and Personal Loan",31,9,13.2,5.0,Standard,1747.6,31.265236784051385,10 Years and 10 Months,Yes,1283.0,__10000__,Low_spent_Small_value_payments,238.1190188989397,2024-08-01
CUS_0xacc7,92428.83,7799.4025,5,6,17,0,,18,20,6.16,5.0,_,1396.62,41.83737340634868,26 Years and 3 Months,Yes,0.0,242.8685775185381,High_spent_Small_value_payments,797.071672481462,2024-11-01
CUS_0xacec,73436.06999999999,6191.6725,8,5,12,1,Payday Loan,25,6,9.51,2.0,Standard,45.5,36.20190354560558,24 Years and 6 Months,Yes,45.197591079344186,243.30888925025272,High_spent_Medium_value_payments,580.6607696704029,2023-12-01
CUS_0xad12,80377.68,6807.139999999999,10,7,28,5,"Student Loan, Home Equity Loan, Auto Loan, Credit-Builder Loan, and Payday Loan",32,19,2.84,12.0,Bad,1385.97,28.239650806564622,7 Years and 11 Months,Yes,186.6622120495987,89.09412157536526,High_spent_Large_value_payments,644.9576663750361,2024-01-01
CUS_0xad15,50608.23,4132.3525,9,10,31,2,"Auto Loan, and Home Equity Loan",39,26,3.85,13.0,Bad,1539.86,30.65036226778504,7 Years and 3 Months,Yes,79.83845510726627,160.73084184631247,High_spent_Medium_value_payments,422.6659530464213,2024-04-01
CUS_0xad18,17946.85,1437.5708333333332,8,10,33,6,"Auto Loan, Home Equity Loan, Payday Loan, Mortgage Loan, Payday Loan, and Student Loan",41,22,22.61,7.0,_,4348.48,26.97242034424628,6 Years and 11 Months,Yes,53.61062329648181,135.24065853744628,Low_spent_Small_value_payments,244.9058014994052,2024-05-01
CUS_0xadb2,142001.12,10508.058455200666,7,3,20,2,"Not Specified, and Payday Loan",20,15,9.64,11.0,Standard,275.6,32.41246894789074,13 Years and 11 Months,Yes,1701.9550125306778,396.0957817943074,High_spent_Medium_value_payments,846.5600838076813,2023-01-01
CUS_0xadc4,31506.9,2448.5750000000007,6,10,34,7,"Credit-Builder Loan, Personal Loan, Not Specified, Auto Loan, Credit-Builder Loan, Credit-Builder Loan, and Credit-Builder Loan",51,16,16.75,8.0,Standard,1612.7,33.17509372863909,13 Years and 3 Months,Yes,115.72383994306948,57.4697594808451,High_spent_Large_value_payments,311.66390057608544,2024-12-01
CUS_0xadcd,14592.03,947.0025,8,9,23,6,"Auto Loan, Home Equity Loan, Home Equity Loan, Student Loan, Payday Loan, and Not Specified",26,17,8.65,10.0,_,1673.76_,25.981471170062747,11 Years and 11 Months,Yes,55.29027463377206,59.574194304829426,Low_spent_Small_value_payments,269.8357810613985,2024-11-01
CUS_0xadcf,29227.64,2566.6366666666668,8,6,17,7,"Home Equity Loan, Personal Loan, Mortgage Loan, Debt Consolidation Loan, Debt Consolidation Loan, Debt Consolidation Loan, and Payday Loan",25,26,_,15.0,Bad,3883.25,37.63558635011989,2 Years and 8 Months,Yes,114.1907587743658,145.18188045996078,Low_spent_Small_value_payments,287.2910274323401,2024-08-01
CUS_0xae14,15137.3,1303.4416666666666,8,5,32,6,"Auto Loan, Credit-Builder Loan, Credit-Builder Loan, Not Specified, Auto Loan, and Personal Loan",26,13,15.7,16.0,_,1896.03,33.8570968034639,17 Years and 3 Months,Yes,59.76126725009346,71.58370086910902,Low_spent_Small_value_payments,288.9991985474642,2024-05-01
CUS_0xae62,23216.36,1965.696666666667,6,3,9,3,"Student Loan, Auto Loan, and Payday Loan",19,9,13.37,10.0,_,861.44,36.402685586723535,9 Years and 3 Months,Yes,56.0019930127594,__10000__,Low_spent_Small_value_payments,279.0438947330804,2023-08-01
CUS_0xae6a,101103.48,7671.987699078777,3,3,12,2,"Credit-Builder Loan, and Mortgage Loan",1,8,3.82,1.0,_,968.46,44.17290171226918,16 Years and 8 Months,NM,891.1500920700428,57.528928767727315,High_spent_Large_value_payments,890.4522800834537,2023-01-01
CUS_0xae7d,38047.79,3344.649166666666,0,4,12,2,"Student Loan, and Home Equity Loan",14,4,11.17,0.0,Good,186.72,28.050828603885414,29 Years and 9 Months,No,61.70027376165935,103.1959720899394,High_spent_Medium_value_payments,419.568670815068,2023-01-01
CUS_0xaea7,80669.44,6502.453333333334,8,8,816,5,"Home Equity Loan, Payday Loan, Credit-Builder Loan, Payday Loan, and Home Equity Loan",46,26,24.55,12.0,_,3461.24,26.262594849774786,14 Years and 2 Months,Yes,190.42943498024985,190.71366286352279,High_spent_Small_value_payments,529.1022354895608,2024-11-01
CUS_0xaea9,16236.13,1142.0108333333333,7,5,21,5,"Personal Loan, Debt Consolidation Loan, Home Equity Loan, Debt Consolidation Loan, and Student Loan",43,20,19.03,10.0,Bad,3300.77,31.92709646094109,13 Years and 11 Months,Yes,66.56064222575877,146.71996055918004,Low_spent_Small_value_payments,190.92048054839447,2024-03-01
CUS_0xaf39,19879.05,1464.5875,4,4,12,0_,,25,12,11.03,7.0,Standard,1013.71,38.003650897360615,19 Years and 2 Months,No,0.0,__10000__,Low_spent_Small_value_payments,249.68101767043711,2024-05-01
CUS_0xaf78,17414.72,1381.226666666667,7,6,15,6,"Mortgage Loan, Home Equity Loan, Credit-Builder Loan, Credit-Builder Loan, Credit-Builder Loan, and Payday Loan",10,9,12.74,11.0,Standard,1899.54,34.80404340802019,17 Years and 8 Months,Yes,65.37437804712722,165.20837802738848,Low_spent_Small_value_payments,197.539910592151,2024-10-01
CUS_0xaf96,145800.84,12449.07,7,6,10,4,"Home Equity Loan, Mortgage Loan, Payday Loan, and Payday Loan",26,12,14.2,10.0,_,1292.5,31.912612967833915,11 Years and 11 Months,Yes,51173.0,534.4360612468511,Low_spent_Large_value_payments,686.055359498898,2023-08-01
CUS_0xafb6,35149.1,2935.0916666666667,4,200,5,4,"Auto Loan, Student Loan, Auto Loan, and Student Loan",13,7,6.17,4.0,Good,527.39,33.620540113952735,20 Years and 7 Months,No,97.64015885660848,153.10151369031828,Low_spent_Small_value_payments,332.76749411973987,2024-03-01
CUS_0xafcd,66679.56,5522.63,4,3,18,2,"Debt Consolidation Loan, and Auto Loan",17,5,9.75,2.0,Standard,467.64,27.60449257829953,20 Years and 3 Months,Yes,74.06248333685419,139.4474141202933,Low_spent_Large_value_payments,333.7050606628238,2023-04-01
CUS_0xaff2,31174.8,2883.9,6,3,14,1_,Personal Loan,14,9,10.85,8.0,Standard,1286.96,27.1326159331034,27 Years and 5 Months,Yes,19.65186289096036,138.04051029907058,High_spent_Small_value_payments,390.69762680996917,2024-11-01
CUS_0xb00,100284.24,8288.02,5,7,18,3_,"Payday Loan, Mortgage Loan, and Credit-Builder Loan",9,8,2.1,4.0,Standard,333.25,31.8086987469309,30 Years and 8 Months,Yes,148.35180700913224,__10000__,High_spent_Large_value_payments,849.33781489657,2024-04-01
CUS_0xb000,30272.61,2258.7175,3,3,15,1_,Payday Loan,30,8,8.83,9.0,Standard,180.94,27.04666862898917,16 Years and 5 Months,Yes,17.975850989790292,110.21545884520472,Low_spent_Small_value_payments,387.68044016500505,2024-11-01
CUS_0xb005,40332.61,3174.797531626771,1,4,1,3,"Auto Loan, Debt Consolidation Loan, and Mortgage Loan",8,3,8.32,4.0,_,466.97,33.78888058458287,27 Years and 2 Months,No,19319.0,141.25172852290376,High_spent_Medium_value_payments,389.7220923052202,2023-08-01
CUS_0xb05b,106529.8,8906.483333333334,4,3,16,0_,,6,17,_,4.0,Standard,1488.37,30.248368554422363,24 Years and 11 Months,Yes,0.0,201.43066885905037,High_spent_Large_value_payments,929.2176644742833,2024-02-01
CUS_0xb066,40702.96,3536.913333333333,6,6,32,5,"Student Loan, Debt Consolidation Loan, Debt Consolidation Loan, Student Loan, and Credit-Builder Loan",34,23,25.82,13.0,Bad,2667.87,37.0257240901549,6 Years and 11 Months,NM,110.1978582739481,52.39891084413474,High_spent_Medium_value_payments,441.09456421525056,2023-12-01
CUS_0xb091,39327.92,3233.3266666666664,1,6,11,1,Not Specified,16,3,1.51,6.0,_,127.29,38.632060264121286,31 Years and 5 Months,No,19.80976190893261,89.93498679881617,Low_spent_Large_value_payments,483.58791795891784,2023-10-01
CUS_0xb0e4,43307.12,3864.926666666666,0,4,12,3,"Personal Loan, Not Specified, and Payday Loan",3,10,0.95,6.0,Good,301.82,37.04697238394695,24 Years and 2 Months,No,63.52164946299021,156.37574769348132,High_spent_Medium_value_payments,416.5952695101952,2023-01-01
CUS_0xb0e8,26921.13_,2150.4275,5,7,17,4,"Credit-Builder Loan, Home Equity Loan, Auto Loan, and Not Specified",23,17_,3.01,4.0,Standard,124.1,33.462574738099065,23 Years and 0 Months,No,72.52834994093466,62.91384701960651,Low_spent_Large_value_payments,349.6005530394589,2023-05-01
CUS_0xb0fd,10250.2,873.1833333333334,7,4,19,4,"Credit-Builder Loan, Not Specified, Student Loan, and Auto Loan",21,18,8.04,7.0,Standard,1437.24,38.667698139800855,8 Years and 10 Months,NM,30.95734002396283,51.15693026839836,Low_spent_Large_value_payments,298.28165069144507,2024-02-01
CUS_0xb122,106949.49,8988.4575,3,5,1,0,,22,9,10.04,0.0,Good,869.45,26.64826067027976,16 Years and 9 Months,No,0.0,221.85739237120828,High_spent_Large_value_payments,916.9883576287918,2023-10-01
CUS_0xb125,98175.72,7729.695180977182,5,6,12,2,"Mortgage Loan, and Payday Loan",16,20,17.78,8.0,Standard,439.88,34.399705373956515,17 Years and 4 Months,Yes,828.6670381046074,539.5752077911857,High_spent_Small_value_payments,427.7035731270279,2024-08-01
CUS_0xb130,61783.38,5422.615,3,7,11,3,"Debt Consolidation Loan, Debt Consolidation Loan, and Credit-Builder Loan",8,7,11.35,3.0,Good,1385.21,36.56205927208829,25 Years and 3 Months,No,87.12472355317223,__10000__,High_spent_Small_value_payments,615.4673249949785,2023-03-01
CUS_0xb144,133949.36,11262.446666666665,5,5,8,0,,-4,1,0.3799999999999999,5.0,Good,1454.68,44.71066194761204,18 Years and 6 Months,No,0.0,163.32743688245637,High_spent_Medium_value_payments,1212.9172297842101,2023-02-01
CUS_0xb15c,16465.64,1672.1366666666663,5,6,5,2,"Auto Loan, and Mortgage Loan",15,15,8.56,0.0,Standard,885.35,35.30780241723809,15 Years and 9 Months,Yes,26.10407861425511,142.7354364863728,Low_spent_Medium_value_payments,278.37415156603873,2023-06-01
CUS_0xb220,35806.51,3079.875833333333,4,5,5,3,"Auto Loan, Payday Loan, and Not Specified",22,14,12.28,10.0,Standard,545.13,37.82034401998656,24 Years and 6 Months,Yes,55.666790323370726,186.32247252773053,Low_spent_Large_value_payments,429.0287845027909,2023-01-01
CUS_0xb2d5,18296.3,1672.6916666666666,8,9,28,9,"Debt Consolidation Loan, Mortgage Loan, Credit-Builder Loan, Auto Loan, Payday Loan, Student Loan, Student Loan, Payday Loan, and Credit-Builder Loan",42,20,20.19,11.0,Bad,3893.3,32.61201659705019,11 Years and 10 Months,Yes,84.26469322208162,28.251331865531906,High_spent_Large_value_payments,294.7531415790532,2024-02-01
CUS_0xb33a,16360.215,1410.35125,3,6,18,4,"Auto Loan, Credit-Builder Loan, Not Specified, and Not Specified",22,9_,15.52,9.0,Standard,453.29,39.51115753680036,27 Years and 10 Months,Yes,38.79655820605485,96.62794869519965,Low_spent_Medium_value_payments,285.6106180987456,2023-04-01
CUS_0xb340,7619.09,428.92416666666674,4,6,18,2,"Debt Consolidation Loan, and Auto Loan",28,18,11.5,13.0,Standard,2069.3,25.469251712098927,16 Years and 0 Months,Yes,8.756593492746727,0.0,!@9#%8,267.5202980560971,2024-06-01
CUS_0xb369,85677.29999999999,7139.774999999999,1,5,8,1,Debt Consolidation Loan,9,2,8.66,2.0,Good,415.77,24.76355803664748,29 Years and 9 Months,No,49.67208144143834,__10000__,High_spent_Medium_value_payments,701.9886820639045,2024-07-01
CUS_0xb3bd,95596.35,8024.3625,5,7,12,3,"Debt Consolidation Loan, Credit-Builder Loan, and Debt Consolidation Loan",11,4_,5.16,2.0,Good,64.69_,36.28824147361471,15 Years and 8 Months,No,182.2758306085516,572.8868967023666,Low_spent_Large_value_payments,317.27352268908186,2023-11-01
CUS_0xb3e3,142639.96,11787.663333333332,5,4,16,1,Personal Loan,21,13,7.69,528.0,Standard,1351.02,37.16007915255368,15 Years and 9 Months,Yes,60.28510486975928,1097.7610151957022,Low_spent_Medium_value_payments,300.72021326787194,2024-08-01
CUS_0xb40d,15509.99,1364.4991666666667,6,9,18,5,"Auto Loan, Not Specified, Student Loan, Not Specified, and Payday Loan",42,19,23.58,10.0,Bad,2820.81,33.82546870711026,1 Years and 8 Months,Yes,68466.0,175.5809752368026,Low_spent_Small_value_payments,213.16700693481158,2024-03-01
CUS_0xb43,17995.83,1304.6525,7,1246,30,7,"Debt Consolidation Loan, Auto Loan, Payday Loan, Debt Consolidation Loan, Credit-Builder Loan, Home Equity Loan, and Credit-Builder Loan",35,21,16.64,11.0,Bad,1596.16,31.489501201597136,9 Years and 4 Months,Yes,99.63753630228236,123.19712890131996,!@9#%8,197.6305847963977,2024-07-01
CUS_0xb453,37485.37,3342.7808333333337,5,6,1,-100,,12,3,4.79,4.0,Good,339.17,34.200363207800216,18 Years and 3 Months,No,0.0,__10000__,Low_spent_Large_value_payments,372.76132722010414,2024-10-01
CUS_0xb46,16572.96,1317.08,4,3,14,3,"Not Specified, Auto Loan, and Personal Loan",9,17,18.02,4.0,Standard,2253.31,30.513344202361303,19 Years and 11 Months,Yes,21.719814344041207,70.36276274895492,Low_spent_Small_value_payments,329.62542290700384,2023-01-01
CUS_0xb481,20014.91,1376.9091666666666,8,7,18,5,"Personal Loan, Auto Loan, Auto Loan, Personal Loan, and Student Loan",30,25,21.56,7.0,Bad,2513.52,32.438988164481835,2 Years and 8 Months,Yes,59.24475279001607,96.6697002290456,Low_spent_Medium_value_payments,261.776463647605,2024-03-01
CUS_0xb4b7,39538.62,3540.885,10,5,23,3,"Credit-Builder Loan, Not Specified, and Student Loan",41,11,14.71,8.0,_,1822.92,30.339170978803963,18 Years and 6 Months,Yes,54.2013642176932,148.6092836232741,High_spent_Medium_value_payments,401.2778521590328,2024-02-01
CUS_0xb4cb,16620.755,1476.062916666667,3,3,5,2,"Mortgage Loan, and Mortgage Loan",2,11,6.91,5.0,Good,9.55,24.52980576463533,21 Years and 0 Months,No,32711.0,89.36141763277928,Low_spent_Large_value_payments,306.7591028211964,2024-12-01
CUS_0xb508,16819.98,1680.665,6,7,33,-100,"Auto Loan, Student Loan, Mortgage Loan, Student Loan, and Credit-Builder Loan",32,20,-5.93,11.0,Bad,3048.28,36.081853826144965,5 Years and 6 Months,Yes,37.67052211258328,47.50632060249898,High_spent_Medium_value_payments,332.88965728491775,2023-03-01
CUS_0xb538,51211.26,4048.605,6,6,16,6,"Home Equity Loan, Mortgage Loan, Mortgage Loan, Home Equity Loan, Credit-Builder Loan, and Mortgage Loan",7,12,16.57,4.0,Standard,2057.4,39.346643702882005,13 Years and 2 Months,Yes,222.9076774075484,135.20907280747485,High_spent_Medium_value_payments,296.7437497849768,2023-03-01
CUS_0xb53d,69955.56,4858.617659067718,8,6,6,0,,14,19,6.93,10.0,_,552.5,36.64042086134968,24 Years and 11 Months,Yes,817.0123409322828,173.21849456497185,High_spent_Small_value_payments,654.3445054350283,2024-02-01
CUS_0xb53e,73747.58,6166.631666666667,3,5,7,2,"Debt Consolidation Loan, and Mortgage Loan",28,14,15.1,10.0,Standard,497.98,35.88073754773794,30 Years and 8 Months,Yes,93.21286109736572,344.9308068660935,Low_spent_Medium_value_payments,458.5194987032075,2024-02-01
CUS_0xb586,27175.69,2236.640833333333,8,3,17,1,Debt Consolidation Loan,11,13,4.47,7.0,Standard,1010.89,30.245525584796013,28 Years and 0 Months,Yes,14.74214813555404,165.8665793522319,Low_spent_Small_value_payments,333.05535584554735,2023-07-01
CUS_0xb63e,16480.5,1669.375,8,6,16,7,"Mortgage Loan, Debt Consolidation Loan, Not Specified, Not Specified, Credit-Builder Loan, Home Equity Loan, and Mortgage Loan",11,16,12.82,7.0,Standard,201.57,35.423387773108566,7 Years and 2 Months,Yes,85.12486299611507,41.03409556794055,High_spent_Small_value_payments,300.77854143594436,2023-04-01
CUS_0xb645,55071.72,4524.31,6,3,20,4,"Personal Loan, Personal Loan, Credit-Builder Loan, and Personal Loan",6,16,0.69,4.0,Standard,224.35,26.171659435851307,28 Years and 10 Months,No,157.69143055491742,120.9015996241505,!@9#%8,433.8379698209322,2023-03-01
CUS_0xb749,40636.56,3460.38,2,6,1,1,Not Specified,15,7,5.91,4.0,Good,490.98,26.037033289968928,28 Years and 5 Months,No,31.226807238957097,168.9910629543064,!@9#%8,435.82012980673653,2023-02-01
CUS_0xb761,30450.84,2506.57,6,7,8,3,"Debt Consolidation Loan, Auto Loan, and Debt Consolidation Loan",27,15,11.98,1.0,Standard,203.69,24.11809767378781,20 Years and 9 Months,No,49.394740875242405,44.10871223119139,!@9#%8,397.1535468935663,2023-11-01
CUS_0xb7b1,90827.68,7847.973333333332,8,4,20,3,"Debt Consolidation Loan, Student Loan, and Auto Loan",24,11,-0.9700000000000002,5.0,Standard,1167.05,35.063915915704065,23 Years and 0 Months,Yes,25130.0,157.09567780568457,High_spent_Large_value_payments,693.2958909000821,2024-12-01
CUS_0xb7d4,147521.76,12586.48,1,1,2,1,Credit-Builder Loan,5,2,0.57,7.0,Good,101.57,28.85237162488271,18 Years and 4 Months,No,122.3425952164507,994.9695295381964,!@9#%8,421.33587524535307,2024-01-01
CUS_0xb7d9,89126.25,7675.1875,4,5,19,2_,"Credit-Builder Loan, and Mortgage Loan",7,19,15.8,9.0,Standard,631.58,38.46590089841064,18 Years and 6 Months,Yes,125.29314199736976,537.5586519684391,Low_spent_Medium_value_payments,384.66695603419123,2024-12-01
CUS_0xb7ef,15013.73,1127.1441666666667,7,4,14,6,"Credit-Builder Loan, Debt Consolidation Loan, Payday Loan, Personal Loan, Not Specified, and Payday Loan",23,9,8.22,5.0,Standard,1403.17,34.97962331450225,12 Years and 4 Months,Yes,51.547924156742056,39.56497520880101,Low_spent_Large_value_payments,273.67675239870516,2024-12-01
CUS_0xb807,10265.86,761.4883333333332,6,8,21,2,"Not Specified, and Debt Consolidation Loan",19,18,7.22,8.0,Bad,2221.93,24.000214348051728,7 Years and 3 Months,Yes,11.955770639913792,26.60571358523828,Low_spent_Small_value_payments,327.5873491081813,2024-08-01
CUS_0xb808,61711.89,5403.6575,6,6,5,2,"Home Equity Loan, and Payday Loan",21,14,14.46,7.0,_,464.0,30.65793706823301,5 Years and 10 Months,Yes,68.57886737085119,306.5608475074196,Low_spent_Large_value_payments,435.2260351217293,2024-02-01
CUS_0xb8c,78867.52,6779.293333333334,8,7,33,4,"Personal Loan, Credit-Builder Loan, Auto Loan, and Payday Loan",40,16,18.1,12.0,Bad,1803.18,38.77032361795143,6 Years and 0 Months,Yes,144.77746826862125,176.87571495763748,High_spent_Medium_value_payments,606.2761501070747,2024-03-01
CUS_0xb8d4,158311.12,13403.593333333332,2,7,7,4,"Not Specified, Personal Loan, Home Equity Loan, and Auto Loan",7,7,2.31,1.0,Good,285.28,39.74748330432815,31 Years and 0 Months,No,360.01771233124583,1106.8796189118739,Low_spent_Small_value_payments,163.46200209021345,2023-03-01
CUS_0xb8f6,70943.86,5981.988333333334,1155,4,12,1,Personal Loan,15,16,13.14,6.0,Standard,326.61,34.77011705730348,32 Years and 4 Months,Yes,39.690753621017095,391.8034620017346,Low_spent_Large_value_payments,436.70461771058166,2023-06-01
CUS_0xb92e,15312.52,1021.0433333333332,7,10,32,2,"Payday Loan, and Auto Loan",64,9,19.06,8.0,Standard,2290.91,37.20013265744576,10 Years and 3 Months,Yes,13.564921078240276,__10000__,Low_spent_Large_value_payments,278.64859489866825,2024-02-01
CUS_0xb948,129758.24,10865.186666666666,4,5,17,6,"Payday Loan, Personal Loan, Not Specified, Personal Loan, Debt Consolidation Loan, and Payday Loan",24,13,7.81,9.0,Standard,476.91,29.5260844705819,7 Years and 10 Months,Yes,643.9488878634095,131.42982644779275,High_spent_Large_value_payments,551.1399523554644,2023-08-01
CUS_0xb970,19253.02,1591.418333333333,3,3,17,7_,"Personal Loan, Credit-Builder Loan, Mortgage Loan, Credit-Builder Loan, Auto Loan, Student Loan, and Not Specified",6,8,8.08,8.0,Standard,1264.11,29.79470766548713,6 Years and 8 Months,Yes,78.30239061912039,203.8558178483139,Low_spent_Small_value_payments,166.98362486589906,2023-11-01
CUS_0xb997,93955.16,8126.596666666667,5,5,5,2,"Home Equity Loan, and Mortgage Loan",15,10,1.73,4.0,Standard,425.43,37.49997505847849,28 Years and 4 Months,No,91.98741416986208,554.7992009422602,Low_spent_Medium_value_payments,445.8730515545445,2024-09-01
CUS_0xb9ae,17182.5,1230.875,0,6,11,2_,"Debt Consolidation Loan, and Debt Consolidation Loan",8,1,_,7.0,_,1269.97,37.37694428261853,31 Years and 6 Months,No,19.84112854806024,133.35248727097678,!@9#%8,259.89388418096297,2024-06-01
CUS_0xb9e6,9092.87,477.73916666666673,6,6,16,5,"Mortgage Loan, Home Equity Loan, Credit-Builder Loan, Auto Loan, and Not Specified",11,17,15.8,12.0,Standard,2216.91,39.603711414287545,8 Years and 3 Months,Yes,30.733496893113674,25.902216486299334,Low_spent_Medium_value_payments,271.1382032872536,2023-08-01
CUS_0xb9ea,9133.045,777.0870833333332,6,7,34,6,"Home Equity Loan, Mortgage Loan, Credit-Builder Loan, Mortgage Loan, Student Loan, and Student Loan",61,16,15.26,11.0,Bad,3035.88,28.29641139737807,9 Years and 6 Months,Yes,30.20103247533153,31.012636052888016,High_spent_Small_value_payments,276.49503980511383,2023-05-01
CUS_0xba03,51548.56,4193.713333333333,8,5,8,4,"Debt Consolidation Loan, Auto Loan, Home Equity Loan, and Personal Loan",30,8,6.98,7.0,Standard,382.14,36.326999952437184,16 Years and 4 Months,No,92.04786673224876,217.9417942426531,Low_spent_Medium_value_payments,389.3816723584314,2023-03-01
CUS_0xba6,110557.08,9210.09,3,5,5,2,"Not Specified, and Credit-Builder Loan",30,15,5.51,5.0,Standard,946.28,25.589745406604468,18 Years and 0 Months,Yes,181.8557754300832,510.8236623011421,Low_spent_Small_value_payments,518.3295622687748,2023-08-01
CUS_0xbaa0,37361.02,3280.418333333333,10,6,19,6,"Personal Loan, Credit-Builder Loan, Home Equity Loan, Student Loan, Mortgage Loan, and Home Equity Loan",54,19,22.41,12.0,Bad,2911.75,28.675742551643523,4 Years and 6 Months,Yes,129.87189051717294,32.863362269326416,High_spent_Large_value_payments,405.306580546834,2024-04-01
CUS_0xbad6,41486.98,2959.217697254116,3,2,4,4,"Credit-Builder Loan, Credit-Builder Loan, Home Equity Loan, and Not Specified",5,1,9.18,3.0,Good,802.69,35.929930201974614,24 Years and 0 Months,No,444.8342744088691,51.577877234559224,Low_spent_Large_value_payments,320.9658449652227,2024-09-01
CUS_0xbaf2,8171.11,886.9258333333332,7,6,16,3,"Personal Loan, Student Loan, and Student Loan",16,18,2.64,9.0,Bad,1739.92,39.02956606783883,12 Years and 9 Months,Yes,14.568179654225531,30.193782905529922,Low_spent_Small_value_payments,333.93062077357786,2024-08-01
CUS_0xbb2a,62458.77,5426.8975,8,6,20,4,"Credit-Builder Loan, Personal Loan, Personal Loan, and Personal Loan",12,12,16.02,7.0,Standard,1215.52,24.581329075614267,20 Years and 0 Months,Yes,199.0462556066706,401.0919810001895,Low_spent_Medium_value_payments,222.55151339313994,2024-09-01
CUS_0xbbaf,57778.98,4766.915,8,5,26,2,"Payday Loan, and Not Specified",19,18,11.71,12.0,Standard,2268.52,32.873892690763824,9 Years and 4 Months,Yes,63.73594797146689,242.45412451889587,High_spent_Small_value_payments,430.5014275096372,2024-11-01
CUS_0xbbc6,38624.06,3043.671666666666,0,5,11,-100,"Debt Consolidation Loan, Student Loan, Credit-Builder Loan, and Home Equity Loan",6,10,4.19,6.0,Good,1394.46,25.27757686788152,16 Years and 0 Months,No,78.45202561264098,79.14388258477727,!@9#%8,416.7712584692485,2024-08-01
CUS_0xbbd8,88275.18000000002,7607.265,8,4,7,2,"Not Specified, and Personal Loan",12,8,13.420000000000002,6.0,_,141.75,36.43161698554903,23 Years and 11 Months,Yes,140.57281781939128,125.08700861650426,High_spent_Medium_value_payments,745.0666735641046,2024-04-01
CUS_0xbbe4,38673.64,3333.8033333333333,5,6,4,4,"Not Specified, Debt Consolidation Loan, Payday Loan, and Debt Consolidation Loan",4,5,8.38,7.0,Good,1176.78,32.453382406416424,33 Years and 0 Months,No,88.28333171154881,381.5585452363423,Low_spent_Small_value_payments,153.53845638544226,2023-01-01
CUS_0xbbff,16198.305,1089.85875,4,7,4,2,"Not Specified, and Not Specified",12,5,11.9,0.0,Good,1439.09,35.25468192743148,31 Years and 3 Months,No,14.35014610230254,37.075804255236655,High_spent_Small_value_payments,317.5599246424608,2024-12-01
CUS_0xbc03,16770.91,1617.575833333333,7,7,30,6,"Personal Loan, Credit-Builder Loan, Student Loan, Debt Consolidation Loan, Home Equity Loan, and Payday Loan",24,8,10.44,9.0,Standard,2576.18,32.3928102841445,19 Years and 6 Months,Yes,42.361152387025,58.79172085468414,Low_spent_Large_value_payments,330.60471009162416,2024-05-01
CUS_0xbc23,69779.8,5695.983333333334,3,6,12,5,"Mortgage Loan, Personal Loan, Personal Loan, Credit-Builder Loan, and Mortgage Loan",27,10,18.99,7.0,Standard,2349.79,38.76695779895015,15 Years and 6 Months,NM,254.9681947433235,627.529102756617,Low_spent_Small_value_payments,355.2188120172218,2024-04-01
CUS_0xbc5f,34498.62,3168.885,5,6,1,0,,18,4,7.21,5.0,Good,1238.7,38.04908748171696,27 Years and 3 Months,No,0.0,252.21540969753278,!@9#%8,354.67309030246724,2024-07-01
CUS_0xbc71,119242.68,9849.89,8,3,7,1,Debt Consolidation Loan,16,11,1.54,1.0,Standard,746.75,42.55598036474765,20 Years and 9 Months,NM,85.65308708581176,264.0465751441777,High_spent_Medium_value_payments,885.2893377700107,2024-06-01
CUS_0xbc7f,30178.34,2557.8616666666667,0,4,5,0,,6,4,0.3300000000000001,6.0,Good,283.84,36.19567053505934,32 Years and 3 Months,No,0.0,120.95542884201392,High_spent_Small_value_payments,394.8307378246528,2024-04-01
CUS_0xbcb2,19853.4,1463.45,6,5,34,-100,"Home Equity Loan, Auto Loan, Home Equity Loan, Home Equity Loan, Debt Consolidation Loan, Auto Loan, and Not Specified",48,15,2.55,12.0,Bad,4435.23,25.178620054371272,11 Years and 11 Months,Yes,89.22063050225692,118.46991556594172,Low_spent_Small_value_payments,228.65445393180138,2024-11-01
CUS_0xbcc9,7518.71,505.5591666666666,6,4,15,3_,"Not Specified, Not Specified, and Auto Loan",16,18,17.89,9.0,Standard,832.0,34.745721711944306,8 Years and 4 Months,Yes,9.552501317305712,36.04538007853952,!@9#%8,294.95803527082137,2023-02-01
CUS_0xbcca,33262.2,2914.85,6,5,18,3,"Personal Loan, Payday Loan, and Not Specified",14,12,18.33,2.0,Standard,696.05,36.30485600395853,29 Years and 10 Months,Yes,43.32515319887624,__10000__,Low_spent_Small_value_payments,245.9199786394229,2023-05-01
CUS_0xbccb,41535.69,3622.3075,0,4,12,0_,,22,-1,4.45,7.0,_,1077.75,24.016792766524592,27 Years and 10 Months,No,0.0,__10000__,Low_spent_Small_value_payments,423.0092772067602,2023-03-01
CUS_0xbce,14099.52,990.4022699937736,8,336,20,4,"Debt Consolidation Loan, Home Equity Loan, Student Loan, and Student Loan",36,17,12.43,9.0,Standard,1288.65,26.38267542069325,13 Years and 3 Months,Yes,142.47419457631085,89.2471659682982,Low_spent_Small_value_payments,287.73236946161745,2023-09-01
CUS_0xbd95,9853.855,720.1545833333333,8,10,22,6,"Not Specified, Home Equity Loan, Not Specified, Auto Loan, Not Specified, and Payday Loan",52,16,26.87,11.0,Bad,2763.66,37.23048116859125,12 Years and 4 Months,Yes,46.93471010253753,24.573416673760864,High_spent_Small_value_payments,260.5073315570349,2025-01-01
CUS_0xbdb4,9447.12_,823.2600000000001,10,10,34,7,"Debt Consolidation Loan, Credit-Builder Loan, Credit-Builder Loan, Mortgage Loan, Payday Loan, Auto Loan, and Mortgage Loan",54,16,19.61,9.0,Standard,1510.44,30.58369299748855,11 Years and 5 Months,Yes,34.10432842895691,42.188019272785226,High_spent_Small_value_payments,266.0336522982579,2024-01-01
CUS_0xbdf7,20728.4,1506.3666666666668,8,9,34,5,"Debt Consolidation Loan, Student Loan, Auto Loan, Auto Loan, and Not Specified",54,24,8.12,6.0,_,2118.03,27.0611009588256,16 Years and 0 Months,Yes,44.18259681107372,108.95571823790415,Low_spent_Medium_value_payments,277.49835161768885,2024-06-01
CUS_0xbe1d,74203.38,5891.615000000002,4,3,19,0,,10,18,12.88,9.0,_,1360.21,30.31358019690917,15 Years and 8 Months,Yes,0.0,75.92810993481487,High_spent_Medium_value_payments,763.2333900651853,2024-11-01
CUS_0xbe64,12025.045,1263.087083333333,5,4,17,4,"Payday Loan, Mortgage Loan, Personal Loan, and Mortgage Loan",17,14,12.89,9.0,Standard,843.67,35.91041359057556,21 Years and 6 Months,Yes,27.775905356853585,44.01948733967927,Low_spent_Small_value_payments,344.51331563680054,2023-05-01
CUS_0xbe9,10648580.0,1054.075833333333,5,4,5,1,Not Specified,24,7,0.75,4.0,_,192.25,35.295458813889326,31 Years and 2 Months,No,10.421803798369153,108.2745679648323,Low_spent_Medium_value_payments,266.71121157013187,2024-05-01
CUS_0xbe97,55336.94,4453.411666666667,5,5,18,1,Mortgage Loan,26,11,11.63,3.0,_,1170.84,31.94186288464444,26 Years and 10 Months,Yes,34.46198562239849,__10000__,Low_spent_Small_value_payments,411.56546789962096,2024-09-01
CUS_0xbeb8,44378.19,3986.1825,8,7,22,7,"Personal Loan, Personal Loan, Auto Loan, Not Specified, Home Equity Loan, Not Specified, and Home Equity Loan",58,16,27.16,12.0,_,4117.61,39.64826238900936,13 Years and 10 Months,Yes,185.4945100905054,327.1135970516816,Low_spent_Small_value_payments,176.01014285781304,2023-03-01
CUS_0xbf55,16893.44,1567.7866666666666,6,9,25,3,"Payday Loan, Mortgage Loan, and Student Loan",57,16,7.98,14.0,Standard,1397.24,25.40437292753915,15 Years and 0 Months,Yes,32.22238766587873,67.30750884979932,Low_spent_Small_value_payments,347.2487701509886,2023-01-01
CUS_0xbfa6,74036.96,6384.746666666668,9,10,15,5,"Payday Loan, Debt Consolidation Loan, Payday Loan, Mortgage Loan, and Debt Consolidation Loan",59,18,9.74,15.0,Standard,2082.97,36.30756744995064,19 Years and 8 Months,Yes,256.6139500060482,150.8558708552822,!@9#%8,482.76173065315834,2023-04-01
CUS_0xbfd5,42372.36,3448.03,4,7,6,3,"Debt Consolidation Loan, Credit-Builder Loan, and Home Equity Loan",6,9,7.01,3.0,Good,143.04,24.57699923826133,17 Years and 3 Months,No,77.14638149286527,92.9288684221149,High_spent_Medium_value_payments,424.7277500850199,2023-08-01
CUS_0xbfdb,35600.2,3130.683333333333,0,3,9,3,"Student Loan, Home Equity Loan, and Credit-Builder Loan",-5,10,6.63,4.0,Good,577.57,30.200972543953505,32 Years and 6 Months,No,50.64859982836413,64.90248009940737,High_spent_Medium_value_payments,447.5172534055618,2024-03-01
CUS_0xc02f,124033.96,10500.163333333334,0,4,12,4,"Credit-Builder Loan, Student Loan, Home Equity Loan, and Payday Loan",12,3,10.9,1.0,Good,574.88,29.37435488327656,19 Years and 4 Months,No,264.30682230821753,578.3220055126483,Low_spent_Large_value_payments,477.38750551246767,2023-06-01
CUS_0xc03a,33401.1,2701.425,1,7,1,2,"Not Specified, and Not Specified",3,9,11.39,8.0,Good,857.99,25.86031012825743,18 Years and 11 Months,No,54.21282396276768,63.36692237488333,High_spent_Medium_value_payments,402.562753662349,2024-10-01
CUS_0xc044,88957.38,7433.115000000002,4,4,5,1,Student Loan,19,18,7.52,0.0,Standard,1008.3,34.96114968040527,22 Years and 11 Months,No,45.86939841625538,161.96226257547337,High_spent_Medium_value_payments,785.4798390082714,2023-07-01
CUS_0xc045,30622.73,2366.384851759552,4,2,11,4,"Credit-Builder Loan, Home Equity Loan, Student Loan, and Debt Consolidation Loan",12,3,4.87,1.0,Good,383.33,36.7607809850506,29 Years and 11 Months,No,225.8448066862273,77.76488691128377,!@9#%8,366.2890379762706,2024-03-01
CUS_0xc06a,95389.71,7658.142499999999,6,7,16,1,Not Specified,24,5,11.92,1.0,Standard,544.02,26.154749663532705,29 Years and 11 Months,Yes,42.20224926544056,96.48762545774805,High_spent_Medium_value_payments,877.1243752768112,2024-12-01
CUS_0xc0d9,17078.485,1256.2070833333337,3,7,10,2,"Personal Loan, and Payday Loan",8,12,_,3.0,Good,1048.53,33.05000865916005,24 Years and 3 Months,No,22.18158194710025,57.760228178797426,Low_spent_Small_value_payments,335.6788982074357,2023-02-01
CUS_0xc19f,31239.32_,2513.276666666666,9,6,26,6,"Mortgage Loan, Mortgage Loan, Student Loan, Mortgage Loan, Debt Consolidation Loan, and Debt Consolidation Loan",58,22,28.23,10.0,Bad,2585.96,37.50012472941845,11 Years and 3 Months,Yes,141.09962707119888,148.45434438657247,Low_spent_Small_value_payments,251.7736952088953,2024-07-01
CUS_0xc1ce,18721.87,1740.155833333333,8,5,18,5,"Auto Loan, Credit-Builder Loan, Home Equity Loan, Credit-Builder Loan, and Debt Consolidation Loan",15,20,17.91,6.0,Standard,1677.67,30.62221539663588,14 Years and 9 Months,Yes,46.0489414473637,46.56631883400359,Low_spent_Medium_value_payments,361.4003230519661,2024-01-01
CUS_0xc1f,9000.425,703.0354166666666,7,4,31,3,"Debt Consolidation Loan, Auto Loan, and Personal Loan",22,8,18.78,7.0,Standard,1662.33,37.37773074026896,14 Years and 11 Months,Yes,11.682177942236992,55.99459155800066,Low_spent_Small_value_payments,292.62677216642896,2023-10-01
CUS_0xc2a6,9869.175,536.43125,7,7,19,0,,15,17,10.66,4.0,Standard,274.65,27.469403172063213,32 Years and 9 Months,NM,0.0,63.791612396717596,Low_spent_Small_value_payments,279.8515126032824,2023-09-01
CUS_0xc2cb,22387.125,1677.59375,4,3,12,0,,3,0,3.93,1.0,Good,1389.37,22.228752489857023,27 Years and 0 Months,No,0.0,157.07537262703403,Low_spent_Medium_value_payments,290.684002372966,2023-09-01
CUS_0xc2eb,93068.88,7497.740000000002,5,8,16,4,"Personal Loan, Mortgage Loan, Payday Loan, and Personal Loan",32,18,1.36,4.0,Standard,151.6,37.63420794606617,24 Years and 9 Months,No,221.0214999577448,797.4188037964598,Low_spent_Small_value_payments,21.33369624579564,2024-07-01
CUS_0xc305,42098.93_,3220.244166666667,4,6,3,3,"Not Specified, Debt Consolidation Loan, and Personal Loan",26,7,11.73,5.0,Good,936.45,35.40127710661144,19 Years and 9 Months,No,63.69184782525466,165.25175323645328,Low_spent_Medium_value_payments,373.08081560495873,2023-01-01
CUS_0xc331,16372.05,1284.3375,10,7,22,5,"Payday Loan, Not Specified, Student Loan, Mortgage Loan, and Payday Loan",50,17,28.5,10.0,Bad,3714.43,24.78664325325772,7 Years and 4 Months,Yes,65.64577381477717,132.24231618166442,Low_spent_Medium_value_payments,210.5456600035584,2023-12-01
CUS_0xc3aa,24974.35,2166.195833333333,8,7,8,0,,26,10,12.58,9.0,Standard,331.11,31.103279855726285,28 Years and 6 Months,NM,0.0,77.97337976668119,Low_spent_Medium_value_payments,418.6462035666522,2023-01-01
CUS_0xc3d8,138722.36,11264.196666666665,5,4,3,0_,,2,6,4.61,9.0,Good,1474.32_,42.41587572705017,21 Years and 8 Months,No,0.0,331.19992801665825,High_spent_Small_value_payments,1055.219738650008,2024-11-01
CUS_0xc3e4,29409.66,2579.805,5,1,6,2,"Credit-Builder Loan, and Debt Consolidation Loan",8,5,2.42,0.0,Good,301.38,32.687840358133734,31 Years and 11 Months,NM,35.00184261101656,205.8159614492834,!@9#%8,287.16269593970003,2024-07-01
CUS_0xc3f2,76909.76,6546.1466666666665,10,8,32,9,"Mortgage Loan, Credit-Builder Loan, Payday Loan, Not Specified, Personal Loan, Credit-Builder Loan, Debt Consolidation Loan, Student Loan, and Mortgage Loan",42,21,18.45,12.0,Bad,4779.36,28.2078112964586,11 Years and 0 Months,Yes,576.2792649468641,647.5883186797632,Low_spent_Medium_value_payments,270.09996328591757,2024-08-01
CUS_0xc405,90662.43,7701.2025,8,5,8,6,"Student Loan, Debt Consolidation Loan, Not Specified, Student Loan, Student Loan, and Mortgage Loan",21,10,13.76,8.0,Standard,208.35,32.270269063802466,11 Years and 10 Months,NM,57393.0,101.55103815298868,High_spent_Medium_value_payments,651.3852993507991,2025-01-01
CUS_0xc41f,140114.0,11603.166666666664,3,6,1,0,,10,0,1.99,3.0,Good,50.1,29.925100890930025,30 Years and 4 Months,No,0.0,288.477295719601,High_spent_Large_value_payments,1111.8393709470656,2024-08-01
CUS_0xc491,36787.05,3351.5875,7,7,10,0,,7,9,10.17,5.0,Good,540.29,27.23038164832037,16 Years and 3 Months,No,0.0,132.63857325825745,Low_spent_Small_value_payments,492.5201767417426,2024-08-01
CUS_0xc4bc,28455.14,2524.2616666666668,6,4,10,4,"Home Equity Loan, Debt Consolidation Loan, Mortgage Loan, and Credit-Builder Loan",25,9,7.8900000000000015,5.0,_,784.87,28.91788981933003,18 Years and 0 Months,No,69.28446689577795,83.76932082885679,High_spent_Medium_value_payments,349.372378942032,2024-11-01
CUS_0xc4c9,16568.425,1550.7020833333331,5,1358,18,1,Payday Loan,16,8,3.56,5.0,Standard,478.11,22.28596810647911,29 Years and 5 Months,No,8.47408555938318,143.74308324281384,Low_spent_Small_value_payments,292.85303953113635,2024-01-01
CUS_0xc4d7,35296.32,2939.36,7,6,5,4,"Credit-Builder Loan, Debt Consolidation Loan, Not Specified, and Debt Consolidation Loan",23,12,11.91,5.0,Standard,902.23,27.7961209521593,23 Years and 0 Months,Yes,59.16549863768918,72.89464256957058,Low_spent_Large_value_payments,431.87585879274025,2024-07-01
CUS_0xc599,14639.215,1209.9345833333334,4,7,18,4,"Mortgage Loan, Auto Loan, Personal Loan, and Credit-Builder Loan",23,16,9.32,7.0,_,879.98,33.67101127868378,13 Years and 8 Months,Yes,40.18862730473219,118.3706189537012,Low_spent_Medium_value_payments,242.43421207490002,2024-04-01
CUS_0xc5a4,18771.66,1844.305,9,5,31,8,"Student Loan, Student Loan, Not Specified, Not Specified, Credit-Builder Loan, Debt Consolidation Loan, Mortgage Loan, and Mortgage Loan",59,26,9.1,13.0,Bad,4702.91,25.450036859696606,2 Years and 4 Months,Yes,73.8197363896414,80.74521431259616,Low_spent_Small_value_payments,319.86554929776247,2023-07-01
CUS_0xc620,42769.78,3549.5603376559643,4,4,16,4,"Auto Loan, Mortgage Loan, Debt Consolidation Loan, and Student Loan",10,11,7.58,3.0,_,308.91,36.002611593680065,23 Years and 6 Months,NM,40105.0,24.429547606278906,High_spent_Large_value_payments,484.8086733917134,2024-07-01
CUS_0xc651,104428.08,8866.34,3,4,8,4,"Mortgage Loan, Payday Loan, Home Equity Loan, and Not Specified",18,21,11.72,13.0,Standard,265.56,35.024945351669544,20 Years and 4 Months,Yes,179.12756050146731,602.7446419077995,High_spent_Small_value_payments,364.7617975907332,2023-07-01
CUS_0xc675,73884.6,6255.05,6,870,30,7,"Auto Loan, Payday Loan, Payday Loan, Mortgage Loan, Mortgage Loan, Auto Loan, and Mortgage Loan",52,15,5.71,12.0,Bad,2083.28,40.90858923707653,9 Years and 9 Months,Yes,349.0994939124453,113.55751097410207,High_spent_Large_value_payments,402.8479951134527,2024-08-01
CUS_0xc68d,15497.02,1193.4183333333333,8,4,19,2,"Home Equity Loan, and Debt Consolidation Loan",19,14,9.61,6.0,Standard,1180.56,35.18822548626841,15 Years and 11 Months,Yes,24.16668313429481,107.71886376782108,Low_spent_Medium_value_payments,267.45628643121745,2024-01-01
CUS_0xc6ac,35185.56,2962.13,6,4,14,3,"Mortgage Loan, Home Equity Loan, and Credit-Builder Loan",11,10,7.14,0.0,Standard,379.47,29.507882463338056,21 Years and 2 Months,No,83.27806424741246,124.57563856772045,Low_spent_Small_value_payments,378.3592971848671,2023-09-01
CUS_0xc6dd,48819.34,4181.278333333334,5,4,14,3,"Debt Consolidation Loan, Auto Loan, and Credit-Builder Loan",25,12,11.28,5.0,Standard,535.3,29.53230540447756,8 Years and 0 Months,NM,68.30643798263449,214.7817259796358,Low_spent_Small_value_payments,425.03966937106316,2023-06-01
CUS_0xc6f2,103515.51,8334.2925,0,2,5,4,"Student Loan, Credit-Builder Loan, Credit-Builder Loan, and Credit-Builder Loan",6,2222,6.2,4.0,_,60.25,35.78968991567217,29 Years and 6 Months,NM,211.6298821963082,64.9558056555438,High_spent_Large_value_payments,796.8435621481482,2023-07-01
CUS_0xc727,91686.69,7842.5575,3,3,3,2,"Student Loan, and Mortgage Loan",18,-1,6.69,1412.0,Good,579.04,30.27420164853481,18 Years and 5 Months,No,83.09116325853846,520.9842281922794,Low_spent_Medium_value_payments,460.1803585491822,2023-11-01
CUS_0xc734,27305.93,2289.494166666667,3,4,19,0,,22,17,8.93,6.0,Standard,454.4,29.451598177021985,17 Years and 8 Months,Yes,0.0,26.378439410826868,High_spent_Medium_value_payments,452.57097725583986,2024-10-01
CUS_0xc78,33960.07,3080.005833333333,1,5,11,1,Not Specified,5,6,4.23,2.0,Good,482.5,35.95798651476657,26 Years and 0 Months,No,23.172582496377373,318.5642400414495,Low_spent_Small_value_payments,256.26376079550647,2024-02-01
CUS_0xc7c,23917.38,1724.115,7,4,6,3,"Personal Loan, Debt Consolidation Loan, and Auto Loan",18,16,9.98,2.0,Standard,888.53,28.115013925301376,29 Years and 10 Months,Yes,35.50828907001855,46.87031081968769,Low_spent_Large_value_payments,360.0329001102938,2024-04-01
CUS_0xd33,54167.61,4806.9675,8,8,2616,6,"Student Loan, Not Specified, Home Equity Loan, Personal Loan, Auto Loan, and Personal Loan",51,18,12.41,13.0,_,2145.42,34.618756502892424,19 Years and 9 Months,Yes,59934.0,152.36475144515248,High_spent_Medium_value_payments,334.38403068789125,2023-02-01
CUS_0xd39,90592.02,7433.335,4,7,18,4,"Student Loan, Credit-Builder Loan, Mortgage Loan, and Student Loan",27,20,19.11,8.0,Standard,831.18,30.73950978662966,17 Years and 3 Months,Yes,154.43297303423154,97.51629432931709,High_spent_Medium_value_payments,741.3842326364514,2023-07-01
CUS_0xdc1,28893.09,2295.7575,4,1,11,0,,11,2,4.98,1.0,Good,224.36,38.94258629701561,22 Years and 6 Months,No,0.0,85.71733143385252,High_spent_Small_value_payments,403.8584185661475,2024-07-01
CUS_0xdcb,11680.31_,1013.4220414950634,3,4,13,2,"Credit-Builder Loan, and Mortgage Loan",21,16,3.51,3.0,_,58.64,36.53340221980311,22 Years and 11 Months,No,122.60077974385943,127.46498604193668,Low_spent_Small_value_payments,264.40727605247383,2024-06-01
CUS_0xde1,21453.93,1600.8275,6,4,9,0,,26,14,10.96,1.0,Standard,162.76,30.82307303008655,33 Years and 0 Months,No,0.0,53.80543535354745,Low_spent_Large_value_payments,376.2773146464526,2024-05-01
CUS_0xe34,63658.26,5281.855,3,6,12,2,"Student Loan, and Mortgage Loan",24,20,_,8.0,Standard,498.59,32.56040330012495,26 Years and 9 Months,Yes,81.23619471554962,127.2235614230845,High_spent_Medium_value_payments,569.7257438613657,2023-07-01
CUS_0xeda,78999.96,6396.330000000001,8,5,20,4,"Payday Loan, Payday Loan, Credit-Builder Loan, and Auto Loan",42,27,7.73,16.0,Bad,2062.79,37.28195658519329,9 Years and 9 Months,Yes,138.2606061819985,566.7583317490286,Low_spent_Small_value_payments,224.61406206897308,2023-11-01
CUS_0xedb,46469.28,4038.44,9,5,24,2,"Auto Loan, and Personal Loan",34,9,14.07,12.0,Standard,2660.96,28.766006284440607,8 Years and 6 Months,Yes,59.311123581017526,265.31387063853094,Low_spent_Small_value_payments,307.38688026784666,2023-10-01
CUS_0xf64,56125.5,4875.125,8,3,18,2,"Credit-Builder Loan, and Mortgage Loan",30,14,17.89,4.0,_,370.22,26.88811207844832,29 Years and 0 Months,Yes,81.82285657517096,83.09070109132252,High_spent_Medium_value_payments,572.5989423335067,2024-04-01
CUS_0xf95,15604.56,1389.38,9,5,25,3,"Debt Consolidation Loan, Home Equity Loan, and Not Specified",27,23,8.08,13.0,Bad,2686.18,35.184081848501954,19 Years and 10 Months,Yes,37.91235014270589,92.1139885286824,Low_spent_Small_value_payments,298.9116613286117,2025-01-01
CUS_0xfaf,39255.54,3546.295,4,3,6,2,"Not Specified, and Payday Loan",12,2,4.14,5.0,Good,536.03,29.89385325327333,33 Years and 8 Months,No,46.034586059721526,53.69718577197072,High_spent_Large_value_payments,494.8977281683078,2023-04-01
CUS_0xfd1,78666.56999999999,6485.5475,3,4,17,4,"Not Specified, Personal Loan, Home Equity Loan, and Debt Consolidation Loan",29,10,-5.37,3.0,Standard,1498.7,37.831761621360094,22 Years and 5 Months,No,247.85114466764472,252.3461368272953,High_spent_Small_value_payments,408.35746850506007,2024-12-01
CUS_0xfe4,110575.72,9009.643333333332,7,3,6,7,"Credit-Builder Loan, Debt Consolidation Loan, Debt Consolidation Loan, Debt Consolidation Loan, Debt Consolidation Loan, Credit-Builder Loan, and Home Equity Loan",10,13,18.53,10.0,Standard,788.59,39.1022618387394,17 Years and 9 Months,Yes,540.0722378457675,354.8558010471916,High_spent_Small_value_payments,266.0362944403742,2023-09-01
CUS_0xff6,117639.92,9727.326666666666,5,6,1,2,"Home Equity Loan, and Auto Loan",-3,7,10.4,2.0,Good,338.3,32.87185347270595,24 Years and 11 Months,No,126.63845331448265,534.0885271982645,Low_spent_Medium_value_payments,592.0056861539196,2024-10-01
