loan_id,Customer_ID,loan_start_date,tenure,installment_num,loan_amt,due_amt,paid_amt,overdue_amt,balance,snapshot_date
CUS_0x1000_2023_05_01,CUS_0x1000,2023-05-01,10,0,10000,0.0,0.0,0.0,10000.0,2023-05-01
CUS_0x1000_2023_05_01,CUS_0x1000,2023-05-01,10,1,10000,1000.0,1000.0,0.0,9000.0,2023-06-01
CUS_0x1000_2023_05_01,CUS_0x1000,2023-05-01,10,2,10000,1000.0,1000.0,0.0,8000.0,2023-07-01
CUS_0x1000_2023_05_01,CUS_0x1000,2023-05-01,10,3,10000,1000.0,0.0,1000.0,8000.0,2023-08-01
CUS_0x1000_2023_05_01,CUS_0x1000,2023-05-01,10,4,10000,1000.0,2000.0,0.0,6000.0,2023-09-01
CUS_0x1000_2023_05_01,CUS_0x1000,2023-05-01,10,5,10000,1000.0,0.0,1000.0,6000.0,2023-10-01
CUS_0x1000_2023_05_01,CUS_0x1000,2023-05-01,10,6,10000,1000.0,0.0,2000.0,6000.0,2023-11-01
CUS_0x1000_2023_05_01,CUS_0x1000,2023-05-01,10,7,10000,1000.0,0.0,3000.0,6000.0,2023-12-01
CUS_0x1000_2023_05_01,CUS_0x1000,2023-05-01,10,8,10000,1000.0,0.0,4000.0,6000.0,2024-01-01
CUS_0x1000_2023_05_01,CUS_0x1000,2023-05-01,10,9,10000,1000.0,0.0,5000.0,6000.0,2024-02-01
CUS_0x1000_2023_05_01,CUS_0x1000,2023-05-01,10,10,10000,1000.0,0.0,6000.0,6000.0,2024-03-01
CUS_0x1026_2023_10_01,CUS_0x1026,2023-10-01,10,0,10000,0.0,0.0,0.0,10000.0,2023-10-01
CUS_0x1026_2023_10_01,CUS_0x1026,2023-10-01,10,1,10000,1000.0,1000.0,0.0,9000.0,2023-11-01
CUS_0x1026_2023_10_01,CUS_0x1026,2023-10-01,10,2,10000,1000.0,1000.0,0.0,8000.0,2023-12-01
CUS_0x1026_2023_10_01,CUS_0x1026,2023-10-01,10,3,10000,1000.0,1000.0,0.0,7000.0,2024-01-01
CUS_0x1026_2023_10_01,CUS_0x1026,2023-10-01,10,4,10000,1000.0,1000.0,0.0,6000.0,2024-02-01
CUS_0x1026_2023_10_01,CUS_0x1026,2023-10-01,10,5,10000,1000.0,1000.0,0.0,5000.0,2024-03-01
CUS_0x1026_2023_10_01,CUS_0x1026,2023-10-01,10,6,10000,1000.0,1000.0,0.0,4000.0,2024-04-01
CUS_0x1026_2023_10_01,CUS_0x1026,2023-10-01,10,7,10000,1000.0,1000.0,0.0,3000.0,2024-05-01
CUS_0x1026_2023_10_01,CUS_0x1026,2023-10-01,10,8,10000,1000.0,1000.0,0.0,2000.0,2024-06-01
CUS_0x1026_2023_10_01,CUS_0x1026,2023-10-01,10,9,10000,1000.0,1000.0,0.0,1000.0,2024-07-01
CUS_0x1026_2023_10_01,CUS_0x1026,2023-10-01,10,10,10000,1000.0,1000.0,0.0,0.0,2024-08-01
CUS_0x103e_2024_12_01,CUS_0x103e,2024-12-01,10,0,10000,0.0,0.0,0.0,10000.0,2024-12-01
CUS_0x103e_2024_12_01,CUS_0x103e,2024-12-01,10,1,10000,1000.0,1000.0,0.0,9000.0,2025-01-01
CUS_0x103e_2024_12_01,CUS_0x103e,2024-12-01,10,2,10000,1000.0,1000.0,0.0,8000.0,2025-02-01
CUS_0x103e_2024_12_01,CUS_0x103e,2024-12-01,10,3,10000,1000.0,1000.0,0.0,7000.0,2025-03-01
CUS_0x103e_2024_12_01,CUS_0x103e,2024-12-01,10,4,10000,1000.0,1000.0,0.0,6000.0,2025-04-01
CUS_0x103e_2024_12_01,CUS_0x103e,2024-12-01,10,5,10000,1000.0,1000.0,0.0,5000.0,2025-05-01
CUS_0x103e_2024_12_01,CUS_0x103e,2024-12-01,10,6,10000,1000.0,1000.0,0.0,4000.0,2025-06-01
CUS_0x103e_2024_12_01,CUS_0x103e,2024-12-01,10,7,10000,1000.0,1000.0,0.0,3000.0,2025-07-01
CUS_0x103e_2024_12_01,CUS_0x103e,2024-12-01,10,8,10000,1000.0,1000.0,0.0,2000.0,2025-08-01
CUS_0x103e_2024_12_01,CUS_0x103e,2024-12-01,10,9,10000,1000.0,1000.0,0.0,1000.0,2025-09-01
CUS_0x103e_2024_12_01,CUS_0x103e,2024-12-01,10,10,10000,1000.0,1000.0,0.0,0.0,2025-10-01
CUS_0x104e_2023_06_01,CUS_0x104e,2023-06-01,10,0,10000,0.0,0.0,0.0,10000.0,2023-06-01
CUS_0x104e_2023_06_01,CUS_0x104e,2023-06-01,10,1,10000,1000.0,1000.0,0.0,9000.0,2023-07-01
CUS_0x104e_2023_06_01,CUS_0x104e,2023-06-01,10,2,10000,1000.0,1000.0,0.0,8000.0,2023-08-01
CUS_0x104e_2023_06_01,CUS_0x104e,2023-06-01,10,3,10000,1000.0,1000.0,0.0,7000.0,2023-09-01
CUS_0x104e_2023_06_01,CUS_0x104e,2023-06-01,10,4,10000,1000.0,1000.0,0.0,6000.0,2023-10-01
CUS_0x104e_2023_06_01,CUS_0x104e,2023-06-01,10,5,10000,1000.0,1000.0,0.0,5000.0,2023-11-01
CUS_0x104e_2023_06_01,CUS_0x104e,2023-06-01,10,6,10000,1000.0,1000.0,0.0,4000.0,2023-12-01
CUS_0x104e_2023_06_01,CUS_0x104e,2023-06-01,10,7,10000,1000.0,1000.0,0.0,3000.0,2024-01-01
CUS_0x104e_2023_06_01,CUS_0x104e,2023-06-01,10,8,10000,1000.0,1000.0,0.0,2000.0,2024-02-01
CUS_0x104e_2023_06_01,CUS_0x104e,2023-06-01,10,9,10000,1000.0,1000.0,0.0,1000.0,2024-03-01
CUS_0x104e_2023_06_01,CUS_0x104e,2023-06-01,10,10,10000,1000.0,1000.0,0.0,0.0,2024-04-01
CUS_0x107c_2023_11_01,CUS_0x107c,2023-11-01,10,0,10000,0.0,0.0,0.0,10000.0,2023-11-01
CUS_0x107c_2023_11_01,CUS_0x107c,2023-11-01,10,1,10000,1000.0,1000.0,0.0,9000.0,2023-12-01
CUS_0x107c_2023_11_01,CUS_0x107c,2023-11-01,10,2,10000,1000.0,1000.0,0.0,8000.0,2024-01-01
CUS_0x107c_2023_11_01,CUS_0x107c,2023-11-01,10,3,10000,1000.0,1000.0,0.0,7000.0,2024-02-01
CUS_0x107c_2023_11_01,CUS_0x107c,2023-11-01,10,4,10000,1000.0,1000.0,0.0,6000.0,2024-03-01
CUS_0x107c_2023_11_01,CUS_0x107c,2023-11-01,10,5,10000,1000.0,1000.0,0.0,5000.0,2024-04-01
CUS_0x107c_2023_11_01,CUS_0x107c,2023-11-01,10,6,10000,1000.0,1000.0,0.0,4000.0,2024-05-01
CUS_0x107c_2023_11_01,CUS_0x107c,2023-11-01,10,7,10000,1000.0,1000.0,0.0,3000.0,2024-06-01
CUS_0x107c_2023_11_01,CUS_0x107c,2023-11-01,10,8,10000,1000.0,1000.0,0.0,2000.0,2024-07-01
CUS_0x107c_2023_11_01,CUS_0x107c,2023-11-01,10,9,10000,1000.0,1000.0,0.0,1000.0,2024-08-01
CUS_0x107c_2023_11_01,CUS_0x107c,2023-11-01,10,10,10000,1000.0,1000.0,0.0,0.0,2024-09-01
CUS_0x10c0_2024_02_01,CUS_0x10c0,2024-02-01,10,0,10000,0.0,0.0,0.0,10000.0,2024-02-01
CUS_0x10c0_2024_02_01,CUS_0x10c0,2024-02-01,10,1,10000,1000.0,0.0,1000.0,10000.0,2024-03-01
CUS_0x10c0_2024_02_01,CUS_0x10c0,2024-02-01,10,2,10000,1000.0,0.0,2000.0,10000.0,2024-04-01
CUS_0x10c0_2024_02_01,CUS_0x10c0,2024-02-01,10,3,10000,1000.0,0.0,3000.0,10000.0,2024-05-01
CUS_0x10c0_2024_02_01,CUS_0x10c0,2024-02-01,10,4,10000,1000.0,0.0,4000.0,10000.0,2024-06-01
CUS_0x10c0_2024_02_01,CUS_0x10c0,2024-02-01,10,5,10000,1000.0,0.0,5000.0,10000.0,2024-07-01
CUS_0x10c0_2024_02_01,CUS_0x10c0,2024-02-01,10,6,10000,1000.0,0.0,6000.0,10000.0,2024-08-01
CUS_0x10c0_2024_02_01,CUS_0x10c0,2024-02-01,10,7,10000,1000.0,0.0,7000.0,10000.0,2024-09-01
CUS_0x10c0_2024_02_01,CUS_0x10c0,2024-02-01,10,8,10000,1000.0,0.0,8000.0,10000.0,2024-10-01
CUS_0x10c0_2024_02_01,CUS_0x10c0,2024-02-01,10,9,10000,1000.0,0.0,9000.0,10000.0,2024-11-01
CUS_0x10c0_2024_02_01,CUS_0x10c0,2024-02-01,10,10,10000,1000.0,0.0,10000.0,10000.0,2024-12-01
CUS_0x1123_2024_10_01,CUS_0x1123,2024-10-01,10,0,10000,0.0,0.0,0.0,10000.0,2024-10-01
CUS_0x1123_2024_10_01,CUS_0x1123,2024-10-01,10,1,10000,1000.0,1000.0,0.0,9000.0,2024-11-01
CUS_0x1123_2024_10_01,CUS_0x1123,2024-10-01,10,2,10000,1000.0,1000.0,0.0,8000.0,2024-12-01
CUS_0x1123_2024_10_01,CUS_0x1123,2024-10-01,10,3,10000,1000.0,0.0,1000.0,8000.0,2025-01-01
CUS_0x1123_2024_10_01,CUS_0x1123,2024-10-01,10,4,10000,1000.0,0.0,2000.0,8000.0,2025-02-01
CUS_0x1123_2024_10_01,CUS_0x1123,2024-10-01,10,5,10000,1000.0,0.0,3000.0,8000.0,2025-03-01
CUS_0x1123_2024_10_01,CUS_0x1123,2024-10-01,10,6,10000,1000.0,0.0,4000.0,8000.0,2025-04-01
CUS_0x1123_2024_10_01,CUS_0x1123,2024-10-01,10,7,10000,1000.0,0.0,5000.0,8000.0,2025-05-01
CUS_0x1123_2024_10_01,CUS_0x1123,2024-10-01,10,8,10000,1000.0,0.0,6000.0,8000.0,2025-06-01
CUS_0x1123_2024_10_01,CUS_0x1123,2024-10-01,10,9,10000,1000.0,0.0,7000.0,8000.0,2025-07-01
CUS_0x1123_2024_10_01,CUS_0x1123,2024-10-01,10,10,10000,1000.0,0.0,8000.0,8000.0,2025-08-01
CUS_0x1145_2024_08_01,CUS_0x1145,2024-08-01,10,0,10000,0.0,0.0,0.0,10000.0,2024-08-01
CUS_0x1145_2024_08_01,CUS_0x1145,2024-08-01,10,1,10000,1000.0,1000.0,0.0,9000.0,2024-09-01
CUS_0x1145_2024_08_01,CUS_0x1145,2024-08-01,10,2,10000,1000.0,1000.0,0.0,8000.0,2024-10-01
CUS_0x1145_2024_08_01,CUS_0x1145,2024-08-01,10,3,10000,1000.0,1000.0,0.0,7000.0,2024-11-01
CUS_0x1145_2024_08_01,CUS_0x1145,2024-08-01,10,4,10000,1000.0,0.0,1000.0,7000.0,2024-12-01
CUS_0x1145_2024_08_01,CUS_0x1145,2024-08-01,10,5,10000,1000.0,0.0,2000.0,7000.0,2025-01-01
CUS_0x1145_2024_08_01,CUS_0x1145,2024-08-01,10,6,10000,1000.0,0.0,3000.0,7000.0,2025-02-01
CUS_0x1145_2024_08_01,CUS_0x1145,2024-08-01,10,7,10000,1000.0,0.0,4000.0,7000.0,2025-03-01
CUS_0x1145_2024_08_01,CUS_0x1145,2024-08-01,10,8,10000,1000.0,0.0,5000.0,7000.0,2025-04-01
CUS_0x1145_2024_08_01,CUS_0x1145,2024-08-01,10,9,10000,1000.0,0.0,6000.0,7000.0,2025-05-01
CUS_0x1145_2024_08_01,CUS_0x1145,2024-08-01,10,10,10000,1000.0,0.0,7000.0,7000.0,2025-06-01
CUS_0x1168_2023_10_01,CUS_0x1168,2023-10-01,10,0,10000,0.0,0.0,0.0,10000.0,2023-10-01
CUS_0x1168_2023_10_01,CUS_0x1168,2023-10-01,10,1,10000,1000.0,1000.0,0.0,9000.0,2023-11-01
CUS_0x1168_2023_10_01,CUS_0x1168,2023-10-01,10,2,10000,1000.0,1000.0,0.0,8000.0,2023-12-01
CUS_0x1168_2023_10_01,CUS_0x1168,2023-10-01,10,3,10000,1000.0,1000.0,0.0,7000.0,2024-01-01
CUS_0x1168_2023_10_01,CUS_0x1168,2023-10-01,10,4,10000,1000.0,1000.0,0.0,6000.0,2024-02-01
CUS_0x1168_2023_10_01,CUS_0x1168,2023-10-01,10,5,10000,1000.0,1000.0,0.0,5000.0,2024-03-01
CUS_0x1168_2023_10_01,CUS_0x1168,2023-10-01,10,6,10000,1000.0,1000.0,0.0,4000.0,2024-04-01
CUS_0x1168_2023_10_01,CUS_0x1168,2023-10-01,10,7,10000,1000.0,1000.0,0.0,3000.0,2024-05-01
CUS_0x1168_2023_10_01,CUS_0x1168,2023-10-01,10,8,10000,1000.0,1000.0,0.0,2000.0,2024-06-01
CUS_0x1168_2023_10_01,CUS_0x1168,2023-10-01,10,9,10000,1000.0,1000.0,0.0,1000.0,2024-07-01
CUS_0x1168_2023_10_01,CUS_0x1168,2023-10-01,10,10,10000,1000.0,1000.0,0.0,0.0,2024-08-01
CUS_0x11e2_2024_12_01,CUS_0x11e2,2024-12-01,10,0,10000,0.0,0.0,0.0,10000.0,2024-12-01
CUS_0x11e2_2024_12_01,CUS_0x11e2,2024-12-01,10,1,10000,1000.0,1000.0,0.0,9000.0,2025-01-01
CUS_0x11e2_2024_12_01,CUS_0x11e2,2024-12-01,10,2,10000,1000.0,1000.0,0.0,8000.0,2025-02-01
CUS_0x11e2_2024_12_01,CUS_0x11e2,2024-12-01,10,3,10000,1000.0,1000.0,0.0,7000.0,2025-03-01
CUS_0x11e2_2024_12_01,CUS_0x11e2,2024-12-01,10,4,10000,1000.0,1000.0,0.0,6000.0,2025-04-01
CUS_0x11e2_2024_12_01,CUS_0x11e2,2024-12-01,10,5,10000,1000.0,1000.0,0.0,5000.0,2025-05-01
CUS_0x11e2_2024_12_01,CUS_0x11e2,2024-12-01,10,6,10000,1000.0,1000.0,0.0,4000.0,2025-06-01
CUS_0x11e2_2024_12_01,CUS_0x11e2,2024-12-01,10,7,10000,1000.0,1000.0,0.0,3000.0,2025-07-01
CUS_0x11e2_2024_12_01,CUS_0x11e2,2024-12-01,10,8,10000,1000.0,1000.0,0.0,2000.0,2025-08-01
CUS_0x11e2_2024_12_01,CUS_0x11e2,2024-12-01,10,9,10000,1000.0,1000.0,0.0,1000.0,2025-09-01
CUS_0x11e2_2024_12_01,CUS_0x11e2,2024-12-01,10,10,10000,1000.0,1000.0,0.0,0.0,2025-10-01
CUS_0x1231_2024_11_01,CUS_0x1231,2024-11-01,10,0,10000,0.0,0.0,0.0,10000.0,2024-11-01
CUS_0x1231_2024_11_01,CUS_0x1231,2024-11-01,10,1,10000,1000.0,1000.0,0.0,9000.0,2024-12-01
CUS_0x1231_2024_11_01,CUS_0x1231,2024-11-01,10,2,10000,1000.0,1000.0,0.0,8000.0,2025-01-01
CUS_0x1231_2024_11_01,CUS_0x1231,2024-11-01,10,3,10000,1000.0,1000.0,0.0,7000.0,2025-02-01
CUS_0x1231_2024_11_01,CUS_0x1231,2024-11-01,10,4,10000,1000.0,1000.0,0.0,6000.0,2025-03-01
CUS_0x1231_2024_11_01,CUS_0x1231,2024-11-01,10,5,10000,1000.0,1000.0,0.0,5000.0,2025-04-01
CUS_0x1231_2024_11_01,CUS_0x1231,2024-11-01,10,6,10000,1000.0,1000.0,0.0,4000.0,2025-05-01
CUS_0x1231_2024_11_01,CUS_0x1231,2024-11-01,10,7,10000,1000.0,1000.0,0.0,3000.0,2025-06-01
CUS_0x1231_2024_11_01,CUS_0x1231,2024-11-01,10,8,10000,1000.0,1000.0,0.0,2000.0,2025-07-01
CUS_0x1231_2024_11_01,CUS_0x1231,2024-11-01,10,9,10000,1000.0,1000.0,0.0,1000.0,2025-08-01
CUS_0x1231_2024_11_01,CUS_0x1231,2024-11-01,10,10,10000,1000.0,1000.0,0.0,0.0,2025-09-01
CUS_0x1233_2024_05_01,CUS_0x1233,2024-05-01,10,0,10000,0.0,0.0,0.0,10000.0,2024-05-01
CUS_0x1233_2024_05_01,CUS_0x1233,2024-05-01,10,1,10000,1000.0,1000.0,0.0,9000.0,2024-06-01
CUS_0x1233_2024_05_01,CUS_0x1233,2024-05-01,10,2,10000,1000.0,1000.0,0.0,8000.0,2024-07-01
CUS_0x1233_2024_05_01,CUS_0x1233,2024-05-01,10,3,10000,1000.0,1000.0,0.0,7000.0,2024-08-01
CUS_0x1233_2024_05_01,CUS_0x1233,2024-05-01,10,4,10000,1000.0,1000.0,0.0,6000.0,2024-09-01
CUS_0x1233_2024_05_01,CUS_0x1233,2024-05-01,10,5,10000,1000.0,1000.0,0.0,5000.0,2024-10-01
CUS_0x1233_2024_05_01,CUS_0x1233,2024-05-01,10,6,10000,1000.0,1000.0,0.0,4000.0,2024-11-01
CUS_0x1233_2024_05_01,CUS_0x1233,2024-05-01,10,7,10000,1000.0,1000.0,0.0,3000.0,2024-12-01
CUS_0x1233_2024_05_01,CUS_0x1233,2024-05-01,10,8,10000,1000.0,1000.0,0.0,2000.0,2025-01-01
CUS_0x1233_2024_05_01,CUS_0x1233,2024-05-01,10,9,10000,1000.0,1000.0,0.0,1000.0,2025-02-01
CUS_0x1233_2024_05_01,CUS_0x1233,2024-05-01,10,10,10000,1000.0,1000.0,0.0,0.0,2025-03-01
CUS_0x123a_2023_03_01,CUS_0x123a,2023-03-01,10,0,10000,0.0,0.0,0.0,10000.0,2023-03-01
CUS_0x123a_2023_03_01,CUS_0x123a,2023-03-01,10,1,10000,1000.0,1000.0,0.0,9000.0,2023-04-01
CUS_0x123a_2023_03_01,CUS_0x123a,2023-03-01,10,2,10000,1000.0,0.0,1000.0,9000.0,2023-05-01
CUS_0x123a_2023_03_01,CUS_0x123a,2023-03-01,10,3,10000,1000.0,0.0,2000.0,9000.0,2023-06-01
CUS_0x123a_2023_03_01,CUS_0x123a,2023-03-01,10,4,10000,1000.0,0.0,3000.0,9000.0,2023-07-01
CUS_0x123a_2023_03_01,CUS_0x123a,2023-03-01,10,5,10000,1000.0,0.0,4000.0,9000.0,2023-08-01
CUS_0x123a_2023_03_01,CUS_0x123a,2023-03-01,10,6,10000,1000.0,0.0,5000.0,9000.0,2023-09-01
CUS_0x123a_2023_03_01,CUS_0x123a,2023-03-01,10,7,10000,1000.0,0.0,6000.0,9000.0,2023-10-01
CUS_0x123a_2023_03_01,CUS_0x123a,2023-03-01,10,8,10000,1000.0,0.0,7000.0,9000.0,2023-11-01
CUS_0x123a_2023_03_01,CUS_0x123a,2023-03-01,10,9,10000,1000.0,0.0,8000.0,9000.0,2023-12-01
CUS_0x123a_2023_03_01,CUS_0x123a,2023-03-01,10,10,10000,1000.0,0.0,9000.0,9000.0,2024-01-01
CUS_0x1252_2023_02_01,CUS_0x1252,2023-02-01,10,0,10000,0.0,0.0,0.0,10000.0,2023-02-01
CUS_0x1252_2023_02_01,CUS_0x1252,2023-02-01,10,1,10000,1000.0,1000.0,0.0,9000.0,2023-03-01
CUS_0x1252_2023_02_01,CUS_0x1252,2023-02-01,10,2,10000,1000.0,1000.0,0.0,8000.0,2023-04-01
CUS_0x1252_2023_02_01,CUS_0x1252,2023-02-01,10,3,10000,1000.0,1000.0,0.0,7000.0,2023-05-01
CUS_0x1252_2023_02_01,CUS_0x1252,2023-02-01,10,4,10000,1000.0,1000.0,0.0,6000.0,2023-06-01
CUS_0x1252_2023_02_01,CUS_0x1252,2023-02-01,10,5,10000,1000.0,1000.0,0.0,5000.0,2023-07-01
CUS_0x1252_2023_02_01,CUS_0x1252,2023-02-01,10,6,10000,1000.0,1000.0,0.0,4000.0,2023-08-01
CUS_0x1252_2023_02_01,CUS_0x1252,2023-02-01,10,7,10000,1000.0,1000.0,0.0,3000.0,2023-09-01
CUS_0x1252_2023_02_01,CUS_0x1252,2023-02-01,10,8,10000,1000.0,1000.0,0.0,2000.0,2023-10-01
CUS_0x1252_2023_02_01,CUS_0x1252,2023-02-01,10,9,10000,1000.0,1000.0,0.0,1000.0,2023-11-01
CUS_0x1252_2023_02_01,CUS_0x1252,2023-02-01,10,10,10000,1000.0,1000.0,0.0,0.0,2023-12-01
CUS_0x1281_2023_11_01,CUS_0x1281,2023-11-01,10,0,10000,0.0,0.0,0.0,10000.0,2023-11-01
CUS_0x1281_2023_11_01,CUS_0x1281,2023-11-01,10,1,10000,1000.0,1000.0,0.0,9000.0,2023-12-01
CUS_0x1281_2023_11_01,CUS_0x1281,2023-11-01,10,2,10000,1000.0,1000.0,0.0,8000.0,2024-01-01
CUS_0x1281_2023_11_01,CUS_0x1281,2023-11-01,10,3,10000,1000.0,1000.0,0.0,7000.0,2024-02-01
CUS_0x1281_2023_11_01,CUS_0x1281,2023-11-01,10,4,10000,1000.0,0.0,1000.0,7000.0,2024-03-01
CUS_0x1281_2023_11_01,CUS_0x1281,2023-11-01,10,5,10000,1000.0,0.0,2000.0,7000.0,2024-04-01
CUS_0x1281_2023_11_01,CUS_0x1281,2023-11-01,10,6,10000,1000.0,0.0,3000.0,7000.0,2024-05-01
CUS_0x1281_2023_11_01,CUS_0x1281,2023-11-01,10,7,10000,1000.0,0.0,4000.0,7000.0,2024-06-01
CUS_0x1281_2023_11_01,CUS_0x1281,2023-11-01,10,8,10000,1000.0,0.0,5000.0,7000.0,2024-07-01
CUS_0x1281_2023_11_01,CUS_0x1281,2023-11-01,10,9,10000,1000.0,0.0,6000.0,7000.0,2024-08-01
CUS_0x1281_2023_11_01,CUS_0x1281,2023-11-01,10,10,10000,1000.0,0.0,7000.0,7000.0,2024-09-01
CUS_0x12af_2024_03_01,CUS_0x12af,2024-03-01,10,0,10000,0.0,0.0,0.0,10000.0,2024-03-01
CUS_0x12af_2024_03_01,CUS_0x12af,2024-03-01,10,1,10000,1000.0,1000.0,0.0,9000.0,2024-04-01
CUS_0x12af_2024_03_01,CUS_0x12af,2024-03-01,10,2,10000,1000.0,1000.0,0.0,8000.0,2024-05-01
CUS_0x12af_2024_03_01,CUS_0x12af,2024-03-01,10,3,10000,1000.0,1000.0,0.0,7000.0,2024-06-01
CUS_0x12af_2024_03_01,CUS_0x12af,2024-03-01,10,4,10000,1000.0,1000.0,0.0,6000.0,2024-07-01
CUS_0x12af_2024_03_01,CUS_0x12af,2024-03-01,10,5,10000,1000.0,1000.0,0.0,5000.0,2024-08-01
CUS_0x12af_2024_03_01,CUS_0x12af,2024-03-01,10,6,10000,1000.0,1000.0,0.0,4000.0,2024-09-01
CUS_0x12af_2024_03_01,CUS_0x12af,2024-03-01,10,7,10000,1000.0,1000.0,0.0,3000.0,2024-10-01
CUS_0x12af_2024_03_01,CUS_0x12af,2024-03-01,10,8,10000,1000.0,1000.0,0.0,2000.0,2024-11-01
CUS_0x12af_2024_03_01,CUS_0x12af,2024-03-01,10,9,10000,1000.0,1000.0,0.0,1000.0,2024-12-01
CUS_0x12af_2024_03_01,CUS_0x12af,2024-03-01,10,10,10000,1000.0,1000.0,0.0,0.0,2025-01-01
CUS_0x12d1_2024_01_01,CUS_0x12d1,2024-01-01,10,0,10000,0.0,0.0,0.0,10000.0,2024-01-01
CUS_0x12d1_2024_01_01,CUS_0x12d1,2024-01-01,10,1,10000,1000.0,1000.0,0.0,9000.0,2024-02-01
CUS_0x12d1_2024_01_01,CUS_0x12d1,2024-01-01,10,2,10000,1000.0,1000.0,0.0,8000.0,2024-03-01
CUS_0x12d1_2024_01_01,CUS_0x12d1,2024-01-01,10,3,10000,1000.0,1000.0,0.0,7000.0,2024-04-01
CUS_0x12d1_2024_01_01,CUS_0x12d1,2024-01-01,10,4,10000,1000.0,1000.0,0.0,6000.0,2024-05-01
CUS_0x12d1_2024_01_01,CUS_0x12d1,2024-01-01,10,5,10000,1000.0,1000.0,0.0,5000.0,2024-06-01
CUS_0x12d1_2024_01_01,CUS_0x12d1,2024-01-01,10,6,10000,1000.0,1000.0,0.0,4000.0,2024-07-01
CUS_0x12d1_2024_01_01,CUS_0x12d1,2024-01-01,10,7,10000,1000.0,1000.0,0.0,3000.0,2024-08-01
CUS_0x12d1_2024_01_01,CUS_0x12d1,2024-01-01,10,8,10000,1000.0,1000.0,0.0,2000.0,2024-09-01
CUS_0x12d1_2024_01_01,CUS_0x12d1,2024-01-01,10,9,10000,1000.0,1000.0,0.0,1000.0,2024-10-01
CUS_0x12d1_2024_01_01,CUS_0x12d1,2024-01-01,10,10,10000,1000.0,1000.0,0.0,0.0,2024-11-01
CUS_0x12ef_2024_02_01,CUS_0x12ef,2024-02-01,10,0,10000,0.0,0.0,0.0,10000.0,2024-02-01
CUS_0x12ef_2024_02_01,CUS_0x12ef,2024-02-01,10,1,10000,1000.0,1000.0,0.0,9000.0,2024-03-01
CUS_0x12ef_2024_02_01,CUS_0x12ef,2024-02-01,10,2,10000,1000.0,1000.0,0.0,8000.0,2024-04-01
CUS_0x12ef_2024_02_01,CUS_0x12ef,2024-02-01,10,3,10000,1000.0,1000.0,0.0,7000.0,2024-05-01
CUS_0x12ef_2024_02_01,CUS_0x12ef,2024-02-01,10,4,10000,1000.0,1000.0,0.0,6000.0,2024-06-01
CUS_0x12ef_2024_02_01,CUS_0x12ef,2024-02-01,10,5,10000,1000.0,1000.0,0.0,5000.0,2024-07-01
CUS_0x12ef_2024_02_01,CUS_0x12ef,2024-02-01,10,6,10000,1000.0,1000.0,0.0,4000.0,2024-08-01
CUS_0x12ef_2024_02_01,CUS_0x12ef,2024-02-01,10,7,10000,1000.0,1000.0,0.0,3000.0,2024-09-01
CUS_0x12ef_2024_02_01,CUS_0x12ef,2024-02-01,10,8,10000,1000.0,1000.0,0.0,2000.0,2024-10-01
CUS_0x12ef_2024_02_01,CUS_0x12ef,2024-02-01,10,9,10000,1000.0,1000.0,0.0,1000.0,2024-11-01
CUS_0x12ef_2024_02_01,CUS_0x12ef,2024-02-01,10,10,10000,1000.0,1000.0,0.0,0.0,2024-12-01
CUS_0x12fc_2024_03_01,CUS_0x12fc,2024-03-01,10,0,10000,0.0,0.0,0.0,10000.0,2024-03-01
CUS_0x12fc_2024_03_01,CUS_0x12fc,2024-03-01,10,1,10000,1000.0,1000.0,0.0,9000.0,2024-04-01
CUS_0x12fc_2024_03_01,CUS_0x12fc,2024-03-01,10,2,10000,1000.0,1000.0,0.0,8000.0,2024-05-01
CUS_0x12fc_2024_03_01,CUS_0x12fc,2024-03-01,10,3,10000,1000.0,1000.0,0.0,7000.0,2024-06-01
CUS_0x12fc_2024_03_01,CUS_0x12fc,2024-03-01,10,4,10000,1000.0,1000.0,0.0,6000.0,2024-07-01
CUS_0x12fc_2024_03_01,CUS_0x12fc,2024-03-01,10,5,10000,1000.0,1000.0,0.0,5000.0,2024-08-01
CUS_0x12fc_2024_03_01,CUS_0x12fc,2024-03-01,10,6,10000,1000.0,1000.0,0.0,4000.0,2024-09-01
CUS_0x12fc_2024_03_01,CUS_0x12fc,2024-03-01,10,7,10000,1000.0,1000.0,0.0,3000.0,2024-10-01
CUS_0x12fc_2024_03_01,CUS_0x12fc,2024-03-01,10,8,10000,1000.0,1000.0,0.0,2000.0,2024-11-01
CUS_0x12fc_2024_03_01,CUS_0x12fc,2024-03-01,10,9,10000,1000.0,1000.0,0.0,1000.0,2024-12-01
CUS_0x12fc_2024_03_01,CUS_0x12fc,2024-03-01,10,10,10000,1000.0,1000.0,0.0,0.0,2025-01-01
CUS_0x131f_2024_05_01,CUS_0x131f,2024-05-01,10,0,10000,0.0,0.0,0.0,10000.0,2024-05-01
CUS_0x131f_2024_05_01,CUS_0x131f,2024-05-01,10,1,10000,1000.0,1000.0,0.0,9000.0,2024-06-01
CUS_0x131f_2024_05_01,CUS_0x131f,2024-05-01,10,2,10000,1000.0,0.0,1000.0,9000.0,2024-07-01
CUS_0x131f_2024_05_01,CUS_0x131f,2024-05-01,10,3,10000,1000.0,2000.0,0.0,7000.0,2024-08-01
CUS_0x131f_2024_05_01,CUS_0x131f,2024-05-01,10,4,10000,1000.0,0.0,1000.0,7000.0,2024-09-01
CUS_0x131f_2024_05_01,CUS_0x131f,2024-05-01,10,5,10000,1000.0,0.0,2000.0,7000.0,2024-10-01
CUS_0x131f_2024_05_01,CUS_0x131f,2024-05-01,10,6,10000,1000.0,0.0,3000.0,7000.0,2024-11-01
CUS_0x131f_2024_05_01,CUS_0x131f,2024-05-01,10,7,10000,1000.0,0.0,4000.0,7000.0,2024-12-01
CUS_0x131f_2024_05_01,CUS_0x131f,2024-05-01,10,8,10000,1000.0,0.0,5000.0,7000.0,2025-01-01
CUS_0x131f_2024_05_01,CUS_0x131f,2024-05-01,10,9,10000,1000.0,0.0,6000.0,7000.0,2025-02-01
CUS_0x131f_2024_05_01,CUS_0x131f,2024-05-01,10,10,10000,1000.0,0.0,7000.0,7000.0,2025-03-01
CUS_0x1325_2023_01_01,CUS_0x1325,2023-01-01,10,0,10000,0.0,0.0,0.0,10000.0,2023-01-01
CUS_0x1325_2023_01_01,CUS_0x1325,2023-01-01,10,1,10000,1000.0,1000.0,0.0,9000.0,2023-02-01
CUS_0x1325_2023_01_01,CUS_0x1325,2023-01-01,10,2,10000,1000.0,1000.0,0.0,8000.0,2023-03-01
CUS_0x1325_2023_01_01,CUS_0x1325,2023-01-01,10,3,10000,1000.0,1000.0,0.0,7000.0,2023-04-01
CUS_0x1325_2023_01_01,CUS_0x1325,2023-01-01,10,4,10000,1000.0,1000.0,0.0,6000.0,2023-05-01
CUS_0x1325_2023_01_01,CUS_0x1325,2023-01-01,10,5,10000,1000.0,1000.0,0.0,5000.0,2023-06-01
CUS_0x1325_2023_01_01,CUS_0x1325,2023-01-01,10,6,10000,1000.0,1000.0,0.0,4000.0,2023-07-01
CUS_0x1325_2023_01_01,CUS_0x1325,2023-01-01,10,7,10000,1000.0,1000.0,0.0,3000.0,2023-08-01
CUS_0x1325_2023_01_01,CUS_0x1325,2023-01-01,10,8,10000,1000.0,1000.0,0.0,2000.0,2023-09-01
CUS_0x1325_2023_01_01,CUS_0x1325,2023-01-01,10,9,10000,1000.0,1000.0,0.0,1000.0,2023-10-01
CUS_0x1325_2023_01_01,CUS_0x1325,2023-01-01,10,10,10000,1000.0,1000.0,0.0,0.0,2023-11-01
CUS_0x133e_2024_01_01,CUS_0x133e,2024-01-01,10,0,10000,0.0,0.0,0.0,10000.0,2024-01-01
CUS_0x133e_2024_01_01,CUS_0x133e,2024-01-01,10,1,10000,1000.0,1000.0,0.0,9000.0,2024-02-01
CUS_0x133e_2024_01_01,CUS_0x133e,2024-01-01,10,2,10000,1000.0,1000.0,0.0,8000.0,2024-03-01
CUS_0x133e_2024_01_01,CUS_0x133e,2024-01-01,10,3,10000,1000.0,1000.0,0.0,7000.0,2024-04-01
CUS_0x133e_2024_01_01,CUS_0x133e,2024-01-01,10,4,10000,1000.0,1000.0,0.0,6000.0,2024-05-01
CUS_0x133e_2024_01_01,CUS_0x133e,2024-01-01,10,5,10000,1000.0,1000.0,0.0,5000.0,2024-06-01
CUS_0x133e_2024_01_01,CUS_0x133e,2024-01-01,10,6,10000,1000.0,1000.0,0.0,4000.0,2024-07-01
CUS_0x133e_2024_01_01,CUS_0x133e,2024-01-01,10,7,10000,1000.0,1000.0,0.0,3000.0,2024-08-01
CUS_0x133e_2024_01_01,CUS_0x133e,2024-01-01,10,8,10000,1000.0,1000.0,0.0,2000.0,2024-09-01
CUS_0x133e_2024_01_01,CUS_0x133e,2024-01-01,10,9,10000,1000.0,1000.0,0.0,1000.0,2024-10-01
CUS_0x133e_2024_01_01,CUS_0x133e,2024-01-01,10,10,10000,1000.0,1000.0,0.0,0.0,2024-11-01
CUS_0x13bc_2023_11_01,CUS_0x13bc,2023-11-01,10,0,10000,0.0,0.0,0.0,10000.0,2023-11-01
CUS_0x13bc_2023_11_01,CUS_0x13bc,2023-11-01,10,1,10000,1000.0,1000.0,0.0,9000.0,2023-12-01
CUS_0x13bc_2023_11_01,CUS_0x13bc,2023-11-01,10,2,10000,1000.0,1000.0,0.0,8000.0,2024-01-01
CUS_0x13bc_2023_11_01,CUS_0x13bc,2023-11-01,10,3,10000,1000.0,1000.0,0.0,7000.0,2024-02-01
CUS_0x13bc_2023_11_01,CUS_0x13bc,2023-11-01,10,4,10000,1000.0,1000.0,0.0,6000.0,2024-03-01
CUS_0x13bc_2023_11_01,CUS_0x13bc,2023-11-01,10,5,10000,1000.0,1000.0,0.0,5000.0,2024-04-01
CUS_0x13bc_2023_11_01,CUS_0x13bc,2023-11-01,10,6,10000,1000.0,1000.0,0.0,4000.0,2024-05-01
CUS_0x13bc_2023_11_01,CUS_0x13bc,2023-11-01,10,7,10000,1000.0,1000.0,0.0,3000.0,2024-06-01
CUS_0x13bc_2023_11_01,CUS_0x13bc,2023-11-01,10,8,10000,1000.0,1000.0,0.0,2000.0,2024-07-01
CUS_0x13bc_2023_11_01,CUS_0x13bc,2023-11-01,10,9,10000,1000.0,1000.0,0.0,1000.0,2024-08-01
CUS_0x13bc_2023_11_01,CUS_0x13bc,2023-11-01,10,10,10000,1000.0,1000.0,0.0,0.0,2024-09-01
CUS_0x13c2_2024_02_01,CUS_0x13c2,2024-02-01,10,0,10000,0.0,0.0,0.0,10000.0,2024-02-01
CUS_0x13c2_2024_02_01,CUS_0x13c2,2024-02-01,10,1,10000,1000.0,1000.0,0.0,9000.0,2024-03-01
CUS_0x13c2_2024_02_01,CUS_0x13c2,2024-02-01,10,2,10000,1000.0,1000.0,0.0,8000.0,2024-04-01
CUS_0x13c2_2024_02_01,CUS_0x13c2,2024-02-01,10,3,10000,1000.0,1000.0,0.0,7000.0,2024-05-01
CUS_0x13c2_2024_02_01,CUS_0x13c2,2024-02-01,10,4,10000,1000.0,1000.0,0.0,6000.0,2024-06-01
CUS_0x13c2_2024_02_01,CUS_0x13c2,2024-02-01,10,5,10000,1000.0,1000.0,0.0,5000.0,2024-07-01
CUS_0x13c2_2024_02_01,CUS_0x13c2,2024-02-01,10,6,10000,1000.0,1000.0,0.0,4000.0,2024-08-01
CUS_0x13c2_2024_02_01,CUS_0x13c2,2024-02-01,10,7,10000,1000.0,1000.0,0.0,3000.0,2024-09-01
CUS_0x13c2_2024_02_01,CUS_0x13c2,2024-02-01,10,8,10000,1000.0,1000.0,0.0,2000.0,2024-10-01
CUS_0x13c2_2024_02_01,CUS_0x13c2,2024-02-01,10,9,10000,1000.0,1000.0,0.0,1000.0,2024-11-01
CUS_0x13c2_2024_02_01,CUS_0x13c2,2024-02-01,10,10,10000,1000.0,1000.0,0.0,0.0,2024-12-01
CUS_0x13d6_2023_07_01,CUS_0x13d6,2023-07-01,10,0,10000,0.0,0.0,0.0,10000.0,2023-07-01
CUS_0x13d6_2023_07_01,CUS_0x13d6,2023-07-01,10,1,10000,1000.0,1000.0,0.0,9000.0,2023-08-01
CUS_0x13d6_2023_07_01,CUS_0x13d6,2023-07-01,10,2,10000,1000.0,0.0,1000.0,9000.0,2023-09-01
CUS_0x13d6_2023_07_01,CUS_0x13d6,2023-07-01,10,3,10000,1000.0,0.0,2000.0,9000.0,2023-10-01
CUS_0x13d6_2023_07_01,CUS_0x13d6,2023-07-01,10,4,10000,1000.0,0.0,3000.0,9000.0,2023-11-01
CUS_0x13d6_2023_07_01,CUS_0x13d6,2023-07-01,10,5,10000,1000.0,0.0,4000.0,9000.0,2023-12-01
CUS_0x13d6_2023_07_01,CUS_0x13d6,2023-07-01,10,6,10000,1000.0,0.0,5000.0,9000.0,2024-01-01
CUS_0x13d6_2023_07_01,CUS_0x13d6,2023-07-01,10,7,10000,1000.0,0.0,6000.0,9000.0,2024-02-01
CUS_0x13d6_2023_07_01,CUS_0x13d6,2023-07-01,10,8,10000,1000.0,0.0,7000.0,9000.0,2024-03-01
CUS_0x13d6_2023_07_01,CUS_0x13d6,2023-07-01,10,9,10000,1000.0,0.0,8000.0,9000.0,2024-04-01
CUS_0x13d6_2023_07_01,CUS_0x13d6,2023-07-01,10,10,10000,1000.0,0.0,9000.0,9000.0,2024-05-01
CUS_0x13f6_2023_07_01,CUS_0x13f6,2023-07-01,10,0,10000,0.0,0.0,0.0,10000.0,2023-07-01
CUS_0x13f6_2023_07_01,CUS_0x13f6,2023-07-01,10,1,10000,1000.0,1000.0,0.0,9000.0,2023-08-01
CUS_0x13f6_2023_07_01,CUS_0x13f6,2023-07-01,10,2,10000,1000.0,1000.0,0.0,8000.0,2023-09-01
CUS_0x13f6_2023_07_01,CUS_0x13f6,2023-07-01,10,3,10000,1000.0,1000.0,0.0,7000.0,2023-10-01
CUS_0x13f6_2023_07_01,CUS_0x13f6,2023-07-01,10,4,10000,1000.0,1000.0,0.0,6000.0,2023-11-01
CUS_0x13f6_2023_07_01,CUS_0x13f6,2023-07-01,10,5,10000,1000.0,1000.0,0.0,5000.0,2023-12-01
CUS_0x13f6_2023_07_01,CUS_0x13f6,2023-07-01,10,6,10000,1000.0,1000.0,0.0,4000.0,2024-01-01
CUS_0x13f6_2023_07_01,CUS_0x13f6,2023-07-01,10,7,10000,1000.0,1000.0,0.0,3000.0,2024-02-01
CUS_0x13f6_2023_07_01,CUS_0x13f6,2023-07-01,10,8,10000,1000.0,1000.0,0.0,2000.0,2024-03-01
CUS_0x13f6_2023_07_01,CUS_0x13f6,2023-07-01,10,9,10000,1000.0,1000.0,0.0,1000.0,2024-04-01
CUS_0x13f6_2023_07_01,CUS_0x13f6,2023-07-01,10,10,10000,1000.0,1000.0,0.0,0.0,2024-05-01
CUS_0x1422_2024_04_01,CUS_0x1422,2024-04-01,10,0,10000,0.0,0.0,0.0,10000.0,2024-04-01
CUS_0x1422_2024_04_01,CUS_0x1422,2024-04-01,10,1,10000,1000.0,1000.0,0.0,9000.0,2024-05-01
CUS_0x1422_2024_04_01,CUS_0x1422,2024-04-01,10,2,10000,1000.0,1000.0,0.0,8000.0,2024-06-01
CUS_0x1422_2024_04_01,CUS_0x1422,2024-04-01,10,3,10000,1000.0,0.0,1000.0,8000.0,2024-07-01
CUS_0x1422_2024_04_01,CUS_0x1422,2024-04-01,10,4,10000,1000.0,0.0,2000.0,8000.0,2024-08-01
CUS_0x1422_2024_04_01,CUS_0x1422,2024-04-01,10,5,10000,1000.0,0.0,3000.0,8000.0,2024-09-01
CUS_0x1422_2024_04_01,CUS_0x1422,2024-04-01,10,6,10000,1000.0,0.0,4000.0,8000.0,2024-10-01
CUS_0x1422_2024_04_01,CUS_0x1422,2024-04-01,10,7,10000,1000.0,0.0,5000.0,8000.0,2024-11-01
CUS_0x1422_2024_04_01,CUS_0x1422,2024-04-01,10,8,10000,1000.0,0.0,6000.0,8000.0,2024-12-01
CUS_0x1422_2024_04_01,CUS_0x1422,2024-04-01,10,9,10000,1000.0,0.0,7000.0,8000.0,2025-01-01
CUS_0x1422_2024_04_01,CUS_0x1422,2024-04-01,10,10,10000,1000.0,0.0,8000.0,8000.0,2025-02-01
CUS_0x1470_2024_02_01,CUS_0x1470,2024-02-01,10,0,10000,0.0,0.0,0.0,10000.0,2024-02-01
CUS_0x1470_2024_02_01,CUS_0x1470,2024-02-01,10,1,10000,1000.0,1000.0,0.0,9000.0,2024-03-01
CUS_0x1470_2024_02_01,CUS_0x1470,2024-02-01,10,2,10000,1000.0,1000.0,0.0,8000.0,2024-04-01
CUS_0x1470_2024_02_01,CUS_0x1470,2024-02-01,10,3,10000,1000.0,1000.0,0.0,7000.0,2024-05-01
CUS_0x1470_2024_02_01,CUS_0x1470,2024-02-01,10,4,10000,1000.0,1000.0,0.0,6000.0,2024-06-01
CUS_0x1470_2024_02_01,CUS_0x1470,2024-02-01,10,5,10000,1000.0,1000.0,0.0,5000.0,2024-07-01
CUS_0x1470_2024_02_01,CUS_0x1470,2024-02-01,10,6,10000,1000.0,1000.0,0.0,4000.0,2024-08-01
CUS_0x1470_2024_02_01,CUS_0x1470,2024-02-01,10,7,10000,1000.0,1000.0,0.0,3000.0,2024-09-01
CUS_0x1470_2024_02_01,CUS_0x1470,2024-02-01,10,8,10000,1000.0,1000.0,0.0,2000.0,2024-10-01
CUS_0x1470_2024_02_01,CUS_0x1470,2024-02-01,10,9,10000,1000.0,1000.0,0.0,1000.0,2024-11-01
CUS_0x1470_2024_02_01,CUS_0x1470,2024-02-01,10,10,10000,1000.0,1000.0,0.0,0.0,2024-12-01
CUS_0x1498_2023_10_01,CUS_0x1498,2023-10-01,10,0,10000,0.0,0.0,0.0,10000.0,2023-10-01
CUS_0x1498_2023_10_01,CUS_0x1498,2023-10-01,10,1,10000,1000.0,1000.0,0.0,9000.0,2023-11-01
CUS_0x1498_2023_10_01,CUS_0x1498,2023-10-01,10,2,10000,1000.0,0.0,1000.0,9000.0,2023-12-01
CUS_0x1498_2023_10_01,CUS_0x1498,2023-10-01,10,3,10000,1000.0,2000.0,0.0,7000.0,2024-01-01
CUS_0x1498_2023_10_01,CUS_0x1498,2023-10-01,10,4,10000,1000.0,0.0,1000.0,7000.0,2024-02-01
CUS_0x1498_2023_10_01,CUS_0x1498,2023-10-01,10,5,10000,1000.0,0.0,2000.0,7000.0,2024-03-01
CUS_0x1498_2023_10_01,CUS_0x1498,2023-10-01,10,6,10000,1000.0,0.0,3000.0,7000.0,2024-04-01
CUS_0x1498_2023_10_01,CUS_0x1498,2023-10-01,10,7,10000,1000.0,0.0,4000.0,7000.0,2024-05-01
CUS_0x1498_2023_10_01,CUS_0x1498,2023-10-01,10,8,10000,1000.0,0.0,5000.0,7000.0,2024-06-01
CUS_0x1498_2023_10_01,CUS_0x1498,2023-10-01,10,9,10000,1000.0,0.0,6000.0,7000.0,2024-07-01
CUS_0x1498_2023_10_01,CUS_0x1498,2023-10-01,10,10,10000,1000.0,0.0,7000.0,7000.0,2024-08-01
CUS_0x14a3_2023_07_01,CUS_0x14a3,2023-07-01,10,0,10000,0.0,0.0,0.0,10000.0,2023-07-01
CUS_0x14a3_2023_07_01,CUS_0x14a3,2023-07-01,10,1,10000,1000.0,1000.0,0.0,9000.0,2023-08-01
CUS_0x14a3_2023_07_01,CUS_0x14a3,2023-07-01,10,2,10000,1000.0,1000.0,0.0,8000.0,2023-09-01
CUS_0x14a3_2023_07_01,CUS_0x14a3,2023-07-01,10,3,10000,1000.0,1000.0,0.0,7000.0,2023-10-01
CUS_0x14a3_2023_07_01,CUS_0x14a3,2023-07-01,10,4,10000,1000.0,1000.0,0.0,6000.0,2023-11-01
CUS_0x14a3_2023_07_01,CUS_0x14a3,2023-07-01,10,5,10000,1000.0,1000.0,0.0,5000.0,2023-12-01
CUS_0x14a3_2023_07_01,CUS_0x14a3,2023-07-01,10,6,10000,1000.0,1000.0,0.0,4000.0,2024-01-01
CUS_0x14a3_2023_07_01,CUS_0x14a3,2023-07-01,10,7,10000,1000.0,1000.0,0.0,3000.0,2024-02-01
CUS_0x14a3_2023_07_01,CUS_0x14a3,2023-07-01,10,8,10000,1000.0,1000.0,0.0,2000.0,2024-03-01
CUS_0x14a3_2023_07_01,CUS_0x14a3,2023-07-01,10,9,10000,1000.0,1000.0,0.0,1000.0,2024-04-01
CUS_0x14a3_2023_07_01,CUS_0x14a3,2023-07-01,10,10,10000,1000.0,1000.0,0.0,0.0,2024-05-01
CUS_0x14c1_2023_11_01,CUS_0x14c1,2023-11-01,10,0,10000,0.0,0.0,0.0,10000.0,2023-11-01
CUS_0x14c1_2023_11_01,CUS_0x14c1,2023-11-01,10,1,10000,1000.0,1000.0,0.0,9000.0,2023-12-01
CUS_0x14c1_2023_11_01,CUS_0x14c1,2023-11-01,10,2,10000,1000.0,1000.0,0.0,8000.0,2024-01-01
CUS_0x14c1_2023_11_01,CUS_0x14c1,2023-11-01,10,3,10000,1000.0,1000.0,0.0,7000.0,2024-02-01
CUS_0x14c1_2023_11_01,CUS_0x14c1,2023-11-01,10,4,10000,1000.0,1000.0,0.0,6000.0,2024-03-01
CUS_0x14c1_2023_11_01,CUS_0x14c1,2023-11-01,10,5,10000,1000.0,1000.0,0.0,5000.0,2024-04-01
CUS_0x14c1_2023_11_01,CUS_0x14c1,2023-11-01,10,6,10000,1000.0,1000.0,0.0,4000.0,2024-05-01
CUS_0x14c1_2023_11_01,CUS_0x14c1,2023-11-01,10,7,10000,1000.0,1000.0,0.0,3000.0,2024-06-01
CUS_0x14c1_2023_11_01,CUS_0x14c1,2023-11-01,10,8,10000,1000.0,1000.0,0.0,2000.0,2024-07-01
CUS_0x14c1_2023_11_01,CUS_0x14c1,2023-11-01,10,9,10000,1000.0,1000.0,0.0,1000.0,2024-08-01
CUS_0x14c1_2023_11_01,CUS_0x14c1,2023-11-01,10,10,10000,1000.0,1000.0,0.0,0.0,2024-09-01
CUS_0x14d3_2023_12_01,CUS_0x14d3,2023-12-01,10,0,10000,0.0,0.0,0.0,10000.0,2023-12-01
CUS_0x14d3_2023_12_01,CUS_0x14d3,2023-12-01,10,1,10000,1000.0,1000.0,0.0,9000.0,2024-01-01
CUS_0x14d3_2023_12_01,CUS_0x14d3,2023-12-01,10,2,10000,1000.0,1000.0,0.0,8000.0,2024-02-01
CUS_0x14d3_2023_12_01,CUS_0x14d3,2023-12-01,10,3,10000,1000.0,1000.0,0.0,7000.0,2024-03-01
CUS_0x14d3_2023_12_01,CUS_0x14d3,2023-12-01,10,4,10000,1000.0,1000.0,0.0,6000.0,2024-04-01
CUS_0x14d3_2023_12_01,CUS_0x14d3,2023-12-01,10,5,10000,1000.0,1000.0,0.0,5000.0,2024-05-01
CUS_0x14d3_2023_12_01,CUS_0x14d3,2023-12-01,10,6,10000,1000.0,1000.0,0.0,4000.0,2024-06-01
CUS_0x14d3_2023_12_01,CUS_0x14d3,2023-12-01,10,7,10000,1000.0,1000.0,0.0,3000.0,2024-07-01
CUS_0x14d3_2023_12_01,CUS_0x14d3,2023-12-01,10,8,10000,1000.0,1000.0,0.0,2000.0,2024-08-01
CUS_0x14d3_2023_12_01,CUS_0x14d3,2023-12-01,10,9,10000,1000.0,1000.0,0.0,1000.0,2024-09-01
CUS_0x14d3_2023_12_01,CUS_0x14d3,2023-12-01,10,10,10000,1000.0,1000.0,0.0,0.0,2024-10-01
CUS_0x14f1_2024_09_01,CUS_0x14f1,2024-09-01,10,0,10000,0.0,0.0,0.0,10000.0,2024-09-01
CUS_0x14f1_2024_09_01,CUS_0x14f1,2024-09-01,10,1,10000,1000.0,1000.0,0.0,9000.0,2024-10-01
CUS_0x14f1_2024_09_01,CUS_0x14f1,2024-09-01,10,2,10000,1000.0,1000.0,0.0,8000.0,2024-11-01
CUS_0x14f1_2024_09_01,CUS_0x14f1,2024-09-01,10,3,10000,1000.0,0.0,1000.0,8000.0,2024-12-01
CUS_0x14f1_2024_09_01,CUS_0x14f1,2024-09-01,10,4,10000,1000.0,0.0,2000.0,8000.0,2025-01-01
CUS_0x14f1_2024_09_01,CUS_0x14f1,2024-09-01,10,5,10000,1000.0,0.0,3000.0,8000.0,2025-02-01
CUS_0x14f1_2024_09_01,CUS_0x14f1,2024-09-01,10,6,10000,1000.0,0.0,4000.0,8000.0,2025-03-01
CUS_0x14f1_2024_09_01,CUS_0x14f1,2024-09-01,10,7,10000,1000.0,0.0,5000.0,8000.0,2025-04-01
CUS_0x14f1_2024_09_01,CUS_0x14f1,2024-09-01,10,8,10000,1000.0,0.0,6000.0,8000.0,2025-05-01
CUS_0x14f1_2024_09_01,CUS_0x14f1,2024-09-01,10,9,10000,1000.0,0.0,7000.0,8000.0,2025-06-01
CUS_0x14f1_2024_09_01,CUS_0x14f1,2024-09-01,10,10,10000,1000.0,0.0,8000.0,8000.0,2025-07-01
CUS_0x150c_2023_07_01,CUS_0x150c,2023-07-01,10,0,10000,0.0,0.0,0.0,10000.0,2023-07-01
CUS_0x150c_2023_07_01,CUS_0x150c,2023-07-01,10,1,10000,1000.0,1000.0,0.0,9000.0,2023-08-01
CUS_0x150c_2023_07_01,CUS_0x150c,2023-07-01,10,2,10000,1000.0,1000.0,0.0,8000.0,2023-09-01
CUS_0x150c_2023_07_01,CUS_0x150c,2023-07-01,10,3,10000,1000.0,1000.0,0.0,7000.0,2023-10-01
CUS_0x150c_2023_07_01,CUS_0x150c,2023-07-01,10,4,10000,1000.0,1000.0,0.0,6000.0,2023-11-01
CUS_0x150c_2023_07_01,CUS_0x150c,2023-07-01,10,5,10000,1000.0,1000.0,0.0,5000.0,2023-12-01
CUS_0x150c_2023_07_01,CUS_0x150c,2023-07-01,10,6,10000,1000.0,1000.0,0.0,4000.0,2024-01-01
CUS_0x150c_2023_07_01,CUS_0x150c,2023-07-01,10,7,10000,1000.0,1000.0,0.0,3000.0,2024-02-01
CUS_0x150c_2023_07_01,CUS_0x150c,2023-07-01,10,8,10000,1000.0,1000.0,0.0,2000.0,2024-03-01
CUS_0x150c_2023_07_01,CUS_0x150c,2023-07-01,10,9,10000,1000.0,1000.0,0.0,1000.0,2024-04-01
CUS_0x150c_2023_07_01,CUS_0x150c,2023-07-01,10,10,10000,1000.0,1000.0,0.0,0.0,2024-05-01
CUS_0x15da_2024_02_01,CUS_0x15da,2024-02-01,10,0,10000,0.0,0.0,0.0,10000.0,2024-02-01
CUS_0x15da_2024_02_01,CUS_0x15da,2024-02-01,10,1,10000,1000.0,1000.0,0.0,9000.0,2024-03-01
CUS_0x15da_2024_02_01,CUS_0x15da,2024-02-01,10,2,10000,1000.0,1000.0,0.0,8000.0,2024-04-01
CUS_0x15da_2024_02_01,CUS_0x15da,2024-02-01,10,3,10000,1000.0,1000.0,0.0,7000.0,2024-05-01
CUS_0x15da_2024_02_01,CUS_0x15da,2024-02-01,10,4,10000,1000.0,1000.0,0.0,6000.0,2024-06-01
CUS_0x15da_2024_02_01,CUS_0x15da,2024-02-01,10,5,10000,1000.0,1000.0,0.0,5000.0,2024-07-01
CUS_0x15da_2024_02_01,CUS_0x15da,2024-02-01,10,6,10000,1000.0,1000.0,0.0,4000.0,2024-08-01
CUS_0x15da_2024_02_01,CUS_0x15da,2024-02-01,10,7,10000,1000.0,1000.0,0.0,3000.0,2024-09-01
CUS_0x15da_2024_02_01,CUS_0x15da,2024-02-01,10,8,10000,1000.0,1000.0,0.0,2000.0,2024-10-01
CUS_0x15da_2024_02_01,CUS_0x15da,2024-02-01,10,9,10000,1000.0,1000.0,0.0,1000.0,2024-11-01
CUS_0x15da_2024_02_01,CUS_0x15da,2024-02-01,10,10,10000,1000.0,1000.0,0.0,0.0,2024-12-01
CUS_0x15f8_2024_06_01,CUS_0x15f8,2024-06-01,10,0,10000,0.0,0.0,0.0,10000.0,2024-06-01
CUS_0x15f8_2024_06_01,CUS_0x15f8,2024-06-01,10,1,10000,1000.0,1000.0,0.0,9000.0,2024-07-01
CUS_0x15f8_2024_06_01,CUS_0x15f8,2024-06-01,10,2,10000,1000.0,1000.0,0.0,8000.0,2024-08-01
CUS_0x15f8_2024_06_01,CUS_0x15f8,2024-06-01,10,3,10000,1000.0,1000.0,0.0,7000.0,2024-09-01
CUS_0x15f8_2024_06_01,CUS_0x15f8,2024-06-01,10,4,10000,1000.0,1000.0,0.0,6000.0,2024-10-01
CUS_0x15f8_2024_06_01,CUS_0x15f8,2024-06-01,10,5,10000,1000.0,1000.0,0.0,5000.0,2024-11-01
CUS_0x15f8_2024_06_01,CUS_0x15f8,2024-06-01,10,6,10000,1000.0,1000.0,0.0,4000.0,2024-12-01
CUS_0x15f8_2024_06_01,CUS_0x15f8,2024-06-01,10,7,10000,1000.0,1000.0,0.0,3000.0,2025-01-01
CUS_0x15f8_2024_06_01,CUS_0x15f8,2024-06-01,10,8,10000,1000.0,1000.0,0.0,2000.0,2025-02-01
CUS_0x15f8_2024_06_01,CUS_0x15f8,2024-06-01,10,9,10000,1000.0,1000.0,0.0,1000.0,2025-03-01
CUS_0x15f8_2024_06_01,CUS_0x15f8,2024-06-01,10,10,10000,1000.0,1000.0,0.0,0.0,2025-04-01
CUS_0x1691_2024_09_01,CUS_0x1691,2024-09-01,10,0,10000,0.0,0.0,0.0,10000.0,2024-09-01
CUS_0x1691_2024_09_01,CUS_0x1691,2024-09-01,10,1,10000,1000.0,1000.0,0.0,9000.0,2024-10-01
CUS_0x1691_2024_09_01,CUS_0x1691,2024-09-01,10,2,10000,1000.0,1000.0,0.0,8000.0,2024-11-01
CUS_0x1691_2024_09_01,CUS_0x1691,2024-09-01,10,3,10000,1000.0,1000.0,0.0,7000.0,2024-12-01
CUS_0x1691_2024_09_01,CUS_0x1691,2024-09-01,10,4,10000,1000.0,1000.0,0.0,6000.0,2025-01-01
CUS_0x1691_2024_09_01,CUS_0x1691,2024-09-01,10,5,10000,1000.0,1000.0,0.0,5000.0,2025-02-01
CUS_0x1691_2024_09_01,CUS_0x1691,2024-09-01,10,6,10000,1000.0,1000.0,0.0,4000.0,2025-03-01
CUS_0x1691_2024_09_01,CUS_0x1691,2024-09-01,10,7,10000,1000.0,1000.0,0.0,3000.0,2025-04-01
CUS_0x1691_2024_09_01,CUS_0x1691,2024-09-01,10,8,10000,1000.0,1000.0,0.0,2000.0,2025-05-01
CUS_0x1691_2024_09_01,CUS_0x1691,2024-09-01,10,9,10000,1000.0,1000.0,0.0,1000.0,2025-06-01
CUS_0x1691_2024_09_01,CUS_0x1691,2024-09-01,10,10,10000,1000.0,1000.0,0.0,0.0,2025-07-01
CUS_0x16a4_2023_02_01,CUS_0x16a4,2023-02-01,10,0,10000,0.0,0.0,0.0,10000.0,2023-02-01
CUS_0x16a4_2023_02_01,CUS_0x16a4,2023-02-01,10,1,10000,1000.0,1000.0,0.0,9000.0,2023-03-01
CUS_0x16a4_2023_02_01,CUS_0x16a4,2023-02-01,10,2,10000,1000.0,1000.0,0.0,8000.0,2023-04-01
CUS_0x16a4_2023_02_01,CUS_0x16a4,2023-02-01,10,3,10000,1000.0,1000.0,0.0,7000.0,2023-05-01
CUS_0x16a4_2023_02_01,CUS_0x16a4,2023-02-01,10,4,10000,1000.0,0.0,1000.0,7000.0,2023-06-01
CUS_0x16a4_2023_02_01,CUS_0x16a4,2023-02-01,10,5,10000,1000.0,0.0,2000.0,7000.0,2023-07-01
CUS_0x16a4_2023_02_01,CUS_0x16a4,2023-02-01,10,6,10000,1000.0,0.0,3000.0,7000.0,2023-08-01
CUS_0x16a4_2023_02_01,CUS_0x16a4,2023-02-01,10,7,10000,1000.0,0.0,4000.0,7000.0,2023-09-01
CUS_0x16a4_2023_02_01,CUS_0x16a4,2023-02-01,10,8,10000,1000.0,0.0,5000.0,7000.0,2023-10-01
CUS_0x16a4_2023_02_01,CUS_0x16a4,2023-02-01,10,9,10000,1000.0,0.0,6000.0,7000.0,2023-11-01
CUS_0x16a4_2023_02_01,CUS_0x16a4,2023-02-01,10,10,10000,1000.0,0.0,7000.0,7000.0,2023-12-01
CUS_0x16ae_2025_01_01,CUS_0x16ae,2025-01-01,10,0,10000,0.0,0.0,0.0,10000.0,2025-01-01
CUS_0x16ae_2025_01_01,CUS_0x16ae,2025-01-01,10,1,10000,1000.0,1000.0,0.0,9000.0,2025-02-01
CUS_0x16ae_2025_01_01,CUS_0x16ae,2025-01-01,10,2,10000,1000.0,1000.0,0.0,8000.0,2025-03-01
CUS_0x16ae_2025_01_01,CUS_0x16ae,2025-01-01,10,3,10000,1000.0,1000.0,0.0,7000.0,2025-04-01
CUS_0x16ae_2025_01_01,CUS_0x16ae,2025-01-01,10,4,10000,1000.0,1000.0,0.0,6000.0,2025-05-01
CUS_0x16ae_2025_01_01,CUS_0x16ae,2025-01-01,10,5,10000,1000.0,1000.0,0.0,5000.0,2025-06-01
CUS_0x16ae_2025_01_01,CUS_0x16ae,2025-01-01,10,6,10000,1000.0,1000.0,0.0,4000.0,2025-07-01
CUS_0x16ae_2025_01_01,CUS_0x16ae,2025-01-01,10,7,10000,1000.0,1000.0,0.0,3000.0,2025-08-01
CUS_0x16ae_2025_01_01,CUS_0x16ae,2025-01-01,10,8,10000,1000.0,1000.0,0.0,2000.0,2025-09-01
CUS_0x16ae_2025_01_01,CUS_0x16ae,2025-01-01,10,9,10000,1000.0,1000.0,0.0,1000.0,2025-10-01
CUS_0x16ae_2025_01_01,CUS_0x16ae,2025-01-01,10,10,10000,1000.0,1000.0,0.0,0.0,2025-11-01
CUS_0x16b1_2024_06_01,CUS_0x16b1,2024-06-01,10,0,10000,0.0,0.0,0.0,10000.0,2024-06-01
CUS_0x16b1_2024_06_01,CUS_0x16b1,2024-06-01,10,1,10000,1000.0,1000.0,0.0,9000.0,2024-07-01
CUS_0x16b1_2024_06_01,CUS_0x16b1,2024-06-01,10,2,10000,1000.0,1000.0,0.0,8000.0,2024-08-01
CUS_0x16b1_2024_06_01,CUS_0x16b1,2024-06-01,10,3,10000,1000.0,1000.0,0.0,7000.0,2024-09-01
CUS_0x16b1_2024_06_01,CUS_0x16b1,2024-06-01,10,4,10000,1000.0,1000.0,0.0,6000.0,2024-10-01
CUS_0x16b1_2024_06_01,CUS_0x16b1,2024-06-01,10,5,10000,1000.0,1000.0,0.0,5000.0,2024-11-01
CUS_0x16b1_2024_06_01,CUS_0x16b1,2024-06-01,10,6,10000,1000.0,1000.0,0.0,4000.0,2024-12-01
CUS_0x16b1_2024_06_01,CUS_0x16b1,2024-06-01,10,7,10000,1000.0,1000.0,0.0,3000.0,2025-01-01
CUS_0x16b1_2024_06_01,CUS_0x16b1,2024-06-01,10,8,10000,1000.0,1000.0,0.0,2000.0,2025-02-01
CUS_0x16b1_2024_06_01,CUS_0x16b1,2024-06-01,10,9,10000,1000.0,1000.0,0.0,1000.0,2025-03-01
CUS_0x16b1_2024_06_01,CUS_0x16b1,2024-06-01,10,10,10000,1000.0,1000.0,0.0,0.0,2025-04-01
CUS_0x16f8_2023_09_01,CUS_0x16f8,2023-09-01,10,0,10000,0.0,0.0,0.0,10000.0,2023-09-01
CUS_0x16f8_2023_09_01,CUS_0x16f8,2023-09-01,10,1,10000,1000.0,1000.0,0.0,9000.0,2023-10-01
CUS_0x16f8_2023_09_01,CUS_0x16f8,2023-09-01,10,2,10000,1000.0,1000.0,0.0,8000.0,2023-11-01
CUS_0x16f8_2023_09_01,CUS_0x16f8,2023-09-01,10,3,10000,1000.0,1000.0,0.0,7000.0,2023-12-01
CUS_0x16f8_2023_09_01,CUS_0x16f8,2023-09-01,10,4,10000,1000.0,1000.0,0.0,6000.0,2024-01-01
CUS_0x16f8_2023_09_01,CUS_0x16f8,2023-09-01,10,5,10000,1000.0,1000.0,0.0,5000.0,2024-02-01
CUS_0x16f8_2023_09_01,CUS_0x16f8,2023-09-01,10,6,10000,1000.0,1000.0,0.0,4000.0,2024-03-01
CUS_0x16f8_2023_09_01,CUS_0x16f8,2023-09-01,10,7,10000,1000.0,1000.0,0.0,3000.0,2024-04-01
CUS_0x16f8_2023_09_01,CUS_0x16f8,2023-09-01,10,8,10000,1000.0,1000.0,0.0,2000.0,2024-05-01
CUS_0x16f8_2023_09_01,CUS_0x16f8,2023-09-01,10,9,10000,1000.0,1000.0,0.0,1000.0,2024-06-01
CUS_0x16f8_2023_09_01,CUS_0x16f8,2023-09-01,10,10,10000,1000.0,1000.0,0.0,0.0,2024-07-01
CUS_0x16fd_2024_07_01,CUS_0x16fd,2024-07-01,10,0,10000,0.0,0.0,0.0,10000.0,2024-07-01
CUS_0x16fd_2024_07_01,CUS_0x16fd,2024-07-01,10,1,10000,1000.0,1000.0,0.0,9000.0,2024-08-01
CUS_0x16fd_2024_07_01,CUS_0x16fd,2024-07-01,10,2,10000,1000.0,1000.0,0.0,8000.0,2024-09-01
CUS_0x16fd_2024_07_01,CUS_0x16fd,2024-07-01,10,3,10000,1000.0,0.0,1000.0,8000.0,2024-10-01
CUS_0x16fd_2024_07_01,CUS_0x16fd,2024-07-01,10,4,10000,1000.0,0.0,2000.0,8000.0,2024-11-01
CUS_0x16fd_2024_07_01,CUS_0x16fd,2024-07-01,10,5,10000,1000.0,0.0,3000.0,8000.0,2024-12-01
CUS_0x16fd_2024_07_01,CUS_0x16fd,2024-07-01,10,6,10000,1000.0,0.0,4000.0,8000.0,2025-01-01
CUS_0x16fd_2024_07_01,CUS_0x16fd,2024-07-01,10,7,10000,1000.0,0.0,5000.0,8000.0,2025-02-01
CUS_0x16fd_2024_07_01,CUS_0x16fd,2024-07-01,10,8,10000,1000.0,0.0,6000.0,8000.0,2025-03-01
CUS_0x16fd_2024_07_01,CUS_0x16fd,2024-07-01,10,9,10000,1000.0,0.0,7000.0,8000.0,2025-04-01
CUS_0x16fd_2024_07_01,CUS_0x16fd,2024-07-01,10,10,10000,1000.0,0.0,8000.0,8000.0,2025-05-01
CUS_0x1743_2024_06_01,CUS_0x1743,2024-06-01,10,0,10000,0.0,0.0,0.0,10000.0,2024-06-01
CUS_0x1743_2024_06_01,CUS_0x1743,2024-06-01,10,1,10000,1000.0,1000.0,0.0,9000.0,2024-07-01
CUS_0x1743_2024_06_01,CUS_0x1743,2024-06-01,10,2,10000,1000.0,1000.0,0.0,8000.0,2024-08-01
CUS_0x1743_2024_06_01,CUS_0x1743,2024-06-01,10,3,10000,1000.0,0.0,1000.0,8000.0,2024-09-01
CUS_0x1743_2024_06_01,CUS_0x1743,2024-06-01,10,4,10000,1000.0,0.0,2000.0,8000.0,2024-10-01
CUS_0x1743_2024_06_01,CUS_0x1743,2024-06-01,10,5,10000,1000.0,0.0,3000.0,8000.0,2024-11-01
CUS_0x1743_2024_06_01,CUS_0x1743,2024-06-01,10,6,10000,1000.0,0.0,4000.0,8000.0,2024-12-01
CUS_0x1743_2024_06_01,CUS_0x1743,2024-06-01,10,7,10000,1000.0,0.0,5000.0,8000.0,2025-01-01
CUS_0x1743_2024_06_01,CUS_0x1743,2024-06-01,10,8,10000,1000.0,0.0,6000.0,8000.0,2025-02-01
CUS_0x1743_2024_06_01,CUS_0x1743,2024-06-01,10,9,10000,1000.0,0.0,7000.0,8000.0,2025-03-01
CUS_0x1743_2024_06_01,CUS_0x1743,2024-06-01,10,10,10000,1000.0,0.0,8000.0,8000.0,2025-04-01
CUS_0x1765_2024_12_01,CUS_0x1765,2024-12-01,10,0,10000,0.0,0.0,0.0,10000.0,2024-12-01
CUS_0x1765_2024_12_01,CUS_0x1765,2024-12-01,10,1,10000,1000.0,1000.0,0.0,9000.0,2025-01-01
CUS_0x1765_2024_12_01,CUS_0x1765,2024-12-01,10,2,10000,1000.0,1000.0,0.0,8000.0,2025-02-01
CUS_0x1765_2024_12_01,CUS_0x1765,2024-12-01,10,3,10000,1000.0,1000.0,0.0,7000.0,2025-03-01
CUS_0x1765_2024_12_01,CUS_0x1765,2024-12-01,10,4,10000,1000.0,1000.0,0.0,6000.0,2025-04-01
CUS_0x1765_2024_12_01,CUS_0x1765,2024-12-01,10,5,10000,1000.0,1000.0,0.0,5000.0,2025-05-01
CUS_0x1765_2024_12_01,CUS_0x1765,2024-12-01,10,6,10000,1000.0,1000.0,0.0,4000.0,2025-06-01
CUS_0x1765_2024_12_01,CUS_0x1765,2024-12-01,10,7,10000,1000.0,1000.0,0.0,3000.0,2025-07-01
CUS_0x1765_2024_12_01,CUS_0x1765,2024-12-01,10,8,10000,1000.0,1000.0,0.0,2000.0,2025-08-01
CUS_0x1765_2024_12_01,CUS_0x1765,2024-12-01,10,9,10000,1000.0,1000.0,0.0,1000.0,2025-09-01
CUS_0x1765_2024_12_01,CUS_0x1765,2024-12-01,10,10,10000,1000.0,1000.0,0.0,0.0,2025-10-01
CUS_0x17ec_2024_02_01,CUS_0x17ec,2024-02-01,10,0,10000,0.0,0.0,0.0,10000.0,2024-02-01
CUS_0x17ec_2024_02_01,CUS_0x17ec,2024-02-01,10,1,10000,1000.0,1000.0,0.0,9000.0,2024-03-01
CUS_0x17ec_2024_02_01,CUS_0x17ec,2024-02-01,10,2,10000,1000.0,1000.0,0.0,8000.0,2024-04-01
CUS_0x17ec_2024_02_01,CUS_0x17ec,2024-02-01,10,3,10000,1000.0,1000.0,0.0,7000.0,2024-05-01
CUS_0x17ec_2024_02_01,CUS_0x17ec,2024-02-01,10,4,10000,1000.0,1000.0,0.0,6000.0,2024-06-01
CUS_0x17ec_2024_02_01,CUS_0x17ec,2024-02-01,10,5,10000,1000.0,1000.0,0.0,5000.0,2024-07-01
CUS_0x17ec_2024_02_01,CUS_0x17ec,2024-02-01,10,6,10000,1000.0,1000.0,0.0,4000.0,2024-08-01
CUS_0x17ec_2024_02_01,CUS_0x17ec,2024-02-01,10,7,10000,1000.0,1000.0,0.0,3000.0,2024-09-01
CUS_0x17ec_2024_02_01,CUS_0x17ec,2024-02-01,10,8,10000,1000.0,1000.0,0.0,2000.0,2024-10-01
CUS_0x17ec_2024_02_01,CUS_0x17ec,2024-02-01,10,9,10000,1000.0,1000.0,0.0,1000.0,2024-11-01
CUS_0x17ec_2024_02_01,CUS_0x17ec,2024-02-01,10,10,10000,1000.0,1000.0,0.0,0.0,2024-12-01
CUS_0x17f3_2024_06_01,CUS_0x17f3,2024-06-01,10,0,10000,0.0,0.0,0.0,10000.0,2024-06-01
CUS_0x17f3_2024_06_01,CUS_0x17f3,2024-06-01,10,1,10000,1000.0,1000.0,0.0,9000.0,2024-07-01
CUS_0x17f3_2024_06_01,CUS_0x17f3,2024-06-01,10,2,10000,1000.0,1000.0,0.0,8000.0,2024-08-01
CUS_0x17f3_2024_06_01,CUS_0x17f3,2024-06-01,10,3,10000,1000.0,1000.0,0.0,7000.0,2024-09-01
CUS_0x17f3_2024_06_01,CUS_0x17f3,2024-06-01,10,4,10000,1000.0,1000.0,0.0,6000.0,2024-10-01
CUS_0x17f3_2024_06_01,CUS_0x17f3,2024-06-01,10,5,10000,1000.0,1000.0,0.0,5000.0,2024-11-01
CUS_0x17f3_2024_06_01,CUS_0x17f3,2024-06-01,10,6,10000,1000.0,1000.0,0.0,4000.0,2024-12-01
CUS_0x17f3_2024_06_01,CUS_0x17f3,2024-06-01,10,7,10000,1000.0,1000.0,0.0,3000.0,2025-01-01
CUS_0x17f3_2024_06_01,CUS_0x17f3,2024-06-01,10,8,10000,1000.0,1000.0,0.0,2000.0,2025-02-01
CUS_0x17f3_2024_06_01,CUS_0x17f3,2024-06-01,10,9,10000,1000.0,1000.0,0.0,1000.0,2025-03-01
CUS_0x17f3_2024_06_01,CUS_0x17f3,2024-06-01,10,10,10000,1000.0,1000.0,0.0,0.0,2025-04-01
CUS_0x17ff_2024_10_01,CUS_0x17ff,2024-10-01,10,0,10000,0.0,0.0,0.0,10000.0,2024-10-01
CUS_0x17ff_2024_10_01,CUS_0x17ff,2024-10-01,10,1,10000,1000.0,1000.0,0.0,9000.0,2024-11-01
CUS_0x17ff_2024_10_01,CUS_0x17ff,2024-10-01,10,2,10000,1000.0,1000.0,0.0,8000.0,2024-12-01
CUS_0x17ff_2024_10_01,CUS_0x17ff,2024-10-01,10,3,10000,1000.0,1000.0,0.0,7000.0,2025-01-01
CUS_0x17ff_2024_10_01,CUS_0x17ff,2024-10-01,10,4,10000,1000.0,1000.0,0.0,6000.0,2025-02-01
CUS_0x17ff_2024_10_01,CUS_0x17ff,2024-10-01,10,5,10000,1000.0,1000.0,0.0,5000.0,2025-03-01
CUS_0x17ff_2024_10_01,CUS_0x17ff,2024-10-01,10,6,10000,1000.0,1000.0,0.0,4000.0,2025-04-01
CUS_0x17ff_2024_10_01,CUS_0x17ff,2024-10-01,10,7,10000,1000.0,1000.0,0.0,3000.0,2025-05-01
CUS_0x17ff_2024_10_01,CUS_0x17ff,2024-10-01,10,8,10000,1000.0,1000.0,0.0,2000.0,2025-06-01
CUS_0x17ff_2024_10_01,CUS_0x17ff,2024-10-01,10,9,10000,1000.0,1000.0,0.0,1000.0,2025-07-01
CUS_0x17ff_2024_10_01,CUS_0x17ff,2024-10-01,10,10,10000,1000.0,1000.0,0.0,0.0,2025-08-01
CUS_0x181a_2023_08_01,CUS_0x181a,2023-08-01,10,0,10000,0.0,0.0,0.0,10000.0,2023-08-01
CUS_0x181a_2023_08_01,CUS_0x181a,2023-08-01,10,1,10000,1000.0,1000.0,0.0,9000.0,2023-09-01
CUS_0x181a_2023_08_01,CUS_0x181a,2023-08-01,10,2,10000,1000.0,1000.0,0.0,8000.0,2023-10-01
CUS_0x181a_2023_08_01,CUS_0x181a,2023-08-01,10,3,10000,1000.0,1000.0,0.0,7000.0,2023-11-01
CUS_0x181a_2023_08_01,CUS_0x181a,2023-08-01,10,4,10000,1000.0,1000.0,0.0,6000.0,2023-12-01
CUS_0x181a_2023_08_01,CUS_0x181a,2023-08-01,10,5,10000,1000.0,1000.0,0.0,5000.0,2024-01-01
CUS_0x181a_2023_08_01,CUS_0x181a,2023-08-01,10,6,10000,1000.0,1000.0,0.0,4000.0,2024-02-01
CUS_0x181a_2023_08_01,CUS_0x181a,2023-08-01,10,7,10000,1000.0,1000.0,0.0,3000.0,2024-03-01
CUS_0x181a_2023_08_01,CUS_0x181a,2023-08-01,10,8,10000,1000.0,1000.0,0.0,2000.0,2024-04-01
CUS_0x181a_2023_08_01,CUS_0x181a,2023-08-01,10,9,10000,1000.0,1000.0,0.0,1000.0,2024-05-01
CUS_0x181a_2023_08_01,CUS_0x181a,2023-08-01,10,10,10000,1000.0,1000.0,0.0,0.0,2024-06-01
CUS_0x181e_2023_01_01,CUS_0x181e,2023-01-01,10,0,10000,0.0,0.0,0.0,10000.0,2023-01-01
CUS_0x181e_2023_01_01,CUS_0x181e,2023-01-01,10,1,10000,1000.0,1000.0,0.0,9000.0,2023-02-01
CUS_0x181e_2023_01_01,CUS_0x181e,2023-01-01,10,2,10000,1000.0,1000.0,0.0,8000.0,2023-03-01
CUS_0x181e_2023_01_01,CUS_0x181e,2023-01-01,10,3,10000,1000.0,1000.0,0.0,7000.0,2023-04-01
CUS_0x181e_2023_01_01,CUS_0x181e,2023-01-01,10,4,10000,1000.0,1000.0,0.0,6000.0,2023-05-01
CUS_0x181e_2023_01_01,CUS_0x181e,2023-01-01,10,5,10000,1000.0,1000.0,0.0,5000.0,2023-06-01
CUS_0x181e_2023_01_01,CUS_0x181e,2023-01-01,10,6,10000,1000.0,1000.0,0.0,4000.0,2023-07-01
CUS_0x181e_2023_01_01,CUS_0x181e,2023-01-01,10,7,10000,1000.0,1000.0,0.0,3000.0,2023-08-01
CUS_0x181e_2023_01_01,CUS_0x181e,2023-01-01,10,8,10000,1000.0,1000.0,0.0,2000.0,2023-09-01
CUS_0x181e_2023_01_01,CUS_0x181e,2023-01-01,10,9,10000,1000.0,1000.0,0.0,1000.0,2023-10-01
CUS_0x181e_2023_01_01,CUS_0x181e,2023-01-01,10,10,10000,1000.0,1000.0,0.0,0.0,2023-11-01
CUS_0x1833_2024_12_01,CUS_0x1833,2024-12-01,10,0,10000,0.0,0.0,0.0,10000.0,2024-12-01
CUS_0x1833_2024_12_01,CUS_0x1833,2024-12-01,10,1,10000,1000.0,1000.0,0.0,9000.0,2025-01-01
CUS_0x1833_2024_12_01,CUS_0x1833,2024-12-01,10,2,10000,1000.0,1000.0,0.0,8000.0,2025-02-01
CUS_0x1833_2024_12_01,CUS_0x1833,2024-12-01,10,3,10000,1000.0,1000.0,0.0,7000.0,2025-03-01
CUS_0x1833_2024_12_01,CUS_0x1833,2024-12-01,10,4,10000,1000.0,1000.0,0.0,6000.0,2025-04-01
CUS_0x1833_2024_12_01,CUS_0x1833,2024-12-01,10,5,10000,1000.0,1000.0,0.0,5000.0,2025-05-01
CUS_0x1833_2024_12_01,CUS_0x1833,2024-12-01,10,6,10000,1000.0,1000.0,0.0,4000.0,2025-06-01
CUS_0x1833_2024_12_01,CUS_0x1833,2024-12-01,10,7,10000,1000.0,1000.0,0.0,3000.0,2025-07-01
CUS_0x1833_2024_12_01,CUS_0x1833,2024-12-01,10,8,10000,1000.0,1000.0,0.0,2000.0,2025-08-01
CUS_0x1833_2024_12_01,CUS_0x1833,2024-12-01,10,9,10000,1000.0,1000.0,0.0,1000.0,2025-09-01
CUS_0x1833_2024_12_01,CUS_0x1833,2024-12-01,10,10,10000,1000.0,1000.0,0.0,0.0,2025-10-01
CUS_0x1835_2024_11_01,CUS_0x1835,2024-11-01,10,0,10000,0.0,0.0,0.0,10000.0,2024-11-01
CUS_0x1835_2024_11_01,CUS_0x1835,2024-11-01,10,1,10000,1000.0,1000.0,0.0,9000.0,2024-12-01
CUS_0x1835_2024_11_01,CUS_0x1835,2024-11-01,10,2,10000,1000.0,1000.0,0.0,8000.0,2025-01-01
CUS_0x1835_2024_11_01,CUS_0x1835,2024-11-01,10,3,10000,1000.0,1000.0,0.0,7000.0,2025-02-01
CUS_0x1835_2024_11_01,CUS_0x1835,2024-11-01,10,4,10000,1000.0,1000.0,0.0,6000.0,2025-03-01
CUS_0x1835_2024_11_01,CUS_0x1835,2024-11-01,10,5,10000,1000.0,1000.0,0.0,5000.0,2025-04-01
CUS_0x1835_2024_11_01,CUS_0x1835,2024-11-01,10,6,10000,1000.0,1000.0,0.0,4000.0,2025-05-01
CUS_0x1835_2024_11_01,CUS_0x1835,2024-11-01,10,7,10000,1000.0,1000.0,0.0,3000.0,2025-06-01
CUS_0x1835_2024_11_01,CUS_0x1835,2024-11-01,10,8,10000,1000.0,1000.0,0.0,2000.0,2025-07-01
CUS_0x1835_2024_11_01,CUS_0x1835,2024-11-01,10,9,10000,1000.0,1000.0,0.0,1000.0,2025-08-01
CUS_0x1835_2024_11_01,CUS_0x1835,2024-11-01,10,10,10000,1000.0,1000.0,0.0,0.0,2025-09-01
CUS_0x1869_2023_08_01,CUS_0x1869,2023-08-01,10,0,10000,0.0,0.0,0.0,10000.0,2023-08-01
CUS_0x1869_2023_08_01,CUS_0x1869,2023-08-01,10,1,10000,1000.0,1000.0,0.0,9000.0,2023-09-01
CUS_0x1869_2023_08_01,CUS_0x1869,2023-08-01,10,2,10000,1000.0,1000.0,0.0,8000.0,2023-10-01
CUS_0x1869_2023_08_01,CUS_0x1869,2023-08-01,10,3,10000,1000.0,1000.0,0.0,7000.0,2023-11-01
CUS_0x1869_2023_08_01,CUS_0x1869,2023-08-01,10,4,10000,1000.0,1000.0,0.0,6000.0,2023-12-01
CUS_0x1869_2023_08_01,CUS_0x1869,2023-08-01,10,5,10000,1000.0,1000.0,0.0,5000.0,2024-01-01
CUS_0x1869_2023_08_01,CUS_0x1869,2023-08-01,10,6,10000,1000.0,1000.0,0.0,4000.0,2024-02-01
CUS_0x1869_2023_08_01,CUS_0x1869,2023-08-01,10,7,10000,1000.0,1000.0,0.0,3000.0,2024-03-01
CUS_0x1869_2023_08_01,CUS_0x1869,2023-08-01,10,8,10000,1000.0,1000.0,0.0,2000.0,2024-04-01
CUS_0x1869_2023_08_01,CUS_0x1869,2023-08-01,10,9,10000,1000.0,1000.0,0.0,1000.0,2024-05-01
CUS_0x1869_2023_08_01,CUS_0x1869,2023-08-01,10,10,10000,1000.0,1000.0,0.0,0.0,2024-06-01
CUS_0x187e_2023_12_01,CUS_0x187e,2023-12-01,10,0,10000,0.0,0.0,0.0,10000.0,2023-12-01
CUS_0x187e_2023_12_01,CUS_0x187e,2023-12-01,10,1,10000,1000.0,1000.0,0.0,9000.0,2024-01-01
CUS_0x187e_2023_12_01,CUS_0x187e,2023-12-01,10,2,10000,1000.0,1000.0,0.0,8000.0,2024-02-01
CUS_0x187e_2023_12_01,CUS_0x187e,2023-12-01,10,3,10000,1000.0,0.0,1000.0,8000.0,2024-03-01
CUS_0x187e_2023_12_01,CUS_0x187e,2023-12-01,10,4,10000,1000.0,0.0,2000.0,8000.0,2024-04-01
CUS_0x187e_2023_12_01,CUS_0x187e,2023-12-01,10,5,10000,1000.0,0.0,3000.0,8000.0,2024-05-01
CUS_0x187e_2023_12_01,CUS_0x187e,2023-12-01,10,6,10000,1000.0,0.0,4000.0,8000.0,2024-06-01
CUS_0x187e_2023_12_01,CUS_0x187e,2023-12-01,10,7,10000,1000.0,0.0,5000.0,8000.0,2024-07-01
CUS_0x187e_2023_12_01,CUS_0x187e,2023-12-01,10,8,10000,1000.0,0.0,6000.0,8000.0,2024-08-01
CUS_0x187e_2023_12_01,CUS_0x187e,2023-12-01,10,9,10000,1000.0,0.0,7000.0,8000.0,2024-09-01
CUS_0x187e_2023_12_01,CUS_0x187e,2023-12-01,10,10,10000,1000.0,0.0,8000.0,8000.0,2024-10-01
CUS_0x18ab_2024_06_01,CUS_0x18ab,2024-06-01,10,0,10000,0.0,0.0,0.0,10000.0,2024-06-01
CUS_0x18ab_2024_06_01,CUS_0x18ab,2024-06-01,10,1,10000,1000.0,1000.0,0.0,9000.0,2024-07-01
CUS_0x18ab_2024_06_01,CUS_0x18ab,2024-06-01,10,2,10000,1000.0,1000.0,0.0,8000.0,2024-08-01
CUS_0x18ab_2024_06_01,CUS_0x18ab,2024-06-01,10,3,10000,1000.0,1000.0,0.0,7000.0,2024-09-01
CUS_0x18ab_2024_06_01,CUS_0x18ab,2024-06-01,10,4,10000,1000.0,1000.0,0.0,6000.0,2024-10-01
CUS_0x18ab_2024_06_01,CUS_0x18ab,2024-06-01,10,5,10000,1000.0,1000.0,0.0,5000.0,2024-11-01
CUS_0x18ab_2024_06_01,CUS_0x18ab,2024-06-01,10,6,10000,1000.0,1000.0,0.0,4000.0,2024-12-01
CUS_0x18ab_2024_06_01,CUS_0x18ab,2024-06-01,10,7,10000,1000.0,1000.0,0.0,3000.0,2025-01-01
CUS_0x18ab_2024_06_01,CUS_0x18ab,2024-06-01,10,8,10000,1000.0,1000.0,0.0,2000.0,2025-02-01
CUS_0x18ab_2024_06_01,CUS_0x18ab,2024-06-01,10,9,10000,1000.0,1000.0,0.0,1000.0,2025-03-01
CUS_0x18ab_2024_06_01,CUS_0x18ab,2024-06-01,10,10,10000,1000.0,1000.0,0.0,0.0,2025-04-01
CUS_0x18bc_2024_12_01,CUS_0x18bc,2024-12-01,10,0,10000,0.0,0.0,0.0,10000.0,2024-12-01
CUS_0x18bc_2024_12_01,CUS_0x18bc,2024-12-01,10,1,10000,1000.0,1000.0,0.0,9000.0,2025-01-01
CUS_0x18bc_2024_12_01,CUS_0x18bc,2024-12-01,10,2,10000,1000.0,1000.0,0.0,8000.0,2025-02-01
CUS_0x18bc_2024_12_01,CUS_0x18bc,2024-12-01,10,3,10000,1000.0,1000.0,0.0,7000.0,2025-03-01
CUS_0x18bc_2024_12_01,CUS_0x18bc,2024-12-01,10,4,10000,1000.0,1000.0,0.0,6000.0,2025-04-01
CUS_0x18bc_2024_12_01,CUS_0x18bc,2024-12-01,10,5,10000,1000.0,1000.0,0.0,5000.0,2025-05-01
CUS_0x18bc_2024_12_01,CUS_0x18bc,2024-12-01,10,6,10000,1000.0,1000.0,0.0,4000.0,2025-06-01
CUS_0x18bc_2024_12_01,CUS_0x18bc,2024-12-01,10,7,10000,1000.0,1000.0,0.0,3000.0,2025-07-01
CUS_0x18bc_2024_12_01,CUS_0x18bc,2024-12-01,10,8,10000,1000.0,1000.0,0.0,2000.0,2025-08-01
CUS_0x18bc_2024_12_01,CUS_0x18bc,2024-12-01,10,9,10000,1000.0,1000.0,0.0,1000.0,2025-09-01
CUS_0x18bc_2024_12_01,CUS_0x18bc,2024-12-01,10,10,10000,1000.0,1000.0,0.0,0.0,2025-10-01
CUS_0x18c5_2023_06_01,CUS_0x18c5,2023-06-01,10,0,10000,0.0,0.0,0.0,10000.0,2023-06-01
CUS_0x18c5_2023_06_01,CUS_0x18c5,2023-06-01,10,1,10000,1000.0,1000.0,0.0,9000.0,2023-07-01
CUS_0x18c5_2023_06_01,CUS_0x18c5,2023-06-01,10,2,10000,1000.0,1000.0,0.0,8000.0,2023-08-01
CUS_0x18c5_2023_06_01,CUS_0x18c5,2023-06-01,10,3,10000,1000.0,1000.0,0.0,7000.0,2023-09-01
CUS_0x18c5_2023_06_01,CUS_0x18c5,2023-06-01,10,4,10000,1000.0,1000.0,0.0,6000.0,2023-10-01
CUS_0x18c5_2023_06_01,CUS_0x18c5,2023-06-01,10,5,10000,1000.0,1000.0,0.0,5000.0,2023-11-01
CUS_0x18c5_2023_06_01,CUS_0x18c5,2023-06-01,10,6,10000,1000.0,1000.0,0.0,4000.0,2023-12-01
CUS_0x18c5_2023_06_01,CUS_0x18c5,2023-06-01,10,7,10000,1000.0,1000.0,0.0,3000.0,2024-01-01
CUS_0x18c5_2023_06_01,CUS_0x18c5,2023-06-01,10,8,10000,1000.0,1000.0,0.0,2000.0,2024-02-01
CUS_0x18c5_2023_06_01,CUS_0x18c5,2023-06-01,10,9,10000,1000.0,1000.0,0.0,1000.0,2024-03-01
CUS_0x18c5_2023_06_01,CUS_0x18c5,2023-06-01,10,10,10000,1000.0,1000.0,0.0,0.0,2024-04-01
CUS_0x18e8_2024_06_01,CUS_0x18e8,2024-06-01,10,0,10000,0.0,0.0,0.0,10000.0,2024-06-01
CUS_0x18e8_2024_06_01,CUS_0x18e8,2024-06-01,10,1,10000,1000.0,1000.0,0.0,9000.0,2024-07-01
CUS_0x18e8_2024_06_01,CUS_0x18e8,2024-06-01,10,2,10000,1000.0,1000.0,0.0,8000.0,2024-08-01
CUS_0x18e8_2024_06_01,CUS_0x18e8,2024-06-01,10,3,10000,1000.0,1000.0,0.0,7000.0,2024-09-01
CUS_0x18e8_2024_06_01,CUS_0x18e8,2024-06-01,10,4,10000,1000.0,1000.0,0.0,6000.0,2024-10-01
CUS_0x18e8_2024_06_01,CUS_0x18e8,2024-06-01,10,5,10000,1000.0,1000.0,0.0,5000.0,2024-11-01
CUS_0x18e8_2024_06_01,CUS_0x18e8,2024-06-01,10,6,10000,1000.0,1000.0,0.0,4000.0,2024-12-01
CUS_0x18e8_2024_06_01,CUS_0x18e8,2024-06-01,10,7,10000,1000.0,1000.0,0.0,3000.0,2025-01-01
CUS_0x18e8_2024_06_01,CUS_0x18e8,2024-06-01,10,8,10000,1000.0,1000.0,0.0,2000.0,2025-02-01
CUS_0x18e8_2024_06_01,CUS_0x18e8,2024-06-01,10,9,10000,1000.0,1000.0,0.0,1000.0,2025-03-01
CUS_0x18e8_2024_06_01,CUS_0x18e8,2024-06-01,10,10,10000,1000.0,1000.0,0.0,0.0,2025-04-01
CUS_0x18f5_2024_08_01,CUS_0x18f5,2024-08-01,10,0,10000,0.0,0.0,0.0,10000.0,2024-08-01
CUS_0x18f5_2024_08_01,CUS_0x18f5,2024-08-01,10,1,10000,1000.0,1000.0,0.0,9000.0,2024-09-01
CUS_0x18f5_2024_08_01,CUS_0x18f5,2024-08-01,10,2,10000,1000.0,1000.0,0.0,8000.0,2024-10-01
CUS_0x18f5_2024_08_01,CUS_0x18f5,2024-08-01,10,3,10000,1000.0,1000.0,0.0,7000.0,2024-11-01
CUS_0x18f5_2024_08_01,CUS_0x18f5,2024-08-01,10,4,10000,1000.0,1000.0,0.0,6000.0,2024-12-01
CUS_0x18f5_2024_08_01,CUS_0x18f5,2024-08-01,10,5,10000,1000.0,1000.0,0.0,5000.0,2025-01-01
CUS_0x18f5_2024_08_01,CUS_0x18f5,2024-08-01,10,6,10000,1000.0,1000.0,0.0,4000.0,2025-02-01
CUS_0x18f5_2024_08_01,CUS_0x18f5,2024-08-01,10,7,10000,1000.0,1000.0,0.0,3000.0,2025-03-01
CUS_0x18f5_2024_08_01,CUS_0x18f5,2024-08-01,10,8,10000,1000.0,1000.0,0.0,2000.0,2025-04-01
CUS_0x18f5_2024_08_01,CUS_0x18f5,2024-08-01,10,9,10000,1000.0,1000.0,0.0,1000.0,2025-05-01
CUS_0x18f5_2024_08_01,CUS_0x18f5,2024-08-01,10,10,10000,1000.0,1000.0,0.0,0.0,2025-06-01
CUS_0x1920_2023_01_01,CUS_0x1920,2023-01-01,10,0,10000,0.0,0.0,0.0,10000.0,2023-01-01
CUS_0x1920_2023_01_01,CUS_0x1920,2023-01-01,10,1,10000,1000.0,1000.0,0.0,9000.0,2023-02-01
CUS_0x1920_2023_01_01,CUS_0x1920,2023-01-01,10,2,10000,1000.0,1000.0,0.0,8000.0,2023-03-01
CUS_0x1920_2023_01_01,CUS_0x1920,2023-01-01,10,3,10000,1000.0,1000.0,0.0,7000.0,2023-04-01
CUS_0x1920_2023_01_01,CUS_0x1920,2023-01-01,10,4,10000,1000.0,1000.0,0.0,6000.0,2023-05-01
CUS_0x1920_2023_01_01,CUS_0x1920,2023-01-01,10,5,10000,1000.0,1000.0,0.0,5000.0,2023-06-01
CUS_0x1920_2023_01_01,CUS_0x1920,2023-01-01,10,6,10000,1000.0,1000.0,0.0,4000.0,2023-07-01
CUS_0x1920_2023_01_01,CUS_0x1920,2023-01-01,10,7,10000,1000.0,1000.0,0.0,3000.0,2023-08-01
CUS_0x1920_2023_01_01,CUS_0x1920,2023-01-01,10,8,10000,1000.0,1000.0,0.0,2000.0,2023-09-01
CUS_0x1920_2023_01_01,CUS_0x1920,2023-01-01,10,9,10000,1000.0,1000.0,0.0,1000.0,2023-10-01
CUS_0x1920_2023_01_01,CUS_0x1920,2023-01-01,10,10,10000,1000.0,1000.0,0.0,0.0,2023-11-01
CUS_0x1929_2024_11_01,CUS_0x1929,2024-11-01,10,0,10000,0.0,0.0,0.0,10000.0,2024-11-01
CUS_0x1929_2024_11_01,CUS_0x1929,2024-11-01,10,1,10000,1000.0,1000.0,0.0,9000.0,2024-12-01
CUS_0x1929_2024_11_01,CUS_0x1929,2024-11-01,10,2,10000,1000.0,1000.0,0.0,8000.0,2025-01-01
CUS_0x1929_2024_11_01,CUS_0x1929,2024-11-01,10,3,10000,1000.0,1000.0,0.0,7000.0,2025-02-01
CUS_0x1929_2024_11_01,CUS_0x1929,2024-11-01,10,4,10000,1000.0,1000.0,0.0,6000.0,2025-03-01
CUS_0x1929_2024_11_01,CUS_0x1929,2024-11-01,10,5,10000,1000.0,1000.0,0.0,5000.0,2025-04-01
CUS_0x1929_2024_11_01,CUS_0x1929,2024-11-01,10,6,10000,1000.0,1000.0,0.0,4000.0,2025-05-01
CUS_0x1929_2024_11_01,CUS_0x1929,2024-11-01,10,7,10000,1000.0,1000.0,0.0,3000.0,2025-06-01
CUS_0x1929_2024_11_01,CUS_0x1929,2024-11-01,10,8,10000,1000.0,1000.0,0.0,2000.0,2025-07-01
CUS_0x1929_2024_11_01,CUS_0x1929,2024-11-01,10,9,10000,1000.0,1000.0,0.0,1000.0,2025-08-01
CUS_0x1929_2024_11_01,CUS_0x1929,2024-11-01,10,10,10000,1000.0,1000.0,0.0,0.0,2025-09-01
CUS_0x192f_2023_04_01,CUS_0x192f,2023-04-01,10,0,10000,0.0,0.0,0.0,10000.0,2023-04-01
CUS_0x192f_2023_04_01,CUS_0x192f,2023-04-01,10,1,10000,1000.0,1000.0,0.0,9000.0,2023-05-01
CUS_0x192f_2023_04_01,CUS_0x192f,2023-04-01,10,2,10000,1000.0,1000.0,0.0,8000.0,2023-06-01
CUS_0x192f_2023_04_01,CUS_0x192f,2023-04-01,10,3,10000,1000.0,0.0,1000.0,8000.0,2023-07-01
CUS_0x192f_2023_04_01,CUS_0x192f,2023-04-01,10,4,10000,1000.0,0.0,2000.0,8000.0,2023-08-01
CUS_0x192f_2023_04_01,CUS_0x192f,2023-04-01,10,5,10000,1000.0,0.0,3000.0,8000.0,2023-09-01
CUS_0x192f_2023_04_01,CUS_0x192f,2023-04-01,10,6,10000,1000.0,0.0,4000.0,8000.0,2023-10-01
CUS_0x192f_2023_04_01,CUS_0x192f,2023-04-01,10,7,10000,1000.0,0.0,5000.0,8000.0,2023-11-01
CUS_0x192f_2023_04_01,CUS_0x192f,2023-04-01,10,8,10000,1000.0,0.0,6000.0,8000.0,2023-12-01
CUS_0x192f_2023_04_01,CUS_0x192f,2023-04-01,10,9,10000,1000.0,0.0,7000.0,8000.0,2024-01-01
CUS_0x192f_2023_04_01,CUS_0x192f,2023-04-01,10,10,10000,1000.0,0.0,8000.0,8000.0,2024-02-01
CUS_0x1934_2023_02_01,CUS_0x1934,2023-02-01,10,0,10000,0.0,0.0,0.0,10000.0,2023-02-01
CUS_0x1934_2023_02_01,CUS_0x1934,2023-02-01,10,1,10000,1000.0,1000.0,0.0,9000.0,2023-03-01
CUS_0x1934_2023_02_01,CUS_0x1934,2023-02-01,10,2,10000,1000.0,1000.0,0.0,8000.0,2023-04-01
CUS_0x1934_2023_02_01,CUS_0x1934,2023-02-01,10,3,10000,1000.0,1000.0,0.0,7000.0,2023-05-01
CUS_0x1934_2023_02_01,CUS_0x1934,2023-02-01,10,4,10000,1000.0,0.0,1000.0,7000.0,2023-06-01
CUS_0x1934_2023_02_01,CUS_0x1934,2023-02-01,10,5,10000,1000.0,0.0,2000.0,7000.0,2023-07-01
CUS_0x1934_2023_02_01,CUS_0x1934,2023-02-01,10,6,10000,1000.0,0.0,3000.0,7000.0,2023-08-01
CUS_0x1934_2023_02_01,CUS_0x1934,2023-02-01,10,7,10000,1000.0,0.0,4000.0,7000.0,2023-09-01
CUS_0x1934_2023_02_01,CUS_0x1934,2023-02-01,10,8,10000,1000.0,0.0,5000.0,7000.0,2023-10-01
CUS_0x1934_2023_02_01,CUS_0x1934,2023-02-01,10,9,10000,1000.0,0.0,6000.0,7000.0,2023-11-01
CUS_0x1934_2023_02_01,CUS_0x1934,2023-02-01,10,10,10000,1000.0,0.0,7000.0,7000.0,2023-12-01
CUS_0x193b_2023_07_01,CUS_0x193b,2023-07-01,10,0,10000,0.0,0.0,0.0,10000.0,2023-07-01
CUS_0x193b_2023_07_01,CUS_0x193b,2023-07-01,10,1,10000,1000.0,1000.0,0.0,9000.0,2023-08-01
CUS_0x193b_2023_07_01,CUS_0x193b,2023-07-01,10,2,10000,1000.0,1000.0,0.0,8000.0,2023-09-01
CUS_0x193b_2023_07_01,CUS_0x193b,2023-07-01,10,3,10000,1000.0,1000.0,0.0,7000.0,2023-10-01
CUS_0x193b_2023_07_01,CUS_0x193b,2023-07-01,10,4,10000,1000.0,1000.0,0.0,6000.0,2023-11-01
CUS_0x193b_2023_07_01,CUS_0x193b,2023-07-01,10,5,10000,1000.0,1000.0,0.0,5000.0,2023-12-01
CUS_0x193b_2023_07_01,CUS_0x193b,2023-07-01,10,6,10000,1000.0,1000.0,0.0,4000.0,2024-01-01
CUS_0x193b_2023_07_01,CUS_0x193b,2023-07-01,10,7,10000,1000.0,1000.0,0.0,3000.0,2024-02-01
CUS_0x193b_2023_07_01,CUS_0x193b,2023-07-01,10,8,10000,1000.0,1000.0,0.0,2000.0,2024-03-01
CUS_0x193b_2023_07_01,CUS_0x193b,2023-07-01,10,9,10000,1000.0,1000.0,0.0,1000.0,2024-04-01
CUS_0x193b_2023_07_01,CUS_0x193b,2023-07-01,10,10,10000,1000.0,1000.0,0.0,0.0,2024-05-01
CUS_0x1947_2024_08_01,CUS_0x1947,2024-08-01,10,0,10000,0.0,0.0,0.0,10000.0,2024-08-01
CUS_0x1947_2024_08_01,CUS_0x1947,2024-08-01,10,1,10000,1000.0,1000.0,0.0,9000.0,2024-09-01
CUS_0x1947_2024_08_01,CUS_0x1947,2024-08-01,10,2,10000,1000.0,1000.0,0.0,8000.0,2024-10-01
CUS_0x1947_2024_08_01,CUS_0x1947,2024-08-01,10,3,10000,1000.0,1000.0,0.0,7000.0,2024-11-01
CUS_0x1947_2024_08_01,CUS_0x1947,2024-08-01,10,4,10000,1000.0,1000.0,0.0,6000.0,2024-12-01
CUS_0x1947_2024_08_01,CUS_0x1947,2024-08-01,10,5,10000,1000.0,1000.0,0.0,5000.0,2025-01-01
CUS_0x1947_2024_08_01,CUS_0x1947,2024-08-01,10,6,10000,1000.0,1000.0,0.0,4000.0,2025-02-01
CUS_0x1947_2024_08_01,CUS_0x1947,2024-08-01,10,7,10000,1000.0,1000.0,0.0,3000.0,2025-03-01
CUS_0x1947_2024_08_01,CUS_0x1947,2024-08-01,10,8,10000,1000.0,1000.0,0.0,2000.0,2025-04-01
CUS_0x1947_2024_08_01,CUS_0x1947,2024-08-01,10,9,10000,1000.0,1000.0,0.0,1000.0,2025-05-01
CUS_0x1947_2024_08_01,CUS_0x1947,2024-08-01,10,10,10000,1000.0,1000.0,0.0,0.0,2025-06-01
CUS_0x19a0_2024_12_01,CUS_0x19a0,2024-12-01,10,0,10000,0.0,0.0,0.0,10000.0,2024-12-01
CUS_0x19a0_2024_12_01,CUS_0x19a0,2024-12-01,10,1,10000,1000.0,1000.0,0.0,9000.0,2025-01-01
CUS_0x19a0_2024_12_01,CUS_0x19a0,2024-12-01,10,2,10000,1000.0,1000.0,0.0,8000.0,2025-02-01
CUS_0x19a0_2024_12_01,CUS_0x19a0,2024-12-01,10,3,10000,1000.0,0.0,1000.0,8000.0,2025-03-01
CUS_0x19a0_2024_12_01,CUS_0x19a0,2024-12-01,10,4,10000,1000.0,0.0,2000.0,8000.0,2025-04-01
CUS_0x19a0_2024_12_01,CUS_0x19a0,2024-12-01,10,5,10000,1000.0,0.0,3000.0,8000.0,2025-05-01
CUS_0x19a0_2024_12_01,CUS_0x19a0,2024-12-01,10,6,10000,1000.0,0.0,4000.0,8000.0,2025-06-01
CUS_0x19a0_2024_12_01,CUS_0x19a0,2024-12-01,10,7,10000,1000.0,0.0,5000.0,8000.0,2025-07-01
CUS_0x19a0_2024_12_01,CUS_0x19a0,2024-12-01,10,8,10000,1000.0,0.0,6000.0,8000.0,2025-08-01
CUS_0x19a0_2024_12_01,CUS_0x19a0,2024-12-01,10,9,10000,1000.0,0.0,7000.0,8000.0,2025-09-01
CUS_0x19a0_2024_12_01,CUS_0x19a0,2024-12-01,10,10,10000,1000.0,0.0,8000.0,8000.0,2025-10-01
CUS_0x19b2_2024_03_01,CUS_0x19b2,2024-03-01,10,0,10000,0.0,0.0,0.0,10000.0,2024-03-01
CUS_0x19b2_2024_03_01,CUS_0x19b2,2024-03-01,10,1,10000,1000.0,1000.0,0.0,9000.0,2024-04-01
CUS_0x19b2_2024_03_01,CUS_0x19b2,2024-03-01,10,2,10000,1000.0,1000.0,0.0,8000.0,2024-05-01
CUS_0x19b2_2024_03_01,CUS_0x19b2,2024-03-01,10,3,10000,1000.0,1000.0,0.0,7000.0,2024-06-01
CUS_0x19b2_2024_03_01,CUS_0x19b2,2024-03-01,10,4,10000,1000.0,1000.0,0.0,6000.0,2024-07-01
CUS_0x19b2_2024_03_01,CUS_0x19b2,2024-03-01,10,5,10000,1000.0,1000.0,0.0,5000.0,2024-08-01
CUS_0x19b2_2024_03_01,CUS_0x19b2,2024-03-01,10,6,10000,1000.0,1000.0,0.0,4000.0,2024-09-01
CUS_0x19b2_2024_03_01,CUS_0x19b2,2024-03-01,10,7,10000,1000.0,1000.0,0.0,3000.0,2024-10-01
CUS_0x19b2_2024_03_01,CUS_0x19b2,2024-03-01,10,8,10000,1000.0,1000.0,0.0,2000.0,2024-11-01
CUS_0x19b2_2024_03_01,CUS_0x19b2,2024-03-01,10,9,10000,1000.0,1000.0,0.0,1000.0,2024-12-01
CUS_0x19b2_2024_03_01,CUS_0x19b2,2024-03-01,10,10,10000,1000.0,1000.0,0.0,0.0,2025-01-01
CUS_0x19c9_2024_03_01,CUS_0x19c9,2024-03-01,10,0,10000,0.0,0.0,0.0,10000.0,2024-03-01
CUS_0x19c9_2024_03_01,CUS_0x19c9,2024-03-01,10,1,10000,1000.0,1000.0,0.0,9000.0,2024-04-01
CUS_0x19c9_2024_03_01,CUS_0x19c9,2024-03-01,10,2,10000,1000.0,1000.0,0.0,8000.0,2024-05-01
CUS_0x19c9_2024_03_01,CUS_0x19c9,2024-03-01,10,3,10000,1000.0,1000.0,0.0,7000.0,2024-06-01
CUS_0x19c9_2024_03_01,CUS_0x19c9,2024-03-01,10,4,10000,1000.0,1000.0,0.0,6000.0,2024-07-01
CUS_0x19c9_2024_03_01,CUS_0x19c9,2024-03-01,10,5,10000,1000.0,1000.0,0.0,5000.0,2024-08-01
CUS_0x19c9_2024_03_01,CUS_0x19c9,2024-03-01,10,6,10000,1000.0,1000.0,0.0,4000.0,2024-09-01
CUS_0x19c9_2024_03_01,CUS_0x19c9,2024-03-01,10,7,10000,1000.0,1000.0,0.0,3000.0,2024-10-01
CUS_0x19c9_2024_03_01,CUS_0x19c9,2024-03-01,10,8,10000,1000.0,1000.0,0.0,2000.0,2024-11-01
CUS_0x19c9_2024_03_01,CUS_0x19c9,2024-03-01,10,9,10000,1000.0,1000.0,0.0,1000.0,2024-12-01
CUS_0x19c9_2024_03_01,CUS_0x19c9,2024-03-01,10,10,10000,1000.0,1000.0,0.0,0.0,2025-01-01
CUS_0x1a4b_2024_06_01,CUS_0x1a4b,2024-06-01,10,0,10000,0.0,0.0,0.0,10000.0,2024-06-01
CUS_0x1a4b_2024_06_01,CUS_0x1a4b,2024-06-01,10,1,10000,1000.0,1000.0,0.0,9000.0,2024-07-01
CUS_0x1a4b_2024_06_01,CUS_0x1a4b,2024-06-01,10,2,10000,1000.0,1000.0,0.0,8000.0,2024-08-01
CUS_0x1a4b_2024_06_01,CUS_0x1a4b,2024-06-01,10,3,10000,1000.0,1000.0,0.0,7000.0,2024-09-01
CUS_0x1a4b_2024_06_01,CUS_0x1a4b,2024-06-01,10,4,10000,1000.0,1000.0,0.0,6000.0,2024-10-01
CUS_0x1a4b_2024_06_01,CUS_0x1a4b,2024-06-01,10,5,10000,1000.0,1000.0,0.0,5000.0,2024-11-01
CUS_0x1a4b_2024_06_01,CUS_0x1a4b,2024-06-01,10,6,10000,1000.0,1000.0,0.0,4000.0,2024-12-01
CUS_0x1a4b_2024_06_01,CUS_0x1a4b,2024-06-01,10,7,10000,1000.0,1000.0,0.0,3000.0,2025-01-01
CUS_0x1a4b_2024_06_01,CUS_0x1a4b,2024-06-01,10,8,10000,1000.0,1000.0,0.0,2000.0,2025-02-01
CUS_0x1a4b_2024_06_01,CUS_0x1a4b,2024-06-01,10,9,10000,1000.0,1000.0,0.0,1000.0,2025-03-01
CUS_0x1a4b_2024_06_01,CUS_0x1a4b,2024-06-01,10,10,10000,1000.0,1000.0,0.0,0.0,2025-04-01
CUS_0x1a5a_2024_04_01,CUS_0x1a5a,2024-04-01,10,0,10000,0.0,0.0,0.0,10000.0,2024-04-01
CUS_0x1a5a_2024_04_01,CUS_0x1a5a,2024-04-01,10,1,10000,1000.0,1000.0,0.0,9000.0,2024-05-01
CUS_0x1a5a_2024_04_01,CUS_0x1a5a,2024-04-01,10,2,10000,1000.0,1000.0,0.0,8000.0,2024-06-01
CUS_0x1a5a_2024_04_01,CUS_0x1a5a,2024-04-01,10,3,10000,1000.0,1000.0,0.0,7000.0,2024-07-01
CUS_0x1a5a_2024_04_01,CUS_0x1a5a,2024-04-01,10,4,10000,1000.0,1000.0,0.0,6000.0,2024-08-01
CUS_0x1a5a_2024_04_01,CUS_0x1a5a,2024-04-01,10,5,10000,1000.0,1000.0,0.0,5000.0,2024-09-01
CUS_0x1a5a_2024_04_01,CUS_0x1a5a,2024-04-01,10,6,10000,1000.0,1000.0,0.0,4000.0,2024-10-01
CUS_0x1a5a_2024_04_01,CUS_0x1a5a,2024-04-01,10,7,10000,1000.0,1000.0,0.0,3000.0,2024-11-01
CUS_0x1a5a_2024_04_01,CUS_0x1a5a,2024-04-01,10,8,10000,1000.0,1000.0,0.0,2000.0,2024-12-01
CUS_0x1a5a_2024_04_01,CUS_0x1a5a,2024-04-01,10,9,10000,1000.0,1000.0,0.0,1000.0,2025-01-01
CUS_0x1a5a_2024_04_01,CUS_0x1a5a,2024-04-01,10,10,10000,1000.0,1000.0,0.0,0.0,2025-02-01
CUS_0x1a96_2024_08_01,CUS_0x1a96,2024-08-01,10,0,10000,0.0,0.0,0.0,10000.0,2024-08-01
CUS_0x1a96_2024_08_01,CUS_0x1a96,2024-08-01,10,1,10000,1000.0,1000.0,0.0,9000.0,2024-09-01
CUS_0x1a96_2024_08_01,CUS_0x1a96,2024-08-01,10,2,10000,1000.0,1000.0,0.0,8000.0,2024-10-01
CUS_0x1a96_2024_08_01,CUS_0x1a96,2024-08-01,10,3,10000,1000.0,1000.0,0.0,7000.0,2024-11-01
CUS_0x1a96_2024_08_01,CUS_0x1a96,2024-08-01,10,4,10000,1000.0,1000.0,0.0,6000.0,2024-12-01
CUS_0x1a96_2024_08_01,CUS_0x1a96,2024-08-01,10,5,10000,1000.0,1000.0,0.0,5000.0,2025-01-01
CUS_0x1a96_2024_08_01,CUS_0x1a96,2024-08-01,10,6,10000,1000.0,1000.0,0.0,4000.0,2025-02-01
CUS_0x1a96_2024_08_01,CUS_0x1a96,2024-08-01,10,7,10000,1000.0,1000.0,0.0,3000.0,2025-03-01
CUS_0x1a96_2024_08_01,CUS_0x1a96,2024-08-01,10,8,10000,1000.0,1000.0,0.0,2000.0,2025-04-01
CUS_0x1a96_2024_08_01,CUS_0x1a96,2024-08-01,10,9,10000,1000.0,1000.0,0.0,1000.0,2025-05-01
CUS_0x1a96_2024_08_01,CUS_0x1a96,2024-08-01,10,10,10000,1000.0,1000.0,0.0,0.0,2025-06-01
CUS_0x1a9c_2023_01_01,CUS_0x1a9c,2023-01-01,10,0,10000,0.0,0.0,0.0,10000.0,2023-01-01
CUS_0x1a9c_2023_01_01,CUS_0x1a9c,2023-01-01,10,1,10000,1000.0,1000.0,0.0,9000.0,2023-02-01
CUS_0x1a9c_2023_01_01,CUS_0x1a9c,2023-01-01,10,2,10000,1000.0,1000.0,0.0,8000.0,2023-03-01
CUS_0x1a9c_2023_01_01,CUS_0x1a9c,2023-01-01,10,3,10000,1000.0,1000.0,0.0,7000.0,2023-04-01
CUS_0x1a9c_2023_01_01,CUS_0x1a9c,2023-01-01,10,4,10000,1000.0,1000.0,0.0,6000.0,2023-05-01
CUS_0x1a9c_2023_01_01,CUS_0x1a9c,2023-01-01,10,5,10000,1000.0,1000.0,0.0,5000.0,2023-06-01
CUS_0x1a9c_2023_01_01,CUS_0x1a9c,2023-01-01,10,6,10000,1000.0,1000.0,0.0,4000.0,2023-07-01
CUS_0x1a9c_2023_01_01,CUS_0x1a9c,2023-01-01,10,7,10000,1000.0,1000.0,0.0,3000.0,2023-08-01
CUS_0x1a9c_2023_01_01,CUS_0x1a9c,2023-01-01,10,8,10000,1000.0,1000.0,0.0,2000.0,2023-09-01
CUS_0x1a9c_2023_01_01,CUS_0x1a9c,2023-01-01,10,9,10000,1000.0,1000.0,0.0,1000.0,2023-10-01
CUS_0x1a9c_2023_01_01,CUS_0x1a9c,2023-01-01,10,10,10000,1000.0,1000.0,0.0,0.0,2023-11-01
CUS_0x1aaf_2023_10_01,CUS_0x1aaf,2023-10-01,10,0,10000,0.0,0.0,0.0,10000.0,2023-10-01
CUS_0x1aaf_2023_10_01,CUS_0x1aaf,2023-10-01,10,1,10000,1000.0,1000.0,0.0,9000.0,2023-11-01
CUS_0x1aaf_2023_10_01,CUS_0x1aaf,2023-10-01,10,2,10000,1000.0,1000.0,0.0,8000.0,2023-12-01
CUS_0x1aaf_2023_10_01,CUS_0x1aaf,2023-10-01,10,3,10000,1000.0,1000.0,0.0,7000.0,2024-01-01
CUS_0x1aaf_2023_10_01,CUS_0x1aaf,2023-10-01,10,4,10000,1000.0,1000.0,0.0,6000.0,2024-02-01
CUS_0x1aaf_2023_10_01,CUS_0x1aaf,2023-10-01,10,5,10000,1000.0,1000.0,0.0,5000.0,2024-03-01
CUS_0x1aaf_2023_10_01,CUS_0x1aaf,2023-10-01,10,6,10000,1000.0,1000.0,0.0,4000.0,2024-04-01
CUS_0x1aaf_2023_10_01,CUS_0x1aaf,2023-10-01,10,7,10000,1000.0,1000.0,0.0,3000.0,2024-05-01
CUS_0x1aaf_2023_10_01,CUS_0x1aaf,2023-10-01,10,8,10000,1000.0,1000.0,0.0,2000.0,2024-06-01
CUS_0x1aaf_2023_10_01,CUS_0x1aaf,2023-10-01,10,9,10000,1000.0,1000.0,0.0,1000.0,2024-07-01
CUS_0x1aaf_2023_10_01,CUS_0x1aaf,2023-10-01,10,10,10000,1000.0,1000.0,0.0,0.0,2024-08-01
CUS_0x1ab3_2023_01_01,CUS_0x1ab3,2023-01-01,10,0,10000,0.0,0.0,0.0,10000.0,2023-01-01
CUS_0x1ab3_2023_01_01,CUS_0x1ab3,2023-01-01,10,1,10000,1000.0,1000.0,0.0,9000.0,2023-02-01
CUS_0x1ab3_2023_01_01,CUS_0x1ab3,2023-01-01,10,2,10000,1000.0,1000.0,0.0,8000.0,2023-03-01
CUS_0x1ab3_2023_01_01,CUS_0x1ab3,2023-01-01,10,3,10000,1000.0,1000.0,0.0,7000.0,2023-04-01
CUS_0x1ab3_2023_01_01,CUS_0x1ab3,2023-01-01,10,4,10000,1000.0,1000.0,0.0,6000.0,2023-05-01
CUS_0x1ab3_2023_01_01,CUS_0x1ab3,2023-01-01,10,5,10000,1000.0,1000.0,0.0,5000.0,2023-06-01
CUS_0x1ab3_2023_01_01,CUS_0x1ab3,2023-01-01,10,6,10000,1000.0,1000.0,0.0,4000.0,2023-07-01
CUS_0x1ab3_2023_01_01,CUS_0x1ab3,2023-01-01,10,7,10000,1000.0,1000.0,0.0,3000.0,2023-08-01
CUS_0x1ab3_2023_01_01,CUS_0x1ab3,2023-01-01,10,8,10000,1000.0,1000.0,0.0,2000.0,2023-09-01
CUS_0x1ab3_2023_01_01,CUS_0x1ab3,2023-01-01,10,9,10000,1000.0,1000.0,0.0,1000.0,2023-10-01
CUS_0x1ab3_2023_01_01,CUS_0x1ab3,2023-01-01,10,10,10000,1000.0,1000.0,0.0,0.0,2023-11-01
CUS_0x1abb_2023_10_01,CUS_0x1abb,2023-10-01,10,0,10000,0.0,0.0,0.0,10000.0,2023-10-01
CUS_0x1abb_2023_10_01,CUS_0x1abb,2023-10-01,10,1,10000,1000.0,1000.0,0.0,9000.0,2023-11-01
CUS_0x1abb_2023_10_01,CUS_0x1abb,2023-10-01,10,2,10000,1000.0,1000.0,0.0,8000.0,2023-12-01
CUS_0x1abb_2023_10_01,CUS_0x1abb,2023-10-01,10,3,10000,1000.0,1000.0,0.0,7000.0,2024-01-01
CUS_0x1abb_2023_10_01,CUS_0x1abb,2023-10-01,10,4,10000,1000.0,1000.0,0.0,6000.0,2024-02-01
CUS_0x1abb_2023_10_01,CUS_0x1abb,2023-10-01,10,5,10000,1000.0,1000.0,0.0,5000.0,2024-03-01
CUS_0x1abb_2023_10_01,CUS_0x1abb,2023-10-01,10,6,10000,1000.0,1000.0,0.0,4000.0,2024-04-01
CUS_0x1abb_2023_10_01,CUS_0x1abb,2023-10-01,10,7,10000,1000.0,1000.0,0.0,3000.0,2024-05-01
CUS_0x1abb_2023_10_01,CUS_0x1abb,2023-10-01,10,8,10000,1000.0,1000.0,0.0,2000.0,2024-06-01
CUS_0x1abb_2023_10_01,CUS_0x1abb,2023-10-01,10,9,10000,1000.0,1000.0,0.0,1000.0,2024-07-01
CUS_0x1abb_2023_10_01,CUS_0x1abb,2023-10-01,10,10,10000,1000.0,1000.0,0.0,0.0,2024-08-01
CUS_0x1ad6_2024_10_01,CUS_0x1ad6,2024-10-01,10,0,10000,0.0,0.0,0.0,10000.0,2024-10-01
CUS_0x1ad6_2024_10_01,CUS_0x1ad6,2024-10-01,10,1,10000,1000.0,1000.0,0.0,9000.0,2024-11-01
CUS_0x1ad6_2024_10_01,CUS_0x1ad6,2024-10-01,10,2,10000,1000.0,1000.0,0.0,8000.0,2024-12-01
CUS_0x1ad6_2024_10_01,CUS_0x1ad6,2024-10-01,10,3,10000,1000.0,1000.0,0.0,7000.0,2025-01-01
CUS_0x1ad6_2024_10_01,CUS_0x1ad6,2024-10-01,10,4,10000,1000.0,1000.0,0.0,6000.0,2025-02-01
CUS_0x1ad6_2024_10_01,CUS_0x1ad6,2024-10-01,10,5,10000,1000.0,1000.0,0.0,5000.0,2025-03-01
CUS_0x1ad6_2024_10_01,CUS_0x1ad6,2024-10-01,10,6,10000,1000.0,1000.0,0.0,4000.0,2025-04-01
CUS_0x1ad6_2024_10_01,CUS_0x1ad6,2024-10-01,10,7,10000,1000.0,1000.0,0.0,3000.0,2025-05-01
CUS_0x1ad6_2024_10_01,CUS_0x1ad6,2024-10-01,10,8,10000,1000.0,1000.0,0.0,2000.0,2025-06-01
CUS_0x1ad6_2024_10_01,CUS_0x1ad6,2024-10-01,10,9,10000,1000.0,1000.0,0.0,1000.0,2025-07-01
CUS_0x1ad6_2024_10_01,CUS_0x1ad6,2024-10-01,10,10,10000,1000.0,1000.0,0.0,0.0,2025-08-01
CUS_0x1add_2023_03_01,CUS_0x1add,2023-03-01,10,0,10000,0.0,0.0,0.0,10000.0,2023-03-01
CUS_0x1add_2023_03_01,CUS_0x1add,2023-03-01,10,1,10000,1000.0,1000.0,0.0,9000.0,2023-04-01
CUS_0x1add_2023_03_01,CUS_0x1add,2023-03-01,10,2,10000,1000.0,1000.0,0.0,8000.0,2023-05-01
CUS_0x1add_2023_03_01,CUS_0x1add,2023-03-01,10,3,10000,1000.0,1000.0,0.0,7000.0,2023-06-01
CUS_0x1add_2023_03_01,CUS_0x1add,2023-03-01,10,4,10000,1000.0,1000.0,0.0,6000.0,2023-07-01
CUS_0x1add_2023_03_01,CUS_0x1add,2023-03-01,10,5,10000,1000.0,1000.0,0.0,5000.0,2023-08-01
CUS_0x1add_2023_03_01,CUS_0x1add,2023-03-01,10,6,10000,1000.0,1000.0,0.0,4000.0,2023-09-01
CUS_0x1add_2023_03_01,CUS_0x1add,2023-03-01,10,7,10000,1000.0,1000.0,0.0,3000.0,2023-10-01
CUS_0x1add_2023_03_01,CUS_0x1add,2023-03-01,10,8,10000,1000.0,1000.0,0.0,2000.0,2023-11-01
CUS_0x1add_2023_03_01,CUS_0x1add,2023-03-01,10,9,10000,1000.0,1000.0,0.0,1000.0,2023-12-01
CUS_0x1add_2023_03_01,CUS_0x1add,2023-03-01,10,10,10000,1000.0,1000.0,0.0,0.0,2024-01-01
CUS_0x1b29_2023_12_01,CUS_0x1b29,2023-12-01,10,0,10000,0.0,0.0,0.0,10000.0,2023-12-01
CUS_0x1b29_2023_12_01,CUS_0x1b29,2023-12-01,10,1,10000,1000.0,1000.0,0.0,9000.0,2024-01-01
CUS_0x1b29_2023_12_01,CUS_0x1b29,2023-12-01,10,2,10000,1000.0,1000.0,0.0,8000.0,2024-02-01
CUS_0x1b29_2023_12_01,CUS_0x1b29,2023-12-01,10,3,10000,1000.0,1000.0,0.0,7000.0,2024-03-01
CUS_0x1b29_2023_12_01,CUS_0x1b29,2023-12-01,10,4,10000,1000.0,1000.0,0.0,6000.0,2024-04-01
CUS_0x1b29_2023_12_01,CUS_0x1b29,2023-12-01,10,5,10000,1000.0,1000.0,0.0,5000.0,2024-05-01
CUS_0x1b29_2023_12_01,CUS_0x1b29,2023-12-01,10,6,10000,1000.0,1000.0,0.0,4000.0,2024-06-01
CUS_0x1b29_2023_12_01,CUS_0x1b29,2023-12-01,10,7,10000,1000.0,1000.0,0.0,3000.0,2024-07-01
CUS_0x1b29_2023_12_01,CUS_0x1b29,2023-12-01,10,8,10000,1000.0,1000.0,0.0,2000.0,2024-08-01
CUS_0x1b29_2023_12_01,CUS_0x1b29,2023-12-01,10,9,10000,1000.0,1000.0,0.0,1000.0,2024-09-01
CUS_0x1b29_2023_12_01,CUS_0x1b29,2023-12-01,10,10,10000,1000.0,1000.0,0.0,0.0,2024-10-01
CUS_0x1b3b_2024_09_01,CUS_0x1b3b,2024-09-01,10,0,10000,0.0,0.0,0.0,10000.0,2024-09-01
CUS_0x1b3b_2024_09_01,CUS_0x1b3b,2024-09-01,10,1,10000,1000.0,1000.0,0.0,9000.0,2024-10-01
CUS_0x1b3b_2024_09_01,CUS_0x1b3b,2024-09-01,10,2,10000,1000.0,1000.0,0.0,8000.0,2024-11-01
CUS_0x1b3b_2024_09_01,CUS_0x1b3b,2024-09-01,10,3,10000,1000.0,1000.0,0.0,7000.0,2024-12-01
CUS_0x1b3b_2024_09_01,CUS_0x1b3b,2024-09-01,10,4,10000,1000.0,1000.0,0.0,6000.0,2025-01-01
CUS_0x1b3b_2024_09_01,CUS_0x1b3b,2024-09-01,10,5,10000,1000.0,1000.0,0.0,5000.0,2025-02-01
CUS_0x1b3b_2024_09_01,CUS_0x1b3b,2024-09-01,10,6,10000,1000.0,1000.0,0.0,4000.0,2025-03-01
CUS_0x1b3b_2024_09_01,CUS_0x1b3b,2024-09-01,10,7,10000,1000.0,1000.0,0.0,3000.0,2025-04-01
CUS_0x1b3b_2024_09_01,CUS_0x1b3b,2024-09-01,10,8,10000,1000.0,1000.0,0.0,2000.0,2025-05-01
CUS_0x1b3b_2024_09_01,CUS_0x1b3b,2024-09-01,10,9,10000,1000.0,1000.0,0.0,1000.0,2025-06-01
CUS_0x1b3b_2024_09_01,CUS_0x1b3b,2024-09-01,10,10,10000,1000.0,1000.0,0.0,0.0,2025-07-01
CUS_0x1b8a_2024_06_01,CUS_0x1b8a,2024-06-01,10,0,10000,0.0,0.0,0.0,10000.0,2024-06-01
CUS_0x1b8a_2024_06_01,CUS_0x1b8a,2024-06-01,10,1,10000,1000.0,1000.0,0.0,9000.0,2024-07-01
CUS_0x1b8a_2024_06_01,CUS_0x1b8a,2024-06-01,10,2,10000,1000.0,1000.0,0.0,8000.0,2024-08-01
CUS_0x1b8a_2024_06_01,CUS_0x1b8a,2024-06-01,10,3,10000,1000.0,1000.0,0.0,7000.0,2024-09-01
CUS_0x1b8a_2024_06_01,CUS_0x1b8a,2024-06-01,10,4,10000,1000.0,1000.0,0.0,6000.0,2024-10-01
CUS_0x1b8a_2024_06_01,CUS_0x1b8a,2024-06-01,10,5,10000,1000.0,1000.0,0.0,5000.0,2024-11-01
CUS_0x1b8a_2024_06_01,CUS_0x1b8a,2024-06-01,10,6,10000,1000.0,1000.0,0.0,4000.0,2024-12-01
CUS_0x1b8a_2024_06_01,CUS_0x1b8a,2024-06-01,10,7,10000,1000.0,1000.0,0.0,3000.0,2025-01-01
CUS_0x1b8a_2024_06_01,CUS_0x1b8a,2024-06-01,10,8,10000,1000.0,1000.0,0.0,2000.0,2025-02-01
CUS_0x1b8a_2024_06_01,CUS_0x1b8a,2024-06-01,10,9,10000,1000.0,1000.0,0.0,1000.0,2025-03-01
CUS_0x1b8a_2024_06_01,CUS_0x1b8a,2024-06-01,10,10,10000,1000.0,1000.0,0.0,0.0,2025-04-01
CUS_0x1bac_2024_11_01,CUS_0x1bac,2024-11-01,10,0,10000,0.0,0.0,0.0,10000.0,2024-11-01
CUS_0x1bac_2024_11_01,CUS_0x1bac,2024-11-01,10,1,10000,1000.0,1000.0,0.0,9000.0,2024-12-01
CUS_0x1bac_2024_11_01,CUS_0x1bac,2024-11-01,10,2,10000,1000.0,1000.0,0.0,8000.0,2025-01-01
CUS_0x1bac_2024_11_01,CUS_0x1bac,2024-11-01,10,3,10000,1000.0,1000.0,0.0,7000.0,2025-02-01
CUS_0x1bac_2024_11_01,CUS_0x1bac,2024-11-01,10,4,10000,1000.0,1000.0,0.0,6000.0,2025-03-01
CUS_0x1bac_2024_11_01,CUS_0x1bac,2024-11-01,10,5,10000,1000.0,1000.0,0.0,5000.0,2025-04-01
CUS_0x1bac_2024_11_01,CUS_0x1bac,2024-11-01,10,6,10000,1000.0,1000.0,0.0,4000.0,2025-05-01
CUS_0x1bac_2024_11_01,CUS_0x1bac,2024-11-01,10,7,10000,1000.0,1000.0,0.0,3000.0,2025-06-01
CUS_0x1bac_2024_11_01,CUS_0x1bac,2024-11-01,10,8,10000,1000.0,1000.0,0.0,2000.0,2025-07-01
CUS_0x1bac_2024_11_01,CUS_0x1bac,2024-11-01,10,9,10000,1000.0,1000.0,0.0,1000.0,2025-08-01
CUS_0x1bac_2024_11_01,CUS_0x1bac,2024-11-01,10,10,10000,1000.0,1000.0,0.0,0.0,2025-09-01
CUS_0x1bfd_2024_08_01,CUS_0x1bfd,2024-08-01,10,0,10000,0.0,0.0,0.0,10000.0,2024-08-01
CUS_0x1bfd_2024_08_01,CUS_0x1bfd,2024-08-01,10,1,10000,1000.0,1000.0,0.0,9000.0,2024-09-01
CUS_0x1bfd_2024_08_01,CUS_0x1bfd,2024-08-01,10,2,10000,1000.0,0.0,1000.0,9000.0,2024-10-01
CUS_0x1bfd_2024_08_01,CUS_0x1bfd,2024-08-01,10,3,10000,1000.0,0.0,2000.0,9000.0,2024-11-01
CUS_0x1bfd_2024_08_01,CUS_0x1bfd,2024-08-01,10,4,10000,1000.0,0.0,3000.0,9000.0,2024-12-01
CUS_0x1bfd_2024_08_01,CUS_0x1bfd,2024-08-01,10,5,10000,1000.0,0.0,4000.0,9000.0,2025-01-01
CUS_0x1bfd_2024_08_01,CUS_0x1bfd,2024-08-01,10,6,10000,1000.0,0.0,5000.0,9000.0,2025-02-01
CUS_0x1bfd_2024_08_01,CUS_0x1bfd,2024-08-01,10,7,10000,1000.0,0.0,6000.0,9000.0,2025-03-01
CUS_0x1bfd_2024_08_01,CUS_0x1bfd,2024-08-01,10,8,10000,1000.0,0.0,7000.0,9000.0,2025-04-01
CUS_0x1bfd_2024_08_01,CUS_0x1bfd,2024-08-01,10,9,10000,1000.0,0.0,8000.0,9000.0,2025-05-01
CUS_0x1bfd_2024_08_01,CUS_0x1bfd,2024-08-01,10,10,10000,1000.0,0.0,9000.0,9000.0,2025-06-01
CUS_0x1c1c_2023_10_01,CUS_0x1c1c,2023-10-01,10,0,10000,0.0,0.0,0.0,10000.0,2023-10-01
CUS_0x1c1c_2023_10_01,CUS_0x1c1c,2023-10-01,10,1,10000,1000.0,1000.0,0.0,9000.0,2023-11-01
CUS_0x1c1c_2023_10_01,CUS_0x1c1c,2023-10-01,10,2,10000,1000.0,1000.0,0.0,8000.0,2023-12-01
CUS_0x1c1c_2023_10_01,CUS_0x1c1c,2023-10-01,10,3,10000,1000.0,1000.0,0.0,7000.0,2024-01-01
CUS_0x1c1c_2023_10_01,CUS_0x1c1c,2023-10-01,10,4,10000,1000.0,1000.0,0.0,6000.0,2024-02-01
CUS_0x1c1c_2023_10_01,CUS_0x1c1c,2023-10-01,10,5,10000,1000.0,1000.0,0.0,5000.0,2024-03-01
CUS_0x1c1c_2023_10_01,CUS_0x1c1c,2023-10-01,10,6,10000,1000.0,1000.0,0.0,4000.0,2024-04-01
CUS_0x1c1c_2023_10_01,CUS_0x1c1c,2023-10-01,10,7,10000,1000.0,1000.0,0.0,3000.0,2024-05-01
CUS_0x1c1c_2023_10_01,CUS_0x1c1c,2023-10-01,10,8,10000,1000.0,1000.0,0.0,2000.0,2024-06-01
CUS_0x1c1c_2023_10_01,CUS_0x1c1c,2023-10-01,10,9,10000,1000.0,1000.0,0.0,1000.0,2024-07-01
CUS_0x1c1c_2023_10_01,CUS_0x1c1c,2023-10-01,10,10,10000,1000.0,1000.0,0.0,0.0,2024-08-01
CUS_0x1c1f_2024_01_01,CUS_0x1c1f,2024-01-01,10,0,10000,0.0,0.0,0.0,10000.0,2024-01-01
CUS_0x1c1f_2024_01_01,CUS_0x1c1f,2024-01-01,10,1,10000,1000.0,1000.0,0.0,9000.0,2024-02-01
CUS_0x1c1f_2024_01_01,CUS_0x1c1f,2024-01-01,10,2,10000,1000.0,0.0,1000.0,9000.0,2024-03-01
CUS_0x1c1f_2024_01_01,CUS_0x1c1f,2024-01-01,10,3,10000,1000.0,0.0,2000.0,9000.0,2024-04-01
CUS_0x1c1f_2024_01_01,CUS_0x1c1f,2024-01-01,10,4,10000,1000.0,0.0,3000.0,9000.0,2024-05-01
CUS_0x1c1f_2024_01_01,CUS_0x1c1f,2024-01-01,10,5,10000,1000.0,0.0,4000.0,9000.0,2024-06-01
CUS_0x1c1f_2024_01_01,CUS_0x1c1f,2024-01-01,10,6,10000,1000.0,0.0,5000.0,9000.0,2024-07-01
CUS_0x1c1f_2024_01_01,CUS_0x1c1f,2024-01-01,10,7,10000,1000.0,0.0,6000.0,9000.0,2024-08-01
CUS_0x1c1f_2024_01_01,CUS_0x1c1f,2024-01-01,10,8,10000,1000.0,0.0,7000.0,9000.0,2024-09-01
CUS_0x1c1f_2024_01_01,CUS_0x1c1f,2024-01-01,10,9,10000,1000.0,0.0,8000.0,9000.0,2024-10-01
CUS_0x1c1f_2024_01_01,CUS_0x1c1f,2024-01-01,10,10,10000,1000.0,0.0,9000.0,9000.0,2024-11-01
CUS_0x1c40_2023_11_01,CUS_0x1c40,2023-11-01,10,0,10000,0.0,0.0,0.0,10000.0,2023-11-01
CUS_0x1c40_2023_11_01,CUS_0x1c40,2023-11-01,10,1,10000,1000.0,1000.0,0.0,9000.0,2023-12-01
CUS_0x1c40_2023_11_01,CUS_0x1c40,2023-11-01,10,2,10000,1000.0,1000.0,0.0,8000.0,2024-01-01
CUS_0x1c40_2023_11_01,CUS_0x1c40,2023-11-01,10,3,10000,1000.0,1000.0,0.0,7000.0,2024-02-01
CUS_0x1c40_2023_11_01,CUS_0x1c40,2023-11-01,10,4,10000,1000.0,1000.0,0.0,6000.0,2024-03-01
CUS_0x1c40_2023_11_01,CUS_0x1c40,2023-11-01,10,5,10000,1000.0,1000.0,0.0,5000.0,2024-04-01
CUS_0x1c40_2023_11_01,CUS_0x1c40,2023-11-01,10,6,10000,1000.0,1000.0,0.0,4000.0,2024-05-01
CUS_0x1c40_2023_11_01,CUS_0x1c40,2023-11-01,10,7,10000,1000.0,1000.0,0.0,3000.0,2024-06-01
CUS_0x1c40_2023_11_01,CUS_0x1c40,2023-11-01,10,8,10000,1000.0,1000.0,0.0,2000.0,2024-07-01
CUS_0x1c40_2023_11_01,CUS_0x1c40,2023-11-01,10,9,10000,1000.0,1000.0,0.0,1000.0,2024-08-01
CUS_0x1c40_2023_11_01,CUS_0x1c40,2023-11-01,10,10,10000,1000.0,1000.0,0.0,0.0,2024-09-01
CUS_0x1c58_2024_10_01,CUS_0x1c58,2024-10-01,10,0,10000,0.0,0.0,0.0,10000.0,2024-10-01
CUS_0x1c58_2024_10_01,CUS_0x1c58,2024-10-01,10,1,10000,1000.0,1000.0,0.0,9000.0,2024-11-01
CUS_0x1c58_2024_10_01,CUS_0x1c58,2024-10-01,10,2,10000,1000.0,1000.0,0.0,8000.0,2024-12-01
CUS_0x1c58_2024_10_01,CUS_0x1c58,2024-10-01,10,3,10000,1000.0,1000.0,0.0,7000.0,2025-01-01
CUS_0x1c58_2024_10_01,CUS_0x1c58,2024-10-01,10,4,10000,1000.0,1000.0,0.0,6000.0,2025-02-01
CUS_0x1c58_2024_10_01,CUS_0x1c58,2024-10-01,10,5,10000,1000.0,1000.0,0.0,5000.0,2025-03-01
CUS_0x1c58_2024_10_01,CUS_0x1c58,2024-10-01,10,6,10000,1000.0,1000.0,0.0,4000.0,2025-04-01
CUS_0x1c58_2024_10_01,CUS_0x1c58,2024-10-01,10,7,10000,1000.0,1000.0,0.0,3000.0,2025-05-01
CUS_0x1c58_2024_10_01,CUS_0x1c58,2024-10-01,10,8,10000,1000.0,1000.0,0.0,2000.0,2025-06-01
CUS_0x1c58_2024_10_01,CUS_0x1c58,2024-10-01,10,9,10000,1000.0,1000.0,0.0,1000.0,2025-07-01
CUS_0x1c58_2024_10_01,CUS_0x1c58,2024-10-01,10,10,10000,1000.0,1000.0,0.0,0.0,2025-08-01
CUS_0x1c65_2023_11_01,CUS_0x1c65,2023-11-01,10,0,10000,0.0,0.0,0.0,10000.0,2023-11-01
CUS_0x1c65_2023_11_01,CUS_0x1c65,2023-11-01,10,1,10000,1000.0,1000.0,0.0,9000.0,2023-12-01
CUS_0x1c65_2023_11_01,CUS_0x1c65,2023-11-01,10,2,10000,1000.0,1000.0,0.0,8000.0,2024-01-01
CUS_0x1c65_2023_11_01,CUS_0x1c65,2023-11-01,10,3,10000,1000.0,1000.0,0.0,7000.0,2024-02-01
CUS_0x1c65_2023_11_01,CUS_0x1c65,2023-11-01,10,4,10000,1000.0,1000.0,0.0,6000.0,2024-03-01
CUS_0x1c65_2023_11_01,CUS_0x1c65,2023-11-01,10,5,10000,1000.0,1000.0,0.0,5000.0,2024-04-01
CUS_0x1c65_2023_11_01,CUS_0x1c65,2023-11-01,10,6,10000,1000.0,1000.0,0.0,4000.0,2024-05-01
CUS_0x1c65_2023_11_01,CUS_0x1c65,2023-11-01,10,7,10000,1000.0,1000.0,0.0,3000.0,2024-06-01
CUS_0x1c65_2023_11_01,CUS_0x1c65,2023-11-01,10,8,10000,1000.0,1000.0,0.0,2000.0,2024-07-01
CUS_0x1c65_2023_11_01,CUS_0x1c65,2023-11-01,10,9,10000,1000.0,1000.0,0.0,1000.0,2024-08-01
CUS_0x1c65_2023_11_01,CUS_0x1c65,2023-11-01,10,10,10000,1000.0,1000.0,0.0,0.0,2024-09-01
CUS_0x1c79_2023_07_01,CUS_0x1c79,2023-07-01,10,0,10000,0.0,0.0,0.0,10000.0,2023-07-01
CUS_0x1c79_2023_07_01,CUS_0x1c79,2023-07-01,10,1,10000,1000.0,1000.0,0.0,9000.0,2023-08-01
CUS_0x1c79_2023_07_01,CUS_0x1c79,2023-07-01,10,2,10000,1000.0,1000.0,0.0,8000.0,2023-09-01
CUS_0x1c79_2023_07_01,CUS_0x1c79,2023-07-01,10,3,10000,1000.0,0.0,1000.0,8000.0,2023-10-01
CUS_0x1c79_2023_07_01,CUS_0x1c79,2023-07-01,10,4,10000,1000.0,0.0,2000.0,8000.0,2023-11-01
CUS_0x1c79_2023_07_01,CUS_0x1c79,2023-07-01,10,5,10000,1000.0,0.0,3000.0,8000.0,2023-12-01
CUS_0x1c79_2023_07_01,CUS_0x1c79,2023-07-01,10,6,10000,1000.0,0.0,4000.0,8000.0,2024-01-01
CUS_0x1c79_2023_07_01,CUS_0x1c79,2023-07-01,10,7,10000,1000.0,0.0,5000.0,8000.0,2024-02-01
CUS_0x1c79_2023_07_01,CUS_0x1c79,2023-07-01,10,8,10000,1000.0,0.0,6000.0,8000.0,2024-03-01
CUS_0x1c79_2023_07_01,CUS_0x1c79,2023-07-01,10,9,10000,1000.0,0.0,7000.0,8000.0,2024-04-01
CUS_0x1c79_2023_07_01,CUS_0x1c79,2023-07-01,10,10,10000,1000.0,0.0,8000.0,8000.0,2024-05-01
CUS_0x1ca9_2023_06_01,CUS_0x1ca9,2023-06-01,10,0,10000,0.0,0.0,0.0,10000.0,2023-06-01
CUS_0x1ca9_2023_06_01,CUS_0x1ca9,2023-06-01,10,1,10000,1000.0,1000.0,0.0,9000.0,2023-07-01
CUS_0x1ca9_2023_06_01,CUS_0x1ca9,2023-06-01,10,2,10000,1000.0,1000.0,0.0,8000.0,2023-08-01
CUS_0x1ca9_2023_06_01,CUS_0x1ca9,2023-06-01,10,3,10000,1000.0,1000.0,0.0,7000.0,2023-09-01
CUS_0x1ca9_2023_06_01,CUS_0x1ca9,2023-06-01,10,4,10000,1000.0,1000.0,0.0,6000.0,2023-10-01
CUS_0x1ca9_2023_06_01,CUS_0x1ca9,2023-06-01,10,5,10000,1000.0,1000.0,0.0,5000.0,2023-11-01
CUS_0x1ca9_2023_06_01,CUS_0x1ca9,2023-06-01,10,6,10000,1000.0,1000.0,0.0,4000.0,2023-12-01
CUS_0x1ca9_2023_06_01,CUS_0x1ca9,2023-06-01,10,7,10000,1000.0,1000.0,0.0,3000.0,2024-01-01
CUS_0x1ca9_2023_06_01,CUS_0x1ca9,2023-06-01,10,8,10000,1000.0,1000.0,0.0,2000.0,2024-02-01
CUS_0x1ca9_2023_06_01,CUS_0x1ca9,2023-06-01,10,9,10000,1000.0,1000.0,0.0,1000.0,2024-03-01
CUS_0x1ca9_2023_06_01,CUS_0x1ca9,2023-06-01,10,10,10000,1000.0,1000.0,0.0,0.0,2024-04-01
CUS_0x1d33_2024_01_01,CUS_0x1d33,2024-01-01,10,0,10000,0.0,0.0,0.0,10000.0,2024-01-01
CUS_0x1d33_2024_01_01,CUS_0x1d33,2024-01-01,10,1,10000,1000.0,1000.0,0.0,9000.0,2024-02-01
CUS_0x1d33_2024_01_01,CUS_0x1d33,2024-01-01,10,2,10000,1000.0,1000.0,0.0,8000.0,2024-03-01
CUS_0x1d33_2024_01_01,CUS_0x1d33,2024-01-01,10,3,10000,1000.0,1000.0,0.0,7000.0,2024-04-01
CUS_0x1d33_2024_01_01,CUS_0x1d33,2024-01-01,10,4,10000,1000.0,0.0,1000.0,7000.0,2024-05-01
CUS_0x1d33_2024_01_01,CUS_0x1d33,2024-01-01,10,5,10000,1000.0,0.0,2000.0,7000.0,2024-06-01
CUS_0x1d33_2024_01_01,CUS_0x1d33,2024-01-01,10,6,10000,1000.0,0.0,3000.0,7000.0,2024-07-01
CUS_0x1d33_2024_01_01,CUS_0x1d33,2024-01-01,10,7,10000,1000.0,0.0,4000.0,7000.0,2024-08-01
CUS_0x1d33_2024_01_01,CUS_0x1d33,2024-01-01,10,8,10000,1000.0,0.0,5000.0,7000.0,2024-09-01
CUS_0x1d33_2024_01_01,CUS_0x1d33,2024-01-01,10,9,10000,1000.0,0.0,6000.0,7000.0,2024-10-01
CUS_0x1d33_2024_01_01,CUS_0x1d33,2024-01-01,10,10,10000,1000.0,0.0,7000.0,7000.0,2024-11-01
CUS_0x1d51_2024_06_01,CUS_0x1d51,2024-06-01,10,0,10000,0.0,0.0,0.0,10000.0,2024-06-01
CUS_0x1d51_2024_06_01,CUS_0x1d51,2024-06-01,10,1,10000,1000.0,1000.0,0.0,9000.0,2024-07-01
CUS_0x1d51_2024_06_01,CUS_0x1d51,2024-06-01,10,2,10000,1000.0,1000.0,0.0,8000.0,2024-08-01
CUS_0x1d51_2024_06_01,CUS_0x1d51,2024-06-01,10,3,10000,1000.0,1000.0,0.0,7000.0,2024-09-01
CUS_0x1d51_2024_06_01,CUS_0x1d51,2024-06-01,10,4,10000,1000.0,1000.0,0.0,6000.0,2024-10-01
CUS_0x1d51_2024_06_01,CUS_0x1d51,2024-06-01,10,5,10000,1000.0,1000.0,0.0,5000.0,2024-11-01
CUS_0x1d51_2024_06_01,CUS_0x1d51,2024-06-01,10,6,10000,1000.0,1000.0,0.0,4000.0,2024-12-01
CUS_0x1d51_2024_06_01,CUS_0x1d51,2024-06-01,10,7,10000,1000.0,1000.0,0.0,3000.0,2025-01-01
CUS_0x1d51_2024_06_01,CUS_0x1d51,2024-06-01,10,8,10000,1000.0,1000.0,0.0,2000.0,2025-02-01
CUS_0x1d51_2024_06_01,CUS_0x1d51,2024-06-01,10,9,10000,1000.0,1000.0,0.0,1000.0,2025-03-01
CUS_0x1d51_2024_06_01,CUS_0x1d51,2024-06-01,10,10,10000,1000.0,1000.0,0.0,0.0,2025-04-01
CUS_0x1d6f_2023_06_01,CUS_0x1d6f,2023-06-01,10,0,10000,0.0,0.0,0.0,10000.0,2023-06-01
CUS_0x1d6f_2023_06_01,CUS_0x1d6f,2023-06-01,10,1,10000,1000.0,1000.0,0.0,9000.0,2023-07-01
CUS_0x1d6f_2023_06_01,CUS_0x1d6f,2023-06-01,10,2,10000,1000.0,1000.0,0.0,8000.0,2023-08-01
CUS_0x1d6f_2023_06_01,CUS_0x1d6f,2023-06-01,10,3,10000,1000.0,1000.0,0.0,7000.0,2023-09-01
CUS_0x1d6f_2023_06_01,CUS_0x1d6f,2023-06-01,10,4,10000,1000.0,1000.0,0.0,6000.0,2023-10-01
CUS_0x1d6f_2023_06_01,CUS_0x1d6f,2023-06-01,10,5,10000,1000.0,1000.0,0.0,5000.0,2023-11-01
CUS_0x1d6f_2023_06_01,CUS_0x1d6f,2023-06-01,10,6,10000,1000.0,1000.0,0.0,4000.0,2023-12-01
CUS_0x1d6f_2023_06_01,CUS_0x1d6f,2023-06-01,10,7,10000,1000.0,1000.0,0.0,3000.0,2024-01-01
CUS_0x1d6f_2023_06_01,CUS_0x1d6f,2023-06-01,10,8,10000,1000.0,1000.0,0.0,2000.0,2024-02-01
CUS_0x1d6f_2023_06_01,CUS_0x1d6f,2023-06-01,10,9,10000,1000.0,1000.0,0.0,1000.0,2024-03-01
CUS_0x1d6f_2023_06_01,CUS_0x1d6f,2023-06-01,10,10,10000,1000.0,1000.0,0.0,0.0,2024-04-01
CUS_0x1d85_2024_03_01,CUS_0x1d85,2024-03-01,10,0,10000,0.0,0.0,0.0,10000.0,2024-03-01
CUS_0x1d85_2024_03_01,CUS_0x1d85,2024-03-01,10,1,10000,1000.0,1000.0,0.0,9000.0,2024-04-01
CUS_0x1d85_2024_03_01,CUS_0x1d85,2024-03-01,10,2,10000,1000.0,1000.0,0.0,8000.0,2024-05-01
CUS_0x1d85_2024_03_01,CUS_0x1d85,2024-03-01,10,3,10000,1000.0,1000.0,0.0,7000.0,2024-06-01
CUS_0x1d85_2024_03_01,CUS_0x1d85,2024-03-01,10,4,10000,1000.0,1000.0,0.0,6000.0,2024-07-01
CUS_0x1d85_2024_03_01,CUS_0x1d85,2024-03-01,10,5,10000,1000.0,1000.0,0.0,5000.0,2024-08-01
CUS_0x1d85_2024_03_01,CUS_0x1d85,2024-03-01,10,6,10000,1000.0,1000.0,0.0,4000.0,2024-09-01
CUS_0x1d85_2024_03_01,CUS_0x1d85,2024-03-01,10,7,10000,1000.0,1000.0,0.0,3000.0,2024-10-01
CUS_0x1d85_2024_03_01,CUS_0x1d85,2024-03-01,10,8,10000,1000.0,1000.0,0.0,2000.0,2024-11-01
CUS_0x1d85_2024_03_01,CUS_0x1d85,2024-03-01,10,9,10000,1000.0,1000.0,0.0,1000.0,2024-12-01
CUS_0x1d85_2024_03_01,CUS_0x1d85,2024-03-01,10,10,10000,1000.0,1000.0,0.0,0.0,2025-01-01
CUS_0x1dac_2024_05_01,CUS_0x1dac,2024-05-01,10,0,10000,0.0,0.0,0.0,10000.0,2024-05-01
CUS_0x1dac_2024_05_01,CUS_0x1dac,2024-05-01,10,1,10000,1000.0,1000.0,0.0,9000.0,2024-06-01
CUS_0x1dac_2024_05_01,CUS_0x1dac,2024-05-01,10,2,10000,1000.0,0.0,1000.0,9000.0,2024-07-01
CUS_0x1dac_2024_05_01,CUS_0x1dac,2024-05-01,10,3,10000,1000.0,0.0,2000.0,9000.0,2024-08-01
CUS_0x1dac_2024_05_01,CUS_0x1dac,2024-05-01,10,4,10000,1000.0,0.0,3000.0,9000.0,2024-09-01
CUS_0x1dac_2024_05_01,CUS_0x1dac,2024-05-01,10,5,10000,1000.0,0.0,4000.0,9000.0,2024-10-01
CUS_0x1dac_2024_05_01,CUS_0x1dac,2024-05-01,10,6,10000,1000.0,0.0,5000.0,9000.0,2024-11-01
CUS_0x1dac_2024_05_01,CUS_0x1dac,2024-05-01,10,7,10000,1000.0,0.0,6000.0,9000.0,2024-12-01
CUS_0x1dac_2024_05_01,CUS_0x1dac,2024-05-01,10,8,10000,1000.0,0.0,7000.0,9000.0,2025-01-01
CUS_0x1dac_2024_05_01,CUS_0x1dac,2024-05-01,10,9,10000,1000.0,0.0,8000.0,9000.0,2025-02-01
CUS_0x1dac_2024_05_01,CUS_0x1dac,2024-05-01,10,10,10000,1000.0,0.0,9000.0,9000.0,2025-03-01
CUS_0x1db0_2023_06_01,CUS_0x1db0,2023-06-01,10,0,10000,0.0,0.0,0.0,10000.0,2023-06-01
CUS_0x1db0_2023_06_01,CUS_0x1db0,2023-06-01,10,1,10000,1000.0,0.0,1000.0,10000.0,2023-07-01
CUS_0x1db0_2023_06_01,CUS_0x1db0,2023-06-01,10,2,10000,1000.0,2000.0,0.0,8000.0,2023-08-01
CUS_0x1db0_2023_06_01,CUS_0x1db0,2023-06-01,10,3,10000,1000.0,0.0,1000.0,8000.0,2023-09-01
CUS_0x1db0_2023_06_01,CUS_0x1db0,2023-06-01,10,4,10000,1000.0,2000.0,0.0,6000.0,2023-10-01
CUS_0x1db0_2023_06_01,CUS_0x1db0,2023-06-01,10,5,10000,1000.0,0.0,1000.0,6000.0,2023-11-01
CUS_0x1db0_2023_06_01,CUS_0x1db0,2023-06-01,10,6,10000,1000.0,0.0,2000.0,6000.0,2023-12-01
CUS_0x1db0_2023_06_01,CUS_0x1db0,2023-06-01,10,7,10000,1000.0,0.0,3000.0,6000.0,2024-01-01
CUS_0x1db0_2023_06_01,CUS_0x1db0,2023-06-01,10,8,10000,1000.0,0.0,4000.0,6000.0,2024-02-01
CUS_0x1db0_2023_06_01,CUS_0x1db0,2023-06-01,10,9,10000,1000.0,0.0,5000.0,6000.0,2024-03-01
CUS_0x1db0_2023_06_01,CUS_0x1db0,2023-06-01,10,10,10000,1000.0,0.0,6000.0,6000.0,2024-04-01
CUS_0x1dc4_2024_05_01,CUS_0x1dc4,2024-05-01,10,0,10000,0.0,0.0,0.0,10000.0,2024-05-01
CUS_0x1dc4_2024_05_01,CUS_0x1dc4,2024-05-01,10,1,10000,1000.0,1000.0,0.0,9000.0,2024-06-01
CUS_0x1dc4_2024_05_01,CUS_0x1dc4,2024-05-01,10,2,10000,1000.0,0.0,1000.0,9000.0,2024-07-01
CUS_0x1dc4_2024_05_01,CUS_0x1dc4,2024-05-01,10,3,10000,1000.0,2000.0,0.0,7000.0,2024-08-01
CUS_0x1dc4_2024_05_01,CUS_0x1dc4,2024-05-01,10,4,10000,1000.0,0.0,1000.0,7000.0,2024-09-01
CUS_0x1dc4_2024_05_01,CUS_0x1dc4,2024-05-01,10,5,10000,1000.0,0.0,2000.0,7000.0,2024-10-01
CUS_0x1dc4_2024_05_01,CUS_0x1dc4,2024-05-01,10,6,10000,1000.0,0.0,3000.0,7000.0,2024-11-01
CUS_0x1dc4_2024_05_01,CUS_0x1dc4,2024-05-01,10,7,10000,1000.0,0.0,4000.0,7000.0,2024-12-01
CUS_0x1dc4_2024_05_01,CUS_0x1dc4,2024-05-01,10,8,10000,1000.0,0.0,5000.0,7000.0,2025-01-01
CUS_0x1dc4_2024_05_01,CUS_0x1dc4,2024-05-01,10,9,10000,1000.0,0.0,6000.0,7000.0,2025-02-01
CUS_0x1dc4_2024_05_01,CUS_0x1dc4,2024-05-01,10,10,10000,1000.0,0.0,7000.0,7000.0,2025-03-01
CUS_0x1e4d_2023_04_01,CUS_0x1e4d,2023-04-01,10,0,10000,0.0,0.0,0.0,10000.0,2023-04-01
CUS_0x1e4d_2023_04_01,CUS_0x1e4d,2023-04-01,10,1,10000,1000.0,1000.0,0.0,9000.0,2023-05-01
CUS_0x1e4d_2023_04_01,CUS_0x1e4d,2023-04-01,10,2,10000,1000.0,1000.0,0.0,8000.0,2023-06-01
CUS_0x1e4d_2023_04_01,CUS_0x1e4d,2023-04-01,10,3,10000,1000.0,1000.0,0.0,7000.0,2023-07-01
CUS_0x1e4d_2023_04_01,CUS_0x1e4d,2023-04-01,10,4,10000,1000.0,1000.0,0.0,6000.0,2023-08-01
CUS_0x1e4d_2023_04_01,CUS_0x1e4d,2023-04-01,10,5,10000,1000.0,1000.0,0.0,5000.0,2023-09-01
CUS_0x1e4d_2023_04_01,CUS_0x1e4d,2023-04-01,10,6,10000,1000.0,1000.0,0.0,4000.0,2023-10-01
CUS_0x1e4d_2023_04_01,CUS_0x1e4d,2023-04-01,10,7,10000,1000.0,1000.0,0.0,3000.0,2023-11-01
CUS_0x1e4d_2023_04_01,CUS_0x1e4d,2023-04-01,10,8,10000,1000.0,1000.0,0.0,2000.0,2023-12-01
CUS_0x1e4d_2023_04_01,CUS_0x1e4d,2023-04-01,10,9,10000,1000.0,1000.0,0.0,1000.0,2024-01-01
CUS_0x1e4d_2023_04_01,CUS_0x1e4d,2023-04-01,10,10,10000,1000.0,1000.0,0.0,0.0,2024-02-01
CUS_0x1e72_2024_01_01,CUS_0x1e72,2024-01-01,10,0,10000,0.0,0.0,0.0,10000.0,2024-01-01
CUS_0x1e72_2024_01_01,CUS_0x1e72,2024-01-01,10,1,10000,1000.0,1000.0,0.0,9000.0,2024-02-01
CUS_0x1e72_2024_01_01,CUS_0x1e72,2024-01-01,10,2,10000,1000.0,1000.0,0.0,8000.0,2024-03-01
CUS_0x1e72_2024_01_01,CUS_0x1e72,2024-01-01,10,3,10000,1000.0,1000.0,0.0,7000.0,2024-04-01
CUS_0x1e72_2024_01_01,CUS_0x1e72,2024-01-01,10,4,10000,1000.0,1000.0,0.0,6000.0,2024-05-01
CUS_0x1e72_2024_01_01,CUS_0x1e72,2024-01-01,10,5,10000,1000.0,1000.0,0.0,5000.0,2024-06-01
CUS_0x1e72_2024_01_01,CUS_0x1e72,2024-01-01,10,6,10000,1000.0,1000.0,0.0,4000.0,2024-07-01
CUS_0x1e72_2024_01_01,CUS_0x1e72,2024-01-01,10,7,10000,1000.0,1000.0,0.0,3000.0,2024-08-01
CUS_0x1e72_2024_01_01,CUS_0x1e72,2024-01-01,10,8,10000,1000.0,1000.0,0.0,2000.0,2024-09-01
CUS_0x1e72_2024_01_01,CUS_0x1e72,2024-01-01,10,9,10000,1000.0,1000.0,0.0,1000.0,2024-10-01
CUS_0x1e72_2024_01_01,CUS_0x1e72,2024-01-01,10,10,10000,1000.0,1000.0,0.0,0.0,2024-11-01
CUS_0x1e87_2023_12_01,CUS_0x1e87,2023-12-01,10,0,10000,0.0,0.0,0.0,10000.0,2023-12-01
CUS_0x1e87_2023_12_01,CUS_0x1e87,2023-12-01,10,1,10000,1000.0,1000.0,0.0,9000.0,2024-01-01
CUS_0x1e87_2023_12_01,CUS_0x1e87,2023-12-01,10,2,10000,1000.0,1000.0,0.0,8000.0,2024-02-01
CUS_0x1e87_2023_12_01,CUS_0x1e87,2023-12-01,10,3,10000,1000.0,1000.0,0.0,7000.0,2024-03-01
CUS_0x1e87_2023_12_01,CUS_0x1e87,2023-12-01,10,4,10000,1000.0,1000.0,0.0,6000.0,2024-04-01
CUS_0x1e87_2023_12_01,CUS_0x1e87,2023-12-01,10,5,10000,1000.0,1000.0,0.0,5000.0,2024-05-01
CUS_0x1e87_2023_12_01,CUS_0x1e87,2023-12-01,10,6,10000,1000.0,1000.0,0.0,4000.0,2024-06-01
CUS_0x1e87_2023_12_01,CUS_0x1e87,2023-12-01,10,7,10000,1000.0,1000.0,0.0,3000.0,2024-07-01
CUS_0x1e87_2023_12_01,CUS_0x1e87,2023-12-01,10,8,10000,1000.0,1000.0,0.0,2000.0,2024-08-01
CUS_0x1e87_2023_12_01,CUS_0x1e87,2023-12-01,10,9,10000,1000.0,1000.0,0.0,1000.0,2024-09-01
CUS_0x1e87_2023_12_01,CUS_0x1e87,2023-12-01,10,10,10000,1000.0,1000.0,0.0,0.0,2024-10-01
CUS_0x1e9c_2023_12_01,CUS_0x1e9c,2023-12-01,10,0,10000,0.0,0.0,0.0,10000.0,2023-12-01
CUS_0x1e9c_2023_12_01,CUS_0x1e9c,2023-12-01,10,1,10000,1000.0,1000.0,0.0,9000.0,2024-01-01
CUS_0x1e9c_2023_12_01,CUS_0x1e9c,2023-12-01,10,2,10000,1000.0,1000.0,0.0,8000.0,2024-02-01
CUS_0x1e9c_2023_12_01,CUS_0x1e9c,2023-12-01,10,3,10000,1000.0,1000.0,0.0,7000.0,2024-03-01
CUS_0x1e9c_2023_12_01,CUS_0x1e9c,2023-12-01,10,4,10000,1000.0,1000.0,0.0,6000.0,2024-04-01
CUS_0x1e9c_2023_12_01,CUS_0x1e9c,2023-12-01,10,5,10000,1000.0,1000.0,0.0,5000.0,2024-05-01
CUS_0x1e9c_2023_12_01,CUS_0x1e9c,2023-12-01,10,6,10000,1000.0,1000.0,0.0,4000.0,2024-06-01
CUS_0x1e9c_2023_12_01,CUS_0x1e9c,2023-12-01,10,7,10000,1000.0,1000.0,0.0,3000.0,2024-07-01
CUS_0x1e9c_2023_12_01,CUS_0x1e9c,2023-12-01,10,8,10000,1000.0,1000.0,0.0,2000.0,2024-08-01
CUS_0x1e9c_2023_12_01,CUS_0x1e9c,2023-12-01,10,9,10000,1000.0,1000.0,0.0,1000.0,2024-09-01
CUS_0x1e9c_2023_12_01,CUS_0x1e9c,2023-12-01,10,10,10000,1000.0,1000.0,0.0,0.0,2024-10-01
CUS_0x1ea8_2024_05_01,CUS_0x1ea8,2024-05-01,10,0,10000,0.0,0.0,0.0,10000.0,2024-05-01
CUS_0x1ea8_2024_05_01,CUS_0x1ea8,2024-05-01,10,1,10000,1000.0,1000.0,0.0,9000.0,2024-06-01
CUS_0x1ea8_2024_05_01,CUS_0x1ea8,2024-05-01,10,2,10000,1000.0,1000.0,0.0,8000.0,2024-07-01
CUS_0x1ea8_2024_05_01,CUS_0x1ea8,2024-05-01,10,3,10000,1000.0,1000.0,0.0,7000.0,2024-08-01
CUS_0x1ea8_2024_05_01,CUS_0x1ea8,2024-05-01,10,4,10000,1000.0,1000.0,0.0,6000.0,2024-09-01
CUS_0x1ea8_2024_05_01,CUS_0x1ea8,2024-05-01,10,5,10000,1000.0,1000.0,0.0,5000.0,2024-10-01
CUS_0x1ea8_2024_05_01,CUS_0x1ea8,2024-05-01,10,6,10000,1000.0,1000.0,0.0,4000.0,2024-11-01
CUS_0x1ea8_2024_05_01,CUS_0x1ea8,2024-05-01,10,7,10000,1000.0,1000.0,0.0,3000.0,2024-12-01
CUS_0x1ea8_2024_05_01,CUS_0x1ea8,2024-05-01,10,8,10000,1000.0,1000.0,0.0,2000.0,2025-01-01
CUS_0x1ea8_2024_05_01,CUS_0x1ea8,2024-05-01,10,9,10000,1000.0,1000.0,0.0,1000.0,2025-02-01
CUS_0x1ea8_2024_05_01,CUS_0x1ea8,2024-05-01,10,10,10000,1000.0,1000.0,0.0,0.0,2025-03-01
CUS_0x1ebe_2024_10_01,CUS_0x1ebe,2024-10-01,10,0,10000,0.0,0.0,0.0,10000.0,2024-10-01
CUS_0x1ebe_2024_10_01,CUS_0x1ebe,2024-10-01,10,1,10000,1000.0,1000.0,0.0,9000.0,2024-11-01
CUS_0x1ebe_2024_10_01,CUS_0x1ebe,2024-10-01,10,2,10000,1000.0,1000.0,0.0,8000.0,2024-12-01
CUS_0x1ebe_2024_10_01,CUS_0x1ebe,2024-10-01,10,3,10000,1000.0,1000.0,0.0,7000.0,2025-01-01
CUS_0x1ebe_2024_10_01,CUS_0x1ebe,2024-10-01,10,4,10000,1000.0,1000.0,0.0,6000.0,2025-02-01
CUS_0x1ebe_2024_10_01,CUS_0x1ebe,2024-10-01,10,5,10000,1000.0,1000.0,0.0,5000.0,2025-03-01
CUS_0x1ebe_2024_10_01,CUS_0x1ebe,2024-10-01,10,6,10000,1000.0,1000.0,0.0,4000.0,2025-04-01
CUS_0x1ebe_2024_10_01,CUS_0x1ebe,2024-10-01,10,7,10000,1000.0,1000.0,0.0,3000.0,2025-05-01
CUS_0x1ebe_2024_10_01,CUS_0x1ebe,2024-10-01,10,8,10000,1000.0,1000.0,0.0,2000.0,2025-06-01
CUS_0x1ebe_2024_10_01,CUS_0x1ebe,2024-10-01,10,9,10000,1000.0,1000.0,0.0,1000.0,2025-07-01
CUS_0x1ebe_2024_10_01,CUS_0x1ebe,2024-10-01,10,10,10000,1000.0,1000.0,0.0,0.0,2025-08-01
CUS_0x1ebf_2024_09_01,CUS_0x1ebf,2024-09-01,10,0,10000,0.0,0.0,0.0,10000.0,2024-09-01
CUS_0x1ebf_2024_09_01,CUS_0x1ebf,2024-09-01,10,1,10000,1000.0,1000.0,0.0,9000.0,2024-10-01
CUS_0x1ebf_2024_09_01,CUS_0x1ebf,2024-09-01,10,2,10000,1000.0,1000.0,0.0,8000.0,2024-11-01
CUS_0x1ebf_2024_09_01,CUS_0x1ebf,2024-09-01,10,3,10000,1000.0,1000.0,0.0,7000.0,2024-12-01
CUS_0x1ebf_2024_09_01,CUS_0x1ebf,2024-09-01,10,4,10000,1000.0,1000.0,0.0,6000.0,2025-01-01
CUS_0x1ebf_2024_09_01,CUS_0x1ebf,2024-09-01,10,5,10000,1000.0,1000.0,0.0,5000.0,2025-02-01
CUS_0x1ebf_2024_09_01,CUS_0x1ebf,2024-09-01,10,6,10000,1000.0,1000.0,0.0,4000.0,2025-03-01
CUS_0x1ebf_2024_09_01,CUS_0x1ebf,2024-09-01,10,7,10000,1000.0,1000.0,0.0,3000.0,2025-04-01
CUS_0x1ebf_2024_09_01,CUS_0x1ebf,2024-09-01,10,8,10000,1000.0,1000.0,0.0,2000.0,2025-05-01
CUS_0x1ebf_2024_09_01,CUS_0x1ebf,2024-09-01,10,9,10000,1000.0,1000.0,0.0,1000.0,2025-06-01
CUS_0x1ebf_2024_09_01,CUS_0x1ebf,2024-09-01,10,10,10000,1000.0,1000.0,0.0,0.0,2025-07-01
CUS_0x1ee3_2023_05_01,CUS_0x1ee3,2023-05-01,10,0,10000,0.0,0.0,0.0,10000.0,2023-05-01
CUS_0x1ee3_2023_05_01,CUS_0x1ee3,2023-05-01,10,1,10000,1000.0,1000.0,0.0,9000.0,2023-06-01
CUS_0x1ee3_2023_05_01,CUS_0x1ee3,2023-05-01,10,2,10000,1000.0,1000.0,0.0,8000.0,2023-07-01
CUS_0x1ee3_2023_05_01,CUS_0x1ee3,2023-05-01,10,3,10000,1000.0,1000.0,0.0,7000.0,2023-08-01
CUS_0x1ee3_2023_05_01,CUS_0x1ee3,2023-05-01,10,4,10000,1000.0,0.0,1000.0,7000.0,2023-09-01
CUS_0x1ee3_2023_05_01,CUS_0x1ee3,2023-05-01,10,5,10000,1000.0,0.0,2000.0,7000.0,2023-10-01
CUS_0x1ee3_2023_05_01,CUS_0x1ee3,2023-05-01,10,6,10000,1000.0,0.0,3000.0,7000.0,2023-11-01
CUS_0x1ee3_2023_05_01,CUS_0x1ee3,2023-05-01,10,7,10000,1000.0,0.0,4000.0,7000.0,2023-12-01
CUS_0x1ee3_2023_05_01,CUS_0x1ee3,2023-05-01,10,8,10000,1000.0,0.0,5000.0,7000.0,2024-01-01
CUS_0x1ee3_2023_05_01,CUS_0x1ee3,2023-05-01,10,9,10000,1000.0,0.0,6000.0,7000.0,2024-02-01
CUS_0x1ee3_2023_05_01,CUS_0x1ee3,2023-05-01,10,10,10000,1000.0,0.0,7000.0,7000.0,2024-03-01
CUS_0x1f70_2024_05_01,CUS_0x1f70,2024-05-01,10,0,10000,0.0,0.0,0.0,10000.0,2024-05-01
CUS_0x1f70_2024_05_01,CUS_0x1f70,2024-05-01,10,1,10000,1000.0,1000.0,0.0,9000.0,2024-06-01
CUS_0x1f70_2024_05_01,CUS_0x1f70,2024-05-01,10,2,10000,1000.0,1000.0,0.0,8000.0,2024-07-01
CUS_0x1f70_2024_05_01,CUS_0x1f70,2024-05-01,10,3,10000,1000.0,1000.0,0.0,7000.0,2024-08-01
CUS_0x1f70_2024_05_01,CUS_0x1f70,2024-05-01,10,4,10000,1000.0,1000.0,0.0,6000.0,2024-09-01
CUS_0x1f70_2024_05_01,CUS_0x1f70,2024-05-01,10,5,10000,1000.0,1000.0,0.0,5000.0,2024-10-01
CUS_0x1f70_2024_05_01,CUS_0x1f70,2024-05-01,10,6,10000,1000.0,1000.0,0.0,4000.0,2024-11-01
CUS_0x1f70_2024_05_01,CUS_0x1f70,2024-05-01,10,7,10000,1000.0,1000.0,0.0,3000.0,2024-12-01
CUS_0x1f70_2024_05_01,CUS_0x1f70,2024-05-01,10,8,10000,1000.0,1000.0,0.0,2000.0,2025-01-01
CUS_0x1f70_2024_05_01,CUS_0x1f70,2024-05-01,10,9,10000,1000.0,1000.0,0.0,1000.0,2025-02-01
CUS_0x1f70_2024_05_01,CUS_0x1f70,2024-05-01,10,10,10000,1000.0,1000.0,0.0,0.0,2025-03-01
CUS_0x1ff7_2023_01_01,CUS_0x1ff7,2023-01-01,10,0,10000,0.0,0.0,0.0,10000.0,2023-01-01
CUS_0x1ff7_2023_01_01,CUS_0x1ff7,2023-01-01,10,1,10000,1000.0,1000.0,0.0,9000.0,2023-02-01
CUS_0x1ff7_2023_01_01,CUS_0x1ff7,2023-01-01,10,2,10000,1000.0,1000.0,0.0,8000.0,2023-03-01
CUS_0x1ff7_2023_01_01,CUS_0x1ff7,2023-01-01,10,3,10000,1000.0,1000.0,0.0,7000.0,2023-04-01
CUS_0x1ff7_2023_01_01,CUS_0x1ff7,2023-01-01,10,4,10000,1000.0,1000.0,0.0,6000.0,2023-05-01
CUS_0x1ff7_2023_01_01,CUS_0x1ff7,2023-01-01,10,5,10000,1000.0,1000.0,0.0,5000.0,2023-06-01
CUS_0x1ff7_2023_01_01,CUS_0x1ff7,2023-01-01,10,6,10000,1000.0,1000.0,0.0,4000.0,2023-07-01
CUS_0x1ff7_2023_01_01,CUS_0x1ff7,2023-01-01,10,7,10000,1000.0,1000.0,0.0,3000.0,2023-08-01
CUS_0x1ff7_2023_01_01,CUS_0x1ff7,2023-01-01,10,8,10000,1000.0,1000.0,0.0,2000.0,2023-09-01
CUS_0x1ff7_2023_01_01,CUS_0x1ff7,2023-01-01,10,9,10000,1000.0,1000.0,0.0,1000.0,2023-10-01
CUS_0x1ff7_2023_01_01,CUS_0x1ff7,2023-01-01,10,10,10000,1000.0,1000.0,0.0,0.0,2023-11-01
CUS_0x203c_2023_05_01,CUS_0x203c,2023-05-01,10,0,10000,0.0,0.0,0.0,10000.0,2023-05-01
CUS_0x203c_2023_05_01,CUS_0x203c,2023-05-01,10,1,10000,1000.0,1000.0,0.0,9000.0,2023-06-01
CUS_0x203c_2023_05_01,CUS_0x203c,2023-05-01,10,2,10000,1000.0,1000.0,0.0,8000.0,2023-07-01
CUS_0x203c_2023_05_01,CUS_0x203c,2023-05-01,10,3,10000,1000.0,1000.0,0.0,7000.0,2023-08-01
CUS_0x203c_2023_05_01,CUS_0x203c,2023-05-01,10,4,10000,1000.0,1000.0,0.0,6000.0,2023-09-01
CUS_0x203c_2023_05_01,CUS_0x203c,2023-05-01,10,5,10000,1000.0,1000.0,0.0,5000.0,2023-10-01
CUS_0x203c_2023_05_01,CUS_0x203c,2023-05-01,10,6,10000,1000.0,1000.0,0.0,4000.0,2023-11-01
CUS_0x203c_2023_05_01,CUS_0x203c,2023-05-01,10,7,10000,1000.0,1000.0,0.0,3000.0,2023-12-01
CUS_0x203c_2023_05_01,CUS_0x203c,2023-05-01,10,8,10000,1000.0,1000.0,0.0,2000.0,2024-01-01
CUS_0x203c_2023_05_01,CUS_0x203c,2023-05-01,10,9,10000,1000.0,1000.0,0.0,1000.0,2024-02-01
CUS_0x203c_2023_05_01,CUS_0x203c,2023-05-01,10,10,10000,1000.0,1000.0,0.0,0.0,2024-03-01
CUS_0x2058_2024_11_01,CUS_0x2058,2024-11-01,10,0,10000,0.0,0.0,0.0,10000.0,2024-11-01
CUS_0x2058_2024_11_01,CUS_0x2058,2024-11-01,10,1,10000,1000.0,1000.0,0.0,9000.0,2024-12-01
CUS_0x2058_2024_11_01,CUS_0x2058,2024-11-01,10,2,10000,1000.0,1000.0,0.0,8000.0,2025-01-01
CUS_0x2058_2024_11_01,CUS_0x2058,2024-11-01,10,3,10000,1000.0,0.0,1000.0,8000.0,2025-02-01
CUS_0x2058_2024_11_01,CUS_0x2058,2024-11-01,10,4,10000,1000.0,0.0,2000.0,8000.0,2025-03-01
CUS_0x2058_2024_11_01,CUS_0x2058,2024-11-01,10,5,10000,1000.0,0.0,3000.0,8000.0,2025-04-01
CUS_0x2058_2024_11_01,CUS_0x2058,2024-11-01,10,6,10000,1000.0,0.0,4000.0,8000.0,2025-05-01
CUS_0x2058_2024_11_01,CUS_0x2058,2024-11-01,10,7,10000,1000.0,0.0,5000.0,8000.0,2025-06-01
CUS_0x2058_2024_11_01,CUS_0x2058,2024-11-01,10,8,10000,1000.0,0.0,6000.0,8000.0,2025-07-01
CUS_0x2058_2024_11_01,CUS_0x2058,2024-11-01,10,9,10000,1000.0,0.0,7000.0,8000.0,2025-08-01
CUS_0x2058_2024_11_01,CUS_0x2058,2024-11-01,10,10,10000,1000.0,0.0,8000.0,8000.0,2025-09-01
CUS_0x209a_2024_12_01,CUS_0x209a,2024-12-01,10,0,10000,0.0,0.0,0.0,10000.0,2024-12-01
CUS_0x209a_2024_12_01,CUS_0x209a,2024-12-01,10,1,10000,1000.0,1000.0,0.0,9000.0,2025-01-01
CUS_0x209a_2024_12_01,CUS_0x209a,2024-12-01,10,2,10000,1000.0,1000.0,0.0,8000.0,2025-02-01
CUS_0x209a_2024_12_01,CUS_0x209a,2024-12-01,10,3,10000,1000.0,1000.0,0.0,7000.0,2025-03-01
CUS_0x209a_2024_12_01,CUS_0x209a,2024-12-01,10,4,10000,1000.0,1000.0,0.0,6000.0,2025-04-01
CUS_0x209a_2024_12_01,CUS_0x209a,2024-12-01,10,5,10000,1000.0,1000.0,0.0,5000.0,2025-05-01
CUS_0x209a_2024_12_01,CUS_0x209a,2024-12-01,10,6,10000,1000.0,1000.0,0.0,4000.0,2025-06-01
CUS_0x209a_2024_12_01,CUS_0x209a,2024-12-01,10,7,10000,1000.0,1000.0,0.0,3000.0,2025-07-01
CUS_0x209a_2024_12_01,CUS_0x209a,2024-12-01,10,8,10000,1000.0,1000.0,0.0,2000.0,2025-08-01
CUS_0x209a_2024_12_01,CUS_0x209a,2024-12-01,10,9,10000,1000.0,1000.0,0.0,1000.0,2025-09-01
CUS_0x209a_2024_12_01,CUS_0x209a,2024-12-01,10,10,10000,1000.0,1000.0,0.0,0.0,2025-10-01
CUS_0x20de_2024_12_01,CUS_0x20de,2024-12-01,10,0,10000,0.0,0.0,0.0,10000.0,2024-12-01
CUS_0x20de_2024_12_01,CUS_0x20de,2024-12-01,10,1,10000,1000.0,0.0,1000.0,10000.0,2025-01-01
CUS_0x20de_2024_12_01,CUS_0x20de,2024-12-01,10,2,10000,1000.0,0.0,2000.0,10000.0,2025-02-01
CUS_0x20de_2024_12_01,CUS_0x20de,2024-12-01,10,3,10000,1000.0,0.0,3000.0,10000.0,2025-03-01
CUS_0x20de_2024_12_01,CUS_0x20de,2024-12-01,10,4,10000,1000.0,4000.0,0.0,6000.0,2025-04-01
CUS_0x20de_2024_12_01,CUS_0x20de,2024-12-01,10,5,10000,1000.0,0.0,1000.0,6000.0,2025-05-01
CUS_0x20de_2024_12_01,CUS_0x20de,2024-12-01,10,6,10000,1000.0,0.0,2000.0,6000.0,2025-06-01
CUS_0x20de_2024_12_01,CUS_0x20de,2024-12-01,10,7,10000,1000.0,0.0,3000.0,6000.0,2025-07-01
CUS_0x20de_2024_12_01,CUS_0x20de,2024-12-01,10,8,10000,1000.0,0.0,4000.0,6000.0,2025-08-01
CUS_0x20de_2024_12_01,CUS_0x20de,2024-12-01,10,9,10000,1000.0,0.0,5000.0,6000.0,2025-09-01
CUS_0x20de_2024_12_01,CUS_0x20de,2024-12-01,10,10,10000,1000.0,0.0,6000.0,6000.0,2025-10-01
CUS_0x20e0_2024_11_01,CUS_0x20e0,2024-11-01,10,0,10000,0.0,0.0,0.0,10000.0,2024-11-01
CUS_0x20e0_2024_11_01,CUS_0x20e0,2024-11-01,10,1,10000,1000.0,1000.0,0.0,9000.0,2024-12-01
CUS_0x20e0_2024_11_01,CUS_0x20e0,2024-11-01,10,2,10000,1000.0,1000.0,0.0,8000.0,2025-01-01
CUS_0x20e0_2024_11_01,CUS_0x20e0,2024-11-01,10,3,10000,1000.0,1000.0,0.0,7000.0,2025-02-01
CUS_0x20e0_2024_11_01,CUS_0x20e0,2024-11-01,10,4,10000,1000.0,1000.0,0.0,6000.0,2025-03-01
CUS_0x20e0_2024_11_01,CUS_0x20e0,2024-11-01,10,5,10000,1000.0,1000.0,0.0,5000.0,2025-04-01
CUS_0x20e0_2024_11_01,CUS_0x20e0,2024-11-01,10,6,10000,1000.0,1000.0,0.0,4000.0,2025-05-01
CUS_0x20e0_2024_11_01,CUS_0x20e0,2024-11-01,10,7,10000,1000.0,1000.0,0.0,3000.0,2025-06-01
CUS_0x20e0_2024_11_01,CUS_0x20e0,2024-11-01,10,8,10000,1000.0,1000.0,0.0,2000.0,2025-07-01
CUS_0x20e0_2024_11_01,CUS_0x20e0,2024-11-01,10,9,10000,1000.0,1000.0,0.0,1000.0,2025-08-01
CUS_0x20e0_2024_11_01,CUS_0x20e0,2024-11-01,10,10,10000,1000.0,1000.0,0.0,0.0,2025-09-01
CUS_0x210d_2023_09_01,CUS_0x210d,2023-09-01,10,0,10000,0.0,0.0,0.0,10000.0,2023-09-01
CUS_0x210d_2023_09_01,CUS_0x210d,2023-09-01,10,1,10000,1000.0,1000.0,0.0,9000.0,2023-10-01
CUS_0x210d_2023_09_01,CUS_0x210d,2023-09-01,10,2,10000,1000.0,1000.0,0.0,8000.0,2023-11-01
CUS_0x210d_2023_09_01,CUS_0x210d,2023-09-01,10,3,10000,1000.0,1000.0,0.0,7000.0,2023-12-01
CUS_0x210d_2023_09_01,CUS_0x210d,2023-09-01,10,4,10000,1000.0,1000.0,0.0,6000.0,2024-01-01
CUS_0x210d_2023_09_01,CUS_0x210d,2023-09-01,10,5,10000,1000.0,1000.0,0.0,5000.0,2024-02-01
CUS_0x210d_2023_09_01,CUS_0x210d,2023-09-01,10,6,10000,1000.0,1000.0,0.0,4000.0,2024-03-01
CUS_0x210d_2023_09_01,CUS_0x210d,2023-09-01,10,7,10000,1000.0,1000.0,0.0,3000.0,2024-04-01
CUS_0x210d_2023_09_01,CUS_0x210d,2023-09-01,10,8,10000,1000.0,1000.0,0.0,2000.0,2024-05-01
CUS_0x210d_2023_09_01,CUS_0x210d,2023-09-01,10,9,10000,1000.0,1000.0,0.0,1000.0,2024-06-01
CUS_0x210d_2023_09_01,CUS_0x210d,2023-09-01,10,10,10000,1000.0,1000.0,0.0,0.0,2024-07-01
CUS_0x2176_2024_03_01,CUS_0x2176,2024-03-01,10,0,10000,0.0,0.0,0.0,10000.0,2024-03-01
CUS_0x2176_2024_03_01,CUS_0x2176,2024-03-01,10,1,10000,1000.0,1000.0,0.0,9000.0,2024-04-01
CUS_0x2176_2024_03_01,CUS_0x2176,2024-03-01,10,2,10000,1000.0,1000.0,0.0,8000.0,2024-05-01
CUS_0x2176_2024_03_01,CUS_0x2176,2024-03-01,10,3,10000,1000.0,1000.0,0.0,7000.0,2024-06-01
CUS_0x2176_2024_03_01,CUS_0x2176,2024-03-01,10,4,10000,1000.0,1000.0,0.0,6000.0,2024-07-01
CUS_0x2176_2024_03_01,CUS_0x2176,2024-03-01,10,5,10000,1000.0,1000.0,0.0,5000.0,2024-08-01
CUS_0x2176_2024_03_01,CUS_0x2176,2024-03-01,10,6,10000,1000.0,1000.0,0.0,4000.0,2024-09-01
CUS_0x2176_2024_03_01,CUS_0x2176,2024-03-01,10,7,10000,1000.0,1000.0,0.0,3000.0,2024-10-01
CUS_0x2176_2024_03_01,CUS_0x2176,2024-03-01,10,8,10000,1000.0,1000.0,0.0,2000.0,2024-11-01
CUS_0x2176_2024_03_01,CUS_0x2176,2024-03-01,10,9,10000,1000.0,1000.0,0.0,1000.0,2024-12-01
CUS_0x2176_2024_03_01,CUS_0x2176,2024-03-01,10,10,10000,1000.0,1000.0,0.0,0.0,2025-01-01
CUS_0x21ac_2025_01_01,CUS_0x21ac,2025-01-01,10,0,10000,0.0,0.0,0.0,10000.0,2025-01-01
CUS_0x21ac_2025_01_01,CUS_0x21ac,2025-01-01,10,1,10000,1000.0,1000.0,0.0,9000.0,2025-02-01
CUS_0x21ac_2025_01_01,CUS_0x21ac,2025-01-01,10,2,10000,1000.0,1000.0,0.0,8000.0,2025-03-01
CUS_0x21ac_2025_01_01,CUS_0x21ac,2025-01-01,10,3,10000,1000.0,0.0,1000.0,8000.0,2025-04-01
CUS_0x21ac_2025_01_01,CUS_0x21ac,2025-01-01,10,4,10000,1000.0,0.0,2000.0,8000.0,2025-05-01
CUS_0x21ac_2025_01_01,CUS_0x21ac,2025-01-01,10,5,10000,1000.0,0.0,3000.0,8000.0,2025-06-01
CUS_0x21ac_2025_01_01,CUS_0x21ac,2025-01-01,10,6,10000,1000.0,0.0,4000.0,8000.0,2025-07-01
CUS_0x21ac_2025_01_01,CUS_0x21ac,2025-01-01,10,7,10000,1000.0,0.0,5000.0,8000.0,2025-08-01
CUS_0x21ac_2025_01_01,CUS_0x21ac,2025-01-01,10,8,10000,1000.0,0.0,6000.0,8000.0,2025-09-01
CUS_0x21ac_2025_01_01,CUS_0x21ac,2025-01-01,10,9,10000,1000.0,0.0,7000.0,8000.0,2025-10-01
CUS_0x21ac_2025_01_01,CUS_0x21ac,2025-01-01,10,10,10000,1000.0,0.0,8000.0,8000.0,2025-11-01
CUS_0x2240_2023_05_01,CUS_0x2240,2023-05-01,10,0,10000,0.0,0.0,0.0,10000.0,2023-05-01
CUS_0x2240_2023_05_01,CUS_0x2240,2023-05-01,10,1,10000,1000.0,1000.0,0.0,9000.0,2023-06-01
CUS_0x2240_2023_05_01,CUS_0x2240,2023-05-01,10,2,10000,1000.0,1000.0,0.0,8000.0,2023-07-01
CUS_0x2240_2023_05_01,CUS_0x2240,2023-05-01,10,3,10000,1000.0,1000.0,0.0,7000.0,2023-08-01
CUS_0x2240_2023_05_01,CUS_0x2240,2023-05-01,10,4,10000,1000.0,1000.0,0.0,6000.0,2023-09-01
CUS_0x2240_2023_05_01,CUS_0x2240,2023-05-01,10,5,10000,1000.0,1000.0,0.0,5000.0,2023-10-01
CUS_0x2240_2023_05_01,CUS_0x2240,2023-05-01,10,6,10000,1000.0,1000.0,0.0,4000.0,2023-11-01
CUS_0x2240_2023_05_01,CUS_0x2240,2023-05-01,10,7,10000,1000.0,1000.0,0.0,3000.0,2023-12-01
CUS_0x2240_2023_05_01,CUS_0x2240,2023-05-01,10,8,10000,1000.0,1000.0,0.0,2000.0,2024-01-01
CUS_0x2240_2023_05_01,CUS_0x2240,2023-05-01,10,9,10000,1000.0,1000.0,0.0,1000.0,2024-02-01
CUS_0x2240_2023_05_01,CUS_0x2240,2023-05-01,10,10,10000,1000.0,1000.0,0.0,0.0,2024-03-01
CUS_0x2242_2023_05_01,CUS_0x2242,2023-05-01,10,0,10000,0.0,0.0,0.0,10000.0,2023-05-01
CUS_0x2242_2023_05_01,CUS_0x2242,2023-05-01,10,1,10000,1000.0,1000.0,0.0,9000.0,2023-06-01
CUS_0x2242_2023_05_01,CUS_0x2242,2023-05-01,10,2,10000,1000.0,1000.0,0.0,8000.0,2023-07-01
CUS_0x2242_2023_05_01,CUS_0x2242,2023-05-01,10,3,10000,1000.0,0.0,1000.0,8000.0,2023-08-01
CUS_0x2242_2023_05_01,CUS_0x2242,2023-05-01,10,4,10000,1000.0,0.0,2000.0,8000.0,2023-09-01
CUS_0x2242_2023_05_01,CUS_0x2242,2023-05-01,10,5,10000,1000.0,0.0,3000.0,8000.0,2023-10-01
CUS_0x2242_2023_05_01,CUS_0x2242,2023-05-01,10,6,10000,1000.0,0.0,4000.0,8000.0,2023-11-01
CUS_0x2242_2023_05_01,CUS_0x2242,2023-05-01,10,7,10000,1000.0,0.0,5000.0,8000.0,2023-12-01
CUS_0x2242_2023_05_01,CUS_0x2242,2023-05-01,10,8,10000,1000.0,0.0,6000.0,8000.0,2024-01-01
CUS_0x2242_2023_05_01,CUS_0x2242,2023-05-01,10,9,10000,1000.0,0.0,7000.0,8000.0,2024-02-01
CUS_0x2242_2023_05_01,CUS_0x2242,2023-05-01,10,10,10000,1000.0,0.0,8000.0,8000.0,2024-03-01
CUS_0x2267_2024_03_01,CUS_0x2267,2024-03-01,10,0,10000,0.0,0.0,0.0,10000.0,2024-03-01
CUS_0x2267_2024_03_01,CUS_0x2267,2024-03-01,10,1,10000,1000.0,1000.0,0.0,9000.0,2024-04-01
CUS_0x2267_2024_03_01,CUS_0x2267,2024-03-01,10,2,10000,1000.0,0.0,1000.0,9000.0,2024-05-01
CUS_0x2267_2024_03_01,CUS_0x2267,2024-03-01,10,3,10000,1000.0,0.0,2000.0,9000.0,2024-06-01
CUS_0x2267_2024_03_01,CUS_0x2267,2024-03-01,10,4,10000,1000.0,0.0,3000.0,9000.0,2024-07-01
CUS_0x2267_2024_03_01,CUS_0x2267,2024-03-01,10,5,10000,1000.0,0.0,4000.0,9000.0,2024-08-01
CUS_0x2267_2024_03_01,CUS_0x2267,2024-03-01,10,6,10000,1000.0,0.0,5000.0,9000.0,2024-09-01
CUS_0x2267_2024_03_01,CUS_0x2267,2024-03-01,10,7,10000,1000.0,0.0,6000.0,9000.0,2024-10-01
CUS_0x2267_2024_03_01,CUS_0x2267,2024-03-01,10,8,10000,1000.0,0.0,7000.0,9000.0,2024-11-01
CUS_0x2267_2024_03_01,CUS_0x2267,2024-03-01,10,9,10000,1000.0,0.0,8000.0,9000.0,2024-12-01
CUS_0x2267_2024_03_01,CUS_0x2267,2024-03-01,10,10,10000,1000.0,0.0,9000.0,9000.0,2025-01-01
CUS_0x2274_2023_01_01,CUS_0x2274,2023-01-01,10,0,10000,0.0,0.0,0.0,10000.0,2023-01-01
CUS_0x2274_2023_01_01,CUS_0x2274,2023-01-01,10,1,10000,1000.0,1000.0,0.0,9000.0,2023-02-01
CUS_0x2274_2023_01_01,CUS_0x2274,2023-01-01,10,2,10000,1000.0,1000.0,0.0,8000.0,2023-03-01
CUS_0x2274_2023_01_01,CUS_0x2274,2023-01-01,10,3,10000,1000.0,1000.0,0.0,7000.0,2023-04-01
CUS_0x2274_2023_01_01,CUS_0x2274,2023-01-01,10,4,10000,1000.0,1000.0,0.0,6000.0,2023-05-01
CUS_0x2274_2023_01_01,CUS_0x2274,2023-01-01,10,5,10000,1000.0,1000.0,0.0,5000.0,2023-06-01
CUS_0x2274_2023_01_01,CUS_0x2274,2023-01-01,10,6,10000,1000.0,1000.0,0.0,4000.0,2023-07-01
CUS_0x2274_2023_01_01,CUS_0x2274,2023-01-01,10,7,10000,1000.0,1000.0,0.0,3000.0,2023-08-01
CUS_0x2274_2023_01_01,CUS_0x2274,2023-01-01,10,8,10000,1000.0,1000.0,0.0,2000.0,2023-09-01
CUS_0x2274_2023_01_01,CUS_0x2274,2023-01-01,10,9,10000,1000.0,1000.0,0.0,1000.0,2023-10-01
CUS_0x2274_2023_01_01,CUS_0x2274,2023-01-01,10,10,10000,1000.0,1000.0,0.0,0.0,2023-11-01
CUS_0x2372_2024_12_01,CUS_0x2372,2024-12-01,10,0,10000,0.0,0.0,0.0,10000.0,2024-12-01
CUS_0x2372_2024_12_01,CUS_0x2372,2024-12-01,10,1,10000,1000.0,1000.0,0.0,9000.0,2025-01-01
CUS_0x2372_2024_12_01,CUS_0x2372,2024-12-01,10,2,10000,1000.0,1000.0,0.0,8000.0,2025-02-01
CUS_0x2372_2024_12_01,CUS_0x2372,2024-12-01,10,3,10000,1000.0,1000.0,0.0,7000.0,2025-03-01
CUS_0x2372_2024_12_01,CUS_0x2372,2024-12-01,10,4,10000,1000.0,1000.0,0.0,6000.0,2025-04-01
CUS_0x2372_2024_12_01,CUS_0x2372,2024-12-01,10,5,10000,1000.0,1000.0,0.0,5000.0,2025-05-01
CUS_0x2372_2024_12_01,CUS_0x2372,2024-12-01,10,6,10000,1000.0,1000.0,0.0,4000.0,2025-06-01
CUS_0x2372_2024_12_01,CUS_0x2372,2024-12-01,10,7,10000,1000.0,1000.0,0.0,3000.0,2025-07-01
CUS_0x2372_2024_12_01,CUS_0x2372,2024-12-01,10,8,10000,1000.0,1000.0,0.0,2000.0,2025-08-01
CUS_0x2372_2024_12_01,CUS_0x2372,2024-12-01,10,9,10000,1000.0,1000.0,0.0,1000.0,2025-09-01
CUS_0x2372_2024_12_01,CUS_0x2372,2024-12-01,10,10,10000,1000.0,1000.0,0.0,0.0,2025-10-01
CUS_0x239e_2024_01_01,CUS_0x239e,2024-01-01,10,0,10000,0.0,0.0,0.0,10000.0,2024-01-01
CUS_0x239e_2024_01_01,CUS_0x239e,2024-01-01,10,1,10000,1000.0,1000.0,0.0,9000.0,2024-02-01
CUS_0x239e_2024_01_01,CUS_0x239e,2024-01-01,10,2,10000,1000.0,1000.0,0.0,8000.0,2024-03-01
CUS_0x239e_2024_01_01,CUS_0x239e,2024-01-01,10,3,10000,1000.0,1000.0,0.0,7000.0,2024-04-01
CUS_0x239e_2024_01_01,CUS_0x239e,2024-01-01,10,4,10000,1000.0,1000.0,0.0,6000.0,2024-05-01
CUS_0x239e_2024_01_01,CUS_0x239e,2024-01-01,10,5,10000,1000.0,1000.0,0.0,5000.0,2024-06-01
CUS_0x239e_2024_01_01,CUS_0x239e,2024-01-01,10,6,10000,1000.0,1000.0,0.0,4000.0,2024-07-01
CUS_0x239e_2024_01_01,CUS_0x239e,2024-01-01,10,7,10000,1000.0,1000.0,0.0,3000.0,2024-08-01
CUS_0x239e_2024_01_01,CUS_0x239e,2024-01-01,10,8,10000,1000.0,1000.0,0.0,2000.0,2024-09-01
CUS_0x239e_2024_01_01,CUS_0x239e,2024-01-01,10,9,10000,1000.0,1000.0,0.0,1000.0,2024-10-01
CUS_0x239e_2024_01_01,CUS_0x239e,2024-01-01,10,10,10000,1000.0,1000.0,0.0,0.0,2024-11-01
CUS_0x23a5_2024_10_01,CUS_0x23a5,2024-10-01,10,0,10000,0.0,0.0,0.0,10000.0,2024-10-01
CUS_0x23a5_2024_10_01,CUS_0x23a5,2024-10-01,10,1,10000,1000.0,1000.0,0.0,9000.0,2024-11-01
CUS_0x23a5_2024_10_01,CUS_0x23a5,2024-10-01,10,2,10000,1000.0,1000.0,0.0,8000.0,2024-12-01
CUS_0x23a5_2024_10_01,CUS_0x23a5,2024-10-01,10,3,10000,1000.0,1000.0,0.0,7000.0,2025-01-01
CUS_0x23a5_2024_10_01,CUS_0x23a5,2024-10-01,10,4,10000,1000.0,1000.0,0.0,6000.0,2025-02-01
CUS_0x23a5_2024_10_01,CUS_0x23a5,2024-10-01,10,5,10000,1000.0,1000.0,0.0,5000.0,2025-03-01
CUS_0x23a5_2024_10_01,CUS_0x23a5,2024-10-01,10,6,10000,1000.0,1000.0,0.0,4000.0,2025-04-01
CUS_0x23a5_2024_10_01,CUS_0x23a5,2024-10-01,10,7,10000,1000.0,1000.0,0.0,3000.0,2025-05-01
CUS_0x23a5_2024_10_01,CUS_0x23a5,2024-10-01,10,8,10000,1000.0,1000.0,0.0,2000.0,2025-06-01
CUS_0x23a5_2024_10_01,CUS_0x23a5,2024-10-01,10,9,10000,1000.0,1000.0,0.0,1000.0,2025-07-01
CUS_0x23a5_2024_10_01,CUS_0x23a5,2024-10-01,10,10,10000,1000.0,1000.0,0.0,0.0,2025-08-01
CUS_0x240e_2024_05_01,CUS_0x240e,2024-05-01,10,0,10000,0.0,0.0,0.0,10000.0,2024-05-01
CUS_0x240e_2024_05_01,CUS_0x240e,2024-05-01,10,1,10000,1000.0,1000.0,0.0,9000.0,2024-06-01
CUS_0x240e_2024_05_01,CUS_0x240e,2024-05-01,10,2,10000,1000.0,1000.0,0.0,8000.0,2024-07-01
CUS_0x240e_2024_05_01,CUS_0x240e,2024-05-01,10,3,10000,1000.0,1000.0,0.0,7000.0,2024-08-01
CUS_0x240e_2024_05_01,CUS_0x240e,2024-05-01,10,4,10000,1000.0,1000.0,0.0,6000.0,2024-09-01
CUS_0x240e_2024_05_01,CUS_0x240e,2024-05-01,10,5,10000,1000.0,1000.0,0.0,5000.0,2024-10-01
CUS_0x240e_2024_05_01,CUS_0x240e,2024-05-01,10,6,10000,1000.0,1000.0,0.0,4000.0,2024-11-01
CUS_0x240e_2024_05_01,CUS_0x240e,2024-05-01,10,7,10000,1000.0,1000.0,0.0,3000.0,2024-12-01
CUS_0x240e_2024_05_01,CUS_0x240e,2024-05-01,10,8,10000,1000.0,1000.0,0.0,2000.0,2025-01-01
CUS_0x240e_2024_05_01,CUS_0x240e,2024-05-01,10,9,10000,1000.0,1000.0,0.0,1000.0,2025-02-01
CUS_0x240e_2024_05_01,CUS_0x240e,2024-05-01,10,10,10000,1000.0,1000.0,0.0,0.0,2025-03-01
CUS_0x247e_2024_08_01,CUS_0x247e,2024-08-01,10,0,10000,0.0,0.0,0.0,10000.0,2024-08-01
CUS_0x247e_2024_08_01,CUS_0x247e,2024-08-01,10,1,10000,1000.0,1000.0,0.0,9000.0,2024-09-01
CUS_0x247e_2024_08_01,CUS_0x247e,2024-08-01,10,2,10000,1000.0,1000.0,0.0,8000.0,2024-10-01
CUS_0x247e_2024_08_01,CUS_0x247e,2024-08-01,10,3,10000,1000.0,1000.0,0.0,7000.0,2024-11-01
CUS_0x247e_2024_08_01,CUS_0x247e,2024-08-01,10,4,10000,1000.0,1000.0,0.0,6000.0,2024-12-01
CUS_0x247e_2024_08_01,CUS_0x247e,2024-08-01,10,5,10000,1000.0,1000.0,0.0,5000.0,2025-01-01
CUS_0x247e_2024_08_01,CUS_0x247e,2024-08-01,10,6,10000,1000.0,1000.0,0.0,4000.0,2025-02-01
CUS_0x247e_2024_08_01,CUS_0x247e,2024-08-01,10,7,10000,1000.0,1000.0,0.0,3000.0,2025-03-01
CUS_0x247e_2024_08_01,CUS_0x247e,2024-08-01,10,8,10000,1000.0,1000.0,0.0,2000.0,2025-04-01
CUS_0x247e_2024_08_01,CUS_0x247e,2024-08-01,10,9,10000,1000.0,1000.0,0.0,1000.0,2025-05-01
CUS_0x247e_2024_08_01,CUS_0x247e,2024-08-01,10,10,10000,1000.0,1000.0,0.0,0.0,2025-06-01
CUS_0x248f_2023_08_01,CUS_0x248f,2023-08-01,10,0,10000,0.0,0.0,0.0,10000.0,2023-08-01
CUS_0x248f_2023_08_01,CUS_0x248f,2023-08-01,10,1,10000,1000.0,1000.0,0.0,9000.0,2023-09-01
CUS_0x248f_2023_08_01,CUS_0x248f,2023-08-01,10,2,10000,1000.0,1000.0,0.0,8000.0,2023-10-01
CUS_0x248f_2023_08_01,CUS_0x248f,2023-08-01,10,3,10000,1000.0,1000.0,0.0,7000.0,2023-11-01
CUS_0x248f_2023_08_01,CUS_0x248f,2023-08-01,10,4,10000,1000.0,1000.0,0.0,6000.0,2023-12-01
CUS_0x248f_2023_08_01,CUS_0x248f,2023-08-01,10,5,10000,1000.0,1000.0,0.0,5000.0,2024-01-01
CUS_0x248f_2023_08_01,CUS_0x248f,2023-08-01,10,6,10000,1000.0,1000.0,0.0,4000.0,2024-02-01
CUS_0x248f_2023_08_01,CUS_0x248f,2023-08-01,10,7,10000,1000.0,1000.0,0.0,3000.0,2024-03-01
CUS_0x248f_2023_08_01,CUS_0x248f,2023-08-01,10,8,10000,1000.0,1000.0,0.0,2000.0,2024-04-01
CUS_0x248f_2023_08_01,CUS_0x248f,2023-08-01,10,9,10000,1000.0,1000.0,0.0,1000.0,2024-05-01
CUS_0x248f_2023_08_01,CUS_0x248f,2023-08-01,10,10,10000,1000.0,1000.0,0.0,0.0,2024-06-01
CUS_0x2567_2023_05_01,CUS_0x2567,2023-05-01,10,0,10000,0.0,0.0,0.0,10000.0,2023-05-01
CUS_0x2567_2023_05_01,CUS_0x2567,2023-05-01,10,1,10000,1000.0,1000.0,0.0,9000.0,2023-06-01
CUS_0x2567_2023_05_01,CUS_0x2567,2023-05-01,10,2,10000,1000.0,1000.0,0.0,8000.0,2023-07-01
CUS_0x2567_2023_05_01,CUS_0x2567,2023-05-01,10,3,10000,1000.0,1000.0,0.0,7000.0,2023-08-01
CUS_0x2567_2023_05_01,CUS_0x2567,2023-05-01,10,4,10000,1000.0,1000.0,0.0,6000.0,2023-09-01
CUS_0x2567_2023_05_01,CUS_0x2567,2023-05-01,10,5,10000,1000.0,1000.0,0.0,5000.0,2023-10-01
CUS_0x2567_2023_05_01,CUS_0x2567,2023-05-01,10,6,10000,1000.0,1000.0,0.0,4000.0,2023-11-01
CUS_0x2567_2023_05_01,CUS_0x2567,2023-05-01,10,7,10000,1000.0,1000.0,0.0,3000.0,2023-12-01
CUS_0x2567_2023_05_01,CUS_0x2567,2023-05-01,10,8,10000,1000.0,1000.0,0.0,2000.0,2024-01-01
CUS_0x2567_2023_05_01,CUS_0x2567,2023-05-01,10,9,10000,1000.0,1000.0,0.0,1000.0,2024-02-01
CUS_0x2567_2023_05_01,CUS_0x2567,2023-05-01,10,10,10000,1000.0,1000.0,0.0,0.0,2024-03-01
CUS_0x2579_2024_07_01,CUS_0x2579,2024-07-01,10,0,10000,0.0,0.0,0.0,10000.0,2024-07-01
CUS_0x2579_2024_07_01,CUS_0x2579,2024-07-01,10,1,10000,1000.0,1000.0,0.0,9000.0,2024-08-01
CUS_0x2579_2024_07_01,CUS_0x2579,2024-07-01,10,2,10000,1000.0,1000.0,0.0,8000.0,2024-09-01
CUS_0x2579_2024_07_01,CUS_0x2579,2024-07-01,10,3,10000,1000.0,1000.0,0.0,7000.0,2024-10-01
CUS_0x2579_2024_07_01,CUS_0x2579,2024-07-01,10,4,10000,1000.0,1000.0,0.0,6000.0,2024-11-01
CUS_0x2579_2024_07_01,CUS_0x2579,2024-07-01,10,5,10000,1000.0,1000.0,0.0,5000.0,2024-12-01
CUS_0x2579_2024_07_01,CUS_0x2579,2024-07-01,10,6,10000,1000.0,1000.0,0.0,4000.0,2025-01-01
CUS_0x2579_2024_07_01,CUS_0x2579,2024-07-01,10,7,10000,1000.0,1000.0,0.0,3000.0,2025-02-01
CUS_0x2579_2024_07_01,CUS_0x2579,2024-07-01,10,8,10000,1000.0,1000.0,0.0,2000.0,2025-03-01
CUS_0x2579_2024_07_01,CUS_0x2579,2024-07-01,10,9,10000,1000.0,1000.0,0.0,1000.0,2025-04-01
CUS_0x2579_2024_07_01,CUS_0x2579,2024-07-01,10,10,10000,1000.0,1000.0,0.0,0.0,2025-05-01
CUS_0x2596_2025_01_01,CUS_0x2596,2025-01-01,10,0,10000,0.0,0.0,0.0,10000.0,2025-01-01
CUS_0x2596_2025_01_01,CUS_0x2596,2025-01-01,10,1,10000,1000.0,1000.0,0.0,9000.0,2025-02-01
CUS_0x2596_2025_01_01,CUS_0x2596,2025-01-01,10,2,10000,1000.0,0.0,1000.0,9000.0,2025-03-01
CUS_0x2596_2025_01_01,CUS_0x2596,2025-01-01,10,3,10000,1000.0,0.0,2000.0,9000.0,2025-04-01
CUS_0x2596_2025_01_01,CUS_0x2596,2025-01-01,10,4,10000,1000.0,0.0,3000.0,9000.0,2025-05-01
CUS_0x2596_2025_01_01,CUS_0x2596,2025-01-01,10,5,10000,1000.0,0.0,4000.0,9000.0,2025-06-01
CUS_0x2596_2025_01_01,CUS_0x2596,2025-01-01,10,6,10000,1000.0,0.0,5000.0,9000.0,2025-07-01
CUS_0x2596_2025_01_01,CUS_0x2596,2025-01-01,10,7,10000,1000.0,0.0,6000.0,9000.0,2025-08-01
CUS_0x2596_2025_01_01,CUS_0x2596,2025-01-01,10,8,10000,1000.0,0.0,7000.0,9000.0,2025-09-01
CUS_0x2596_2025_01_01,CUS_0x2596,2025-01-01,10,9,10000,1000.0,0.0,8000.0,9000.0,2025-10-01
CUS_0x2596_2025_01_01,CUS_0x2596,2025-01-01,10,10,10000,1000.0,0.0,9000.0,9000.0,2025-11-01
CUS_0x25e0_2024_12_01,CUS_0x25e0,2024-12-01,10,0,10000,0.0,0.0,0.0,10000.0,2024-12-01
CUS_0x25e0_2024_12_01,CUS_0x25e0,2024-12-01,10,1,10000,1000.0,1000.0,0.0,9000.0,2025-01-01
CUS_0x25e0_2024_12_01,CUS_0x25e0,2024-12-01,10,2,10000,1000.0,1000.0,0.0,8000.0,2025-02-01
CUS_0x25e0_2024_12_01,CUS_0x25e0,2024-12-01,10,3,10000,1000.0,1000.0,0.0,7000.0,2025-03-01
CUS_0x25e0_2024_12_01,CUS_0x25e0,2024-12-01,10,4,10000,1000.0,1000.0,0.0,6000.0,2025-04-01
CUS_0x25e0_2024_12_01,CUS_0x25e0,2024-12-01,10,5,10000,1000.0,1000.0,0.0,5000.0,2025-05-01
CUS_0x25e0_2024_12_01,CUS_0x25e0,2024-12-01,10,6,10000,1000.0,1000.0,0.0,4000.0,2025-06-01
CUS_0x25e0_2024_12_01,CUS_0x25e0,2024-12-01,10,7,10000,1000.0,1000.0,0.0,3000.0,2025-07-01
CUS_0x25e0_2024_12_01,CUS_0x25e0,2024-12-01,10,8,10000,1000.0,1000.0,0.0,2000.0,2025-08-01
CUS_0x25e0_2024_12_01,CUS_0x25e0,2024-12-01,10,9,10000,1000.0,1000.0,0.0,1000.0,2025-09-01
CUS_0x25e0_2024_12_01,CUS_0x25e0,2024-12-01,10,10,10000,1000.0,1000.0,0.0,0.0,2025-10-01
CUS_0x25f6_2024_05_01,CUS_0x25f6,2024-05-01,10,0,10000,0.0,0.0,0.0,10000.0,2024-05-01
CUS_0x25f6_2024_05_01,CUS_0x25f6,2024-05-01,10,1,10000,1000.0,1000.0,0.0,9000.0,2024-06-01
CUS_0x25f6_2024_05_01,CUS_0x25f6,2024-05-01,10,2,10000,1000.0,0.0,1000.0,9000.0,2024-07-01
CUS_0x25f6_2024_05_01,CUS_0x25f6,2024-05-01,10,3,10000,1000.0,0.0,2000.0,9000.0,2024-08-01
CUS_0x25f6_2024_05_01,CUS_0x25f6,2024-05-01,10,4,10000,1000.0,0.0,3000.0,9000.0,2024-09-01
CUS_0x25f6_2024_05_01,CUS_0x25f6,2024-05-01,10,5,10000,1000.0,0.0,4000.0,9000.0,2024-10-01
CUS_0x25f6_2024_05_01,CUS_0x25f6,2024-05-01,10,6,10000,1000.0,0.0,5000.0,9000.0,2024-11-01
CUS_0x25f6_2024_05_01,CUS_0x25f6,2024-05-01,10,7,10000,1000.0,0.0,6000.0,9000.0,2024-12-01
CUS_0x25f6_2024_05_01,CUS_0x25f6,2024-05-01,10,8,10000,1000.0,0.0,7000.0,9000.0,2025-01-01
CUS_0x25f6_2024_05_01,CUS_0x25f6,2024-05-01,10,9,10000,1000.0,0.0,8000.0,9000.0,2025-02-01
CUS_0x25f6_2024_05_01,CUS_0x25f6,2024-05-01,10,10,10000,1000.0,0.0,9000.0,9000.0,2025-03-01
CUS_0x26ac_2024_10_01,CUS_0x26ac,2024-10-01,10,0,10000,0.0,0.0,0.0,10000.0,2024-10-01
CUS_0x26ac_2024_10_01,CUS_0x26ac,2024-10-01,10,1,10000,1000.0,1000.0,0.0,9000.0,2024-11-01
CUS_0x26ac_2024_10_01,CUS_0x26ac,2024-10-01,10,2,10000,1000.0,1000.0,0.0,8000.0,2024-12-01
CUS_0x26ac_2024_10_01,CUS_0x26ac,2024-10-01,10,3,10000,1000.0,1000.0,0.0,7000.0,2025-01-01
CUS_0x26ac_2024_10_01,CUS_0x26ac,2024-10-01,10,4,10000,1000.0,1000.0,0.0,6000.0,2025-02-01
CUS_0x26ac_2024_10_01,CUS_0x26ac,2024-10-01,10,5,10000,1000.0,1000.0,0.0,5000.0,2025-03-01
CUS_0x26ac_2024_10_01,CUS_0x26ac,2024-10-01,10,6,10000,1000.0,1000.0,0.0,4000.0,2025-04-01
CUS_0x26ac_2024_10_01,CUS_0x26ac,2024-10-01,10,7,10000,1000.0,1000.0,0.0,3000.0,2025-05-01
CUS_0x26ac_2024_10_01,CUS_0x26ac,2024-10-01,10,8,10000,1000.0,1000.0,0.0,2000.0,2025-06-01
CUS_0x26ac_2024_10_01,CUS_0x26ac,2024-10-01,10,9,10000,1000.0,1000.0,0.0,1000.0,2025-07-01
CUS_0x26ac_2024_10_01,CUS_0x26ac,2024-10-01,10,10,10000,1000.0,1000.0,0.0,0.0,2025-08-01
CUS_0x26d4_2023_08_01,CUS_0x26d4,2023-08-01,10,0,10000,0.0,0.0,0.0,10000.0,2023-08-01
CUS_0x26d4_2023_08_01,CUS_0x26d4,2023-08-01,10,1,10000,1000.0,1000.0,0.0,9000.0,2023-09-01
CUS_0x26d4_2023_08_01,CUS_0x26d4,2023-08-01,10,2,10000,1000.0,1000.0,0.0,8000.0,2023-10-01
CUS_0x26d4_2023_08_01,CUS_0x26d4,2023-08-01,10,3,10000,1000.0,0.0,1000.0,8000.0,2023-11-01
CUS_0x26d4_2023_08_01,CUS_0x26d4,2023-08-01,10,4,10000,1000.0,0.0,2000.0,8000.0,2023-12-01
CUS_0x26d4_2023_08_01,CUS_0x26d4,2023-08-01,10,5,10000,1000.0,0.0,3000.0,8000.0,2024-01-01
CUS_0x26d4_2023_08_01,CUS_0x26d4,2023-08-01,10,6,10000,1000.0,0.0,4000.0,8000.0,2024-02-01
CUS_0x26d4_2023_08_01,CUS_0x26d4,2023-08-01,10,7,10000,1000.0,0.0,5000.0,8000.0,2024-03-01
CUS_0x26d4_2023_08_01,CUS_0x26d4,2023-08-01,10,8,10000,1000.0,0.0,6000.0,8000.0,2024-04-01
CUS_0x26d4_2023_08_01,CUS_0x26d4,2023-08-01,10,9,10000,1000.0,0.0,7000.0,8000.0,2024-05-01
CUS_0x26d4_2023_08_01,CUS_0x26d4,2023-08-01,10,10,10000,1000.0,0.0,8000.0,8000.0,2024-06-01
CUS_0x26ff_2024_02_01,CUS_0x26ff,2024-02-01,10,0,10000,0.0,0.0,0.0,10000.0,2024-02-01
CUS_0x26ff_2024_02_01,CUS_0x26ff,2024-02-01,10,1,10000,1000.0,1000.0,0.0,9000.0,2024-03-01
CUS_0x26ff_2024_02_01,CUS_0x26ff,2024-02-01,10,2,10000,1000.0,1000.0,0.0,8000.0,2024-04-01
CUS_0x26ff_2024_02_01,CUS_0x26ff,2024-02-01,10,3,10000,1000.0,1000.0,0.0,7000.0,2024-05-01
CUS_0x26ff_2024_02_01,CUS_0x26ff,2024-02-01,10,4,10000,1000.0,1000.0,0.0,6000.0,2024-06-01
CUS_0x26ff_2024_02_01,CUS_0x26ff,2024-02-01,10,5,10000,1000.0,1000.0,0.0,5000.0,2024-07-01
CUS_0x26ff_2024_02_01,CUS_0x26ff,2024-02-01,10,6,10000,1000.0,1000.0,0.0,4000.0,2024-08-01
CUS_0x26ff_2024_02_01,CUS_0x26ff,2024-02-01,10,7,10000,1000.0,1000.0,0.0,3000.0,2024-09-01
CUS_0x26ff_2024_02_01,CUS_0x26ff,2024-02-01,10,8,10000,1000.0,1000.0,0.0,2000.0,2024-10-01
CUS_0x26ff_2024_02_01,CUS_0x26ff,2024-02-01,10,9,10000,1000.0,1000.0,0.0,1000.0,2024-11-01
CUS_0x26ff_2024_02_01,CUS_0x26ff,2024-02-01,10,10,10000,1000.0,1000.0,0.0,0.0,2024-12-01
CUS_0x2708_2023_11_01,CUS_0x2708,2023-11-01,10,0,10000,0.0,0.0,0.0,10000.0,2023-11-01
CUS_0x2708_2023_11_01,CUS_0x2708,2023-11-01,10,1,10000,1000.0,1000.0,0.0,9000.0,2023-12-01
CUS_0x2708_2023_11_01,CUS_0x2708,2023-11-01,10,2,10000,1000.0,1000.0,0.0,8000.0,2024-01-01
CUS_0x2708_2023_11_01,CUS_0x2708,2023-11-01,10,3,10000,1000.0,1000.0,0.0,7000.0,2024-02-01
CUS_0x2708_2023_11_01,CUS_0x2708,2023-11-01,10,4,10000,1000.0,1000.0,0.0,6000.0,2024-03-01
CUS_0x2708_2023_11_01,CUS_0x2708,2023-11-01,10,5,10000,1000.0,1000.0,0.0,5000.0,2024-04-01
CUS_0x2708_2023_11_01,CUS_0x2708,2023-11-01,10,6,10000,1000.0,1000.0,0.0,4000.0,2024-05-01
CUS_0x2708_2023_11_01,CUS_0x2708,2023-11-01,10,7,10000,1000.0,1000.0,0.0,3000.0,2024-06-01
CUS_0x2708_2023_11_01,CUS_0x2708,2023-11-01,10,8,10000,1000.0,1000.0,0.0,2000.0,2024-07-01
CUS_0x2708_2023_11_01,CUS_0x2708,2023-11-01,10,9,10000,1000.0,1000.0,0.0,1000.0,2024-08-01
CUS_0x2708_2023_11_01,CUS_0x2708,2023-11-01,10,10,10000,1000.0,1000.0,0.0,0.0,2024-09-01
CUS_0x2714_2024_04_01,CUS_0x2714,2024-04-01,10,0,10000,0.0,0.0,0.0,10000.0,2024-04-01
CUS_0x2714_2024_04_01,CUS_0x2714,2024-04-01,10,1,10000,1000.0,1000.0,0.0,9000.0,2024-05-01
CUS_0x2714_2024_04_01,CUS_0x2714,2024-04-01,10,2,10000,1000.0,1000.0,0.0,8000.0,2024-06-01
CUS_0x2714_2024_04_01,CUS_0x2714,2024-04-01,10,3,10000,1000.0,0.0,1000.0,8000.0,2024-07-01
CUS_0x2714_2024_04_01,CUS_0x2714,2024-04-01,10,4,10000,1000.0,2000.0,0.0,6000.0,2024-08-01
CUS_0x2714_2024_04_01,CUS_0x2714,2024-04-01,10,5,10000,1000.0,0.0,1000.0,6000.0,2024-09-01
CUS_0x2714_2024_04_01,CUS_0x2714,2024-04-01,10,6,10000,1000.0,0.0,2000.0,6000.0,2024-10-01
CUS_0x2714_2024_04_01,CUS_0x2714,2024-04-01,10,7,10000,1000.0,0.0,3000.0,6000.0,2024-11-01
CUS_0x2714_2024_04_01,CUS_0x2714,2024-04-01,10,8,10000,1000.0,0.0,4000.0,6000.0,2024-12-01
CUS_0x2714_2024_04_01,CUS_0x2714,2024-04-01,10,9,10000,1000.0,0.0,5000.0,6000.0,2025-01-01
CUS_0x2714_2024_04_01,CUS_0x2714,2024-04-01,10,10,10000,1000.0,0.0,6000.0,6000.0,2025-02-01
CUS_0x2717_2024_03_01,CUS_0x2717,2024-03-01,10,0,10000,0.0,0.0,0.0,10000.0,2024-03-01
CUS_0x2717_2024_03_01,CUS_0x2717,2024-03-01,10,1,10000,1000.0,1000.0,0.0,9000.0,2024-04-01
CUS_0x2717_2024_03_01,CUS_0x2717,2024-03-01,10,2,10000,1000.0,1000.0,0.0,8000.0,2024-05-01
CUS_0x2717_2024_03_01,CUS_0x2717,2024-03-01,10,3,10000,1000.0,1000.0,0.0,7000.0,2024-06-01
CUS_0x2717_2024_03_01,CUS_0x2717,2024-03-01,10,4,10000,1000.0,1000.0,0.0,6000.0,2024-07-01
CUS_0x2717_2024_03_01,CUS_0x2717,2024-03-01,10,5,10000,1000.0,1000.0,0.0,5000.0,2024-08-01
CUS_0x2717_2024_03_01,CUS_0x2717,2024-03-01,10,6,10000,1000.0,1000.0,0.0,4000.0,2024-09-01
CUS_0x2717_2024_03_01,CUS_0x2717,2024-03-01,10,7,10000,1000.0,1000.0,0.0,3000.0,2024-10-01
CUS_0x2717_2024_03_01,CUS_0x2717,2024-03-01,10,8,10000,1000.0,1000.0,0.0,2000.0,2024-11-01
CUS_0x2717_2024_03_01,CUS_0x2717,2024-03-01,10,9,10000,1000.0,1000.0,0.0,1000.0,2024-12-01
CUS_0x2717_2024_03_01,CUS_0x2717,2024-03-01,10,10,10000,1000.0,1000.0,0.0,0.0,2025-01-01
CUS_0x271e_2023_04_01,CUS_0x271e,2023-04-01,10,0,10000,0.0,0.0,0.0,10000.0,2023-04-01
CUS_0x271e_2023_04_01,CUS_0x271e,2023-04-01,10,1,10000,1000.0,1000.0,0.0,9000.0,2023-05-01
CUS_0x271e_2023_04_01,CUS_0x271e,2023-04-01,10,2,10000,1000.0,1000.0,0.0,8000.0,2023-06-01
CUS_0x271e_2023_04_01,CUS_0x271e,2023-04-01,10,3,10000,1000.0,1000.0,0.0,7000.0,2023-07-01
CUS_0x271e_2023_04_01,CUS_0x271e,2023-04-01,10,4,10000,1000.0,1000.0,0.0,6000.0,2023-08-01
CUS_0x271e_2023_04_01,CUS_0x271e,2023-04-01,10,5,10000,1000.0,1000.0,0.0,5000.0,2023-09-01
CUS_0x271e_2023_04_01,CUS_0x271e,2023-04-01,10,6,10000,1000.0,1000.0,0.0,4000.0,2023-10-01
CUS_0x271e_2023_04_01,CUS_0x271e,2023-04-01,10,7,10000,1000.0,1000.0,0.0,3000.0,2023-11-01
CUS_0x271e_2023_04_01,CUS_0x271e,2023-04-01,10,8,10000,1000.0,1000.0,0.0,2000.0,2023-12-01
CUS_0x271e_2023_04_01,CUS_0x271e,2023-04-01,10,9,10000,1000.0,1000.0,0.0,1000.0,2024-01-01
CUS_0x271e_2023_04_01,CUS_0x271e,2023-04-01,10,10,10000,1000.0,1000.0,0.0,0.0,2024-02-01
CUS_0x2730_2024_03_01,CUS_0x2730,2024-03-01,10,0,10000,0.0,0.0,0.0,10000.0,2024-03-01
CUS_0x2730_2024_03_01,CUS_0x2730,2024-03-01,10,1,10000,1000.0,1000.0,0.0,9000.0,2024-04-01
CUS_0x2730_2024_03_01,CUS_0x2730,2024-03-01,10,2,10000,1000.0,1000.0,0.0,8000.0,2024-05-01
CUS_0x2730_2024_03_01,CUS_0x2730,2024-03-01,10,3,10000,1000.0,1000.0,0.0,7000.0,2024-06-01
CUS_0x2730_2024_03_01,CUS_0x2730,2024-03-01,10,4,10000,1000.0,1000.0,0.0,6000.0,2024-07-01
CUS_0x2730_2024_03_01,CUS_0x2730,2024-03-01,10,5,10000,1000.0,1000.0,0.0,5000.0,2024-08-01
CUS_0x2730_2024_03_01,CUS_0x2730,2024-03-01,10,6,10000,1000.0,1000.0,0.0,4000.0,2024-09-01
CUS_0x2730_2024_03_01,CUS_0x2730,2024-03-01,10,7,10000,1000.0,1000.0,0.0,3000.0,2024-10-01
CUS_0x2730_2024_03_01,CUS_0x2730,2024-03-01,10,8,10000,1000.0,1000.0,0.0,2000.0,2024-11-01
CUS_0x2730_2024_03_01,CUS_0x2730,2024-03-01,10,9,10000,1000.0,1000.0,0.0,1000.0,2024-12-01
CUS_0x2730_2024_03_01,CUS_0x2730,2024-03-01,10,10,10000,1000.0,1000.0,0.0,0.0,2025-01-01
CUS_0x2784_2023_07_01,CUS_0x2784,2023-07-01,10,0,10000,0.0,0.0,0.0,10000.0,2023-07-01
CUS_0x2784_2023_07_01,CUS_0x2784,2023-07-01,10,1,10000,1000.0,0.0,1000.0,10000.0,2023-08-01
CUS_0x2784_2023_07_01,CUS_0x2784,2023-07-01,10,2,10000,1000.0,0.0,2000.0,10000.0,2023-09-01
CUS_0x2784_2023_07_01,CUS_0x2784,2023-07-01,10,3,10000,1000.0,3000.0,0.0,7000.0,2023-10-01
CUS_0x2784_2023_07_01,CUS_0x2784,2023-07-01,10,4,10000,1000.0,0.0,1000.0,7000.0,2023-11-01
CUS_0x2784_2023_07_01,CUS_0x2784,2023-07-01,10,5,10000,1000.0,0.0,2000.0,7000.0,2023-12-01
CUS_0x2784_2023_07_01,CUS_0x2784,2023-07-01,10,6,10000,1000.0,0.0,3000.0,7000.0,2024-01-01
CUS_0x2784_2023_07_01,CUS_0x2784,2023-07-01,10,7,10000,1000.0,0.0,4000.0,7000.0,2024-02-01
CUS_0x2784_2023_07_01,CUS_0x2784,2023-07-01,10,8,10000,1000.0,0.0,5000.0,7000.0,2024-03-01
CUS_0x2784_2023_07_01,CUS_0x2784,2023-07-01,10,9,10000,1000.0,0.0,6000.0,7000.0,2024-04-01
CUS_0x2784_2023_07_01,CUS_0x2784,2023-07-01,10,10,10000,1000.0,0.0,7000.0,7000.0,2024-05-01
CUS_0x279c_2023_12_01,CUS_0x279c,2023-12-01,10,0,10000,0.0,0.0,0.0,10000.0,2023-12-01
CUS_0x279c_2023_12_01,CUS_0x279c,2023-12-01,10,1,10000,1000.0,1000.0,0.0,9000.0,2024-01-01
CUS_0x279c_2023_12_01,CUS_0x279c,2023-12-01,10,2,10000,1000.0,1000.0,0.0,8000.0,2024-02-01
CUS_0x279c_2023_12_01,CUS_0x279c,2023-12-01,10,3,10000,1000.0,1000.0,0.0,7000.0,2024-03-01
CUS_0x279c_2023_12_01,CUS_0x279c,2023-12-01,10,4,10000,1000.0,1000.0,0.0,6000.0,2024-04-01
CUS_0x279c_2023_12_01,CUS_0x279c,2023-12-01,10,5,10000,1000.0,1000.0,0.0,5000.0,2024-05-01
CUS_0x279c_2023_12_01,CUS_0x279c,2023-12-01,10,6,10000,1000.0,1000.0,0.0,4000.0,2024-06-01
CUS_0x279c_2023_12_01,CUS_0x279c,2023-12-01,10,7,10000,1000.0,1000.0,0.0,3000.0,2024-07-01
CUS_0x279c_2023_12_01,CUS_0x279c,2023-12-01,10,8,10000,1000.0,1000.0,0.0,2000.0,2024-08-01
CUS_0x279c_2023_12_01,CUS_0x279c,2023-12-01,10,9,10000,1000.0,1000.0,0.0,1000.0,2024-09-01
CUS_0x279c_2023_12_01,CUS_0x279c,2023-12-01,10,10,10000,1000.0,1000.0,0.0,0.0,2024-10-01
CUS_0x27ab_2024_03_01,CUS_0x27ab,2024-03-01,10,0,10000,0.0,0.0,0.0,10000.0,2024-03-01
CUS_0x27ab_2024_03_01,CUS_0x27ab,2024-03-01,10,1,10000,1000.0,1000.0,0.0,9000.0,2024-04-01
CUS_0x27ab_2024_03_01,CUS_0x27ab,2024-03-01,10,2,10000,1000.0,1000.0,0.0,8000.0,2024-05-01
CUS_0x27ab_2024_03_01,CUS_0x27ab,2024-03-01,10,3,10000,1000.0,1000.0,0.0,7000.0,2024-06-01
CUS_0x27ab_2024_03_01,CUS_0x27ab,2024-03-01,10,4,10000,1000.0,1000.0,0.0,6000.0,2024-07-01
CUS_0x27ab_2024_03_01,CUS_0x27ab,2024-03-01,10,5,10000,1000.0,1000.0,0.0,5000.0,2024-08-01
CUS_0x27ab_2024_03_01,CUS_0x27ab,2024-03-01,10,6,10000,1000.0,1000.0,0.0,4000.0,2024-09-01
CUS_0x27ab_2024_03_01,CUS_0x27ab,2024-03-01,10,7,10000,1000.0,1000.0,0.0,3000.0,2024-10-01
CUS_0x27ab_2024_03_01,CUS_0x27ab,2024-03-01,10,8,10000,1000.0,1000.0,0.0,2000.0,2024-11-01
CUS_0x27ab_2024_03_01,CUS_0x27ab,2024-03-01,10,9,10000,1000.0,1000.0,0.0,1000.0,2024-12-01
CUS_0x27ab_2024_03_01,CUS_0x27ab,2024-03-01,10,10,10000,1000.0,1000.0,0.0,0.0,2025-01-01
CUS_0x2834_2024_08_01,CUS_0x2834,2024-08-01,10,0,10000,0.0,0.0,0.0,10000.0,2024-08-01
CUS_0x2834_2024_08_01,CUS_0x2834,2024-08-01,10,1,10000,1000.0,1000.0,0.0,9000.0,2024-09-01
CUS_0x2834_2024_08_01,CUS_0x2834,2024-08-01,10,2,10000,1000.0,1000.0,0.0,8000.0,2024-10-01
CUS_0x2834_2024_08_01,CUS_0x2834,2024-08-01,10,3,10000,1000.0,1000.0,0.0,7000.0,2024-11-01
CUS_0x2834_2024_08_01,CUS_0x2834,2024-08-01,10,4,10000,1000.0,1000.0,0.0,6000.0,2024-12-01
CUS_0x2834_2024_08_01,CUS_0x2834,2024-08-01,10,5,10000,1000.0,1000.0,0.0,5000.0,2025-01-01
CUS_0x2834_2024_08_01,CUS_0x2834,2024-08-01,10,6,10000,1000.0,1000.0,0.0,4000.0,2025-02-01
CUS_0x2834_2024_08_01,CUS_0x2834,2024-08-01,10,7,10000,1000.0,1000.0,0.0,3000.0,2025-03-01
CUS_0x2834_2024_08_01,CUS_0x2834,2024-08-01,10,8,10000,1000.0,1000.0,0.0,2000.0,2025-04-01
CUS_0x2834_2024_08_01,CUS_0x2834,2024-08-01,10,9,10000,1000.0,1000.0,0.0,1000.0,2025-05-01
CUS_0x2834_2024_08_01,CUS_0x2834,2024-08-01,10,10,10000,1000.0,1000.0,0.0,0.0,2025-06-01
CUS_0x2847_2023_03_01,CUS_0x2847,2023-03-01,10,0,10000,0.0,0.0,0.0,10000.0,2023-03-01
CUS_0x2847_2023_03_01,CUS_0x2847,2023-03-01,10,1,10000,1000.0,1000.0,0.0,9000.0,2023-04-01
CUS_0x2847_2023_03_01,CUS_0x2847,2023-03-01,10,2,10000,1000.0,1000.0,0.0,8000.0,2023-05-01
CUS_0x2847_2023_03_01,CUS_0x2847,2023-03-01,10,3,10000,1000.0,0.0,1000.0,8000.0,2023-06-01
CUS_0x2847_2023_03_01,CUS_0x2847,2023-03-01,10,4,10000,1000.0,0.0,2000.0,8000.0,2023-07-01
CUS_0x2847_2023_03_01,CUS_0x2847,2023-03-01,10,5,10000,1000.0,0.0,3000.0,8000.0,2023-08-01
CUS_0x2847_2023_03_01,CUS_0x2847,2023-03-01,10,6,10000,1000.0,0.0,4000.0,8000.0,2023-09-01
CUS_0x2847_2023_03_01,CUS_0x2847,2023-03-01,10,7,10000,1000.0,0.0,5000.0,8000.0,2023-10-01
CUS_0x2847_2023_03_01,CUS_0x2847,2023-03-01,10,8,10000,1000.0,0.0,6000.0,8000.0,2023-11-01
CUS_0x2847_2023_03_01,CUS_0x2847,2023-03-01,10,9,10000,1000.0,0.0,7000.0,8000.0,2023-12-01
CUS_0x2847_2023_03_01,CUS_0x2847,2023-03-01,10,10,10000,1000.0,0.0,8000.0,8000.0,2024-01-01
CUS_0x2863_2024_04_01,CUS_0x2863,2024-04-01,10,0,10000,0.0,0.0,0.0,10000.0,2024-04-01
CUS_0x2863_2024_04_01,CUS_0x2863,2024-04-01,10,1,10000,1000.0,1000.0,0.0,9000.0,2024-05-01
CUS_0x2863_2024_04_01,CUS_0x2863,2024-04-01,10,2,10000,1000.0,1000.0,0.0,8000.0,2024-06-01
CUS_0x2863_2024_04_01,CUS_0x2863,2024-04-01,10,3,10000,1000.0,1000.0,0.0,7000.0,2024-07-01
CUS_0x2863_2024_04_01,CUS_0x2863,2024-04-01,10,4,10000,1000.0,1000.0,0.0,6000.0,2024-08-01
CUS_0x2863_2024_04_01,CUS_0x2863,2024-04-01,10,5,10000,1000.0,1000.0,0.0,5000.0,2024-09-01
CUS_0x2863_2024_04_01,CUS_0x2863,2024-04-01,10,6,10000,1000.0,1000.0,0.0,4000.0,2024-10-01
CUS_0x2863_2024_04_01,CUS_0x2863,2024-04-01,10,7,10000,1000.0,1000.0,0.0,3000.0,2024-11-01
CUS_0x2863_2024_04_01,CUS_0x2863,2024-04-01,10,8,10000,1000.0,1000.0,0.0,2000.0,2024-12-01
CUS_0x2863_2024_04_01,CUS_0x2863,2024-04-01,10,9,10000,1000.0,1000.0,0.0,1000.0,2025-01-01
CUS_0x2863_2024_04_01,CUS_0x2863,2024-04-01,10,10,10000,1000.0,1000.0,0.0,0.0,2025-02-01
CUS_0x2883_2023_11_01,CUS_0x2883,2023-11-01,10,0,10000,0.0,0.0,0.0,10000.0,2023-11-01
CUS_0x2883_2023_11_01,CUS_0x2883,2023-11-01,10,1,10000,1000.0,1000.0,0.0,9000.0,2023-12-01
CUS_0x2883_2023_11_01,CUS_0x2883,2023-11-01,10,2,10000,1000.0,1000.0,0.0,8000.0,2024-01-01
CUS_0x2883_2023_11_01,CUS_0x2883,2023-11-01,10,3,10000,1000.0,0.0,1000.0,8000.0,2024-02-01
CUS_0x2883_2023_11_01,CUS_0x2883,2023-11-01,10,4,10000,1000.0,0.0,2000.0,8000.0,2024-03-01
CUS_0x2883_2023_11_01,CUS_0x2883,2023-11-01,10,5,10000,1000.0,0.0,3000.0,8000.0,2024-04-01
CUS_0x2883_2023_11_01,CUS_0x2883,2023-11-01,10,6,10000,1000.0,0.0,4000.0,8000.0,2024-05-01
CUS_0x2883_2023_11_01,CUS_0x2883,2023-11-01,10,7,10000,1000.0,0.0,5000.0,8000.0,2024-06-01
CUS_0x2883_2023_11_01,CUS_0x2883,2023-11-01,10,8,10000,1000.0,0.0,6000.0,8000.0,2024-07-01
CUS_0x2883_2023_11_01,CUS_0x2883,2023-11-01,10,9,10000,1000.0,0.0,7000.0,8000.0,2024-08-01
CUS_0x2883_2023_11_01,CUS_0x2883,2023-11-01,10,10,10000,1000.0,0.0,8000.0,8000.0,2024-09-01
CUS_0x2887_2024_10_01,CUS_0x2887,2024-10-01,10,0,10000,0.0,0.0,0.0,10000.0,2024-10-01
CUS_0x2887_2024_10_01,CUS_0x2887,2024-10-01,10,1,10000,1000.0,1000.0,0.0,9000.0,2024-11-01
CUS_0x2887_2024_10_01,CUS_0x2887,2024-10-01,10,2,10000,1000.0,1000.0,0.0,8000.0,2024-12-01
CUS_0x2887_2024_10_01,CUS_0x2887,2024-10-01,10,3,10000,1000.0,1000.0,0.0,7000.0,2025-01-01
CUS_0x2887_2024_10_01,CUS_0x2887,2024-10-01,10,4,10000,1000.0,1000.0,0.0,6000.0,2025-02-01
CUS_0x2887_2024_10_01,CUS_0x2887,2024-10-01,10,5,10000,1000.0,1000.0,0.0,5000.0,2025-03-01
CUS_0x2887_2024_10_01,CUS_0x2887,2024-10-01,10,6,10000,1000.0,1000.0,0.0,4000.0,2025-04-01
CUS_0x2887_2024_10_01,CUS_0x2887,2024-10-01,10,7,10000,1000.0,1000.0,0.0,3000.0,2025-05-01
CUS_0x2887_2024_10_01,CUS_0x2887,2024-10-01,10,8,10000,1000.0,1000.0,0.0,2000.0,2025-06-01
CUS_0x2887_2024_10_01,CUS_0x2887,2024-10-01,10,9,10000,1000.0,1000.0,0.0,1000.0,2025-07-01
CUS_0x2887_2024_10_01,CUS_0x2887,2024-10-01,10,10,10000,1000.0,1000.0,0.0,0.0,2025-08-01
CUS_0x289d_2023_10_01,CUS_0x289d,2023-10-01,10,0,10000,0.0,0.0,0.0,10000.0,2023-10-01
CUS_0x289d_2023_10_01,CUS_0x289d,2023-10-01,10,1,10000,1000.0,1000.0,0.0,9000.0,2023-11-01
CUS_0x289d_2023_10_01,CUS_0x289d,2023-10-01,10,2,10000,1000.0,1000.0,0.0,8000.0,2023-12-01
CUS_0x289d_2023_10_01,CUS_0x289d,2023-10-01,10,3,10000,1000.0,1000.0,0.0,7000.0,2024-01-01
CUS_0x289d_2023_10_01,CUS_0x289d,2023-10-01,10,4,10000,1000.0,1000.0,0.0,6000.0,2024-02-01
CUS_0x289d_2023_10_01,CUS_0x289d,2023-10-01,10,5,10000,1000.0,1000.0,0.0,5000.0,2024-03-01
CUS_0x289d_2023_10_01,CUS_0x289d,2023-10-01,10,6,10000,1000.0,1000.0,0.0,4000.0,2024-04-01
CUS_0x289d_2023_10_01,CUS_0x289d,2023-10-01,10,7,10000,1000.0,1000.0,0.0,3000.0,2024-05-01
CUS_0x289d_2023_10_01,CUS_0x289d,2023-10-01,10,8,10000,1000.0,1000.0,0.0,2000.0,2024-06-01
CUS_0x289d_2023_10_01,CUS_0x289d,2023-10-01,10,9,10000,1000.0,1000.0,0.0,1000.0,2024-07-01
CUS_0x289d_2023_10_01,CUS_0x289d,2023-10-01,10,10,10000,1000.0,1000.0,0.0,0.0,2024-08-01
CUS_0x28ee_2025_01_01,CUS_0x28ee,2025-01-01,10,0,10000,0.0,0.0,0.0,10000.0,2025-01-01
CUS_0x28ee_2025_01_01,CUS_0x28ee,2025-01-01,10,1,10000,1000.0,1000.0,0.0,9000.0,2025-02-01
CUS_0x28ee_2025_01_01,CUS_0x28ee,2025-01-01,10,2,10000,1000.0,0.0,1000.0,9000.0,2025-03-01
CUS_0x28ee_2025_01_01,CUS_0x28ee,2025-01-01,10,3,10000,1000.0,0.0,2000.0,9000.0,2025-04-01
CUS_0x28ee_2025_01_01,CUS_0x28ee,2025-01-01,10,4,10000,1000.0,0.0,3000.0,9000.0,2025-05-01
CUS_0x28ee_2025_01_01,CUS_0x28ee,2025-01-01,10,5,10000,1000.0,0.0,4000.0,9000.0,2025-06-01
CUS_0x28ee_2025_01_01,CUS_0x28ee,2025-01-01,10,6,10000,1000.0,0.0,5000.0,9000.0,2025-07-01
CUS_0x28ee_2025_01_01,CUS_0x28ee,2025-01-01,10,7,10000,1000.0,0.0,6000.0,9000.0,2025-08-01
CUS_0x28ee_2025_01_01,CUS_0x28ee,2025-01-01,10,8,10000,1000.0,0.0,7000.0,9000.0,2025-09-01
CUS_0x28ee_2025_01_01,CUS_0x28ee,2025-01-01,10,9,10000,1000.0,0.0,8000.0,9000.0,2025-10-01
CUS_0x28ee_2025_01_01,CUS_0x28ee,2025-01-01,10,10,10000,1000.0,0.0,9000.0,9000.0,2025-11-01
CUS_0x28ef_2024_09_01,CUS_0x28ef,2024-09-01,10,0,10000,0.0,0.0,0.0,10000.0,2024-09-01
CUS_0x28ef_2024_09_01,CUS_0x28ef,2024-09-01,10,1,10000,1000.0,1000.0,0.0,9000.0,2024-10-01
CUS_0x28ef_2024_09_01,CUS_0x28ef,2024-09-01,10,2,10000,1000.0,1000.0,0.0,8000.0,2024-11-01
CUS_0x28ef_2024_09_01,CUS_0x28ef,2024-09-01,10,3,10000,1000.0,1000.0,0.0,7000.0,2024-12-01
CUS_0x28ef_2024_09_01,CUS_0x28ef,2024-09-01,10,4,10000,1000.0,1000.0,0.0,6000.0,2025-01-01
CUS_0x28ef_2024_09_01,CUS_0x28ef,2024-09-01,10,5,10000,1000.0,1000.0,0.0,5000.0,2025-02-01
CUS_0x28ef_2024_09_01,CUS_0x28ef,2024-09-01,10,6,10000,1000.0,1000.0,0.0,4000.0,2025-03-01
CUS_0x28ef_2024_09_01,CUS_0x28ef,2024-09-01,10,7,10000,1000.0,1000.0,0.0,3000.0,2025-04-01
CUS_0x28ef_2024_09_01,CUS_0x28ef,2024-09-01,10,8,10000,1000.0,1000.0,0.0,2000.0,2025-05-01
CUS_0x28ef_2024_09_01,CUS_0x28ef,2024-09-01,10,9,10000,1000.0,1000.0,0.0,1000.0,2025-06-01
CUS_0x28ef_2024_09_01,CUS_0x28ef,2024-09-01,10,10,10000,1000.0,1000.0,0.0,0.0,2025-07-01
CUS_0x292b_2025_01_01,CUS_0x292b,2025-01-01,10,0,10000,0.0,0.0,0.0,10000.0,2025-01-01
CUS_0x292b_2025_01_01,CUS_0x292b,2025-01-01,10,1,10000,1000.0,1000.0,0.0,9000.0,2025-02-01
CUS_0x292b_2025_01_01,CUS_0x292b,2025-01-01,10,2,10000,1000.0,1000.0,0.0,8000.0,2025-03-01
CUS_0x292b_2025_01_01,CUS_0x292b,2025-01-01,10,3,10000,1000.0,1000.0,0.0,7000.0,2025-04-01
CUS_0x292b_2025_01_01,CUS_0x292b,2025-01-01,10,4,10000,1000.0,1000.0,0.0,6000.0,2025-05-01
CUS_0x292b_2025_01_01,CUS_0x292b,2025-01-01,10,5,10000,1000.0,1000.0,0.0,5000.0,2025-06-01
CUS_0x292b_2025_01_01,CUS_0x292b,2025-01-01,10,6,10000,1000.0,1000.0,0.0,4000.0,2025-07-01
CUS_0x292b_2025_01_01,CUS_0x292b,2025-01-01,10,7,10000,1000.0,1000.0,0.0,3000.0,2025-08-01
CUS_0x292b_2025_01_01,CUS_0x292b,2025-01-01,10,8,10000,1000.0,1000.0,0.0,2000.0,2025-09-01
CUS_0x292b_2025_01_01,CUS_0x292b,2025-01-01,10,9,10000,1000.0,1000.0,0.0,1000.0,2025-10-01
CUS_0x292b_2025_01_01,CUS_0x292b,2025-01-01,10,10,10000,1000.0,1000.0,0.0,0.0,2025-11-01
CUS_0x2934_2024_06_01,CUS_0x2934,2024-06-01,10,0,10000,0.0,0.0,0.0,10000.0,2024-06-01
CUS_0x2934_2024_06_01,CUS_0x2934,2024-06-01,10,1,10000,1000.0,1000.0,0.0,9000.0,2024-07-01
CUS_0x2934_2024_06_01,CUS_0x2934,2024-06-01,10,2,10000,1000.0,1000.0,0.0,8000.0,2024-08-01
CUS_0x2934_2024_06_01,CUS_0x2934,2024-06-01,10,3,10000,1000.0,1000.0,0.0,7000.0,2024-09-01
CUS_0x2934_2024_06_01,CUS_0x2934,2024-06-01,10,4,10000,1000.0,1000.0,0.0,6000.0,2024-10-01
CUS_0x2934_2024_06_01,CUS_0x2934,2024-06-01,10,5,10000,1000.0,1000.0,0.0,5000.0,2024-11-01
CUS_0x2934_2024_06_01,CUS_0x2934,2024-06-01,10,6,10000,1000.0,1000.0,0.0,4000.0,2024-12-01
CUS_0x2934_2024_06_01,CUS_0x2934,2024-06-01,10,7,10000,1000.0,1000.0,0.0,3000.0,2025-01-01
CUS_0x2934_2024_06_01,CUS_0x2934,2024-06-01,10,8,10000,1000.0,1000.0,0.0,2000.0,2025-02-01
CUS_0x2934_2024_06_01,CUS_0x2934,2024-06-01,10,9,10000,1000.0,1000.0,0.0,1000.0,2025-03-01
CUS_0x2934_2024_06_01,CUS_0x2934,2024-06-01,10,10,10000,1000.0,1000.0,0.0,0.0,2025-04-01
CUS_0x298f_2024_09_01,CUS_0x298f,2024-09-01,10,0,10000,0.0,0.0,0.0,10000.0,2024-09-01
CUS_0x298f_2024_09_01,CUS_0x298f,2024-09-01,10,1,10000,1000.0,1000.0,0.0,9000.0,2024-10-01
CUS_0x298f_2024_09_01,CUS_0x298f,2024-09-01,10,2,10000,1000.0,1000.0,0.0,8000.0,2024-11-01
CUS_0x298f_2024_09_01,CUS_0x298f,2024-09-01,10,3,10000,1000.0,1000.0,0.0,7000.0,2024-12-01
CUS_0x298f_2024_09_01,CUS_0x298f,2024-09-01,10,4,10000,1000.0,1000.0,0.0,6000.0,2025-01-01
CUS_0x298f_2024_09_01,CUS_0x298f,2024-09-01,10,5,10000,1000.0,1000.0,0.0,5000.0,2025-02-01
CUS_0x298f_2024_09_01,CUS_0x298f,2024-09-01,10,6,10000,1000.0,1000.0,0.0,4000.0,2025-03-01
CUS_0x298f_2024_09_01,CUS_0x298f,2024-09-01,10,7,10000,1000.0,1000.0,0.0,3000.0,2025-04-01
CUS_0x298f_2024_09_01,CUS_0x298f,2024-09-01,10,8,10000,1000.0,1000.0,0.0,2000.0,2025-05-01
CUS_0x298f_2024_09_01,CUS_0x298f,2024-09-01,10,9,10000,1000.0,1000.0,0.0,1000.0,2025-06-01
CUS_0x298f_2024_09_01,CUS_0x298f,2024-09-01,10,10,10000,1000.0,1000.0,0.0,0.0,2025-07-01
CUS_0x29ef_2023_08_01,CUS_0x29ef,2023-08-01,10,0,10000,0.0,0.0,0.0,10000.0,2023-08-01
CUS_0x29ef_2023_08_01,CUS_0x29ef,2023-08-01,10,1,10000,1000.0,1000.0,0.0,9000.0,2023-09-01
CUS_0x29ef_2023_08_01,CUS_0x29ef,2023-08-01,10,2,10000,1000.0,1000.0,0.0,8000.0,2023-10-01
CUS_0x29ef_2023_08_01,CUS_0x29ef,2023-08-01,10,3,10000,1000.0,1000.0,0.0,7000.0,2023-11-01
CUS_0x29ef_2023_08_01,CUS_0x29ef,2023-08-01,10,4,10000,1000.0,1000.0,0.0,6000.0,2023-12-01
CUS_0x29ef_2023_08_01,CUS_0x29ef,2023-08-01,10,5,10000,1000.0,1000.0,0.0,5000.0,2024-01-01
CUS_0x29ef_2023_08_01,CUS_0x29ef,2023-08-01,10,6,10000,1000.0,1000.0,0.0,4000.0,2024-02-01
CUS_0x29ef_2023_08_01,CUS_0x29ef,2023-08-01,10,7,10000,1000.0,1000.0,0.0,3000.0,2024-03-01
CUS_0x29ef_2023_08_01,CUS_0x29ef,2023-08-01,10,8,10000,1000.0,1000.0,0.0,2000.0,2024-04-01
CUS_0x29ef_2023_08_01,CUS_0x29ef,2023-08-01,10,9,10000,1000.0,1000.0,0.0,1000.0,2024-05-01
CUS_0x29ef_2023_08_01,CUS_0x29ef,2023-08-01,10,10,10000,1000.0,1000.0,0.0,0.0,2024-06-01
CUS_0x29f5_2023_03_01,CUS_0x29f5,2023-03-01,10,0,10000,0.0,0.0,0.0,10000.0,2023-03-01
CUS_0x29f5_2023_03_01,CUS_0x29f5,2023-03-01,10,1,10000,1000.0,1000.0,0.0,9000.0,2023-04-01
CUS_0x29f5_2023_03_01,CUS_0x29f5,2023-03-01,10,2,10000,1000.0,1000.0,0.0,8000.0,2023-05-01
CUS_0x29f5_2023_03_01,CUS_0x29f5,2023-03-01,10,3,10000,1000.0,1000.0,0.0,7000.0,2023-06-01
CUS_0x29f5_2023_03_01,CUS_0x29f5,2023-03-01,10,4,10000,1000.0,1000.0,0.0,6000.0,2023-07-01
CUS_0x29f5_2023_03_01,CUS_0x29f5,2023-03-01,10,5,10000,1000.0,1000.0,0.0,5000.0,2023-08-01
CUS_0x29f5_2023_03_01,CUS_0x29f5,2023-03-01,10,6,10000,1000.0,1000.0,0.0,4000.0,2023-09-01
CUS_0x29f5_2023_03_01,CUS_0x29f5,2023-03-01,10,7,10000,1000.0,1000.0,0.0,3000.0,2023-10-01
CUS_0x29f5_2023_03_01,CUS_0x29f5,2023-03-01,10,8,10000,1000.0,1000.0,0.0,2000.0,2023-11-01
CUS_0x29f5_2023_03_01,CUS_0x29f5,2023-03-01,10,9,10000,1000.0,1000.0,0.0,1000.0,2023-12-01
CUS_0x29f5_2023_03_01,CUS_0x29f5,2023-03-01,10,10,10000,1000.0,1000.0,0.0,0.0,2024-01-01
CUS_0x2a08_2023_05_01,CUS_0x2a08,2023-05-01,10,0,10000,0.0,0.0,0.0,10000.0,2023-05-01
CUS_0x2a08_2023_05_01,CUS_0x2a08,2023-05-01,10,1,10000,1000.0,1000.0,0.0,9000.0,2023-06-01
CUS_0x2a08_2023_05_01,CUS_0x2a08,2023-05-01,10,2,10000,1000.0,1000.0,0.0,8000.0,2023-07-01
CUS_0x2a08_2023_05_01,CUS_0x2a08,2023-05-01,10,3,10000,1000.0,0.0,1000.0,8000.0,2023-08-01
CUS_0x2a08_2023_05_01,CUS_0x2a08,2023-05-01,10,4,10000,1000.0,0.0,2000.0,8000.0,2023-09-01
CUS_0x2a08_2023_05_01,CUS_0x2a08,2023-05-01,10,5,10000,1000.0,0.0,3000.0,8000.0,2023-10-01
CUS_0x2a08_2023_05_01,CUS_0x2a08,2023-05-01,10,6,10000,1000.0,0.0,4000.0,8000.0,2023-11-01
CUS_0x2a08_2023_05_01,CUS_0x2a08,2023-05-01,10,7,10000,1000.0,0.0,5000.0,8000.0,2023-12-01
CUS_0x2a08_2023_05_01,CUS_0x2a08,2023-05-01,10,8,10000,1000.0,0.0,6000.0,8000.0,2024-01-01
CUS_0x2a08_2023_05_01,CUS_0x2a08,2023-05-01,10,9,10000,1000.0,0.0,7000.0,8000.0,2024-02-01
CUS_0x2a08_2023_05_01,CUS_0x2a08,2023-05-01,10,10,10000,1000.0,0.0,8000.0,8000.0,2024-03-01
CUS_0x2a12_2023_04_01,CUS_0x2a12,2023-04-01,10,0,10000,0.0,0.0,0.0,10000.0,2023-04-01
CUS_0x2a12_2023_04_01,CUS_0x2a12,2023-04-01,10,1,10000,1000.0,1000.0,0.0,9000.0,2023-05-01
CUS_0x2a12_2023_04_01,CUS_0x2a12,2023-04-01,10,2,10000,1000.0,1000.0,0.0,8000.0,2023-06-01
CUS_0x2a12_2023_04_01,CUS_0x2a12,2023-04-01,10,3,10000,1000.0,1000.0,0.0,7000.0,2023-07-01
CUS_0x2a12_2023_04_01,CUS_0x2a12,2023-04-01,10,4,10000,1000.0,1000.0,0.0,6000.0,2023-08-01
CUS_0x2a12_2023_04_01,CUS_0x2a12,2023-04-01,10,5,10000,1000.0,1000.0,0.0,5000.0,2023-09-01
CUS_0x2a12_2023_04_01,CUS_0x2a12,2023-04-01,10,6,10000,1000.0,1000.0,0.0,4000.0,2023-10-01
CUS_0x2a12_2023_04_01,CUS_0x2a12,2023-04-01,10,7,10000,1000.0,1000.0,0.0,3000.0,2023-11-01
CUS_0x2a12_2023_04_01,CUS_0x2a12,2023-04-01,10,8,10000,1000.0,1000.0,0.0,2000.0,2023-12-01
CUS_0x2a12_2023_04_01,CUS_0x2a12,2023-04-01,10,9,10000,1000.0,1000.0,0.0,1000.0,2024-01-01
CUS_0x2a12_2023_04_01,CUS_0x2a12,2023-04-01,10,10,10000,1000.0,1000.0,0.0,0.0,2024-02-01
CUS_0x2a3a_2023_04_01,CUS_0x2a3a,2023-04-01,10,0,10000,0.0,0.0,0.0,10000.0,2023-04-01
CUS_0x2a3a_2023_04_01,CUS_0x2a3a,2023-04-01,10,1,10000,1000.0,1000.0,0.0,9000.0,2023-05-01
CUS_0x2a3a_2023_04_01,CUS_0x2a3a,2023-04-01,10,2,10000,1000.0,0.0,1000.0,9000.0,2023-06-01
CUS_0x2a3a_2023_04_01,CUS_0x2a3a,2023-04-01,10,3,10000,1000.0,0.0,2000.0,9000.0,2023-07-01
CUS_0x2a3a_2023_04_01,CUS_0x2a3a,2023-04-01,10,4,10000,1000.0,3000.0,0.0,6000.0,2023-08-01
CUS_0x2a3a_2023_04_01,CUS_0x2a3a,2023-04-01,10,5,10000,1000.0,0.0,1000.0,6000.0,2023-09-01
CUS_0x2a3a_2023_04_01,CUS_0x2a3a,2023-04-01,10,6,10000,1000.0,0.0,2000.0,6000.0,2023-10-01
CUS_0x2a3a_2023_04_01,CUS_0x2a3a,2023-04-01,10,7,10000,1000.0,0.0,3000.0,6000.0,2023-11-01
CUS_0x2a3a_2023_04_01,CUS_0x2a3a,2023-04-01,10,8,10000,1000.0,0.0,4000.0,6000.0,2023-12-01
CUS_0x2a3a_2023_04_01,CUS_0x2a3a,2023-04-01,10,9,10000,1000.0,0.0,5000.0,6000.0,2024-01-01
CUS_0x2a3a_2023_04_01,CUS_0x2a3a,2023-04-01,10,10,10000,1000.0,0.0,6000.0,6000.0,2024-02-01
CUS_0x2a57_2024_05_01,CUS_0x2a57,2024-05-01,10,0,10000,0.0,0.0,0.0,10000.0,2024-05-01
CUS_0x2a57_2024_05_01,CUS_0x2a57,2024-05-01,10,1,10000,1000.0,1000.0,0.0,9000.0,2024-06-01
CUS_0x2a57_2024_05_01,CUS_0x2a57,2024-05-01,10,2,10000,1000.0,1000.0,0.0,8000.0,2024-07-01
CUS_0x2a57_2024_05_01,CUS_0x2a57,2024-05-01,10,3,10000,1000.0,1000.0,0.0,7000.0,2024-08-01
CUS_0x2a57_2024_05_01,CUS_0x2a57,2024-05-01,10,4,10000,1000.0,1000.0,0.0,6000.0,2024-09-01
CUS_0x2a57_2024_05_01,CUS_0x2a57,2024-05-01,10,5,10000,1000.0,1000.0,0.0,5000.0,2024-10-01
CUS_0x2a57_2024_05_01,CUS_0x2a57,2024-05-01,10,6,10000,1000.0,1000.0,0.0,4000.0,2024-11-01
CUS_0x2a57_2024_05_01,CUS_0x2a57,2024-05-01,10,7,10000,1000.0,1000.0,0.0,3000.0,2024-12-01
CUS_0x2a57_2024_05_01,CUS_0x2a57,2024-05-01,10,8,10000,1000.0,1000.0,0.0,2000.0,2025-01-01
CUS_0x2a57_2024_05_01,CUS_0x2a57,2024-05-01,10,9,10000,1000.0,1000.0,0.0,1000.0,2025-02-01
CUS_0x2a57_2024_05_01,CUS_0x2a57,2024-05-01,10,10,10000,1000.0,1000.0,0.0,0.0,2025-03-01
CUS_0x2a9a_2023_05_01,CUS_0x2a9a,2023-05-01,10,0,10000,0.0,0.0,0.0,10000.0,2023-05-01
CUS_0x2a9a_2023_05_01,CUS_0x2a9a,2023-05-01,10,1,10000,1000.0,1000.0,0.0,9000.0,2023-06-01
CUS_0x2a9a_2023_05_01,CUS_0x2a9a,2023-05-01,10,2,10000,1000.0,1000.0,0.0,8000.0,2023-07-01
CUS_0x2a9a_2023_05_01,CUS_0x2a9a,2023-05-01,10,3,10000,1000.0,1000.0,0.0,7000.0,2023-08-01
CUS_0x2a9a_2023_05_01,CUS_0x2a9a,2023-05-01,10,4,10000,1000.0,1000.0,0.0,6000.0,2023-09-01
CUS_0x2a9a_2023_05_01,CUS_0x2a9a,2023-05-01,10,5,10000,1000.0,1000.0,0.0,5000.0,2023-10-01
CUS_0x2a9a_2023_05_01,CUS_0x2a9a,2023-05-01,10,6,10000,1000.0,1000.0,0.0,4000.0,2023-11-01
CUS_0x2a9a_2023_05_01,CUS_0x2a9a,2023-05-01,10,7,10000,1000.0,1000.0,0.0,3000.0,2023-12-01
CUS_0x2a9a_2023_05_01,CUS_0x2a9a,2023-05-01,10,8,10000,1000.0,1000.0,0.0,2000.0,2024-01-01
CUS_0x2a9a_2023_05_01,CUS_0x2a9a,2023-05-01,10,9,10000,1000.0,1000.0,0.0,1000.0,2024-02-01
CUS_0x2a9a_2023_05_01,CUS_0x2a9a,2023-05-01,10,10,10000,1000.0,1000.0,0.0,0.0,2024-03-01
CUS_0x2aa8_2024_12_01,CUS_0x2aa8,2024-12-01,10,0,10000,0.0,0.0,0.0,10000.0,2024-12-01
CUS_0x2aa8_2024_12_01,CUS_0x2aa8,2024-12-01,10,1,10000,1000.0,1000.0,0.0,9000.0,2025-01-01
CUS_0x2aa8_2024_12_01,CUS_0x2aa8,2024-12-01,10,2,10000,1000.0,1000.0,0.0,8000.0,2025-02-01
CUS_0x2aa8_2024_12_01,CUS_0x2aa8,2024-12-01,10,3,10000,1000.0,1000.0,0.0,7000.0,2025-03-01
CUS_0x2aa8_2024_12_01,CUS_0x2aa8,2024-12-01,10,4,10000,1000.0,1000.0,0.0,6000.0,2025-04-01
CUS_0x2aa8_2024_12_01,CUS_0x2aa8,2024-12-01,10,5,10000,1000.0,1000.0,0.0,5000.0,2025-05-01
CUS_0x2aa8_2024_12_01,CUS_0x2aa8,2024-12-01,10,6,10000,1000.0,1000.0,0.0,4000.0,2025-06-01
CUS_0x2aa8_2024_12_01,CUS_0x2aa8,2024-12-01,10,7,10000,1000.0,1000.0,0.0,3000.0,2025-07-01
CUS_0x2aa8_2024_12_01,CUS_0x2aa8,2024-12-01,10,8,10000,1000.0,1000.0,0.0,2000.0,2025-08-01
CUS_0x2aa8_2024_12_01,CUS_0x2aa8,2024-12-01,10,9,10000,1000.0,1000.0,0.0,1000.0,2025-09-01
CUS_0x2aa8_2024_12_01,CUS_0x2aa8,2024-12-01,10,10,10000,1000.0,1000.0,0.0,0.0,2025-10-01
CUS_0x2abd_2024_08_01,CUS_0x2abd,2024-08-01,10,0,10000,0.0,0.0,0.0,10000.0,2024-08-01
CUS_0x2abd_2024_08_01,CUS_0x2abd,2024-08-01,10,1,10000,1000.0,1000.0,0.0,9000.0,2024-09-01
CUS_0x2abd_2024_08_01,CUS_0x2abd,2024-08-01,10,2,10000,1000.0,1000.0,0.0,8000.0,2024-10-01
CUS_0x2abd_2024_08_01,CUS_0x2abd,2024-08-01,10,3,10000,1000.0,1000.0,0.0,7000.0,2024-11-01
CUS_0x2abd_2024_08_01,CUS_0x2abd,2024-08-01,10,4,10000,1000.0,1000.0,0.0,6000.0,2024-12-01
CUS_0x2abd_2024_08_01,CUS_0x2abd,2024-08-01,10,5,10000,1000.0,1000.0,0.0,5000.0,2025-01-01
CUS_0x2abd_2024_08_01,CUS_0x2abd,2024-08-01,10,6,10000,1000.0,1000.0,0.0,4000.0,2025-02-01
CUS_0x2abd_2024_08_01,CUS_0x2abd,2024-08-01,10,7,10000,1000.0,1000.0,0.0,3000.0,2025-03-01
CUS_0x2abd_2024_08_01,CUS_0x2abd,2024-08-01,10,8,10000,1000.0,1000.0,0.0,2000.0,2025-04-01
CUS_0x2abd_2024_08_01,CUS_0x2abd,2024-08-01,10,9,10000,1000.0,1000.0,0.0,1000.0,2025-05-01
CUS_0x2abd_2024_08_01,CUS_0x2abd,2024-08-01,10,10,10000,1000.0,1000.0,0.0,0.0,2025-06-01
CUS_0x2ae8_2024_08_01,CUS_0x2ae8,2024-08-01,10,0,10000,0.0,0.0,0.0,10000.0,2024-08-01
CUS_0x2ae8_2024_08_01,CUS_0x2ae8,2024-08-01,10,1,10000,1000.0,1000.0,0.0,9000.0,2024-09-01
CUS_0x2ae8_2024_08_01,CUS_0x2ae8,2024-08-01,10,2,10000,1000.0,1000.0,0.0,8000.0,2024-10-01
CUS_0x2ae8_2024_08_01,CUS_0x2ae8,2024-08-01,10,3,10000,1000.0,1000.0,0.0,7000.0,2024-11-01
CUS_0x2ae8_2024_08_01,CUS_0x2ae8,2024-08-01,10,4,10000,1000.0,1000.0,0.0,6000.0,2024-12-01
CUS_0x2ae8_2024_08_01,CUS_0x2ae8,2024-08-01,10,5,10000,1000.0,1000.0,0.0,5000.0,2025-01-01
CUS_0x2ae8_2024_08_01,CUS_0x2ae8,2024-08-01,10,6,10000,1000.0,1000.0,0.0,4000.0,2025-02-01
CUS_0x2ae8_2024_08_01,CUS_0x2ae8,2024-08-01,10,7,10000,1000.0,1000.0,0.0,3000.0,2025-03-01
CUS_0x2ae8_2024_08_01,CUS_0x2ae8,2024-08-01,10,8,10000,1000.0,1000.0,0.0,2000.0,2025-04-01
CUS_0x2ae8_2024_08_01,CUS_0x2ae8,2024-08-01,10,9,10000,1000.0,1000.0,0.0,1000.0,2025-05-01
CUS_0x2ae8_2024_08_01,CUS_0x2ae8,2024-08-01,10,10,10000,1000.0,1000.0,0.0,0.0,2025-06-01
CUS_0x2b7a_2024_08_01,CUS_0x2b7a,2024-08-01,10,0,10000,0.0,0.0,0.0,10000.0,2024-08-01
CUS_0x2b7a_2024_08_01,CUS_0x2b7a,2024-08-01,10,1,10000,1000.0,0.0,1000.0,10000.0,2024-09-01
CUS_0x2b7a_2024_08_01,CUS_0x2b7a,2024-08-01,10,2,10000,1000.0,0.0,2000.0,10000.0,2024-10-01
CUS_0x2b7a_2024_08_01,CUS_0x2b7a,2024-08-01,10,3,10000,1000.0,3000.0,0.0,7000.0,2024-11-01
CUS_0x2b7a_2024_08_01,CUS_0x2b7a,2024-08-01,10,4,10000,1000.0,0.0,1000.0,7000.0,2024-12-01
CUS_0x2b7a_2024_08_01,CUS_0x2b7a,2024-08-01,10,5,10000,1000.0,0.0,2000.0,7000.0,2025-01-01
CUS_0x2b7a_2024_08_01,CUS_0x2b7a,2024-08-01,10,6,10000,1000.0,0.0,3000.0,7000.0,2025-02-01
CUS_0x2b7a_2024_08_01,CUS_0x2b7a,2024-08-01,10,7,10000,1000.0,0.0,4000.0,7000.0,2025-03-01
CUS_0x2b7a_2024_08_01,CUS_0x2b7a,2024-08-01,10,8,10000,1000.0,0.0,5000.0,7000.0,2025-04-01
CUS_0x2b7a_2024_08_01,CUS_0x2b7a,2024-08-01,10,9,10000,1000.0,0.0,6000.0,7000.0,2025-05-01
CUS_0x2b7a_2024_08_01,CUS_0x2b7a,2024-08-01,10,10,10000,1000.0,0.0,7000.0,7000.0,2025-06-01
CUS_0x2b7d_2024_06_01,CUS_0x2b7d,2024-06-01,10,0,10000,0.0,0.0,0.0,10000.0,2024-06-01
CUS_0x2b7d_2024_06_01,CUS_0x2b7d,2024-06-01,10,1,10000,1000.0,0.0,1000.0,10000.0,2024-07-01
CUS_0x2b7d_2024_06_01,CUS_0x2b7d,2024-06-01,10,2,10000,1000.0,2000.0,0.0,8000.0,2024-08-01
CUS_0x2b7d_2024_06_01,CUS_0x2b7d,2024-06-01,10,3,10000,1000.0,1000.0,0.0,7000.0,2024-09-01
CUS_0x2b7d_2024_06_01,CUS_0x2b7d,2024-06-01,10,4,10000,1000.0,0.0,1000.0,7000.0,2024-10-01
CUS_0x2b7d_2024_06_01,CUS_0x2b7d,2024-06-01,10,5,10000,1000.0,0.0,2000.0,7000.0,2024-11-01
CUS_0x2b7d_2024_06_01,CUS_0x2b7d,2024-06-01,10,6,10000,1000.0,0.0,3000.0,7000.0,2024-12-01
CUS_0x2b7d_2024_06_01,CUS_0x2b7d,2024-06-01,10,7,10000,1000.0,0.0,4000.0,7000.0,2025-01-01
CUS_0x2b7d_2024_06_01,CUS_0x2b7d,2024-06-01,10,8,10000,1000.0,0.0,5000.0,7000.0,2025-02-01
CUS_0x2b7d_2024_06_01,CUS_0x2b7d,2024-06-01,10,9,10000,1000.0,0.0,6000.0,7000.0,2025-03-01
CUS_0x2b7d_2024_06_01,CUS_0x2b7d,2024-06-01,10,10,10000,1000.0,0.0,7000.0,7000.0,2025-04-01
CUS_0x2b94_2023_05_01,CUS_0x2b94,2023-05-01,10,0,10000,0.0,0.0,0.0,10000.0,2023-05-01
CUS_0x2b94_2023_05_01,CUS_0x2b94,2023-05-01,10,1,10000,1000.0,1000.0,0.0,9000.0,2023-06-01
CUS_0x2b94_2023_05_01,CUS_0x2b94,2023-05-01,10,2,10000,1000.0,1000.0,0.0,8000.0,2023-07-01
CUS_0x2b94_2023_05_01,CUS_0x2b94,2023-05-01,10,3,10000,1000.0,1000.0,0.0,7000.0,2023-08-01
CUS_0x2b94_2023_05_01,CUS_0x2b94,2023-05-01,10,4,10000,1000.0,1000.0,0.0,6000.0,2023-09-01
CUS_0x2b94_2023_05_01,CUS_0x2b94,2023-05-01,10,5,10000,1000.0,1000.0,0.0,5000.0,2023-10-01
CUS_0x2b94_2023_05_01,CUS_0x2b94,2023-05-01,10,6,10000,1000.0,1000.0,0.0,4000.0,2023-11-01
CUS_0x2b94_2023_05_01,CUS_0x2b94,2023-05-01,10,7,10000,1000.0,1000.0,0.0,3000.0,2023-12-01
CUS_0x2b94_2023_05_01,CUS_0x2b94,2023-05-01,10,8,10000,1000.0,1000.0,0.0,2000.0,2024-01-01
CUS_0x2b94_2023_05_01,CUS_0x2b94,2023-05-01,10,9,10000,1000.0,1000.0,0.0,1000.0,2024-02-01
CUS_0x2b94_2023_05_01,CUS_0x2b94,2023-05-01,10,10,10000,1000.0,1000.0,0.0,0.0,2024-03-01
CUS_0x2ba4_2024_08_01,CUS_0x2ba4,2024-08-01,10,0,10000,0.0,0.0,0.0,10000.0,2024-08-01
CUS_0x2ba4_2024_08_01,CUS_0x2ba4,2024-08-01,10,1,10000,1000.0,1000.0,0.0,9000.0,2024-09-01
CUS_0x2ba4_2024_08_01,CUS_0x2ba4,2024-08-01,10,2,10000,1000.0,1000.0,0.0,8000.0,2024-10-01
CUS_0x2ba4_2024_08_01,CUS_0x2ba4,2024-08-01,10,3,10000,1000.0,0.0,1000.0,8000.0,2024-11-01
CUS_0x2ba4_2024_08_01,CUS_0x2ba4,2024-08-01,10,4,10000,1000.0,0.0,2000.0,8000.0,2024-12-01
CUS_0x2ba4_2024_08_01,CUS_0x2ba4,2024-08-01,10,5,10000,1000.0,0.0,3000.0,8000.0,2025-01-01
CUS_0x2ba4_2024_08_01,CUS_0x2ba4,2024-08-01,10,6,10000,1000.0,0.0,4000.0,8000.0,2025-02-01
CUS_0x2ba4_2024_08_01,CUS_0x2ba4,2024-08-01,10,7,10000,1000.0,0.0,5000.0,8000.0,2025-03-01
CUS_0x2ba4_2024_08_01,CUS_0x2ba4,2024-08-01,10,8,10000,1000.0,0.0,6000.0,8000.0,2025-04-01
CUS_0x2ba4_2024_08_01,CUS_0x2ba4,2024-08-01,10,9,10000,1000.0,0.0,7000.0,8000.0,2025-05-01
CUS_0x2ba4_2024_08_01,CUS_0x2ba4,2024-08-01,10,10,10000,1000.0,0.0,8000.0,8000.0,2025-06-01
CUS_0x2bce_2024_07_01,CUS_0x2bce,2024-07-01,10,0,10000,0.0,0.0,0.0,10000.0,2024-07-01
CUS_0x2bce_2024_07_01,CUS_0x2bce,2024-07-01,10,1,10000,1000.0,1000.0,0.0,9000.0,2024-08-01
CUS_0x2bce_2024_07_01,CUS_0x2bce,2024-07-01,10,2,10000,1000.0,1000.0,0.0,8000.0,2024-09-01
CUS_0x2bce_2024_07_01,CUS_0x2bce,2024-07-01,10,3,10000,1000.0,0.0,1000.0,8000.0,2024-10-01
CUS_0x2bce_2024_07_01,CUS_0x2bce,2024-07-01,10,4,10000,1000.0,0.0,2000.0,8000.0,2024-11-01
CUS_0x2bce_2024_07_01,CUS_0x2bce,2024-07-01,10,5,10000,1000.0,0.0,3000.0,8000.0,2024-12-01
CUS_0x2bce_2024_07_01,CUS_0x2bce,2024-07-01,10,6,10000,1000.0,0.0,4000.0,8000.0,2025-01-01
CUS_0x2bce_2024_07_01,CUS_0x2bce,2024-07-01,10,7,10000,1000.0,0.0,5000.0,8000.0,2025-02-01
CUS_0x2bce_2024_07_01,CUS_0x2bce,2024-07-01,10,8,10000,1000.0,0.0,6000.0,8000.0,2025-03-01
CUS_0x2bce_2024_07_01,CUS_0x2bce,2024-07-01,10,9,10000,1000.0,0.0,7000.0,8000.0,2025-04-01
CUS_0x2bce_2024_07_01,CUS_0x2bce,2024-07-01,10,10,10000,1000.0,0.0,8000.0,8000.0,2025-05-01
CUS_0x2c0d_2023_03_01,CUS_0x2c0d,2023-03-01,10,0,10000,0.0,0.0,0.0,10000.0,2023-03-01
CUS_0x2c0d_2023_03_01,CUS_0x2c0d,2023-03-01,10,1,10000,1000.0,1000.0,0.0,9000.0,2023-04-01
CUS_0x2c0d_2023_03_01,CUS_0x2c0d,2023-03-01,10,2,10000,1000.0,1000.0,0.0,8000.0,2023-05-01
CUS_0x2c0d_2023_03_01,CUS_0x2c0d,2023-03-01,10,3,10000,1000.0,1000.0,0.0,7000.0,2023-06-01
CUS_0x2c0d_2023_03_01,CUS_0x2c0d,2023-03-01,10,4,10000,1000.0,0.0,1000.0,7000.0,2023-07-01
CUS_0x2c0d_2023_03_01,CUS_0x2c0d,2023-03-01,10,5,10000,1000.0,0.0,2000.0,7000.0,2023-08-01
CUS_0x2c0d_2023_03_01,CUS_0x2c0d,2023-03-01,10,6,10000,1000.0,0.0,3000.0,7000.0,2023-09-01
CUS_0x2c0d_2023_03_01,CUS_0x2c0d,2023-03-01,10,7,10000,1000.0,0.0,4000.0,7000.0,2023-10-01
CUS_0x2c0d_2023_03_01,CUS_0x2c0d,2023-03-01,10,8,10000,1000.0,0.0,5000.0,7000.0,2023-11-01
CUS_0x2c0d_2023_03_01,CUS_0x2c0d,2023-03-01,10,9,10000,1000.0,0.0,6000.0,7000.0,2023-12-01
CUS_0x2c0d_2023_03_01,CUS_0x2c0d,2023-03-01,10,10,10000,1000.0,0.0,7000.0,7000.0,2024-01-01
CUS_0x2c14_2023_09_01,CUS_0x2c14,2023-09-01,10,0,10000,0.0,0.0,0.0,10000.0,2023-09-01
CUS_0x2c14_2023_09_01,CUS_0x2c14,2023-09-01,10,1,10000,1000.0,0.0,1000.0,10000.0,2023-10-01
CUS_0x2c14_2023_09_01,CUS_0x2c14,2023-09-01,10,2,10000,1000.0,2000.0,0.0,8000.0,2023-11-01
CUS_0x2c14_2023_09_01,CUS_0x2c14,2023-09-01,10,3,10000,1000.0,1000.0,0.0,7000.0,2023-12-01
CUS_0x2c14_2023_09_01,CUS_0x2c14,2023-09-01,10,4,10000,1000.0,1000.0,0.0,6000.0,2024-01-01
CUS_0x2c14_2023_09_01,CUS_0x2c14,2023-09-01,10,5,10000,1000.0,0.0,1000.0,6000.0,2024-02-01
CUS_0x2c14_2023_09_01,CUS_0x2c14,2023-09-01,10,6,10000,1000.0,0.0,2000.0,6000.0,2024-03-01
CUS_0x2c14_2023_09_01,CUS_0x2c14,2023-09-01,10,7,10000,1000.0,0.0,3000.0,6000.0,2024-04-01
CUS_0x2c14_2023_09_01,CUS_0x2c14,2023-09-01,10,8,10000,1000.0,0.0,4000.0,6000.0,2024-05-01
CUS_0x2c14_2023_09_01,CUS_0x2c14,2023-09-01,10,9,10000,1000.0,0.0,5000.0,6000.0,2024-06-01
CUS_0x2c14_2023_09_01,CUS_0x2c14,2023-09-01,10,10,10000,1000.0,0.0,6000.0,6000.0,2024-07-01
CUS_0x2c48_2023_03_01,CUS_0x2c48,2023-03-01,10,0,10000,0.0,0.0,0.0,10000.0,2023-03-01
CUS_0x2c48_2023_03_01,CUS_0x2c48,2023-03-01,10,1,10000,1000.0,1000.0,0.0,9000.0,2023-04-01
CUS_0x2c48_2023_03_01,CUS_0x2c48,2023-03-01,10,2,10000,1000.0,1000.0,0.0,8000.0,2023-05-01
CUS_0x2c48_2023_03_01,CUS_0x2c48,2023-03-01,10,3,10000,1000.0,1000.0,0.0,7000.0,2023-06-01
CUS_0x2c48_2023_03_01,CUS_0x2c48,2023-03-01,10,4,10000,1000.0,1000.0,0.0,6000.0,2023-07-01
CUS_0x2c48_2023_03_01,CUS_0x2c48,2023-03-01,10,5,10000,1000.0,1000.0,0.0,5000.0,2023-08-01
CUS_0x2c48_2023_03_01,CUS_0x2c48,2023-03-01,10,6,10000,1000.0,1000.0,0.0,4000.0,2023-09-01
CUS_0x2c48_2023_03_01,CUS_0x2c48,2023-03-01,10,7,10000,1000.0,1000.0,0.0,3000.0,2023-10-01
CUS_0x2c48_2023_03_01,CUS_0x2c48,2023-03-01,10,8,10000,1000.0,1000.0,0.0,2000.0,2023-11-01
CUS_0x2c48_2023_03_01,CUS_0x2c48,2023-03-01,10,9,10000,1000.0,1000.0,0.0,1000.0,2023-12-01
CUS_0x2c48_2023_03_01,CUS_0x2c48,2023-03-01,10,10,10000,1000.0,1000.0,0.0,0.0,2024-01-01
CUS_0x2c7d_2025_01_01,CUS_0x2c7d,2025-01-01,10,0,10000,0.0,0.0,0.0,10000.0,2025-01-01
CUS_0x2c7d_2025_01_01,CUS_0x2c7d,2025-01-01,10,1,10000,1000.0,1000.0,0.0,9000.0,2025-02-01
CUS_0x2c7d_2025_01_01,CUS_0x2c7d,2025-01-01,10,2,10000,1000.0,1000.0,0.0,8000.0,2025-03-01
CUS_0x2c7d_2025_01_01,CUS_0x2c7d,2025-01-01,10,3,10000,1000.0,1000.0,0.0,7000.0,2025-04-01
CUS_0x2c7d_2025_01_01,CUS_0x2c7d,2025-01-01,10,4,10000,1000.0,1000.0,0.0,6000.0,2025-05-01
CUS_0x2c7d_2025_01_01,CUS_0x2c7d,2025-01-01,10,5,10000,1000.0,1000.0,0.0,5000.0,2025-06-01
CUS_0x2c7d_2025_01_01,CUS_0x2c7d,2025-01-01,10,6,10000,1000.0,1000.0,0.0,4000.0,2025-07-01
CUS_0x2c7d_2025_01_01,CUS_0x2c7d,2025-01-01,10,7,10000,1000.0,1000.0,0.0,3000.0,2025-08-01
CUS_0x2c7d_2025_01_01,CUS_0x2c7d,2025-01-01,10,8,10000,1000.0,1000.0,0.0,2000.0,2025-09-01
CUS_0x2c7d_2025_01_01,CUS_0x2c7d,2025-01-01,10,9,10000,1000.0,1000.0,0.0,1000.0,2025-10-01
CUS_0x2c7d_2025_01_01,CUS_0x2c7d,2025-01-01,10,10,10000,1000.0,1000.0,0.0,0.0,2025-11-01
CUS_0x2c9f_2023_09_01,CUS_0x2c9f,2023-09-01,10,0,10000,0.0,0.0,0.0,10000.0,2023-09-01
CUS_0x2c9f_2023_09_01,CUS_0x2c9f,2023-09-01,10,1,10000,1000.0,1000.0,0.0,9000.0,2023-10-01
CUS_0x2c9f_2023_09_01,CUS_0x2c9f,2023-09-01,10,2,10000,1000.0,1000.0,0.0,8000.0,2023-11-01
CUS_0x2c9f_2023_09_01,CUS_0x2c9f,2023-09-01,10,3,10000,1000.0,1000.0,0.0,7000.0,2023-12-01
CUS_0x2c9f_2023_09_01,CUS_0x2c9f,2023-09-01,10,4,10000,1000.0,1000.0,0.0,6000.0,2024-01-01
CUS_0x2c9f_2023_09_01,CUS_0x2c9f,2023-09-01,10,5,10000,1000.0,1000.0,0.0,5000.0,2024-02-01
CUS_0x2c9f_2023_09_01,CUS_0x2c9f,2023-09-01,10,6,10000,1000.0,1000.0,0.0,4000.0,2024-03-01
CUS_0x2c9f_2023_09_01,CUS_0x2c9f,2023-09-01,10,7,10000,1000.0,1000.0,0.0,3000.0,2024-04-01
CUS_0x2c9f_2023_09_01,CUS_0x2c9f,2023-09-01,10,8,10000,1000.0,1000.0,0.0,2000.0,2024-05-01
CUS_0x2c9f_2023_09_01,CUS_0x2c9f,2023-09-01,10,9,10000,1000.0,1000.0,0.0,1000.0,2024-06-01
CUS_0x2c9f_2023_09_01,CUS_0x2c9f,2023-09-01,10,10,10000,1000.0,1000.0,0.0,0.0,2024-07-01
CUS_0x2d05_2023_07_01,CUS_0x2d05,2023-07-01,10,0,10000,0.0,0.0,0.0,10000.0,2023-07-01
CUS_0x2d05_2023_07_01,CUS_0x2d05,2023-07-01,10,1,10000,1000.0,1000.0,0.0,9000.0,2023-08-01
CUS_0x2d05_2023_07_01,CUS_0x2d05,2023-07-01,10,2,10000,1000.0,1000.0,0.0,8000.0,2023-09-01
CUS_0x2d05_2023_07_01,CUS_0x2d05,2023-07-01,10,3,10000,1000.0,1000.0,0.0,7000.0,2023-10-01
CUS_0x2d05_2023_07_01,CUS_0x2d05,2023-07-01,10,4,10000,1000.0,1000.0,0.0,6000.0,2023-11-01
CUS_0x2d05_2023_07_01,CUS_0x2d05,2023-07-01,10,5,10000,1000.0,1000.0,0.0,5000.0,2023-12-01
CUS_0x2d05_2023_07_01,CUS_0x2d05,2023-07-01,10,6,10000,1000.0,1000.0,0.0,4000.0,2024-01-01
CUS_0x2d05_2023_07_01,CUS_0x2d05,2023-07-01,10,7,10000,1000.0,1000.0,0.0,3000.0,2024-02-01
CUS_0x2d05_2023_07_01,CUS_0x2d05,2023-07-01,10,8,10000,1000.0,1000.0,0.0,2000.0,2024-03-01
CUS_0x2d05_2023_07_01,CUS_0x2d05,2023-07-01,10,9,10000,1000.0,1000.0,0.0,1000.0,2024-04-01
CUS_0x2d05_2023_07_01,CUS_0x2d05,2023-07-01,10,10,10000,1000.0,1000.0,0.0,0.0,2024-05-01
CUS_0x2d16_2024_11_01,CUS_0x2d16,2024-11-01,10,0,10000,0.0,0.0,0.0,10000.0,2024-11-01
CUS_0x2d16_2024_11_01,CUS_0x2d16,2024-11-01,10,1,10000,1000.0,1000.0,0.0,9000.0,2024-12-01
CUS_0x2d16_2024_11_01,CUS_0x2d16,2024-11-01,10,2,10000,1000.0,1000.0,0.0,8000.0,2025-01-01
CUS_0x2d16_2024_11_01,CUS_0x2d16,2024-11-01,10,3,10000,1000.0,1000.0,0.0,7000.0,2025-02-01
CUS_0x2d16_2024_11_01,CUS_0x2d16,2024-11-01,10,4,10000,1000.0,1000.0,0.0,6000.0,2025-03-01
CUS_0x2d16_2024_11_01,CUS_0x2d16,2024-11-01,10,5,10000,1000.0,1000.0,0.0,5000.0,2025-04-01
CUS_0x2d16_2024_11_01,CUS_0x2d16,2024-11-01,10,6,10000,1000.0,1000.0,0.0,4000.0,2025-05-01
CUS_0x2d16_2024_11_01,CUS_0x2d16,2024-11-01,10,7,10000,1000.0,1000.0,0.0,3000.0,2025-06-01
CUS_0x2d16_2024_11_01,CUS_0x2d16,2024-11-01,10,8,10000,1000.0,1000.0,0.0,2000.0,2025-07-01
CUS_0x2d16_2024_11_01,CUS_0x2d16,2024-11-01,10,9,10000,1000.0,1000.0,0.0,1000.0,2025-08-01
CUS_0x2d16_2024_11_01,CUS_0x2d16,2024-11-01,10,10,10000,1000.0,1000.0,0.0,0.0,2025-09-01
CUS_0x2d78_2023_07_01,CUS_0x2d78,2023-07-01,10,0,10000,0.0,0.0,0.0,10000.0,2023-07-01
CUS_0x2d78_2023_07_01,CUS_0x2d78,2023-07-01,10,1,10000,1000.0,1000.0,0.0,9000.0,2023-08-01
CUS_0x2d78_2023_07_01,CUS_0x2d78,2023-07-01,10,2,10000,1000.0,1000.0,0.0,8000.0,2023-09-01
CUS_0x2d78_2023_07_01,CUS_0x2d78,2023-07-01,10,3,10000,1000.0,0.0,1000.0,8000.0,2023-10-01
CUS_0x2d78_2023_07_01,CUS_0x2d78,2023-07-01,10,4,10000,1000.0,2000.0,0.0,6000.0,2023-11-01
CUS_0x2d78_2023_07_01,CUS_0x2d78,2023-07-01,10,5,10000,1000.0,0.0,1000.0,6000.0,2023-12-01
CUS_0x2d78_2023_07_01,CUS_0x2d78,2023-07-01,10,6,10000,1000.0,0.0,2000.0,6000.0,2024-01-01
CUS_0x2d78_2023_07_01,CUS_0x2d78,2023-07-01,10,7,10000,1000.0,0.0,3000.0,6000.0,2024-02-01
CUS_0x2d78_2023_07_01,CUS_0x2d78,2023-07-01,10,8,10000,1000.0,0.0,4000.0,6000.0,2024-03-01
CUS_0x2d78_2023_07_01,CUS_0x2d78,2023-07-01,10,9,10000,1000.0,0.0,5000.0,6000.0,2024-04-01
CUS_0x2d78_2023_07_01,CUS_0x2d78,2023-07-01,10,10,10000,1000.0,0.0,6000.0,6000.0,2024-05-01
CUS_0x2db5_2025_01_01,CUS_0x2db5,2025-01-01,10,0,10000,0.0,0.0,0.0,10000.0,2025-01-01
CUS_0x2db5_2025_01_01,CUS_0x2db5,2025-01-01,10,1,10000,1000.0,1000.0,0.0,9000.0,2025-02-01
CUS_0x2db5_2025_01_01,CUS_0x2db5,2025-01-01,10,2,10000,1000.0,1000.0,0.0,8000.0,2025-03-01
CUS_0x2db5_2025_01_01,CUS_0x2db5,2025-01-01,10,3,10000,1000.0,1000.0,0.0,7000.0,2025-04-01
CUS_0x2db5_2025_01_01,CUS_0x2db5,2025-01-01,10,4,10000,1000.0,1000.0,0.0,6000.0,2025-05-01
CUS_0x2db5_2025_01_01,CUS_0x2db5,2025-01-01,10,5,10000,1000.0,1000.0,0.0,5000.0,2025-06-01
CUS_0x2db5_2025_01_01,CUS_0x2db5,2025-01-01,10,6,10000,1000.0,1000.0,0.0,4000.0,2025-07-01
CUS_0x2db5_2025_01_01,CUS_0x2db5,2025-01-01,10,7,10000,1000.0,1000.0,0.0,3000.0,2025-08-01
CUS_0x2db5_2025_01_01,CUS_0x2db5,2025-01-01,10,8,10000,1000.0,1000.0,0.0,2000.0,2025-09-01
CUS_0x2db5_2025_01_01,CUS_0x2db5,2025-01-01,10,9,10000,1000.0,1000.0,0.0,1000.0,2025-10-01
CUS_0x2db5_2025_01_01,CUS_0x2db5,2025-01-01,10,10,10000,1000.0,1000.0,0.0,0.0,2025-11-01
CUS_0x2de1_2023_10_01,CUS_0x2de1,2023-10-01,10,0,10000,0.0,0.0,0.0,10000.0,2023-10-01
CUS_0x2de1_2023_10_01,CUS_0x2de1,2023-10-01,10,1,10000,1000.0,1000.0,0.0,9000.0,2023-11-01
CUS_0x2de1_2023_10_01,CUS_0x2de1,2023-10-01,10,2,10000,1000.0,1000.0,0.0,8000.0,2023-12-01
CUS_0x2de1_2023_10_01,CUS_0x2de1,2023-10-01,10,3,10000,1000.0,1000.0,0.0,7000.0,2024-01-01
CUS_0x2de1_2023_10_01,CUS_0x2de1,2023-10-01,10,4,10000,1000.0,1000.0,0.0,6000.0,2024-02-01
CUS_0x2de1_2023_10_01,CUS_0x2de1,2023-10-01,10,5,10000,1000.0,1000.0,0.0,5000.0,2024-03-01
CUS_0x2de1_2023_10_01,CUS_0x2de1,2023-10-01,10,6,10000,1000.0,1000.0,0.0,4000.0,2024-04-01
CUS_0x2de1_2023_10_01,CUS_0x2de1,2023-10-01,10,7,10000,1000.0,1000.0,0.0,3000.0,2024-05-01
CUS_0x2de1_2023_10_01,CUS_0x2de1,2023-10-01,10,8,10000,1000.0,1000.0,0.0,2000.0,2024-06-01
CUS_0x2de1_2023_10_01,CUS_0x2de1,2023-10-01,10,9,10000,1000.0,1000.0,0.0,1000.0,2024-07-01
CUS_0x2de1_2023_10_01,CUS_0x2de1,2023-10-01,10,10,10000,1000.0,1000.0,0.0,0.0,2024-08-01
CUS_0x2e31_2024_11_01,CUS_0x2e31,2024-11-01,10,0,10000,0.0,0.0,0.0,10000.0,2024-11-01
CUS_0x2e31_2024_11_01,CUS_0x2e31,2024-11-01,10,1,10000,1000.0,1000.0,0.0,9000.0,2024-12-01
CUS_0x2e31_2024_11_01,CUS_0x2e31,2024-11-01,10,2,10000,1000.0,1000.0,0.0,8000.0,2025-01-01
CUS_0x2e31_2024_11_01,CUS_0x2e31,2024-11-01,10,3,10000,1000.0,1000.0,0.0,7000.0,2025-02-01
CUS_0x2e31_2024_11_01,CUS_0x2e31,2024-11-01,10,4,10000,1000.0,1000.0,0.0,6000.0,2025-03-01
CUS_0x2e31_2024_11_01,CUS_0x2e31,2024-11-01,10,5,10000,1000.0,1000.0,0.0,5000.0,2025-04-01
CUS_0x2e31_2024_11_01,CUS_0x2e31,2024-11-01,10,6,10000,1000.0,1000.0,0.0,4000.0,2025-05-01
CUS_0x2e31_2024_11_01,CUS_0x2e31,2024-11-01,10,7,10000,1000.0,1000.0,0.0,3000.0,2025-06-01
CUS_0x2e31_2024_11_01,CUS_0x2e31,2024-11-01,10,8,10000,1000.0,1000.0,0.0,2000.0,2025-07-01
CUS_0x2e31_2024_11_01,CUS_0x2e31,2024-11-01,10,9,10000,1000.0,1000.0,0.0,1000.0,2025-08-01
CUS_0x2e31_2024_11_01,CUS_0x2e31,2024-11-01,10,10,10000,1000.0,1000.0,0.0,0.0,2025-09-01
CUS_0x2eb7_2024_11_01,CUS_0x2eb7,2024-11-01,10,0,10000,0.0,0.0,0.0,10000.0,2024-11-01
CUS_0x2eb7_2024_11_01,CUS_0x2eb7,2024-11-01,10,1,10000,1000.0,1000.0,0.0,9000.0,2024-12-01
CUS_0x2eb7_2024_11_01,CUS_0x2eb7,2024-11-01,10,2,10000,1000.0,0.0,1000.0,9000.0,2025-01-01
CUS_0x2eb7_2024_11_01,CUS_0x2eb7,2024-11-01,10,3,10000,1000.0,0.0,2000.0,9000.0,2025-02-01
CUS_0x2eb7_2024_11_01,CUS_0x2eb7,2024-11-01,10,4,10000,1000.0,0.0,3000.0,9000.0,2025-03-01
CUS_0x2eb7_2024_11_01,CUS_0x2eb7,2024-11-01,10,5,10000,1000.0,0.0,4000.0,9000.0,2025-04-01
CUS_0x2eb7_2024_11_01,CUS_0x2eb7,2024-11-01,10,6,10000,1000.0,0.0,5000.0,9000.0,2025-05-01
CUS_0x2eb7_2024_11_01,CUS_0x2eb7,2024-11-01,10,7,10000,1000.0,0.0,6000.0,9000.0,2025-06-01
CUS_0x2eb7_2024_11_01,CUS_0x2eb7,2024-11-01,10,8,10000,1000.0,0.0,7000.0,9000.0,2025-07-01
CUS_0x2eb7_2024_11_01,CUS_0x2eb7,2024-11-01,10,9,10000,1000.0,0.0,8000.0,9000.0,2025-08-01
CUS_0x2eb7_2024_11_01,CUS_0x2eb7,2024-11-01,10,10,10000,1000.0,0.0,9000.0,9000.0,2025-09-01
CUS_0x2f11_2023_03_01,CUS_0x2f11,2023-03-01,10,0,10000,0.0,0.0,0.0,10000.0,2023-03-01
CUS_0x2f11_2023_03_01,CUS_0x2f11,2023-03-01,10,1,10000,1000.0,0.0,1000.0,10000.0,2023-04-01
CUS_0x2f11_2023_03_01,CUS_0x2f11,2023-03-01,10,2,10000,1000.0,2000.0,0.0,8000.0,2023-05-01
CUS_0x2f11_2023_03_01,CUS_0x2f11,2023-03-01,10,3,10000,1000.0,0.0,1000.0,8000.0,2023-06-01
CUS_0x2f11_2023_03_01,CUS_0x2f11,2023-03-01,10,4,10000,1000.0,2000.0,0.0,6000.0,2023-07-01
CUS_0x2f11_2023_03_01,CUS_0x2f11,2023-03-01,10,5,10000,1000.0,0.0,1000.0,6000.0,2023-08-01
CUS_0x2f11_2023_03_01,CUS_0x2f11,2023-03-01,10,6,10000,1000.0,0.0,2000.0,6000.0,2023-09-01
CUS_0x2f11_2023_03_01,CUS_0x2f11,2023-03-01,10,7,10000,1000.0,0.0,3000.0,6000.0,2023-10-01
CUS_0x2f11_2023_03_01,CUS_0x2f11,2023-03-01,10,8,10000,1000.0,0.0,4000.0,6000.0,2023-11-01
CUS_0x2f11_2023_03_01,CUS_0x2f11,2023-03-01,10,9,10000,1000.0,0.0,5000.0,6000.0,2023-12-01
CUS_0x2f11_2023_03_01,CUS_0x2f11,2023-03-01,10,10,10000,1000.0,0.0,6000.0,6000.0,2024-01-01
CUS_0x2f31_2023_10_01,CUS_0x2f31,2023-10-01,10,0,10000,0.0,0.0,0.0,10000.0,2023-10-01
CUS_0x2f31_2023_10_01,CUS_0x2f31,2023-10-01,10,1,10000,1000.0,1000.0,0.0,9000.0,2023-11-01
CUS_0x2f31_2023_10_01,CUS_0x2f31,2023-10-01,10,2,10000,1000.0,1000.0,0.0,8000.0,2023-12-01
CUS_0x2f31_2023_10_01,CUS_0x2f31,2023-10-01,10,3,10000,1000.0,1000.0,0.0,7000.0,2024-01-01
CUS_0x2f31_2023_10_01,CUS_0x2f31,2023-10-01,10,4,10000,1000.0,1000.0,0.0,6000.0,2024-02-01
CUS_0x2f31_2023_10_01,CUS_0x2f31,2023-10-01,10,5,10000,1000.0,1000.0,0.0,5000.0,2024-03-01
CUS_0x2f31_2023_10_01,CUS_0x2f31,2023-10-01,10,6,10000,1000.0,1000.0,0.0,4000.0,2024-04-01
CUS_0x2f31_2023_10_01,CUS_0x2f31,2023-10-01,10,7,10000,1000.0,1000.0,0.0,3000.0,2024-05-01
CUS_0x2f31_2023_10_01,CUS_0x2f31,2023-10-01,10,8,10000,1000.0,1000.0,0.0,2000.0,2024-06-01
CUS_0x2f31_2023_10_01,CUS_0x2f31,2023-10-01,10,9,10000,1000.0,1000.0,0.0,1000.0,2024-07-01
CUS_0x2f31_2023_10_01,CUS_0x2f31,2023-10-01,10,10,10000,1000.0,1000.0,0.0,0.0,2024-08-01
CUS_0x2fc9_2024_08_01,CUS_0x2fc9,2024-08-01,10,0,10000,0.0,0.0,0.0,10000.0,2024-08-01
CUS_0x2fc9_2024_08_01,CUS_0x2fc9,2024-08-01,10,1,10000,1000.0,1000.0,0.0,9000.0,2024-09-01
CUS_0x2fc9_2024_08_01,CUS_0x2fc9,2024-08-01,10,2,10000,1000.0,1000.0,0.0,8000.0,2024-10-01
CUS_0x2fc9_2024_08_01,CUS_0x2fc9,2024-08-01,10,3,10000,1000.0,1000.0,0.0,7000.0,2024-11-01
CUS_0x2fc9_2024_08_01,CUS_0x2fc9,2024-08-01,10,4,10000,1000.0,1000.0,0.0,6000.0,2024-12-01
CUS_0x2fc9_2024_08_01,CUS_0x2fc9,2024-08-01,10,5,10000,1000.0,1000.0,0.0,5000.0,2025-01-01
CUS_0x2fc9_2024_08_01,CUS_0x2fc9,2024-08-01,10,6,10000,1000.0,1000.0,0.0,4000.0,2025-02-01
CUS_0x2fc9_2024_08_01,CUS_0x2fc9,2024-08-01,10,7,10000,1000.0,1000.0,0.0,3000.0,2025-03-01
CUS_0x2fc9_2024_08_01,CUS_0x2fc9,2024-08-01,10,8,10000,1000.0,1000.0,0.0,2000.0,2025-04-01
CUS_0x2fc9_2024_08_01,CUS_0x2fc9,2024-08-01,10,9,10000,1000.0,1000.0,0.0,1000.0,2025-05-01
CUS_0x2fc9_2024_08_01,CUS_0x2fc9,2024-08-01,10,10,10000,1000.0,1000.0,0.0,0.0,2025-06-01
CUS_0x2ffe_2024_02_01,CUS_0x2ffe,2024-02-01,10,0,10000,0.0,0.0,0.0,10000.0,2024-02-01
CUS_0x2ffe_2024_02_01,CUS_0x2ffe,2024-02-01,10,1,10000,1000.0,1000.0,0.0,9000.0,2024-03-01
CUS_0x2ffe_2024_02_01,CUS_0x2ffe,2024-02-01,10,2,10000,1000.0,1000.0,0.0,8000.0,2024-04-01
CUS_0x2ffe_2024_02_01,CUS_0x2ffe,2024-02-01,10,3,10000,1000.0,1000.0,0.0,7000.0,2024-05-01
CUS_0x2ffe_2024_02_01,CUS_0x2ffe,2024-02-01,10,4,10000,1000.0,1000.0,0.0,6000.0,2024-06-01
CUS_0x2ffe_2024_02_01,CUS_0x2ffe,2024-02-01,10,5,10000,1000.0,1000.0,0.0,5000.0,2024-07-01
CUS_0x2ffe_2024_02_01,CUS_0x2ffe,2024-02-01,10,6,10000,1000.0,1000.0,0.0,4000.0,2024-08-01
CUS_0x2ffe_2024_02_01,CUS_0x2ffe,2024-02-01,10,7,10000,1000.0,1000.0,0.0,3000.0,2024-09-01
CUS_0x2ffe_2024_02_01,CUS_0x2ffe,2024-02-01,10,8,10000,1000.0,1000.0,0.0,2000.0,2024-10-01
CUS_0x2ffe_2024_02_01,CUS_0x2ffe,2024-02-01,10,9,10000,1000.0,1000.0,0.0,1000.0,2024-11-01
CUS_0x2ffe_2024_02_01,CUS_0x2ffe,2024-02-01,10,10,10000,1000.0,1000.0,0.0,0.0,2024-12-01
CUS_0x301d_2023_08_01,CUS_0x301d,2023-08-01,10,0,10000,0.0,0.0,0.0,10000.0,2023-08-01
CUS_0x301d_2023_08_01,CUS_0x301d,2023-08-01,10,1,10000,1000.0,1000.0,0.0,9000.0,2023-09-01
CUS_0x301d_2023_08_01,CUS_0x301d,2023-08-01,10,2,10000,1000.0,1000.0,0.0,8000.0,2023-10-01
CUS_0x301d_2023_08_01,CUS_0x301d,2023-08-01,10,3,10000,1000.0,1000.0,0.0,7000.0,2023-11-01
CUS_0x301d_2023_08_01,CUS_0x301d,2023-08-01,10,4,10000,1000.0,1000.0,0.0,6000.0,2023-12-01
CUS_0x301d_2023_08_01,CUS_0x301d,2023-08-01,10,5,10000,1000.0,1000.0,0.0,5000.0,2024-01-01
CUS_0x301d_2023_08_01,CUS_0x301d,2023-08-01,10,6,10000,1000.0,1000.0,0.0,4000.0,2024-02-01
CUS_0x301d_2023_08_01,CUS_0x301d,2023-08-01,10,7,10000,1000.0,1000.0,0.0,3000.0,2024-03-01
CUS_0x301d_2023_08_01,CUS_0x301d,2023-08-01,10,8,10000,1000.0,1000.0,0.0,2000.0,2024-04-01
CUS_0x301d_2023_08_01,CUS_0x301d,2023-08-01,10,9,10000,1000.0,1000.0,0.0,1000.0,2024-05-01
CUS_0x301d_2023_08_01,CUS_0x301d,2023-08-01,10,10,10000,1000.0,1000.0,0.0,0.0,2024-06-01
CUS_0x3033_2023_02_01,CUS_0x3033,2023-02-01,10,0,10000,0.0,0.0,0.0,10000.0,2023-02-01
CUS_0x3033_2023_02_01,CUS_0x3033,2023-02-01,10,1,10000,1000.0,1000.0,0.0,9000.0,2023-03-01
CUS_0x3033_2023_02_01,CUS_0x3033,2023-02-01,10,2,10000,1000.0,1000.0,0.0,8000.0,2023-04-01
CUS_0x3033_2023_02_01,CUS_0x3033,2023-02-01,10,3,10000,1000.0,1000.0,0.0,7000.0,2023-05-01
CUS_0x3033_2023_02_01,CUS_0x3033,2023-02-01,10,4,10000,1000.0,1000.0,0.0,6000.0,2023-06-01
CUS_0x3033_2023_02_01,CUS_0x3033,2023-02-01,10,5,10000,1000.0,1000.0,0.0,5000.0,2023-07-01
CUS_0x3033_2023_02_01,CUS_0x3033,2023-02-01,10,6,10000,1000.0,1000.0,0.0,4000.0,2023-08-01
CUS_0x3033_2023_02_01,CUS_0x3033,2023-02-01,10,7,10000,1000.0,1000.0,0.0,3000.0,2023-09-01
CUS_0x3033_2023_02_01,CUS_0x3033,2023-02-01,10,8,10000,1000.0,1000.0,0.0,2000.0,2023-10-01
CUS_0x3033_2023_02_01,CUS_0x3033,2023-02-01,10,9,10000,1000.0,1000.0,0.0,1000.0,2023-11-01
CUS_0x3033_2023_02_01,CUS_0x3033,2023-02-01,10,10,10000,1000.0,1000.0,0.0,0.0,2023-12-01
CUS_0x303d_2025_01_01,CUS_0x303d,2025-01-01,10,0,10000,0.0,0.0,0.0,10000.0,2025-01-01
CUS_0x303d_2025_01_01,CUS_0x303d,2025-01-01,10,1,10000,1000.0,0.0,1000.0,10000.0,2025-02-01
CUS_0x303d_2025_01_01,CUS_0x303d,2025-01-01,10,2,10000,1000.0,2000.0,0.0,8000.0,2025-03-01
CUS_0x303d_2025_01_01,CUS_0x303d,2025-01-01,10,3,10000,1000.0,0.0,1000.0,8000.0,2025-04-01
CUS_0x303d_2025_01_01,CUS_0x303d,2025-01-01,10,4,10000,1000.0,2000.0,0.0,6000.0,2025-05-01
CUS_0x303d_2025_01_01,CUS_0x303d,2025-01-01,10,5,10000,1000.0,0.0,1000.0,6000.0,2025-06-01
CUS_0x303d_2025_01_01,CUS_0x303d,2025-01-01,10,6,10000,1000.0,0.0,2000.0,6000.0,2025-07-01
CUS_0x303d_2025_01_01,CUS_0x303d,2025-01-01,10,7,10000,1000.0,0.0,3000.0,6000.0,2025-08-01
CUS_0x303d_2025_01_01,CUS_0x303d,2025-01-01,10,8,10000,1000.0,0.0,4000.0,6000.0,2025-09-01
CUS_0x303d_2025_01_01,CUS_0x303d,2025-01-01,10,9,10000,1000.0,0.0,5000.0,6000.0,2025-10-01
CUS_0x303d_2025_01_01,CUS_0x303d,2025-01-01,10,10,10000,1000.0,0.0,6000.0,6000.0,2025-11-01
CUS_0x3066_2024_02_01,CUS_0x3066,2024-02-01,10,0,10000,0.0,0.0,0.0,10000.0,2024-02-01
CUS_0x3066_2024_02_01,CUS_0x3066,2024-02-01,10,1,10000,1000.0,1000.0,0.0,9000.0,2024-03-01
CUS_0x3066_2024_02_01,CUS_0x3066,2024-02-01,10,2,10000,1000.0,1000.0,0.0,8000.0,2024-04-01
CUS_0x3066_2024_02_01,CUS_0x3066,2024-02-01,10,3,10000,1000.0,1000.0,0.0,7000.0,2024-05-01
CUS_0x3066_2024_02_01,CUS_0x3066,2024-02-01,10,4,10000,1000.0,1000.0,0.0,6000.0,2024-06-01
CUS_0x3066_2024_02_01,CUS_0x3066,2024-02-01,10,5,10000,1000.0,1000.0,0.0,5000.0,2024-07-01
CUS_0x3066_2024_02_01,CUS_0x3066,2024-02-01,10,6,10000,1000.0,1000.0,0.0,4000.0,2024-08-01
CUS_0x3066_2024_02_01,CUS_0x3066,2024-02-01,10,7,10000,1000.0,1000.0,0.0,3000.0,2024-09-01
CUS_0x3066_2024_02_01,CUS_0x3066,2024-02-01,10,8,10000,1000.0,1000.0,0.0,2000.0,2024-10-01
CUS_0x3066_2024_02_01,CUS_0x3066,2024-02-01,10,9,10000,1000.0,1000.0,0.0,1000.0,2024-11-01
CUS_0x3066_2024_02_01,CUS_0x3066,2024-02-01,10,10,10000,1000.0,1000.0,0.0,0.0,2024-12-01
CUS_0x30ae_2023_12_01,CUS_0x30ae,2023-12-01,10,0,10000,0.0,0.0,0.0,10000.0,2023-12-01
CUS_0x30ae_2023_12_01,CUS_0x30ae,2023-12-01,10,1,10000,1000.0,0.0,1000.0,10000.0,2024-01-01
CUS_0x30ae_2023_12_01,CUS_0x30ae,2023-12-01,10,2,10000,1000.0,2000.0,0.0,8000.0,2024-02-01
CUS_0x30ae_2023_12_01,CUS_0x30ae,2023-12-01,10,3,10000,1000.0,0.0,1000.0,8000.0,2024-03-01
CUS_0x30ae_2023_12_01,CUS_0x30ae,2023-12-01,10,4,10000,1000.0,2000.0,0.0,6000.0,2024-04-01
CUS_0x30ae_2023_12_01,CUS_0x30ae,2023-12-01,10,5,10000,1000.0,0.0,1000.0,6000.0,2024-05-01
CUS_0x30ae_2023_12_01,CUS_0x30ae,2023-12-01,10,6,10000,1000.0,0.0,2000.0,6000.0,2024-06-01
CUS_0x30ae_2023_12_01,CUS_0x30ae,2023-12-01,10,7,10000,1000.0,0.0,3000.0,6000.0,2024-07-01
CUS_0x30ae_2023_12_01,CUS_0x30ae,2023-12-01,10,8,10000,1000.0,0.0,4000.0,6000.0,2024-08-01
CUS_0x30ae_2023_12_01,CUS_0x30ae,2023-12-01,10,9,10000,1000.0,0.0,5000.0,6000.0,2024-09-01
CUS_0x30ae_2023_12_01,CUS_0x30ae,2023-12-01,10,10,10000,1000.0,0.0,6000.0,6000.0,2024-10-01
CUS_0x30c5_2024_12_01,CUS_0x30c5,2024-12-01,10,0,10000,0.0,0.0,0.0,10000.0,2024-12-01
CUS_0x30c5_2024_12_01,CUS_0x30c5,2024-12-01,10,1,10000,1000.0,0.0,1000.0,10000.0,2025-01-01
CUS_0x30c5_2024_12_01,CUS_0x30c5,2024-12-01,10,2,10000,1000.0,0.0,2000.0,10000.0,2025-02-01
CUS_0x30c5_2024_12_01,CUS_0x30c5,2024-12-01,10,3,10000,1000.0,0.0,3000.0,10000.0,2025-03-01
CUS_0x30c5_2024_12_01,CUS_0x30c5,2024-12-01,10,4,10000,1000.0,0.0,4000.0,10000.0,2025-04-01
CUS_0x30c5_2024_12_01,CUS_0x30c5,2024-12-01,10,5,10000,1000.0,0.0,5000.0,10000.0,2025-05-01
CUS_0x30c5_2024_12_01,CUS_0x30c5,2024-12-01,10,6,10000,1000.0,0.0,6000.0,10000.0,2025-06-01
CUS_0x30c5_2024_12_01,CUS_0x30c5,2024-12-01,10,7,10000,1000.0,0.0,7000.0,10000.0,2025-07-01
CUS_0x30c5_2024_12_01,CUS_0x30c5,2024-12-01,10,8,10000,1000.0,0.0,8000.0,10000.0,2025-08-01
CUS_0x30c5_2024_12_01,CUS_0x30c5,2024-12-01,10,9,10000,1000.0,0.0,9000.0,10000.0,2025-09-01
CUS_0x30c5_2024_12_01,CUS_0x30c5,2024-12-01,10,10,10000,1000.0,0.0,10000.0,10000.0,2025-10-01
CUS_0x30db_2024_11_01,CUS_0x30db,2024-11-01,10,0,10000,0.0,0.0,0.0,10000.0,2024-11-01
CUS_0x30db_2024_11_01,CUS_0x30db,2024-11-01,10,1,10000,1000.0,1000.0,0.0,9000.0,2024-12-01
CUS_0x30db_2024_11_01,CUS_0x30db,2024-11-01,10,2,10000,1000.0,1000.0,0.0,8000.0,2025-01-01
CUS_0x30db_2024_11_01,CUS_0x30db,2024-11-01,10,3,10000,1000.0,1000.0,0.0,7000.0,2025-02-01
CUS_0x30db_2024_11_01,CUS_0x30db,2024-11-01,10,4,10000,1000.0,1000.0,0.0,6000.0,2025-03-01
CUS_0x30db_2024_11_01,CUS_0x30db,2024-11-01,10,5,10000,1000.0,1000.0,0.0,5000.0,2025-04-01
CUS_0x30db_2024_11_01,CUS_0x30db,2024-11-01,10,6,10000,1000.0,1000.0,0.0,4000.0,2025-05-01
CUS_0x30db_2024_11_01,CUS_0x30db,2024-11-01,10,7,10000,1000.0,1000.0,0.0,3000.0,2025-06-01
CUS_0x30db_2024_11_01,CUS_0x30db,2024-11-01,10,8,10000,1000.0,1000.0,0.0,2000.0,2025-07-01
CUS_0x30db_2024_11_01,CUS_0x30db,2024-11-01,10,9,10000,1000.0,1000.0,0.0,1000.0,2025-08-01
CUS_0x30db_2024_11_01,CUS_0x30db,2024-11-01,10,10,10000,1000.0,1000.0,0.0,0.0,2025-09-01
CUS_0x311a_2023_12_01,CUS_0x311a,2023-12-01,10,0,10000,0.0,0.0,0.0,10000.0,2023-12-01
CUS_0x311a_2023_12_01,CUS_0x311a,2023-12-01,10,1,10000,1000.0,1000.0,0.0,9000.0,2024-01-01
CUS_0x311a_2023_12_01,CUS_0x311a,2023-12-01,10,2,10000,1000.0,1000.0,0.0,8000.0,2024-02-01
CUS_0x311a_2023_12_01,CUS_0x311a,2023-12-01,10,3,10000,1000.0,1000.0,0.0,7000.0,2024-03-01
CUS_0x311a_2023_12_01,CUS_0x311a,2023-12-01,10,4,10000,1000.0,1000.0,0.0,6000.0,2024-04-01
CUS_0x311a_2023_12_01,CUS_0x311a,2023-12-01,10,5,10000,1000.0,1000.0,0.0,5000.0,2024-05-01
CUS_0x311a_2023_12_01,CUS_0x311a,2023-12-01,10,6,10000,1000.0,1000.0,0.0,4000.0,2024-06-01
CUS_0x311a_2023_12_01,CUS_0x311a,2023-12-01,10,7,10000,1000.0,1000.0,0.0,3000.0,2024-07-01
CUS_0x311a_2023_12_01,CUS_0x311a,2023-12-01,10,8,10000,1000.0,1000.0,0.0,2000.0,2024-08-01
CUS_0x311a_2023_12_01,CUS_0x311a,2023-12-01,10,9,10000,1000.0,1000.0,0.0,1000.0,2024-09-01
CUS_0x311a_2023_12_01,CUS_0x311a,2023-12-01,10,10,10000,1000.0,1000.0,0.0,0.0,2024-10-01
CUS_0x3155_2023_03_01,CUS_0x3155,2023-03-01,10,0,10000,0.0,0.0,0.0,10000.0,2023-03-01
CUS_0x3155_2023_03_01,CUS_0x3155,2023-03-01,10,1,10000,1000.0,0.0,1000.0,10000.0,2023-04-01
CUS_0x3155_2023_03_01,CUS_0x3155,2023-03-01,10,2,10000,1000.0,0.0,2000.0,10000.0,2023-05-01
CUS_0x3155_2023_03_01,CUS_0x3155,2023-03-01,10,3,10000,1000.0,0.0,3000.0,10000.0,2023-06-01
CUS_0x3155_2023_03_01,CUS_0x3155,2023-03-01,10,4,10000,1000.0,0.0,4000.0,10000.0,2023-07-01
CUS_0x3155_2023_03_01,CUS_0x3155,2023-03-01,10,5,10000,1000.0,0.0,5000.0,10000.0,2023-08-01
CUS_0x3155_2023_03_01,CUS_0x3155,2023-03-01,10,6,10000,1000.0,0.0,6000.0,10000.0,2023-09-01
CUS_0x3155_2023_03_01,CUS_0x3155,2023-03-01,10,7,10000,1000.0,0.0,7000.0,10000.0,2023-10-01
CUS_0x3155_2023_03_01,CUS_0x3155,2023-03-01,10,8,10000,1000.0,0.0,8000.0,10000.0,2023-11-01
CUS_0x3155_2023_03_01,CUS_0x3155,2023-03-01,10,9,10000,1000.0,0.0,9000.0,10000.0,2023-12-01
CUS_0x3155_2023_03_01,CUS_0x3155,2023-03-01,10,10,10000,1000.0,0.0,10000.0,10000.0,2024-01-01
CUS_0x31b2_2023_07_01,CUS_0x31b2,2023-07-01,10,0,10000,0.0,0.0,0.0,10000.0,2023-07-01
CUS_0x31b2_2023_07_01,CUS_0x31b2,2023-07-01,10,1,10000,1000.0,1000.0,0.0,9000.0,2023-08-01
CUS_0x31b2_2023_07_01,CUS_0x31b2,2023-07-01,10,2,10000,1000.0,1000.0,0.0,8000.0,2023-09-01
CUS_0x31b2_2023_07_01,CUS_0x31b2,2023-07-01,10,3,10000,1000.0,1000.0,0.0,7000.0,2023-10-01
CUS_0x31b2_2023_07_01,CUS_0x31b2,2023-07-01,10,4,10000,1000.0,1000.0,0.0,6000.0,2023-11-01
CUS_0x31b2_2023_07_01,CUS_0x31b2,2023-07-01,10,5,10000,1000.0,1000.0,0.0,5000.0,2023-12-01
CUS_0x31b2_2023_07_01,CUS_0x31b2,2023-07-01,10,6,10000,1000.0,1000.0,0.0,4000.0,2024-01-01
CUS_0x31b2_2023_07_01,CUS_0x31b2,2023-07-01,10,7,10000,1000.0,1000.0,0.0,3000.0,2024-02-01
CUS_0x31b2_2023_07_01,CUS_0x31b2,2023-07-01,10,8,10000,1000.0,1000.0,0.0,2000.0,2024-03-01
CUS_0x31b2_2023_07_01,CUS_0x31b2,2023-07-01,10,9,10000,1000.0,1000.0,0.0,1000.0,2024-04-01
CUS_0x31b2_2023_07_01,CUS_0x31b2,2023-07-01,10,10,10000,1000.0,1000.0,0.0,0.0,2024-05-01
CUS_0x3279_2024_02_01,CUS_0x3279,2024-02-01,10,0,10000,0.0,0.0,0.0,10000.0,2024-02-01
CUS_0x3279_2024_02_01,CUS_0x3279,2024-02-01,10,1,10000,1000.0,1000.0,0.0,9000.0,2024-03-01
CUS_0x3279_2024_02_01,CUS_0x3279,2024-02-01,10,2,10000,1000.0,0.0,1000.0,9000.0,2024-04-01
CUS_0x3279_2024_02_01,CUS_0x3279,2024-02-01,10,3,10000,1000.0,0.0,2000.0,9000.0,2024-05-01
CUS_0x3279_2024_02_01,CUS_0x3279,2024-02-01,10,4,10000,1000.0,3000.0,0.0,6000.0,2024-06-01
CUS_0x3279_2024_02_01,CUS_0x3279,2024-02-01,10,5,10000,1000.0,0.0,1000.0,6000.0,2024-07-01
CUS_0x3279_2024_02_01,CUS_0x3279,2024-02-01,10,6,10000,1000.0,0.0,2000.0,6000.0,2024-08-01
CUS_0x3279_2024_02_01,CUS_0x3279,2024-02-01,10,7,10000,1000.0,0.0,3000.0,6000.0,2024-09-01
CUS_0x3279_2024_02_01,CUS_0x3279,2024-02-01,10,8,10000,1000.0,0.0,4000.0,6000.0,2024-10-01
CUS_0x3279_2024_02_01,CUS_0x3279,2024-02-01,10,9,10000,1000.0,0.0,5000.0,6000.0,2024-11-01
CUS_0x3279_2024_02_01,CUS_0x3279,2024-02-01,10,10,10000,1000.0,0.0,6000.0,6000.0,2024-12-01
CUS_0x3295_2023_02_01,CUS_0x3295,2023-02-01,10,0,10000,0.0,0.0,0.0,10000.0,2023-02-01
CUS_0x3295_2023_02_01,CUS_0x3295,2023-02-01,10,1,10000,1000.0,1000.0,0.0,9000.0,2023-03-01
CUS_0x3295_2023_02_01,CUS_0x3295,2023-02-01,10,2,10000,1000.0,1000.0,0.0,8000.0,2023-04-01
CUS_0x3295_2023_02_01,CUS_0x3295,2023-02-01,10,3,10000,1000.0,1000.0,0.0,7000.0,2023-05-01
CUS_0x3295_2023_02_01,CUS_0x3295,2023-02-01,10,4,10000,1000.0,1000.0,0.0,6000.0,2023-06-01
CUS_0x3295_2023_02_01,CUS_0x3295,2023-02-01,10,5,10000,1000.0,1000.0,0.0,5000.0,2023-07-01
CUS_0x3295_2023_02_01,CUS_0x3295,2023-02-01,10,6,10000,1000.0,1000.0,0.0,4000.0,2023-08-01
CUS_0x3295_2023_02_01,CUS_0x3295,2023-02-01,10,7,10000,1000.0,1000.0,0.0,3000.0,2023-09-01
CUS_0x3295_2023_02_01,CUS_0x3295,2023-02-01,10,8,10000,1000.0,1000.0,0.0,2000.0,2023-10-01
CUS_0x3295_2023_02_01,CUS_0x3295,2023-02-01,10,9,10000,1000.0,1000.0,0.0,1000.0,2023-11-01
CUS_0x3295_2023_02_01,CUS_0x3295,2023-02-01,10,10,10000,1000.0,1000.0,0.0,0.0,2023-12-01
CUS_0x32a9_2024_05_01,CUS_0x32a9,2024-05-01,10,0,10000,0.0,0.0,0.0,10000.0,2024-05-01
CUS_0x32a9_2024_05_01,CUS_0x32a9,2024-05-01,10,1,10000,1000.0,1000.0,0.0,9000.0,2024-06-01
CUS_0x32a9_2024_05_01,CUS_0x32a9,2024-05-01,10,2,10000,1000.0,1000.0,0.0,8000.0,2024-07-01
CUS_0x32a9_2024_05_01,CUS_0x32a9,2024-05-01,10,3,10000,1000.0,1000.0,0.0,7000.0,2024-08-01
CUS_0x32a9_2024_05_01,CUS_0x32a9,2024-05-01,10,4,10000,1000.0,1000.0,0.0,6000.0,2024-09-01
CUS_0x32a9_2024_05_01,CUS_0x32a9,2024-05-01,10,5,10000,1000.0,1000.0,0.0,5000.0,2024-10-01
CUS_0x32a9_2024_05_01,CUS_0x32a9,2024-05-01,10,6,10000,1000.0,1000.0,0.0,4000.0,2024-11-01
CUS_0x32a9_2024_05_01,CUS_0x32a9,2024-05-01,10,7,10000,1000.0,1000.0,0.0,3000.0,2024-12-01
CUS_0x32a9_2024_05_01,CUS_0x32a9,2024-05-01,10,8,10000,1000.0,1000.0,0.0,2000.0,2025-01-01
CUS_0x32a9_2024_05_01,CUS_0x32a9,2024-05-01,10,9,10000,1000.0,1000.0,0.0,1000.0,2025-02-01
CUS_0x32a9_2024_05_01,CUS_0x32a9,2024-05-01,10,10,10000,1000.0,1000.0,0.0,0.0,2025-03-01
CUS_0x32c7_2023_10_01,CUS_0x32c7,2023-10-01,10,0,10000,0.0,0.0,0.0,10000.0,2023-10-01
CUS_0x32c7_2023_10_01,CUS_0x32c7,2023-10-01,10,1,10000,1000.0,1000.0,0.0,9000.0,2023-11-01
CUS_0x32c7_2023_10_01,CUS_0x32c7,2023-10-01,10,2,10000,1000.0,1000.0,0.0,8000.0,2023-12-01
CUS_0x32c7_2023_10_01,CUS_0x32c7,2023-10-01,10,3,10000,1000.0,0.0,1000.0,8000.0,2024-01-01
CUS_0x32c7_2023_10_01,CUS_0x32c7,2023-10-01,10,4,10000,1000.0,0.0,2000.0,8000.0,2024-02-01
CUS_0x32c7_2023_10_01,CUS_0x32c7,2023-10-01,10,5,10000,1000.0,0.0,3000.0,8000.0,2024-03-01
CUS_0x32c7_2023_10_01,CUS_0x32c7,2023-10-01,10,6,10000,1000.0,0.0,4000.0,8000.0,2024-04-01
CUS_0x32c7_2023_10_01,CUS_0x32c7,2023-10-01,10,7,10000,1000.0,0.0,5000.0,8000.0,2024-05-01
CUS_0x32c7_2023_10_01,CUS_0x32c7,2023-10-01,10,8,10000,1000.0,0.0,6000.0,8000.0,2024-06-01
CUS_0x32c7_2023_10_01,CUS_0x32c7,2023-10-01,10,9,10000,1000.0,0.0,7000.0,8000.0,2024-07-01
CUS_0x32c7_2023_10_01,CUS_0x32c7,2023-10-01,10,10,10000,1000.0,0.0,8000.0,8000.0,2024-08-01
CUS_0x32f5_2023_09_01,CUS_0x32f5,2023-09-01,10,0,10000,0.0,0.0,0.0,10000.0,2023-09-01
CUS_0x32f5_2023_09_01,CUS_0x32f5,2023-09-01,10,1,10000,1000.0,1000.0,0.0,9000.0,2023-10-01
CUS_0x32f5_2023_09_01,CUS_0x32f5,2023-09-01,10,2,10000,1000.0,1000.0,0.0,8000.0,2023-11-01
CUS_0x32f5_2023_09_01,CUS_0x32f5,2023-09-01,10,3,10000,1000.0,1000.0,0.0,7000.0,2023-12-01
CUS_0x32f5_2023_09_01,CUS_0x32f5,2023-09-01,10,4,10000,1000.0,1000.0,0.0,6000.0,2024-01-01
CUS_0x32f5_2023_09_01,CUS_0x32f5,2023-09-01,10,5,10000,1000.0,1000.0,0.0,5000.0,2024-02-01
CUS_0x32f5_2023_09_01,CUS_0x32f5,2023-09-01,10,6,10000,1000.0,1000.0,0.0,4000.0,2024-03-01
CUS_0x32f5_2023_09_01,CUS_0x32f5,2023-09-01,10,7,10000,1000.0,1000.0,0.0,3000.0,2024-04-01
CUS_0x32f5_2023_09_01,CUS_0x32f5,2023-09-01,10,8,10000,1000.0,1000.0,0.0,2000.0,2024-05-01
CUS_0x32f5_2023_09_01,CUS_0x32f5,2023-09-01,10,9,10000,1000.0,1000.0,0.0,1000.0,2024-06-01
CUS_0x32f5_2023_09_01,CUS_0x32f5,2023-09-01,10,10,10000,1000.0,1000.0,0.0,0.0,2024-07-01
CUS_0x3383_2024_04_01,CUS_0x3383,2024-04-01,10,0,10000,0.0,0.0,0.0,10000.0,2024-04-01
CUS_0x3383_2024_04_01,CUS_0x3383,2024-04-01,10,1,10000,1000.0,1000.0,0.0,9000.0,2024-05-01
CUS_0x3383_2024_04_01,CUS_0x3383,2024-04-01,10,2,10000,1000.0,1000.0,0.0,8000.0,2024-06-01
CUS_0x3383_2024_04_01,CUS_0x3383,2024-04-01,10,3,10000,1000.0,1000.0,0.0,7000.0,2024-07-01
CUS_0x3383_2024_04_01,CUS_0x3383,2024-04-01,10,4,10000,1000.0,1000.0,0.0,6000.0,2024-08-01
CUS_0x3383_2024_04_01,CUS_0x3383,2024-04-01,10,5,10000,1000.0,1000.0,0.0,5000.0,2024-09-01
CUS_0x3383_2024_04_01,CUS_0x3383,2024-04-01,10,6,10000,1000.0,1000.0,0.0,4000.0,2024-10-01
CUS_0x3383_2024_04_01,CUS_0x3383,2024-04-01,10,7,10000,1000.0,1000.0,0.0,3000.0,2024-11-01
CUS_0x3383_2024_04_01,CUS_0x3383,2024-04-01,10,8,10000,1000.0,1000.0,0.0,2000.0,2024-12-01
CUS_0x3383_2024_04_01,CUS_0x3383,2024-04-01,10,9,10000,1000.0,1000.0,0.0,1000.0,2025-01-01
CUS_0x3383_2024_04_01,CUS_0x3383,2024-04-01,10,10,10000,1000.0,1000.0,0.0,0.0,2025-02-01
CUS_0x3393_2023_02_01,CUS_0x3393,2023-02-01,10,0,10000,0.0,0.0,0.0,10000.0,2023-02-01
CUS_0x3393_2023_02_01,CUS_0x3393,2023-02-01,10,1,10000,1000.0,1000.0,0.0,9000.0,2023-03-01
CUS_0x3393_2023_02_01,CUS_0x3393,2023-02-01,10,2,10000,1000.0,1000.0,0.0,8000.0,2023-04-01
CUS_0x3393_2023_02_01,CUS_0x3393,2023-02-01,10,3,10000,1000.0,1000.0,0.0,7000.0,2023-05-01
CUS_0x3393_2023_02_01,CUS_0x3393,2023-02-01,10,4,10000,1000.0,1000.0,0.0,6000.0,2023-06-01
CUS_0x3393_2023_02_01,CUS_0x3393,2023-02-01,10,5,10000,1000.0,1000.0,0.0,5000.0,2023-07-01
CUS_0x3393_2023_02_01,CUS_0x3393,2023-02-01,10,6,10000,1000.0,1000.0,0.0,4000.0,2023-08-01
CUS_0x3393_2023_02_01,CUS_0x3393,2023-02-01,10,7,10000,1000.0,1000.0,0.0,3000.0,2023-09-01
CUS_0x3393_2023_02_01,CUS_0x3393,2023-02-01,10,8,10000,1000.0,1000.0,0.0,2000.0,2023-10-01
CUS_0x3393_2023_02_01,CUS_0x3393,2023-02-01,10,9,10000,1000.0,1000.0,0.0,1000.0,2023-11-01
CUS_0x3393_2023_02_01,CUS_0x3393,2023-02-01,10,10,10000,1000.0,1000.0,0.0,0.0,2023-12-01
CUS_0x33da_2023_07_01,CUS_0x33da,2023-07-01,10,0,10000,0.0,0.0,0.0,10000.0,2023-07-01
CUS_0x33da_2023_07_01,CUS_0x33da,2023-07-01,10,1,10000,1000.0,1000.0,0.0,9000.0,2023-08-01
CUS_0x33da_2023_07_01,CUS_0x33da,2023-07-01,10,2,10000,1000.0,1000.0,0.0,8000.0,2023-09-01
CUS_0x33da_2023_07_01,CUS_0x33da,2023-07-01,10,3,10000,1000.0,1000.0,0.0,7000.0,2023-10-01
CUS_0x33da_2023_07_01,CUS_0x33da,2023-07-01,10,4,10000,1000.0,1000.0,0.0,6000.0,2023-11-01
CUS_0x33da_2023_07_01,CUS_0x33da,2023-07-01,10,5,10000,1000.0,1000.0,0.0,5000.0,2023-12-01
CUS_0x33da_2023_07_01,CUS_0x33da,2023-07-01,10,6,10000,1000.0,1000.0,0.0,4000.0,2024-01-01
CUS_0x33da_2023_07_01,CUS_0x33da,2023-07-01,10,7,10000,1000.0,1000.0,0.0,3000.0,2024-02-01
CUS_0x33da_2023_07_01,CUS_0x33da,2023-07-01,10,8,10000,1000.0,1000.0,0.0,2000.0,2024-03-01
CUS_0x33da_2023_07_01,CUS_0x33da,2023-07-01,10,9,10000,1000.0,1000.0,0.0,1000.0,2024-04-01
CUS_0x33da_2023_07_01,CUS_0x33da,2023-07-01,10,10,10000,1000.0,1000.0,0.0,0.0,2024-05-01
CUS_0x33ea_2023_10_01,CUS_0x33ea,2023-10-01,10,0,10000,0.0,0.0,0.0,10000.0,2023-10-01
CUS_0x33ea_2023_10_01,CUS_0x33ea,2023-10-01,10,1,10000,1000.0,1000.0,0.0,9000.0,2023-11-01
CUS_0x33ea_2023_10_01,CUS_0x33ea,2023-10-01,10,2,10000,1000.0,1000.0,0.0,8000.0,2023-12-01
CUS_0x33ea_2023_10_01,CUS_0x33ea,2023-10-01,10,3,10000,1000.0,1000.0,0.0,7000.0,2024-01-01
CUS_0x33ea_2023_10_01,CUS_0x33ea,2023-10-01,10,4,10000,1000.0,1000.0,0.0,6000.0,2024-02-01
CUS_0x33ea_2023_10_01,CUS_0x33ea,2023-10-01,10,5,10000,1000.0,1000.0,0.0,5000.0,2024-03-01
CUS_0x33ea_2023_10_01,CUS_0x33ea,2023-10-01,10,6,10000,1000.0,1000.0,0.0,4000.0,2024-04-01
CUS_0x33ea_2023_10_01,CUS_0x33ea,2023-10-01,10,7,10000,1000.0,1000.0,0.0,3000.0,2024-05-01
CUS_0x33ea_2023_10_01,CUS_0x33ea,2023-10-01,10,8,10000,1000.0,1000.0,0.0,2000.0,2024-06-01
CUS_0x33ea_2023_10_01,CUS_0x33ea,2023-10-01,10,9,10000,1000.0,1000.0,0.0,1000.0,2024-07-01
CUS_0x33ea_2023_10_01,CUS_0x33ea,2023-10-01,10,10,10000,1000.0,1000.0,0.0,0.0,2024-08-01
CUS_0x342a_2024_08_01,CUS_0x342a,2024-08-01,10,0,10000,0.0,0.0,0.0,10000.0,2024-08-01
CUS_0x342a_2024_08_01,CUS_0x342a,2024-08-01,10,1,10000,1000.0,1000.0,0.0,9000.0,2024-09-01
CUS_0x342a_2024_08_01,CUS_0x342a,2024-08-01,10,2,10000,1000.0,1000.0,0.0,8000.0,2024-10-01
CUS_0x342a_2024_08_01,CUS_0x342a,2024-08-01,10,3,10000,1000.0,1000.0,0.0,7000.0,2024-11-01
CUS_0x342a_2024_08_01,CUS_0x342a,2024-08-01,10,4,10000,1000.0,1000.0,0.0,6000.0,2024-12-01
CUS_0x342a_2024_08_01,CUS_0x342a,2024-08-01,10,5,10000,1000.0,1000.0,0.0,5000.0,2025-01-01
CUS_0x342a_2024_08_01,CUS_0x342a,2024-08-01,10,6,10000,1000.0,1000.0,0.0,4000.0,2025-02-01
CUS_0x342a_2024_08_01,CUS_0x342a,2024-08-01,10,7,10000,1000.0,1000.0,0.0,3000.0,2025-03-01
CUS_0x342a_2024_08_01,CUS_0x342a,2024-08-01,10,8,10000,1000.0,1000.0,0.0,2000.0,2025-04-01
CUS_0x342a_2024_08_01,CUS_0x342a,2024-08-01,10,9,10000,1000.0,1000.0,0.0,1000.0,2025-05-01
CUS_0x342a_2024_08_01,CUS_0x342a,2024-08-01,10,10,10000,1000.0,1000.0,0.0,0.0,2025-06-01
CUS_0x3490_2023_01_01,CUS_0x3490,2023-01-01,10,0,10000,0.0,0.0,0.0,10000.0,2023-01-01
CUS_0x3490_2023_01_01,CUS_0x3490,2023-01-01,10,1,10000,1000.0,1000.0,0.0,9000.0,2023-02-01
CUS_0x3490_2023_01_01,CUS_0x3490,2023-01-01,10,2,10000,1000.0,1000.0,0.0,8000.0,2023-03-01
CUS_0x3490_2023_01_01,CUS_0x3490,2023-01-01,10,3,10000,1000.0,1000.0,0.0,7000.0,2023-04-01
CUS_0x3490_2023_01_01,CUS_0x3490,2023-01-01,10,4,10000,1000.0,1000.0,0.0,6000.0,2023-05-01
CUS_0x3490_2023_01_01,CUS_0x3490,2023-01-01,10,5,10000,1000.0,1000.0,0.0,5000.0,2023-06-01
CUS_0x3490_2023_01_01,CUS_0x3490,2023-01-01,10,6,10000,1000.0,1000.0,0.0,4000.0,2023-07-01
CUS_0x3490_2023_01_01,CUS_0x3490,2023-01-01,10,7,10000,1000.0,1000.0,0.0,3000.0,2023-08-01
CUS_0x3490_2023_01_01,CUS_0x3490,2023-01-01,10,8,10000,1000.0,1000.0,0.0,2000.0,2023-09-01
CUS_0x3490_2023_01_01,CUS_0x3490,2023-01-01,10,9,10000,1000.0,1000.0,0.0,1000.0,2023-10-01
CUS_0x3490_2023_01_01,CUS_0x3490,2023-01-01,10,10,10000,1000.0,1000.0,0.0,0.0,2023-11-01
CUS_0x34a3_2023_09_01,CUS_0x34a3,2023-09-01,10,0,10000,0.0,0.0,0.0,10000.0,2023-09-01
CUS_0x34a3_2023_09_01,CUS_0x34a3,2023-09-01,10,1,10000,1000.0,1000.0,0.0,9000.0,2023-10-01
CUS_0x34a3_2023_09_01,CUS_0x34a3,2023-09-01,10,2,10000,1000.0,1000.0,0.0,8000.0,2023-11-01
CUS_0x34a3_2023_09_01,CUS_0x34a3,2023-09-01,10,3,10000,1000.0,1000.0,0.0,7000.0,2023-12-01
CUS_0x34a3_2023_09_01,CUS_0x34a3,2023-09-01,10,4,10000,1000.0,1000.0,0.0,6000.0,2024-01-01
CUS_0x34a3_2023_09_01,CUS_0x34a3,2023-09-01,10,5,10000,1000.0,1000.0,0.0,5000.0,2024-02-01
CUS_0x34a3_2023_09_01,CUS_0x34a3,2023-09-01,10,6,10000,1000.0,1000.0,0.0,4000.0,2024-03-01
CUS_0x34a3_2023_09_01,CUS_0x34a3,2023-09-01,10,7,10000,1000.0,1000.0,0.0,3000.0,2024-04-01
CUS_0x34a3_2023_09_01,CUS_0x34a3,2023-09-01,10,8,10000,1000.0,1000.0,0.0,2000.0,2024-05-01
CUS_0x34a3_2023_09_01,CUS_0x34a3,2023-09-01,10,9,10000,1000.0,1000.0,0.0,1000.0,2024-06-01
CUS_0x34a3_2023_09_01,CUS_0x34a3,2023-09-01,10,10,10000,1000.0,1000.0,0.0,0.0,2024-07-01
CUS_0x34f2_2023_06_01,CUS_0x34f2,2023-06-01,10,0,10000,0.0,0.0,0.0,10000.0,2023-06-01
CUS_0x34f2_2023_06_01,CUS_0x34f2,2023-06-01,10,1,10000,1000.0,1000.0,0.0,9000.0,2023-07-01
CUS_0x34f2_2023_06_01,CUS_0x34f2,2023-06-01,10,2,10000,1000.0,0.0,1000.0,9000.0,2023-08-01
CUS_0x34f2_2023_06_01,CUS_0x34f2,2023-06-01,10,3,10000,1000.0,2000.0,0.0,7000.0,2023-09-01
CUS_0x34f2_2023_06_01,CUS_0x34f2,2023-06-01,10,4,10000,1000.0,0.0,1000.0,7000.0,2023-10-01
CUS_0x34f2_2023_06_01,CUS_0x34f2,2023-06-01,10,5,10000,1000.0,0.0,2000.0,7000.0,2023-11-01
CUS_0x34f2_2023_06_01,CUS_0x34f2,2023-06-01,10,6,10000,1000.0,0.0,3000.0,7000.0,2023-12-01
CUS_0x34f2_2023_06_01,CUS_0x34f2,2023-06-01,10,7,10000,1000.0,0.0,4000.0,7000.0,2024-01-01
CUS_0x34f2_2023_06_01,CUS_0x34f2,2023-06-01,10,8,10000,1000.0,0.0,5000.0,7000.0,2024-02-01
CUS_0x34f2_2023_06_01,CUS_0x34f2,2023-06-01,10,9,10000,1000.0,0.0,6000.0,7000.0,2024-03-01
CUS_0x34f2_2023_06_01,CUS_0x34f2,2023-06-01,10,10,10000,1000.0,0.0,7000.0,7000.0,2024-04-01
CUS_0x352f_2023_11_01,CUS_0x352f,2023-11-01,10,0,10000,0.0,0.0,0.0,10000.0,2023-11-01
CUS_0x352f_2023_11_01,CUS_0x352f,2023-11-01,10,1,10000,1000.0,1000.0,0.0,9000.0,2023-12-01
CUS_0x352f_2023_11_01,CUS_0x352f,2023-11-01,10,2,10000,1000.0,1000.0,0.0,8000.0,2024-01-01
CUS_0x352f_2023_11_01,CUS_0x352f,2023-11-01,10,3,10000,1000.0,1000.0,0.0,7000.0,2024-02-01
CUS_0x352f_2023_11_01,CUS_0x352f,2023-11-01,10,4,10000,1000.0,1000.0,0.0,6000.0,2024-03-01
CUS_0x352f_2023_11_01,CUS_0x352f,2023-11-01,10,5,10000,1000.0,1000.0,0.0,5000.0,2024-04-01
CUS_0x352f_2023_11_01,CUS_0x352f,2023-11-01,10,6,10000,1000.0,1000.0,0.0,4000.0,2024-05-01
CUS_0x352f_2023_11_01,CUS_0x352f,2023-11-01,10,7,10000,1000.0,1000.0,0.0,3000.0,2024-06-01
CUS_0x352f_2023_11_01,CUS_0x352f,2023-11-01,10,8,10000,1000.0,1000.0,0.0,2000.0,2024-07-01
CUS_0x352f_2023_11_01,CUS_0x352f,2023-11-01,10,9,10000,1000.0,1000.0,0.0,1000.0,2024-08-01
CUS_0x352f_2023_11_01,CUS_0x352f,2023-11-01,10,10,10000,1000.0,1000.0,0.0,0.0,2024-09-01
CUS_0x3551_2024_07_01,CUS_0x3551,2024-07-01,10,0,10000,0.0,0.0,0.0,10000.0,2024-07-01
CUS_0x3551_2024_07_01,CUS_0x3551,2024-07-01,10,1,10000,1000.0,1000.0,0.0,9000.0,2024-08-01
CUS_0x3551_2024_07_01,CUS_0x3551,2024-07-01,10,2,10000,1000.0,1000.0,0.0,8000.0,2024-09-01
CUS_0x3551_2024_07_01,CUS_0x3551,2024-07-01,10,3,10000,1000.0,1000.0,0.0,7000.0,2024-10-01
CUS_0x3551_2024_07_01,CUS_0x3551,2024-07-01,10,4,10000,1000.0,1000.0,0.0,6000.0,2024-11-01
CUS_0x3551_2024_07_01,CUS_0x3551,2024-07-01,10,5,10000,1000.0,1000.0,0.0,5000.0,2024-12-01
CUS_0x3551_2024_07_01,CUS_0x3551,2024-07-01,10,6,10000,1000.0,1000.0,0.0,4000.0,2025-01-01
CUS_0x3551_2024_07_01,CUS_0x3551,2024-07-01,10,7,10000,1000.0,1000.0,0.0,3000.0,2025-02-01
CUS_0x3551_2024_07_01,CUS_0x3551,2024-07-01,10,8,10000,1000.0,1000.0,0.0,2000.0,2025-03-01
CUS_0x3551_2024_07_01,CUS_0x3551,2024-07-01,10,9,10000,1000.0,1000.0,0.0,1000.0,2025-04-01
CUS_0x3551_2024_07_01,CUS_0x3551,2024-07-01,10,10,10000,1000.0,1000.0,0.0,0.0,2025-05-01
CUS_0x35dd_2024_09_01,CUS_0x35dd,2024-09-01,10,0,10000,0.0,0.0,0.0,10000.0,2024-09-01
CUS_0x35dd_2024_09_01,CUS_0x35dd,2024-09-01,10,1,10000,1000.0,1000.0,0.0,9000.0,2024-10-01
CUS_0x35dd_2024_09_01,CUS_0x35dd,2024-09-01,10,2,10000,1000.0,1000.0,0.0,8000.0,2024-11-01
CUS_0x35dd_2024_09_01,CUS_0x35dd,2024-09-01,10,3,10000,1000.0,0.0,1000.0,8000.0,2024-12-01
CUS_0x35dd_2024_09_01,CUS_0x35dd,2024-09-01,10,4,10000,1000.0,0.0,2000.0,8000.0,2025-01-01
CUS_0x35dd_2024_09_01,CUS_0x35dd,2024-09-01,10,5,10000,1000.0,0.0,3000.0,8000.0,2025-02-01
CUS_0x35dd_2024_09_01,CUS_0x35dd,2024-09-01,10,6,10000,1000.0,0.0,4000.0,8000.0,2025-03-01
CUS_0x35dd_2024_09_01,CUS_0x35dd,2024-09-01,10,7,10000,1000.0,0.0,5000.0,8000.0,2025-04-01
CUS_0x35dd_2024_09_01,CUS_0x35dd,2024-09-01,10,8,10000,1000.0,0.0,6000.0,8000.0,2025-05-01
CUS_0x35dd_2024_09_01,CUS_0x35dd,2024-09-01,10,9,10000,1000.0,0.0,7000.0,8000.0,2025-06-01
CUS_0x35dd_2024_09_01,CUS_0x35dd,2024-09-01,10,10,10000,1000.0,0.0,8000.0,8000.0,2025-07-01
CUS_0x362c_2023_06_01,CUS_0x362c,2023-06-01,10,0,10000,0.0,0.0,0.0,10000.0,2023-06-01
CUS_0x362c_2023_06_01,CUS_0x362c,2023-06-01,10,1,10000,1000.0,1000.0,0.0,9000.0,2023-07-01
CUS_0x362c_2023_06_01,CUS_0x362c,2023-06-01,10,2,10000,1000.0,0.0,1000.0,9000.0,2023-08-01
CUS_0x362c_2023_06_01,CUS_0x362c,2023-06-01,10,3,10000,1000.0,0.0,2000.0,9000.0,2023-09-01
CUS_0x362c_2023_06_01,CUS_0x362c,2023-06-01,10,4,10000,1000.0,0.0,3000.0,9000.0,2023-10-01
CUS_0x362c_2023_06_01,CUS_0x362c,2023-06-01,10,5,10000,1000.0,0.0,4000.0,9000.0,2023-11-01
CUS_0x362c_2023_06_01,CUS_0x362c,2023-06-01,10,6,10000,1000.0,0.0,5000.0,9000.0,2023-12-01
CUS_0x362c_2023_06_01,CUS_0x362c,2023-06-01,10,7,10000,1000.0,0.0,6000.0,9000.0,2024-01-01
CUS_0x362c_2023_06_01,CUS_0x362c,2023-06-01,10,8,10000,1000.0,0.0,7000.0,9000.0,2024-02-01
CUS_0x362c_2023_06_01,CUS_0x362c,2023-06-01,10,9,10000,1000.0,0.0,8000.0,9000.0,2024-03-01
CUS_0x362c_2023_06_01,CUS_0x362c,2023-06-01,10,10,10000,1000.0,0.0,9000.0,9000.0,2024-04-01
CUS_0x365b_2023_02_01,CUS_0x365b,2023-02-01,10,0,10000,0.0,0.0,0.0,10000.0,2023-02-01
CUS_0x365b_2023_02_01,CUS_0x365b,2023-02-01,10,1,10000,1000.0,1000.0,0.0,9000.0,2023-03-01
CUS_0x365b_2023_02_01,CUS_0x365b,2023-02-01,10,2,10000,1000.0,0.0,1000.0,9000.0,2023-04-01
CUS_0x365b_2023_02_01,CUS_0x365b,2023-02-01,10,3,10000,1000.0,2000.0,0.0,7000.0,2023-05-01
CUS_0x365b_2023_02_01,CUS_0x365b,2023-02-01,10,4,10000,1000.0,1000.0,0.0,6000.0,2023-06-01
CUS_0x365b_2023_02_01,CUS_0x365b,2023-02-01,10,5,10000,1000.0,0.0,1000.0,6000.0,2023-07-01
CUS_0x365b_2023_02_01,CUS_0x365b,2023-02-01,10,6,10000,1000.0,0.0,2000.0,6000.0,2023-08-01
CUS_0x365b_2023_02_01,CUS_0x365b,2023-02-01,10,7,10000,1000.0,0.0,3000.0,6000.0,2023-09-01
CUS_0x365b_2023_02_01,CUS_0x365b,2023-02-01,10,8,10000,1000.0,0.0,4000.0,6000.0,2023-10-01
CUS_0x365b_2023_02_01,CUS_0x365b,2023-02-01,10,9,10000,1000.0,0.0,5000.0,6000.0,2023-11-01
CUS_0x365b_2023_02_01,CUS_0x365b,2023-02-01,10,10,10000,1000.0,0.0,6000.0,6000.0,2023-12-01
CUS_0x368f_2023_12_01,CUS_0x368f,2023-12-01,10,0,10000,0.0,0.0,0.0,10000.0,2023-12-01
CUS_0x368f_2023_12_01,CUS_0x368f,2023-12-01,10,1,10000,1000.0,1000.0,0.0,9000.0,2024-01-01
CUS_0x368f_2023_12_01,CUS_0x368f,2023-12-01,10,2,10000,1000.0,1000.0,0.0,8000.0,2024-02-01
CUS_0x368f_2023_12_01,CUS_0x368f,2023-12-01,10,3,10000,1000.0,1000.0,0.0,7000.0,2024-03-01
CUS_0x368f_2023_12_01,CUS_0x368f,2023-12-01,10,4,10000,1000.0,1000.0,0.0,6000.0,2024-04-01
CUS_0x368f_2023_12_01,CUS_0x368f,2023-12-01,10,5,10000,1000.0,1000.0,0.0,5000.0,2024-05-01
CUS_0x368f_2023_12_01,CUS_0x368f,2023-12-01,10,6,10000,1000.0,1000.0,0.0,4000.0,2024-06-01
CUS_0x368f_2023_12_01,CUS_0x368f,2023-12-01,10,7,10000,1000.0,1000.0,0.0,3000.0,2024-07-01
CUS_0x368f_2023_12_01,CUS_0x368f,2023-12-01,10,8,10000,1000.0,1000.0,0.0,2000.0,2024-08-01
CUS_0x368f_2023_12_01,CUS_0x368f,2023-12-01,10,9,10000,1000.0,1000.0,0.0,1000.0,2024-09-01
CUS_0x368f_2023_12_01,CUS_0x368f,2023-12-01,10,10,10000,1000.0,1000.0,0.0,0.0,2024-10-01
CUS_0x36c7_2024_06_01,CUS_0x36c7,2024-06-01,10,0,10000,0.0,0.0,0.0,10000.0,2024-06-01
CUS_0x36c7_2024_06_01,CUS_0x36c7,2024-06-01,10,1,10000,1000.0,1000.0,0.0,9000.0,2024-07-01
CUS_0x36c7_2024_06_01,CUS_0x36c7,2024-06-01,10,2,10000,1000.0,1000.0,0.0,8000.0,2024-08-01
CUS_0x36c7_2024_06_01,CUS_0x36c7,2024-06-01,10,3,10000,1000.0,1000.0,0.0,7000.0,2024-09-01
CUS_0x36c7_2024_06_01,CUS_0x36c7,2024-06-01,10,4,10000,1000.0,1000.0,0.0,6000.0,2024-10-01
CUS_0x36c7_2024_06_01,CUS_0x36c7,2024-06-01,10,5,10000,1000.0,1000.0,0.0,5000.0,2024-11-01
CUS_0x36c7_2024_06_01,CUS_0x36c7,2024-06-01,10,6,10000,1000.0,1000.0,0.0,4000.0,2024-12-01
CUS_0x36c7_2024_06_01,CUS_0x36c7,2024-06-01,10,7,10000,1000.0,1000.0,0.0,3000.0,2025-01-01
CUS_0x36c7_2024_06_01,CUS_0x36c7,2024-06-01,10,8,10000,1000.0,1000.0,0.0,2000.0,2025-02-01
CUS_0x36c7_2024_06_01,CUS_0x36c7,2024-06-01,10,9,10000,1000.0,1000.0,0.0,1000.0,2025-03-01
CUS_0x36c7_2024_06_01,CUS_0x36c7,2024-06-01,10,10,10000,1000.0,1000.0,0.0,0.0,2025-04-01
CUS_0x36ee_2023_04_01,CUS_0x36ee,2023-04-01,10,0,10000,0.0,0.0,0.0,10000.0,2023-04-01
CUS_0x36ee_2023_04_01,CUS_0x36ee,2023-04-01,10,1,10000,1000.0,1000.0,0.0,9000.0,2023-05-01
CUS_0x36ee_2023_04_01,CUS_0x36ee,2023-04-01,10,2,10000,1000.0,1000.0,0.0,8000.0,2023-06-01
CUS_0x36ee_2023_04_01,CUS_0x36ee,2023-04-01,10,3,10000,1000.0,1000.0,0.0,7000.0,2023-07-01
CUS_0x36ee_2023_04_01,CUS_0x36ee,2023-04-01,10,4,10000,1000.0,1000.0,0.0,6000.0,2023-08-01
CUS_0x36ee_2023_04_01,CUS_0x36ee,2023-04-01,10,5,10000,1000.0,1000.0,0.0,5000.0,2023-09-01
CUS_0x36ee_2023_04_01,CUS_0x36ee,2023-04-01,10,6,10000,1000.0,1000.0,0.0,4000.0,2023-10-01
CUS_0x36ee_2023_04_01,CUS_0x36ee,2023-04-01,10,7,10000,1000.0,1000.0,0.0,3000.0,2023-11-01
CUS_0x36ee_2023_04_01,CUS_0x36ee,2023-04-01,10,8,10000,1000.0,1000.0,0.0,2000.0,2023-12-01
CUS_0x36ee_2023_04_01,CUS_0x36ee,2023-04-01,10,9,10000,1000.0,1000.0,0.0,1000.0,2024-01-01
CUS_0x36ee_2023_04_01,CUS_0x36ee,2023-04-01,10,10,10000,1000.0,1000.0,0.0,0.0,2024-02-01
CUS_0x370c_2024_06_01,CUS_0x370c,2024-06-01,10,0,10000,0.0,0.0,0.0,10000.0,2024-06-01
CUS_0x370c_2024_06_01,CUS_0x370c,2024-06-01,10,1,10000,1000.0,1000.0,0.0,9000.0,2024-07-01
CUS_0x370c_2024_06_01,CUS_0x370c,2024-06-01,10,2,10000,1000.0,1000.0,0.0,8000.0,2024-08-01
CUS_0x370c_2024_06_01,CUS_0x370c,2024-06-01,10,3,10000,1000.0,1000.0,0.0,7000.0,2024-09-01
CUS_0x370c_2024_06_01,CUS_0x370c,2024-06-01,10,4,10000,1000.0,1000.0,0.0,6000.0,2024-10-01
CUS_0x370c_2024_06_01,CUS_0x370c,2024-06-01,10,5,10000,1000.0,1000.0,0.0,5000.0,2024-11-01
CUS_0x370c_2024_06_01,CUS_0x370c,2024-06-01,10,6,10000,1000.0,1000.0,0.0,4000.0,2024-12-01
CUS_0x370c_2024_06_01,CUS_0x370c,2024-06-01,10,7,10000,1000.0,1000.0,0.0,3000.0,2025-01-01
CUS_0x370c_2024_06_01,CUS_0x370c,2024-06-01,10,8,10000,1000.0,1000.0,0.0,2000.0,2025-02-01
CUS_0x370c_2024_06_01,CUS_0x370c,2024-06-01,10,9,10000,1000.0,1000.0,0.0,1000.0,2025-03-01
CUS_0x370c_2024_06_01,CUS_0x370c,2024-06-01,10,10,10000,1000.0,1000.0,0.0,0.0,2025-04-01
CUS_0x373b_2024_03_01,CUS_0x373b,2024-03-01,10,0,10000,0.0,0.0,0.0,10000.0,2024-03-01
CUS_0x373b_2024_03_01,CUS_0x373b,2024-03-01,10,1,10000,1000.0,1000.0,0.0,9000.0,2024-04-01
CUS_0x373b_2024_03_01,CUS_0x373b,2024-03-01,10,2,10000,1000.0,1000.0,0.0,8000.0,2024-05-01
CUS_0x373b_2024_03_01,CUS_0x373b,2024-03-01,10,3,10000,1000.0,1000.0,0.0,7000.0,2024-06-01
CUS_0x373b_2024_03_01,CUS_0x373b,2024-03-01,10,4,10000,1000.0,1000.0,0.0,6000.0,2024-07-01
CUS_0x373b_2024_03_01,CUS_0x373b,2024-03-01,10,5,10000,1000.0,1000.0,0.0,5000.0,2024-08-01
CUS_0x373b_2024_03_01,CUS_0x373b,2024-03-01,10,6,10000,1000.0,1000.0,0.0,4000.0,2024-09-01
CUS_0x373b_2024_03_01,CUS_0x373b,2024-03-01,10,7,10000,1000.0,1000.0,0.0,3000.0,2024-10-01
CUS_0x373b_2024_03_01,CUS_0x373b,2024-03-01,10,8,10000,1000.0,1000.0,0.0,2000.0,2024-11-01
CUS_0x373b_2024_03_01,CUS_0x373b,2024-03-01,10,9,10000,1000.0,1000.0,0.0,1000.0,2024-12-01
CUS_0x373b_2024_03_01,CUS_0x373b,2024-03-01,10,10,10000,1000.0,1000.0,0.0,0.0,2025-01-01
CUS_0x376e_2024_06_01,CUS_0x376e,2024-06-01,10,0,10000,0.0,0.0,0.0,10000.0,2024-06-01
CUS_0x376e_2024_06_01,CUS_0x376e,2024-06-01,10,1,10000,1000.0,1000.0,0.0,9000.0,2024-07-01
CUS_0x376e_2024_06_01,CUS_0x376e,2024-06-01,10,2,10000,1000.0,1000.0,0.0,8000.0,2024-08-01
CUS_0x376e_2024_06_01,CUS_0x376e,2024-06-01,10,3,10000,1000.0,1000.0,0.0,7000.0,2024-09-01
CUS_0x376e_2024_06_01,CUS_0x376e,2024-06-01,10,4,10000,1000.0,1000.0,0.0,6000.0,2024-10-01
CUS_0x376e_2024_06_01,CUS_0x376e,2024-06-01,10,5,10000,1000.0,1000.0,0.0,5000.0,2024-11-01
CUS_0x376e_2024_06_01,CUS_0x376e,2024-06-01,10,6,10000,1000.0,1000.0,0.0,4000.0,2024-12-01
CUS_0x376e_2024_06_01,CUS_0x376e,2024-06-01,10,7,10000,1000.0,1000.0,0.0,3000.0,2025-01-01
CUS_0x376e_2024_06_01,CUS_0x376e,2024-06-01,10,8,10000,1000.0,1000.0,0.0,2000.0,2025-02-01
CUS_0x376e_2024_06_01,CUS_0x376e,2024-06-01,10,9,10000,1000.0,1000.0,0.0,1000.0,2025-03-01
CUS_0x376e_2024_06_01,CUS_0x376e,2024-06-01,10,10,10000,1000.0,1000.0,0.0,0.0,2025-04-01
CUS_0x377b_2023_02_01,CUS_0x377b,2023-02-01,10,0,10000,0.0,0.0,0.0,10000.0,2023-02-01
CUS_0x377b_2023_02_01,CUS_0x377b,2023-02-01,10,1,10000,1000.0,1000.0,0.0,9000.0,2023-03-01
CUS_0x377b_2023_02_01,CUS_0x377b,2023-02-01,10,2,10000,1000.0,1000.0,0.0,8000.0,2023-04-01
CUS_0x377b_2023_02_01,CUS_0x377b,2023-02-01,10,3,10000,1000.0,1000.0,0.0,7000.0,2023-05-01
CUS_0x377b_2023_02_01,CUS_0x377b,2023-02-01,10,4,10000,1000.0,1000.0,0.0,6000.0,2023-06-01
CUS_0x377b_2023_02_01,CUS_0x377b,2023-02-01,10,5,10000,1000.0,1000.0,0.0,5000.0,2023-07-01
CUS_0x377b_2023_02_01,CUS_0x377b,2023-02-01,10,6,10000,1000.0,1000.0,0.0,4000.0,2023-08-01
CUS_0x377b_2023_02_01,CUS_0x377b,2023-02-01,10,7,10000,1000.0,1000.0,0.0,3000.0,2023-09-01
CUS_0x377b_2023_02_01,CUS_0x377b,2023-02-01,10,8,10000,1000.0,1000.0,0.0,2000.0,2023-10-01
CUS_0x377b_2023_02_01,CUS_0x377b,2023-02-01,10,9,10000,1000.0,1000.0,0.0,1000.0,2023-11-01
CUS_0x377b_2023_02_01,CUS_0x377b,2023-02-01,10,10,10000,1000.0,1000.0,0.0,0.0,2023-12-01
CUS_0x37a4_2023_09_01,CUS_0x37a4,2023-09-01,10,0,10000,0.0,0.0,0.0,10000.0,2023-09-01
CUS_0x37a4_2023_09_01,CUS_0x37a4,2023-09-01,10,1,10000,1000.0,1000.0,0.0,9000.0,2023-10-01
CUS_0x37a4_2023_09_01,CUS_0x37a4,2023-09-01,10,2,10000,1000.0,1000.0,0.0,8000.0,2023-11-01
CUS_0x37a4_2023_09_01,CUS_0x37a4,2023-09-01,10,3,10000,1000.0,0.0,1000.0,8000.0,2023-12-01
CUS_0x37a4_2023_09_01,CUS_0x37a4,2023-09-01,10,4,10000,1000.0,0.0,2000.0,8000.0,2024-01-01
CUS_0x37a4_2023_09_01,CUS_0x37a4,2023-09-01,10,5,10000,1000.0,0.0,3000.0,8000.0,2024-02-01
CUS_0x37a4_2023_09_01,CUS_0x37a4,2023-09-01,10,6,10000,1000.0,0.0,4000.0,8000.0,2024-03-01
CUS_0x37a4_2023_09_01,CUS_0x37a4,2023-09-01,10,7,10000,1000.0,0.0,5000.0,8000.0,2024-04-01
CUS_0x37a4_2023_09_01,CUS_0x37a4,2023-09-01,10,8,10000,1000.0,0.0,6000.0,8000.0,2024-05-01
CUS_0x37a4_2023_09_01,CUS_0x37a4,2023-09-01,10,9,10000,1000.0,0.0,7000.0,8000.0,2024-06-01
CUS_0x37a4_2023_09_01,CUS_0x37a4,2023-09-01,10,10,10000,1000.0,0.0,8000.0,8000.0,2024-07-01
CUS_0x37e6_2024_07_01,CUS_0x37e6,2024-07-01,10,0,10000,0.0,0.0,0.0,10000.0,2024-07-01
CUS_0x37e6_2024_07_01,CUS_0x37e6,2024-07-01,10,1,10000,1000.0,1000.0,0.0,9000.0,2024-08-01
CUS_0x37e6_2024_07_01,CUS_0x37e6,2024-07-01,10,2,10000,1000.0,1000.0,0.0,8000.0,2024-09-01
CUS_0x37e6_2024_07_01,CUS_0x37e6,2024-07-01,10,3,10000,1000.0,1000.0,0.0,7000.0,2024-10-01
CUS_0x37e6_2024_07_01,CUS_0x37e6,2024-07-01,10,4,10000,1000.0,1000.0,0.0,6000.0,2024-11-01
CUS_0x37e6_2024_07_01,CUS_0x37e6,2024-07-01,10,5,10000,1000.0,1000.0,0.0,5000.0,2024-12-01
CUS_0x37e6_2024_07_01,CUS_0x37e6,2024-07-01,10,6,10000,1000.0,1000.0,0.0,4000.0,2025-01-01
CUS_0x37e6_2024_07_01,CUS_0x37e6,2024-07-01,10,7,10000,1000.0,1000.0,0.0,3000.0,2025-02-01
CUS_0x37e6_2024_07_01,CUS_0x37e6,2024-07-01,10,8,10000,1000.0,1000.0,0.0,2000.0,2025-03-01
CUS_0x37e6_2024_07_01,CUS_0x37e6,2024-07-01,10,9,10000,1000.0,1000.0,0.0,1000.0,2025-04-01
CUS_0x37e6_2024_07_01,CUS_0x37e6,2024-07-01,10,10,10000,1000.0,1000.0,0.0,0.0,2025-05-01
CUS_0x37fb_2024_07_01,CUS_0x37fb,2024-07-01,10,0,10000,0.0,0.0,0.0,10000.0,2024-07-01
CUS_0x37fb_2024_07_01,CUS_0x37fb,2024-07-01,10,1,10000,1000.0,1000.0,0.0,9000.0,2024-08-01
CUS_0x37fb_2024_07_01,CUS_0x37fb,2024-07-01,10,2,10000,1000.0,1000.0,0.0,8000.0,2024-09-01
CUS_0x37fb_2024_07_01,CUS_0x37fb,2024-07-01,10,3,10000,1000.0,1000.0,0.0,7000.0,2024-10-01
CUS_0x37fb_2024_07_01,CUS_0x37fb,2024-07-01,10,4,10000,1000.0,1000.0,0.0,6000.0,2024-11-01
CUS_0x37fb_2024_07_01,CUS_0x37fb,2024-07-01,10,5,10000,1000.0,1000.0,0.0,5000.0,2024-12-01
CUS_0x37fb_2024_07_01,CUS_0x37fb,2024-07-01,10,6,10000,1000.0,1000.0,0.0,4000.0,2025-01-01
CUS_0x37fb_2024_07_01,CUS_0x37fb,2024-07-01,10,7,10000,1000.0,1000.0,0.0,3000.0,2025-02-01
CUS_0x37fb_2024_07_01,CUS_0x37fb,2024-07-01,10,8,10000,1000.0,1000.0,0.0,2000.0,2025-03-01
CUS_0x37fb_2024_07_01,CUS_0x37fb,2024-07-01,10,9,10000,1000.0,1000.0,0.0,1000.0,2025-04-01
CUS_0x37fb_2024_07_01,CUS_0x37fb,2024-07-01,10,10,10000,1000.0,1000.0,0.0,0.0,2025-05-01
CUS_0x383e_2023_04_01,CUS_0x383e,2023-04-01,10,0,10000,0.0,0.0,0.0,10000.0,2023-04-01
CUS_0x383e_2023_04_01,CUS_0x383e,2023-04-01,10,1,10000,1000.0,1000.0,0.0,9000.0,2023-05-01
CUS_0x383e_2023_04_01,CUS_0x383e,2023-04-01,10,2,10000,1000.0,1000.0,0.0,8000.0,2023-06-01
CUS_0x383e_2023_04_01,CUS_0x383e,2023-04-01,10,3,10000,1000.0,1000.0,0.0,7000.0,2023-07-01
CUS_0x383e_2023_04_01,CUS_0x383e,2023-04-01,10,4,10000,1000.0,1000.0,0.0,6000.0,2023-08-01
CUS_0x383e_2023_04_01,CUS_0x383e,2023-04-01,10,5,10000,1000.0,1000.0,0.0,5000.0,2023-09-01
CUS_0x383e_2023_04_01,CUS_0x383e,2023-04-01,10,6,10000,1000.0,1000.0,0.0,4000.0,2023-10-01
CUS_0x383e_2023_04_01,CUS_0x383e,2023-04-01,10,7,10000,1000.0,1000.0,0.0,3000.0,2023-11-01
CUS_0x383e_2023_04_01,CUS_0x383e,2023-04-01,10,8,10000,1000.0,1000.0,0.0,2000.0,2023-12-01
CUS_0x383e_2023_04_01,CUS_0x383e,2023-04-01,10,9,10000,1000.0,1000.0,0.0,1000.0,2024-01-01
CUS_0x383e_2023_04_01,CUS_0x383e,2023-04-01,10,10,10000,1000.0,1000.0,0.0,0.0,2024-02-01
CUS_0x384c_2024_08_01,CUS_0x384c,2024-08-01,10,0,10000,0.0,0.0,0.0,10000.0,2024-08-01
CUS_0x384c_2024_08_01,CUS_0x384c,2024-08-01,10,1,10000,1000.0,1000.0,0.0,9000.0,2024-09-01
CUS_0x384c_2024_08_01,CUS_0x384c,2024-08-01,10,2,10000,1000.0,1000.0,0.0,8000.0,2024-10-01
CUS_0x384c_2024_08_01,CUS_0x384c,2024-08-01,10,3,10000,1000.0,1000.0,0.0,7000.0,2024-11-01
CUS_0x384c_2024_08_01,CUS_0x384c,2024-08-01,10,4,10000,1000.0,1000.0,0.0,6000.0,2024-12-01
CUS_0x384c_2024_08_01,CUS_0x384c,2024-08-01,10,5,10000,1000.0,1000.0,0.0,5000.0,2025-01-01
CUS_0x384c_2024_08_01,CUS_0x384c,2024-08-01,10,6,10000,1000.0,1000.0,0.0,4000.0,2025-02-01
CUS_0x384c_2024_08_01,CUS_0x384c,2024-08-01,10,7,10000,1000.0,1000.0,0.0,3000.0,2025-03-01
CUS_0x384c_2024_08_01,CUS_0x384c,2024-08-01,10,8,10000,1000.0,1000.0,0.0,2000.0,2025-04-01
CUS_0x384c_2024_08_01,CUS_0x384c,2024-08-01,10,9,10000,1000.0,1000.0,0.0,1000.0,2025-05-01
CUS_0x384c_2024_08_01,CUS_0x384c,2024-08-01,10,10,10000,1000.0,1000.0,0.0,0.0,2025-06-01
CUS_0x3854_2024_09_01,CUS_0x3854,2024-09-01,10,0,10000,0.0,0.0,0.0,10000.0,2024-09-01
CUS_0x3854_2024_09_01,CUS_0x3854,2024-09-01,10,1,10000,1000.0,1000.0,0.0,9000.0,2024-10-01
CUS_0x3854_2024_09_01,CUS_0x3854,2024-09-01,10,2,10000,1000.0,1000.0,0.0,8000.0,2024-11-01
CUS_0x3854_2024_09_01,CUS_0x3854,2024-09-01,10,3,10000,1000.0,1000.0,0.0,7000.0,2024-12-01
CUS_0x3854_2024_09_01,CUS_0x3854,2024-09-01,10,4,10000,1000.0,1000.0,0.0,6000.0,2025-01-01
CUS_0x3854_2024_09_01,CUS_0x3854,2024-09-01,10,5,10000,1000.0,1000.0,0.0,5000.0,2025-02-01
CUS_0x3854_2024_09_01,CUS_0x3854,2024-09-01,10,6,10000,1000.0,1000.0,0.0,4000.0,2025-03-01
CUS_0x3854_2024_09_01,CUS_0x3854,2024-09-01,10,7,10000,1000.0,1000.0,0.0,3000.0,2025-04-01
CUS_0x3854_2024_09_01,CUS_0x3854,2024-09-01,10,8,10000,1000.0,1000.0,0.0,2000.0,2025-05-01
CUS_0x3854_2024_09_01,CUS_0x3854,2024-09-01,10,9,10000,1000.0,1000.0,0.0,1000.0,2025-06-01
CUS_0x3854_2024_09_01,CUS_0x3854,2024-09-01,10,10,10000,1000.0,1000.0,0.0,0.0,2025-07-01
CUS_0x385d_2024_06_01,CUS_0x385d,2024-06-01,10,0,10000,0.0,0.0,0.0,10000.0,2024-06-01
CUS_0x385d_2024_06_01,CUS_0x385d,2024-06-01,10,1,10000,1000.0,1000.0,0.0,9000.0,2024-07-01
CUS_0x385d_2024_06_01,CUS_0x385d,2024-06-01,10,2,10000,1000.0,1000.0,0.0,8000.0,2024-08-01
CUS_0x385d_2024_06_01,CUS_0x385d,2024-06-01,10,3,10000,1000.0,1000.0,0.0,7000.0,2024-09-01
CUS_0x385d_2024_06_01,CUS_0x385d,2024-06-01,10,4,10000,1000.0,1000.0,0.0,6000.0,2024-10-01
CUS_0x385d_2024_06_01,CUS_0x385d,2024-06-01,10,5,10000,1000.0,1000.0,0.0,5000.0,2024-11-01
CUS_0x385d_2024_06_01,CUS_0x385d,2024-06-01,10,6,10000,1000.0,1000.0,0.0,4000.0,2024-12-01
CUS_0x385d_2024_06_01,CUS_0x385d,2024-06-01,10,7,10000,1000.0,1000.0,0.0,3000.0,2025-01-01
CUS_0x385d_2024_06_01,CUS_0x385d,2024-06-01,10,8,10000,1000.0,1000.0,0.0,2000.0,2025-02-01
CUS_0x385d_2024_06_01,CUS_0x385d,2024-06-01,10,9,10000,1000.0,1000.0,0.0,1000.0,2025-03-01
CUS_0x385d_2024_06_01,CUS_0x385d,2024-06-01,10,10,10000,1000.0,1000.0,0.0,0.0,2025-04-01
CUS_0x3868_2023_07_01,CUS_0x3868,2023-07-01,10,0,10000,0.0,0.0,0.0,10000.0,2023-07-01
CUS_0x3868_2023_07_01,CUS_0x3868,2023-07-01,10,1,10000,1000.0,1000.0,0.0,9000.0,2023-08-01
CUS_0x3868_2023_07_01,CUS_0x3868,2023-07-01,10,2,10000,1000.0,0.0,1000.0,9000.0,2023-09-01
CUS_0x3868_2023_07_01,CUS_0x3868,2023-07-01,10,3,10000,1000.0,0.0,2000.0,9000.0,2023-10-01
CUS_0x3868_2023_07_01,CUS_0x3868,2023-07-01,10,4,10000,1000.0,3000.0,0.0,6000.0,2023-11-01
CUS_0x3868_2023_07_01,CUS_0x3868,2023-07-01,10,5,10000,1000.0,0.0,1000.0,6000.0,2023-12-01
CUS_0x3868_2023_07_01,CUS_0x3868,2023-07-01,10,6,10000,1000.0,0.0,2000.0,6000.0,2024-01-01
CUS_0x3868_2023_07_01,CUS_0x3868,2023-07-01,10,7,10000,1000.0,0.0,3000.0,6000.0,2024-02-01
CUS_0x3868_2023_07_01,CUS_0x3868,2023-07-01,10,8,10000,1000.0,0.0,4000.0,6000.0,2024-03-01
CUS_0x3868_2023_07_01,CUS_0x3868,2023-07-01,10,9,10000,1000.0,0.0,5000.0,6000.0,2024-04-01
CUS_0x3868_2023_07_01,CUS_0x3868,2023-07-01,10,10,10000,1000.0,0.0,6000.0,6000.0,2024-05-01
CUS_0x386e_2023_07_01,CUS_0x386e,2023-07-01,10,0,10000,0.0,0.0,0.0,10000.0,2023-07-01
CUS_0x386e_2023_07_01,CUS_0x386e,2023-07-01,10,1,10000,1000.0,1000.0,0.0,9000.0,2023-08-01
CUS_0x386e_2023_07_01,CUS_0x386e,2023-07-01,10,2,10000,1000.0,1000.0,0.0,8000.0,2023-09-01
CUS_0x386e_2023_07_01,CUS_0x386e,2023-07-01,10,3,10000,1000.0,0.0,1000.0,8000.0,2023-10-01
CUS_0x386e_2023_07_01,CUS_0x386e,2023-07-01,10,4,10000,1000.0,0.0,2000.0,8000.0,2023-11-01
CUS_0x386e_2023_07_01,CUS_0x386e,2023-07-01,10,5,10000,1000.0,0.0,3000.0,8000.0,2023-12-01
CUS_0x386e_2023_07_01,CUS_0x386e,2023-07-01,10,6,10000,1000.0,0.0,4000.0,8000.0,2024-01-01
CUS_0x386e_2023_07_01,CUS_0x386e,2023-07-01,10,7,10000,1000.0,0.0,5000.0,8000.0,2024-02-01
CUS_0x386e_2023_07_01,CUS_0x386e,2023-07-01,10,8,10000,1000.0,0.0,6000.0,8000.0,2024-03-01
CUS_0x386e_2023_07_01,CUS_0x386e,2023-07-01,10,9,10000,1000.0,0.0,7000.0,8000.0,2024-04-01
CUS_0x386e_2023_07_01,CUS_0x386e,2023-07-01,10,10,10000,1000.0,0.0,8000.0,8000.0,2024-05-01
CUS_0x38a7_2024_12_01,CUS_0x38a7,2024-12-01,10,0,10000,0.0,0.0,0.0,10000.0,2024-12-01
CUS_0x38a7_2024_12_01,CUS_0x38a7,2024-12-01,10,1,10000,1000.0,1000.0,0.0,9000.0,2025-01-01
CUS_0x38a7_2024_12_01,CUS_0x38a7,2024-12-01,10,2,10000,1000.0,1000.0,0.0,8000.0,2025-02-01
CUS_0x38a7_2024_12_01,CUS_0x38a7,2024-12-01,10,3,10000,1000.0,1000.0,0.0,7000.0,2025-03-01
CUS_0x38a7_2024_12_01,CUS_0x38a7,2024-12-01,10,4,10000,1000.0,1000.0,0.0,6000.0,2025-04-01
CUS_0x38a7_2024_12_01,CUS_0x38a7,2024-12-01,10,5,10000,1000.0,1000.0,0.0,5000.0,2025-05-01
CUS_0x38a7_2024_12_01,CUS_0x38a7,2024-12-01,10,6,10000,1000.0,1000.0,0.0,4000.0,2025-06-01
CUS_0x38a7_2024_12_01,CUS_0x38a7,2024-12-01,10,7,10000,1000.0,1000.0,0.0,3000.0,2025-07-01
CUS_0x38a7_2024_12_01,CUS_0x38a7,2024-12-01,10,8,10000,1000.0,1000.0,0.0,2000.0,2025-08-01
CUS_0x38a7_2024_12_01,CUS_0x38a7,2024-12-01,10,9,10000,1000.0,1000.0,0.0,1000.0,2025-09-01
CUS_0x38a7_2024_12_01,CUS_0x38a7,2024-12-01,10,10,10000,1000.0,1000.0,0.0,0.0,2025-10-01
CUS_0x38aa_2024_10_01,CUS_0x38aa,2024-10-01,10,0,10000,0.0,0.0,0.0,10000.0,2024-10-01
CUS_0x38aa_2024_10_01,CUS_0x38aa,2024-10-01,10,1,10000,1000.0,1000.0,0.0,9000.0,2024-11-01
CUS_0x38aa_2024_10_01,CUS_0x38aa,2024-10-01,10,2,10000,1000.0,1000.0,0.0,8000.0,2024-12-01
CUS_0x38aa_2024_10_01,CUS_0x38aa,2024-10-01,10,3,10000,1000.0,1000.0,0.0,7000.0,2025-01-01
CUS_0x38aa_2024_10_01,CUS_0x38aa,2024-10-01,10,4,10000,1000.0,1000.0,0.0,6000.0,2025-02-01
CUS_0x38aa_2024_10_01,CUS_0x38aa,2024-10-01,10,5,10000,1000.0,1000.0,0.0,5000.0,2025-03-01
CUS_0x38aa_2024_10_01,CUS_0x38aa,2024-10-01,10,6,10000,1000.0,1000.0,0.0,4000.0,2025-04-01
CUS_0x38aa_2024_10_01,CUS_0x38aa,2024-10-01,10,7,10000,1000.0,1000.0,0.0,3000.0,2025-05-01
CUS_0x38aa_2024_10_01,CUS_0x38aa,2024-10-01,10,8,10000,1000.0,1000.0,0.0,2000.0,2025-06-01
CUS_0x38aa_2024_10_01,CUS_0x38aa,2024-10-01,10,9,10000,1000.0,1000.0,0.0,1000.0,2025-07-01
CUS_0x38aa_2024_10_01,CUS_0x38aa,2024-10-01,10,10,10000,1000.0,1000.0,0.0,0.0,2025-08-01
CUS_0x38ad_2024_02_01,CUS_0x38ad,2024-02-01,10,0,10000,0.0,0.0,0.0,10000.0,2024-02-01
CUS_0x38ad_2024_02_01,CUS_0x38ad,2024-02-01,10,1,10000,1000.0,1000.0,0.0,9000.0,2024-03-01
CUS_0x38ad_2024_02_01,CUS_0x38ad,2024-02-01,10,2,10000,1000.0,1000.0,0.0,8000.0,2024-04-01
CUS_0x38ad_2024_02_01,CUS_0x38ad,2024-02-01,10,3,10000,1000.0,0.0,1000.0,8000.0,2024-05-01
CUS_0x38ad_2024_02_01,CUS_0x38ad,2024-02-01,10,4,10000,1000.0,0.0,2000.0,8000.0,2024-06-01
CUS_0x38ad_2024_02_01,CUS_0x38ad,2024-02-01,10,5,10000,1000.0,0.0,3000.0,8000.0,2024-07-01
CUS_0x38ad_2024_02_01,CUS_0x38ad,2024-02-01,10,6,10000,1000.0,0.0,4000.0,8000.0,2024-08-01
CUS_0x38ad_2024_02_01,CUS_0x38ad,2024-02-01,10,7,10000,1000.0,0.0,5000.0,8000.0,2024-09-01
CUS_0x38ad_2024_02_01,CUS_0x38ad,2024-02-01,10,8,10000,1000.0,0.0,6000.0,8000.0,2024-10-01
CUS_0x38ad_2024_02_01,CUS_0x38ad,2024-02-01,10,9,10000,1000.0,0.0,7000.0,8000.0,2024-11-01
CUS_0x38ad_2024_02_01,CUS_0x38ad,2024-02-01,10,10,10000,1000.0,0.0,8000.0,8000.0,2024-12-01
CUS_0x38dc_2024_11_01,CUS_0x38dc,2024-11-01,10,0,10000,0.0,0.0,0.0,10000.0,2024-11-01
CUS_0x38dc_2024_11_01,CUS_0x38dc,2024-11-01,10,1,10000,1000.0,1000.0,0.0,9000.0,2024-12-01
CUS_0x38dc_2024_11_01,CUS_0x38dc,2024-11-01,10,2,10000,1000.0,1000.0,0.0,8000.0,2025-01-01
CUS_0x38dc_2024_11_01,CUS_0x38dc,2024-11-01,10,3,10000,1000.0,1000.0,0.0,7000.0,2025-02-01
CUS_0x38dc_2024_11_01,CUS_0x38dc,2024-11-01,10,4,10000,1000.0,1000.0,0.0,6000.0,2025-03-01
CUS_0x38dc_2024_11_01,CUS_0x38dc,2024-11-01,10,5,10000,1000.0,1000.0,0.0,5000.0,2025-04-01
CUS_0x38dc_2024_11_01,CUS_0x38dc,2024-11-01,10,6,10000,1000.0,1000.0,0.0,4000.0,2025-05-01
CUS_0x38dc_2024_11_01,CUS_0x38dc,2024-11-01,10,7,10000,1000.0,1000.0,0.0,3000.0,2025-06-01
CUS_0x38dc_2024_11_01,CUS_0x38dc,2024-11-01,10,8,10000,1000.0,1000.0,0.0,2000.0,2025-07-01
CUS_0x38dc_2024_11_01,CUS_0x38dc,2024-11-01,10,9,10000,1000.0,1000.0,0.0,1000.0,2025-08-01
CUS_0x38dc_2024_11_01,CUS_0x38dc,2024-11-01,10,10,10000,1000.0,1000.0,0.0,0.0,2025-09-01
CUS_0x3909_2024_07_01,CUS_0x3909,2024-07-01,10,0,10000,0.0,0.0,0.0,10000.0,2024-07-01
CUS_0x3909_2024_07_01,CUS_0x3909,2024-07-01,10,1,10000,1000.0,1000.0,0.0,9000.0,2024-08-01
CUS_0x3909_2024_07_01,CUS_0x3909,2024-07-01,10,2,10000,1000.0,1000.0,0.0,8000.0,2024-09-01
CUS_0x3909_2024_07_01,CUS_0x3909,2024-07-01,10,3,10000,1000.0,1000.0,0.0,7000.0,2024-10-01
CUS_0x3909_2024_07_01,CUS_0x3909,2024-07-01,10,4,10000,1000.0,1000.0,0.0,6000.0,2024-11-01
CUS_0x3909_2024_07_01,CUS_0x3909,2024-07-01,10,5,10000,1000.0,1000.0,0.0,5000.0,2024-12-01
CUS_0x3909_2024_07_01,CUS_0x3909,2024-07-01,10,6,10000,1000.0,1000.0,0.0,4000.0,2025-01-01
CUS_0x3909_2024_07_01,CUS_0x3909,2024-07-01,10,7,10000,1000.0,1000.0,0.0,3000.0,2025-02-01
CUS_0x3909_2024_07_01,CUS_0x3909,2024-07-01,10,8,10000,1000.0,1000.0,0.0,2000.0,2025-03-01
CUS_0x3909_2024_07_01,CUS_0x3909,2024-07-01,10,9,10000,1000.0,1000.0,0.0,1000.0,2025-04-01
CUS_0x3909_2024_07_01,CUS_0x3909,2024-07-01,10,10,10000,1000.0,1000.0,0.0,0.0,2025-05-01
CUS_0x3911_2023_09_01,CUS_0x3911,2023-09-01,10,0,10000,0.0,0.0,0.0,10000.0,2023-09-01
CUS_0x3911_2023_09_01,CUS_0x3911,2023-09-01,10,1,10000,1000.0,1000.0,0.0,9000.0,2023-10-01
CUS_0x3911_2023_09_01,CUS_0x3911,2023-09-01,10,2,10000,1000.0,1000.0,0.0,8000.0,2023-11-01
CUS_0x3911_2023_09_01,CUS_0x3911,2023-09-01,10,3,10000,1000.0,1000.0,0.0,7000.0,2023-12-01
CUS_0x3911_2023_09_01,CUS_0x3911,2023-09-01,10,4,10000,1000.0,1000.0,0.0,6000.0,2024-01-01
CUS_0x3911_2023_09_01,CUS_0x3911,2023-09-01,10,5,10000,1000.0,1000.0,0.0,5000.0,2024-02-01
CUS_0x3911_2023_09_01,CUS_0x3911,2023-09-01,10,6,10000,1000.0,1000.0,0.0,4000.0,2024-03-01
CUS_0x3911_2023_09_01,CUS_0x3911,2023-09-01,10,7,10000,1000.0,1000.0,0.0,3000.0,2024-04-01
CUS_0x3911_2023_09_01,CUS_0x3911,2023-09-01,10,8,10000,1000.0,1000.0,0.0,2000.0,2024-05-01
CUS_0x3911_2023_09_01,CUS_0x3911,2023-09-01,10,9,10000,1000.0,1000.0,0.0,1000.0,2024-06-01
CUS_0x3911_2023_09_01,CUS_0x3911,2023-09-01,10,10,10000,1000.0,1000.0,0.0,0.0,2024-07-01
CUS_0x396d_2023_09_01,CUS_0x396d,2023-09-01,10,0,10000,0.0,0.0,0.0,10000.0,2023-09-01
CUS_0x396d_2023_09_01,CUS_0x396d,2023-09-01,10,1,10000,1000.0,1000.0,0.0,9000.0,2023-10-01
CUS_0x396d_2023_09_01,CUS_0x396d,2023-09-01,10,2,10000,1000.0,1000.0,0.0,8000.0,2023-11-01
CUS_0x396d_2023_09_01,CUS_0x396d,2023-09-01,10,3,10000,1000.0,1000.0,0.0,7000.0,2023-12-01
CUS_0x396d_2023_09_01,CUS_0x396d,2023-09-01,10,4,10000,1000.0,1000.0,0.0,6000.0,2024-01-01
CUS_0x396d_2023_09_01,CUS_0x396d,2023-09-01,10,5,10000,1000.0,1000.0,0.0,5000.0,2024-02-01
CUS_0x396d_2023_09_01,CUS_0x396d,2023-09-01,10,6,10000,1000.0,1000.0,0.0,4000.0,2024-03-01
CUS_0x396d_2023_09_01,CUS_0x396d,2023-09-01,10,7,10000,1000.0,1000.0,0.0,3000.0,2024-04-01
CUS_0x396d_2023_09_01,CUS_0x396d,2023-09-01,10,8,10000,1000.0,1000.0,0.0,2000.0,2024-05-01
CUS_0x396d_2023_09_01,CUS_0x396d,2023-09-01,10,9,10000,1000.0,1000.0,0.0,1000.0,2024-06-01
CUS_0x396d_2023_09_01,CUS_0x396d,2023-09-01,10,10,10000,1000.0,1000.0,0.0,0.0,2024-07-01
CUS_0x39c5_2024_03_01,CUS_0x39c5,2024-03-01,10,0,10000,0.0,0.0,0.0,10000.0,2024-03-01
CUS_0x39c5_2024_03_01,CUS_0x39c5,2024-03-01,10,1,10000,1000.0,0.0,1000.0,10000.0,2024-04-01
CUS_0x39c5_2024_03_01,CUS_0x39c5,2024-03-01,10,2,10000,1000.0,2000.0,0.0,8000.0,2024-05-01
CUS_0x39c5_2024_03_01,CUS_0x39c5,2024-03-01,10,3,10000,1000.0,0.0,1000.0,8000.0,2024-06-01
CUS_0x39c5_2024_03_01,CUS_0x39c5,2024-03-01,10,4,10000,1000.0,2000.0,0.0,6000.0,2024-07-01
CUS_0x39c5_2024_03_01,CUS_0x39c5,2024-03-01,10,5,10000,1000.0,0.0,1000.0,6000.0,2024-08-01
CUS_0x39c5_2024_03_01,CUS_0x39c5,2024-03-01,10,6,10000,1000.0,0.0,2000.0,6000.0,2024-09-01
CUS_0x39c5_2024_03_01,CUS_0x39c5,2024-03-01,10,7,10000,1000.0,0.0,3000.0,6000.0,2024-10-01
CUS_0x39c5_2024_03_01,CUS_0x39c5,2024-03-01,10,8,10000,1000.0,0.0,4000.0,6000.0,2024-11-01
CUS_0x39c5_2024_03_01,CUS_0x39c5,2024-03-01,10,9,10000,1000.0,0.0,5000.0,6000.0,2024-12-01
CUS_0x39c5_2024_03_01,CUS_0x39c5,2024-03-01,10,10,10000,1000.0,0.0,6000.0,6000.0,2025-01-01
CUS_0x3a85_2024_02_01,CUS_0x3a85,2024-02-01,10,0,10000,0.0,0.0,0.0,10000.0,2024-02-01
CUS_0x3a85_2024_02_01,CUS_0x3a85,2024-02-01,10,1,10000,1000.0,1000.0,0.0,9000.0,2024-03-01
CUS_0x3a85_2024_02_01,CUS_0x3a85,2024-02-01,10,2,10000,1000.0,1000.0,0.0,8000.0,2024-04-01
CUS_0x3a85_2024_02_01,CUS_0x3a85,2024-02-01,10,3,10000,1000.0,1000.0,0.0,7000.0,2024-05-01
CUS_0x3a85_2024_02_01,CUS_0x3a85,2024-02-01,10,4,10000,1000.0,1000.0,0.0,6000.0,2024-06-01
CUS_0x3a85_2024_02_01,CUS_0x3a85,2024-02-01,10,5,10000,1000.0,1000.0,0.0,5000.0,2024-07-01
CUS_0x3a85_2024_02_01,CUS_0x3a85,2024-02-01,10,6,10000,1000.0,1000.0,0.0,4000.0,2024-08-01
CUS_0x3a85_2024_02_01,CUS_0x3a85,2024-02-01,10,7,10000,1000.0,1000.0,0.0,3000.0,2024-09-01
CUS_0x3a85_2024_02_01,CUS_0x3a85,2024-02-01,10,8,10000,1000.0,1000.0,0.0,2000.0,2024-10-01
CUS_0x3a85_2024_02_01,CUS_0x3a85,2024-02-01,10,9,10000,1000.0,1000.0,0.0,1000.0,2024-11-01
CUS_0x3a85_2024_02_01,CUS_0x3a85,2024-02-01,10,10,10000,1000.0,1000.0,0.0,0.0,2024-12-01
CUS_0x3a94_2023_12_01,CUS_0x3a94,2023-12-01,10,0,10000,0.0,0.0,0.0,10000.0,2023-12-01
CUS_0x3a94_2023_12_01,CUS_0x3a94,2023-12-01,10,1,10000,1000.0,1000.0,0.0,9000.0,2024-01-01
CUS_0x3a94_2023_12_01,CUS_0x3a94,2023-12-01,10,2,10000,1000.0,1000.0,0.0,8000.0,2024-02-01
CUS_0x3a94_2023_12_01,CUS_0x3a94,2023-12-01,10,3,10000,1000.0,1000.0,0.0,7000.0,2024-03-01
CUS_0x3a94_2023_12_01,CUS_0x3a94,2023-12-01,10,4,10000,1000.0,1000.0,0.0,6000.0,2024-04-01
CUS_0x3a94_2023_12_01,CUS_0x3a94,2023-12-01,10,5,10000,1000.0,1000.0,0.0,5000.0,2024-05-01
CUS_0x3a94_2023_12_01,CUS_0x3a94,2023-12-01,10,6,10000,1000.0,1000.0,0.0,4000.0,2024-06-01
CUS_0x3a94_2023_12_01,CUS_0x3a94,2023-12-01,10,7,10000,1000.0,1000.0,0.0,3000.0,2024-07-01
CUS_0x3a94_2023_12_01,CUS_0x3a94,2023-12-01,10,8,10000,1000.0,1000.0,0.0,2000.0,2024-08-01
CUS_0x3a94_2023_12_01,CUS_0x3a94,2023-12-01,10,9,10000,1000.0,1000.0,0.0,1000.0,2024-09-01
CUS_0x3a94_2023_12_01,CUS_0x3a94,2023-12-01,10,10,10000,1000.0,1000.0,0.0,0.0,2024-10-01
CUS_0x3a9d_2023_10_01,CUS_0x3a9d,2023-10-01,10,0,10000,0.0,0.0,0.0,10000.0,2023-10-01
CUS_0x3a9d_2023_10_01,CUS_0x3a9d,2023-10-01,10,1,10000,1000.0,1000.0,0.0,9000.0,2023-11-01
CUS_0x3a9d_2023_10_01,CUS_0x3a9d,2023-10-01,10,2,10000,1000.0,1000.0,0.0,8000.0,2023-12-01
CUS_0x3a9d_2023_10_01,CUS_0x3a9d,2023-10-01,10,3,10000,1000.0,1000.0,0.0,7000.0,2024-01-01
CUS_0x3a9d_2023_10_01,CUS_0x3a9d,2023-10-01,10,4,10000,1000.0,1000.0,0.0,6000.0,2024-02-01
CUS_0x3a9d_2023_10_01,CUS_0x3a9d,2023-10-01,10,5,10000,1000.0,1000.0,0.0,5000.0,2024-03-01
CUS_0x3a9d_2023_10_01,CUS_0x3a9d,2023-10-01,10,6,10000,1000.0,1000.0,0.0,4000.0,2024-04-01
CUS_0x3a9d_2023_10_01,CUS_0x3a9d,2023-10-01,10,7,10000,1000.0,1000.0,0.0,3000.0,2024-05-01
CUS_0x3a9d_2023_10_01,CUS_0x3a9d,2023-10-01,10,8,10000,1000.0,1000.0,0.0,2000.0,2024-06-01
CUS_0x3a9d_2023_10_01,CUS_0x3a9d,2023-10-01,10,9,10000,1000.0,1000.0,0.0,1000.0,2024-07-01
CUS_0x3a9d_2023_10_01,CUS_0x3a9d,2023-10-01,10,10,10000,1000.0,1000.0,0.0,0.0,2024-08-01
CUS_0x3aa1_2024_07_01,CUS_0x3aa1,2024-07-01,10,0,10000,0.0,0.0,0.0,10000.0,2024-07-01
CUS_0x3aa1_2024_07_01,CUS_0x3aa1,2024-07-01,10,1,10000,1000.0,1000.0,0.0,9000.0,2024-08-01
CUS_0x3aa1_2024_07_01,CUS_0x3aa1,2024-07-01,10,2,10000,1000.0,1000.0,0.0,8000.0,2024-09-01
CUS_0x3aa1_2024_07_01,CUS_0x3aa1,2024-07-01,10,3,10000,1000.0,1000.0,0.0,7000.0,2024-10-01
CUS_0x3aa1_2024_07_01,CUS_0x3aa1,2024-07-01,10,4,10000,1000.0,0.0,1000.0,7000.0,2024-11-01
CUS_0x3aa1_2024_07_01,CUS_0x3aa1,2024-07-01,10,5,10000,1000.0,0.0,2000.0,7000.0,2024-12-01
CUS_0x3aa1_2024_07_01,CUS_0x3aa1,2024-07-01,10,6,10000,1000.0,0.0,3000.0,7000.0,2025-01-01
CUS_0x3aa1_2024_07_01,CUS_0x3aa1,2024-07-01,10,7,10000,1000.0,0.0,4000.0,7000.0,2025-02-01
CUS_0x3aa1_2024_07_01,CUS_0x3aa1,2024-07-01,10,8,10000,1000.0,0.0,5000.0,7000.0,2025-03-01
CUS_0x3aa1_2024_07_01,CUS_0x3aa1,2024-07-01,10,9,10000,1000.0,0.0,6000.0,7000.0,2025-04-01
CUS_0x3aa1_2024_07_01,CUS_0x3aa1,2024-07-01,10,10,10000,1000.0,0.0,7000.0,7000.0,2025-05-01
CUS_0x3ace_2023_11_01,CUS_0x3ace,2023-11-01,10,0,10000,0.0,0.0,0.0,10000.0,2023-11-01
CUS_0x3ace_2023_11_01,CUS_0x3ace,2023-11-01,10,1,10000,1000.0,1000.0,0.0,9000.0,2023-12-01
CUS_0x3ace_2023_11_01,CUS_0x3ace,2023-11-01,10,2,10000,1000.0,0.0,1000.0,9000.0,2024-01-01
CUS_0x3ace_2023_11_01,CUS_0x3ace,2023-11-01,10,3,10000,1000.0,0.0,2000.0,9000.0,2024-02-01
CUS_0x3ace_2023_11_01,CUS_0x3ace,2023-11-01,10,4,10000,1000.0,0.0,3000.0,9000.0,2024-03-01
CUS_0x3ace_2023_11_01,CUS_0x3ace,2023-11-01,10,5,10000,1000.0,0.0,4000.0,9000.0,2024-04-01
CUS_0x3ace_2023_11_01,CUS_0x3ace,2023-11-01,10,6,10000,1000.0,0.0,5000.0,9000.0,2024-05-01
CUS_0x3ace_2023_11_01,CUS_0x3ace,2023-11-01,10,7,10000,1000.0,0.0,6000.0,9000.0,2024-06-01
CUS_0x3ace_2023_11_01,CUS_0x3ace,2023-11-01,10,8,10000,1000.0,0.0,7000.0,9000.0,2024-07-01
CUS_0x3ace_2023_11_01,CUS_0x3ace,2023-11-01,10,9,10000,1000.0,0.0,8000.0,9000.0,2024-08-01
CUS_0x3ace_2023_11_01,CUS_0x3ace,2023-11-01,10,10,10000,1000.0,0.0,9000.0,9000.0,2024-09-01
CUS_0x3ad4_2023_09_01,CUS_0x3ad4,2023-09-01,10,0,10000,0.0,0.0,0.0,10000.0,2023-09-01
CUS_0x3ad4_2023_09_01,CUS_0x3ad4,2023-09-01,10,1,10000,1000.0,1000.0,0.0,9000.0,2023-10-01
CUS_0x3ad4_2023_09_01,CUS_0x3ad4,2023-09-01,10,2,10000,1000.0,1000.0,0.0,8000.0,2023-11-01
CUS_0x3ad4_2023_09_01,CUS_0x3ad4,2023-09-01,10,3,10000,1000.0,1000.0,0.0,7000.0,2023-12-01
CUS_0x3ad4_2023_09_01,CUS_0x3ad4,2023-09-01,10,4,10000,1000.0,1000.0,0.0,6000.0,2024-01-01
CUS_0x3ad4_2023_09_01,CUS_0x3ad4,2023-09-01,10,5,10000,1000.0,1000.0,0.0,5000.0,2024-02-01
CUS_0x3ad4_2023_09_01,CUS_0x3ad4,2023-09-01,10,6,10000,1000.0,1000.0,0.0,4000.0,2024-03-01
CUS_0x3ad4_2023_09_01,CUS_0x3ad4,2023-09-01,10,7,10000,1000.0,1000.0,0.0,3000.0,2024-04-01
CUS_0x3ad4_2023_09_01,CUS_0x3ad4,2023-09-01,10,8,10000,1000.0,1000.0,0.0,2000.0,2024-05-01
CUS_0x3ad4_2023_09_01,CUS_0x3ad4,2023-09-01,10,9,10000,1000.0,1000.0,0.0,1000.0,2024-06-01
CUS_0x3ad4_2023_09_01,CUS_0x3ad4,2023-09-01,10,10,10000,1000.0,1000.0,0.0,0.0,2024-07-01
CUS_0x3b2a_2023_01_01,CUS_0x3b2a,2023-01-01,10,0,10000,0.0,0.0,0.0,10000.0,2023-01-01
CUS_0x3b2a_2023_01_01,CUS_0x3b2a,2023-01-01,10,1,10000,1000.0,1000.0,0.0,9000.0,2023-02-01
CUS_0x3b2a_2023_01_01,CUS_0x3b2a,2023-01-01,10,2,10000,1000.0,1000.0,0.0,8000.0,2023-03-01
CUS_0x3b2a_2023_01_01,CUS_0x3b2a,2023-01-01,10,3,10000,1000.0,1000.0,0.0,7000.0,2023-04-01
CUS_0x3b2a_2023_01_01,CUS_0x3b2a,2023-01-01,10,4,10000,1000.0,1000.0,0.0,6000.0,2023-05-01
CUS_0x3b2a_2023_01_01,CUS_0x3b2a,2023-01-01,10,5,10000,1000.0,1000.0,0.0,5000.0,2023-06-01
CUS_0x3b2a_2023_01_01,CUS_0x3b2a,2023-01-01,10,6,10000,1000.0,1000.0,0.0,4000.0,2023-07-01
CUS_0x3b2a_2023_01_01,CUS_0x3b2a,2023-01-01,10,7,10000,1000.0,1000.0,0.0,3000.0,2023-08-01
CUS_0x3b2a_2023_01_01,CUS_0x3b2a,2023-01-01,10,8,10000,1000.0,1000.0,0.0,2000.0,2023-09-01
CUS_0x3b2a_2023_01_01,CUS_0x3b2a,2023-01-01,10,9,10000,1000.0,1000.0,0.0,1000.0,2023-10-01
CUS_0x3b2a_2023_01_01,CUS_0x3b2a,2023-01-01,10,10,10000,1000.0,1000.0,0.0,0.0,2023-11-01
CUS_0x3b2b_2023_05_01,CUS_0x3b2b,2023-05-01,10,0,10000,0.0,0.0,0.0,10000.0,2023-05-01
CUS_0x3b2b_2023_05_01,CUS_0x3b2b,2023-05-01,10,1,10000,1000.0,1000.0,0.0,9000.0,2023-06-01
CUS_0x3b2b_2023_05_01,CUS_0x3b2b,2023-05-01,10,2,10000,1000.0,1000.0,0.0,8000.0,2023-07-01
CUS_0x3b2b_2023_05_01,CUS_0x3b2b,2023-05-01,10,3,10000,1000.0,1000.0,0.0,7000.0,2023-08-01
CUS_0x3b2b_2023_05_01,CUS_0x3b2b,2023-05-01,10,4,10000,1000.0,1000.0,0.0,6000.0,2023-09-01
CUS_0x3b2b_2023_05_01,CUS_0x3b2b,2023-05-01,10,5,10000,1000.0,1000.0,0.0,5000.0,2023-10-01
CUS_0x3b2b_2023_05_01,CUS_0x3b2b,2023-05-01,10,6,10000,1000.0,1000.0,0.0,4000.0,2023-11-01
CUS_0x3b2b_2023_05_01,CUS_0x3b2b,2023-05-01,10,7,10000,1000.0,1000.0,0.0,3000.0,2023-12-01
CUS_0x3b2b_2023_05_01,CUS_0x3b2b,2023-05-01,10,8,10000,1000.0,1000.0,0.0,2000.0,2024-01-01
CUS_0x3b2b_2023_05_01,CUS_0x3b2b,2023-05-01,10,9,10000,1000.0,1000.0,0.0,1000.0,2024-02-01
CUS_0x3b2b_2023_05_01,CUS_0x3b2b,2023-05-01,10,10,10000,1000.0,1000.0,0.0,0.0,2024-03-01
CUS_0x3baa_2024_02_01,CUS_0x3baa,2024-02-01,10,0,10000,0.0,0.0,0.0,10000.0,2024-02-01
CUS_0x3baa_2024_02_01,CUS_0x3baa,2024-02-01,10,1,10000,1000.0,1000.0,0.0,9000.0,2024-03-01
CUS_0x3baa_2024_02_01,CUS_0x3baa,2024-02-01,10,2,10000,1000.0,1000.0,0.0,8000.0,2024-04-01
CUS_0x3baa_2024_02_01,CUS_0x3baa,2024-02-01,10,3,10000,1000.0,1000.0,0.0,7000.0,2024-05-01
CUS_0x3baa_2024_02_01,CUS_0x3baa,2024-02-01,10,4,10000,1000.0,1000.0,0.0,6000.0,2024-06-01
CUS_0x3baa_2024_02_01,CUS_0x3baa,2024-02-01,10,5,10000,1000.0,1000.0,0.0,5000.0,2024-07-01
CUS_0x3baa_2024_02_01,CUS_0x3baa,2024-02-01,10,6,10000,1000.0,1000.0,0.0,4000.0,2024-08-01
CUS_0x3baa_2024_02_01,CUS_0x3baa,2024-02-01,10,7,10000,1000.0,1000.0,0.0,3000.0,2024-09-01
CUS_0x3baa_2024_02_01,CUS_0x3baa,2024-02-01,10,8,10000,1000.0,1000.0,0.0,2000.0,2024-10-01
CUS_0x3baa_2024_02_01,CUS_0x3baa,2024-02-01,10,9,10000,1000.0,1000.0,0.0,1000.0,2024-11-01
CUS_0x3baa_2024_02_01,CUS_0x3baa,2024-02-01,10,10,10000,1000.0,1000.0,0.0,0.0,2024-12-01
CUS_0x3bba_2024_05_01,CUS_0x3bba,2024-05-01,10,0,10000,0.0,0.0,0.0,10000.0,2024-05-01
CUS_0x3bba_2024_05_01,CUS_0x3bba,2024-05-01,10,1,10000,1000.0,1000.0,0.0,9000.0,2024-06-01
CUS_0x3bba_2024_05_01,CUS_0x3bba,2024-05-01,10,2,10000,1000.0,0.0,1000.0,9000.0,2024-07-01
CUS_0x3bba_2024_05_01,CUS_0x3bba,2024-05-01,10,3,10000,1000.0,0.0,2000.0,9000.0,2024-08-01
CUS_0x3bba_2024_05_01,CUS_0x3bba,2024-05-01,10,4,10000,1000.0,0.0,3000.0,9000.0,2024-09-01
CUS_0x3bba_2024_05_01,CUS_0x3bba,2024-05-01,10,5,10000,1000.0,0.0,4000.0,9000.0,2024-10-01
CUS_0x3bba_2024_05_01,CUS_0x3bba,2024-05-01,10,6,10000,1000.0,0.0,5000.0,9000.0,2024-11-01
CUS_0x3bba_2024_05_01,CUS_0x3bba,2024-05-01,10,7,10000,1000.0,0.0,6000.0,9000.0,2024-12-01
CUS_0x3bba_2024_05_01,CUS_0x3bba,2024-05-01,10,8,10000,1000.0,0.0,7000.0,9000.0,2025-01-01
CUS_0x3bba_2024_05_01,CUS_0x3bba,2024-05-01,10,9,10000,1000.0,0.0,8000.0,9000.0,2025-02-01
CUS_0x3bba_2024_05_01,CUS_0x3bba,2024-05-01,10,10,10000,1000.0,0.0,9000.0,9000.0,2025-03-01
CUS_0x3bc6_2023_01_01,CUS_0x3bc6,2023-01-01,10,0,10000,0.0,0.0,0.0,10000.0,2023-01-01
CUS_0x3bc6_2023_01_01,CUS_0x3bc6,2023-01-01,10,1,10000,1000.0,1000.0,0.0,9000.0,2023-02-01
CUS_0x3bc6_2023_01_01,CUS_0x3bc6,2023-01-01,10,2,10000,1000.0,0.0,1000.0,9000.0,2023-03-01
CUS_0x3bc6_2023_01_01,CUS_0x3bc6,2023-01-01,10,3,10000,1000.0,2000.0,0.0,7000.0,2023-04-01
CUS_0x3bc6_2023_01_01,CUS_0x3bc6,2023-01-01,10,4,10000,1000.0,0.0,1000.0,7000.0,2023-05-01
CUS_0x3bc6_2023_01_01,CUS_0x3bc6,2023-01-01,10,5,10000,1000.0,0.0,2000.0,7000.0,2023-06-01
CUS_0x3bc6_2023_01_01,CUS_0x3bc6,2023-01-01,10,6,10000,1000.0,0.0,3000.0,7000.0,2023-07-01
CUS_0x3bc6_2023_01_01,CUS_0x3bc6,2023-01-01,10,7,10000,1000.0,0.0,4000.0,7000.0,2023-08-01
CUS_0x3bc6_2023_01_01,CUS_0x3bc6,2023-01-01,10,8,10000,1000.0,0.0,5000.0,7000.0,2023-09-01
CUS_0x3bc6_2023_01_01,CUS_0x3bc6,2023-01-01,10,9,10000,1000.0,0.0,6000.0,7000.0,2023-10-01
CUS_0x3bc6_2023_01_01,CUS_0x3bc6,2023-01-01,10,10,10000,1000.0,0.0,7000.0,7000.0,2023-11-01
CUS_0x3ce3_2024_01_01,CUS_0x3ce3,2024-01-01,10,0,10000,0.0,0.0,0.0,10000.0,2024-01-01
CUS_0x3ce3_2024_01_01,CUS_0x3ce3,2024-01-01,10,1,10000,1000.0,1000.0,0.0,9000.0,2024-02-01
CUS_0x3ce3_2024_01_01,CUS_0x3ce3,2024-01-01,10,2,10000,1000.0,1000.0,0.0,8000.0,2024-03-01
CUS_0x3ce3_2024_01_01,CUS_0x3ce3,2024-01-01,10,3,10000,1000.0,1000.0,0.0,7000.0,2024-04-01
CUS_0x3ce3_2024_01_01,CUS_0x3ce3,2024-01-01,10,4,10000,1000.0,1000.0,0.0,6000.0,2024-05-01
CUS_0x3ce3_2024_01_01,CUS_0x3ce3,2024-01-01,10,5,10000,1000.0,1000.0,0.0,5000.0,2024-06-01
CUS_0x3ce3_2024_01_01,CUS_0x3ce3,2024-01-01,10,6,10000,1000.0,1000.0,0.0,4000.0,2024-07-01
CUS_0x3ce3_2024_01_01,CUS_0x3ce3,2024-01-01,10,7,10000,1000.0,1000.0,0.0,3000.0,2024-08-01
CUS_0x3ce3_2024_01_01,CUS_0x3ce3,2024-01-01,10,8,10000,1000.0,1000.0,0.0,2000.0,2024-09-01
CUS_0x3ce3_2024_01_01,CUS_0x3ce3,2024-01-01,10,9,10000,1000.0,1000.0,0.0,1000.0,2024-10-01
CUS_0x3ce3_2024_01_01,CUS_0x3ce3,2024-01-01,10,10,10000,1000.0,1000.0,0.0,0.0,2024-11-01
CUS_0x3cfb_2023_06_01,CUS_0x3cfb,2023-06-01,10,0,10000,0.0,0.0,0.0,10000.0,2023-06-01
CUS_0x3cfb_2023_06_01,CUS_0x3cfb,2023-06-01,10,1,10000,1000.0,1000.0,0.0,9000.0,2023-07-01
CUS_0x3cfb_2023_06_01,CUS_0x3cfb,2023-06-01,10,2,10000,1000.0,1000.0,0.0,8000.0,2023-08-01
CUS_0x3cfb_2023_06_01,CUS_0x3cfb,2023-06-01,10,3,10000,1000.0,1000.0,0.0,7000.0,2023-09-01
CUS_0x3cfb_2023_06_01,CUS_0x3cfb,2023-06-01,10,4,10000,1000.0,1000.0,0.0,6000.0,2023-10-01
CUS_0x3cfb_2023_06_01,CUS_0x3cfb,2023-06-01,10,5,10000,1000.0,1000.0,0.0,5000.0,2023-11-01
CUS_0x3cfb_2023_06_01,CUS_0x3cfb,2023-06-01,10,6,10000,1000.0,1000.0,0.0,4000.0,2023-12-01
CUS_0x3cfb_2023_06_01,CUS_0x3cfb,2023-06-01,10,7,10000,1000.0,1000.0,0.0,3000.0,2024-01-01
CUS_0x3cfb_2023_06_01,CUS_0x3cfb,2023-06-01,10,8,10000,1000.0,1000.0,0.0,2000.0,2024-02-01
CUS_0x3cfb_2023_06_01,CUS_0x3cfb,2023-06-01,10,9,10000,1000.0,1000.0,0.0,1000.0,2024-03-01
CUS_0x3cfb_2023_06_01,CUS_0x3cfb,2023-06-01,10,10,10000,1000.0,1000.0,0.0,0.0,2024-04-01
CUS_0x3d58_2023_02_01,CUS_0x3d58,2023-02-01,10,0,10000,0.0,0.0,0.0,10000.0,2023-02-01
CUS_0x3d58_2023_02_01,CUS_0x3d58,2023-02-01,10,1,10000,1000.0,1000.0,0.0,9000.0,2023-03-01
CUS_0x3d58_2023_02_01,CUS_0x3d58,2023-02-01,10,2,10000,1000.0,1000.0,0.0,8000.0,2023-04-01
CUS_0x3d58_2023_02_01,CUS_0x3d58,2023-02-01,10,3,10000,1000.0,1000.0,0.0,7000.0,2023-05-01
CUS_0x3d58_2023_02_01,CUS_0x3d58,2023-02-01,10,4,10000,1000.0,1000.0,0.0,6000.0,2023-06-01
CUS_0x3d58_2023_02_01,CUS_0x3d58,2023-02-01,10,5,10000,1000.0,1000.0,0.0,5000.0,2023-07-01
CUS_0x3d58_2023_02_01,CUS_0x3d58,2023-02-01,10,6,10000,1000.0,1000.0,0.0,4000.0,2023-08-01
CUS_0x3d58_2023_02_01,CUS_0x3d58,2023-02-01,10,7,10000,1000.0,1000.0,0.0,3000.0,2023-09-01
CUS_0x3d58_2023_02_01,CUS_0x3d58,2023-02-01,10,8,10000,1000.0,1000.0,0.0,2000.0,2023-10-01
CUS_0x3d58_2023_02_01,CUS_0x3d58,2023-02-01,10,9,10000,1000.0,1000.0,0.0,1000.0,2023-11-01
CUS_0x3d58_2023_02_01,CUS_0x3d58,2023-02-01,10,10,10000,1000.0,1000.0,0.0,0.0,2023-12-01
CUS_0x3d7e_2024_05_01,CUS_0x3d7e,2024-05-01,10,0,10000,0.0,0.0,0.0,10000.0,2024-05-01
CUS_0x3d7e_2024_05_01,CUS_0x3d7e,2024-05-01,10,1,10000,1000.0,1000.0,0.0,9000.0,2024-06-01
CUS_0x3d7e_2024_05_01,CUS_0x3d7e,2024-05-01,10,2,10000,1000.0,1000.0,0.0,8000.0,2024-07-01
CUS_0x3d7e_2024_05_01,CUS_0x3d7e,2024-05-01,10,3,10000,1000.0,1000.0,0.0,7000.0,2024-08-01
CUS_0x3d7e_2024_05_01,CUS_0x3d7e,2024-05-01,10,4,10000,1000.0,1000.0,0.0,6000.0,2024-09-01
CUS_0x3d7e_2024_05_01,CUS_0x3d7e,2024-05-01,10,5,10000,1000.0,1000.0,0.0,5000.0,2024-10-01
CUS_0x3d7e_2024_05_01,CUS_0x3d7e,2024-05-01,10,6,10000,1000.0,1000.0,0.0,4000.0,2024-11-01
CUS_0x3d7e_2024_05_01,CUS_0x3d7e,2024-05-01,10,7,10000,1000.0,1000.0,0.0,3000.0,2024-12-01
CUS_0x3d7e_2024_05_01,CUS_0x3d7e,2024-05-01,10,8,10000,1000.0,1000.0,0.0,2000.0,2025-01-01
CUS_0x3d7e_2024_05_01,CUS_0x3d7e,2024-05-01,10,9,10000,1000.0,1000.0,0.0,1000.0,2025-02-01
CUS_0x3d7e_2024_05_01,CUS_0x3d7e,2024-05-01,10,10,10000,1000.0,1000.0,0.0,0.0,2025-03-01
CUS_0x3d9c_2023_05_01,CUS_0x3d9c,2023-05-01,10,0,10000,0.0,0.0,0.0,10000.0,2023-05-01
CUS_0x3d9c_2023_05_01,CUS_0x3d9c,2023-05-01,10,1,10000,1000.0,1000.0,0.0,9000.0,2023-06-01
CUS_0x3d9c_2023_05_01,CUS_0x3d9c,2023-05-01,10,2,10000,1000.0,1000.0,0.0,8000.0,2023-07-01
CUS_0x3d9c_2023_05_01,CUS_0x3d9c,2023-05-01,10,3,10000,1000.0,1000.0,0.0,7000.0,2023-08-01
CUS_0x3d9c_2023_05_01,CUS_0x3d9c,2023-05-01,10,4,10000,1000.0,1000.0,0.0,6000.0,2023-09-01
CUS_0x3d9c_2023_05_01,CUS_0x3d9c,2023-05-01,10,5,10000,1000.0,1000.0,0.0,5000.0,2023-10-01
CUS_0x3d9c_2023_05_01,CUS_0x3d9c,2023-05-01,10,6,10000,1000.0,1000.0,0.0,4000.0,2023-11-01
CUS_0x3d9c_2023_05_01,CUS_0x3d9c,2023-05-01,10,7,10000,1000.0,1000.0,0.0,3000.0,2023-12-01
CUS_0x3d9c_2023_05_01,CUS_0x3d9c,2023-05-01,10,8,10000,1000.0,1000.0,0.0,2000.0,2024-01-01
CUS_0x3d9c_2023_05_01,CUS_0x3d9c,2023-05-01,10,9,10000,1000.0,1000.0,0.0,1000.0,2024-02-01
CUS_0x3d9c_2023_05_01,CUS_0x3d9c,2023-05-01,10,10,10000,1000.0,1000.0,0.0,0.0,2024-03-01
CUS_0x3dd8_2024_12_01,CUS_0x3dd8,2024-12-01,10,0,10000,0.0,0.0,0.0,10000.0,2024-12-01
CUS_0x3dd8_2024_12_01,CUS_0x3dd8,2024-12-01,10,1,10000,1000.0,1000.0,0.0,9000.0,2025-01-01
CUS_0x3dd8_2024_12_01,CUS_0x3dd8,2024-12-01,10,2,10000,1000.0,1000.0,0.0,8000.0,2025-02-01
CUS_0x3dd8_2024_12_01,CUS_0x3dd8,2024-12-01,10,3,10000,1000.0,1000.0,0.0,7000.0,2025-03-01
CUS_0x3dd8_2024_12_01,CUS_0x3dd8,2024-12-01,10,4,10000,1000.0,1000.0,0.0,6000.0,2025-04-01
CUS_0x3dd8_2024_12_01,CUS_0x3dd8,2024-12-01,10,5,10000,1000.0,1000.0,0.0,5000.0,2025-05-01
CUS_0x3dd8_2024_12_01,CUS_0x3dd8,2024-12-01,10,6,10000,1000.0,1000.0,0.0,4000.0,2025-06-01
CUS_0x3dd8_2024_12_01,CUS_0x3dd8,2024-12-01,10,7,10000,1000.0,1000.0,0.0,3000.0,2025-07-01
CUS_0x3dd8_2024_12_01,CUS_0x3dd8,2024-12-01,10,8,10000,1000.0,1000.0,0.0,2000.0,2025-08-01
CUS_0x3dd8_2024_12_01,CUS_0x3dd8,2024-12-01,10,9,10000,1000.0,1000.0,0.0,1000.0,2025-09-01
CUS_0x3dd8_2024_12_01,CUS_0x3dd8,2024-12-01,10,10,10000,1000.0,1000.0,0.0,0.0,2025-10-01
CUS_0x3ded_2023_04_01,CUS_0x3ded,2023-04-01,10,0,10000,0.0,0.0,0.0,10000.0,2023-04-01
CUS_0x3ded_2023_04_01,CUS_0x3ded,2023-04-01,10,1,10000,1000.0,1000.0,0.0,9000.0,2023-05-01
CUS_0x3ded_2023_04_01,CUS_0x3ded,2023-04-01,10,2,10000,1000.0,1000.0,0.0,8000.0,2023-06-01
CUS_0x3ded_2023_04_01,CUS_0x3ded,2023-04-01,10,3,10000,1000.0,1000.0,0.0,7000.0,2023-07-01
CUS_0x3ded_2023_04_01,CUS_0x3ded,2023-04-01,10,4,10000,1000.0,1000.0,0.0,6000.0,2023-08-01
CUS_0x3ded_2023_04_01,CUS_0x3ded,2023-04-01,10,5,10000,1000.0,1000.0,0.0,5000.0,2023-09-01
CUS_0x3ded_2023_04_01,CUS_0x3ded,2023-04-01,10,6,10000,1000.0,1000.0,0.0,4000.0,2023-10-01
CUS_0x3ded_2023_04_01,CUS_0x3ded,2023-04-01,10,7,10000,1000.0,1000.0,0.0,3000.0,2023-11-01
CUS_0x3ded_2023_04_01,CUS_0x3ded,2023-04-01,10,8,10000,1000.0,1000.0,0.0,2000.0,2023-12-01
CUS_0x3ded_2023_04_01,CUS_0x3ded,2023-04-01,10,9,10000,1000.0,1000.0,0.0,1000.0,2024-01-01
CUS_0x3ded_2023_04_01,CUS_0x3ded,2023-04-01,10,10,10000,1000.0,1000.0,0.0,0.0,2024-02-01
CUS_0x3e14_2023_04_01,CUS_0x3e14,2023-04-01,10,0,10000,0.0,0.0,0.0,10000.0,2023-04-01
CUS_0x3e14_2023_04_01,CUS_0x3e14,2023-04-01,10,1,10000,1000.0,1000.0,0.0,9000.0,2023-05-01
CUS_0x3e14_2023_04_01,CUS_0x3e14,2023-04-01,10,2,10000,1000.0,1000.0,0.0,8000.0,2023-06-01
CUS_0x3e14_2023_04_01,CUS_0x3e14,2023-04-01,10,3,10000,1000.0,1000.0,0.0,7000.0,2023-07-01
CUS_0x3e14_2023_04_01,CUS_0x3e14,2023-04-01,10,4,10000,1000.0,1000.0,0.0,6000.0,2023-08-01
CUS_0x3e14_2023_04_01,CUS_0x3e14,2023-04-01,10,5,10000,1000.0,1000.0,0.0,5000.0,2023-09-01
CUS_0x3e14_2023_04_01,CUS_0x3e14,2023-04-01,10,6,10000,1000.0,1000.0,0.0,4000.0,2023-10-01
CUS_0x3e14_2023_04_01,CUS_0x3e14,2023-04-01,10,7,10000,1000.0,1000.0,0.0,3000.0,2023-11-01
CUS_0x3e14_2023_04_01,CUS_0x3e14,2023-04-01,10,8,10000,1000.0,1000.0,0.0,2000.0,2023-12-01
CUS_0x3e14_2023_04_01,CUS_0x3e14,2023-04-01,10,9,10000,1000.0,1000.0,0.0,1000.0,2024-01-01
CUS_0x3e14_2023_04_01,CUS_0x3e14,2023-04-01,10,10,10000,1000.0,1000.0,0.0,0.0,2024-02-01
CUS_0x3e36_2024_10_01,CUS_0x3e36,2024-10-01,10,0,10000,0.0,0.0,0.0,10000.0,2024-10-01
CUS_0x3e36_2024_10_01,CUS_0x3e36,2024-10-01,10,1,10000,1000.0,0.0,1000.0,10000.0,2024-11-01
CUS_0x3e36_2024_10_01,CUS_0x3e36,2024-10-01,10,2,10000,1000.0,0.0,2000.0,10000.0,2024-12-01
CUS_0x3e36_2024_10_01,CUS_0x3e36,2024-10-01,10,3,10000,1000.0,0.0,3000.0,10000.0,2025-01-01
CUS_0x3e36_2024_10_01,CUS_0x3e36,2024-10-01,10,4,10000,1000.0,4000.0,0.0,6000.0,2025-02-01
CUS_0x3e36_2024_10_01,CUS_0x3e36,2024-10-01,10,5,10000,1000.0,0.0,1000.0,6000.0,2025-03-01
CUS_0x3e36_2024_10_01,CUS_0x3e36,2024-10-01,10,6,10000,1000.0,0.0,2000.0,6000.0,2025-04-01
CUS_0x3e36_2024_10_01,CUS_0x3e36,2024-10-01,10,7,10000,1000.0,0.0,3000.0,6000.0,2025-05-01
CUS_0x3e36_2024_10_01,CUS_0x3e36,2024-10-01,10,8,10000,1000.0,0.0,4000.0,6000.0,2025-06-01
CUS_0x3e36_2024_10_01,CUS_0x3e36,2024-10-01,10,9,10000,1000.0,0.0,5000.0,6000.0,2025-07-01
CUS_0x3e36_2024_10_01,CUS_0x3e36,2024-10-01,10,10,10000,1000.0,0.0,6000.0,6000.0,2025-08-01
CUS_0x3e54_2023_01_01,CUS_0x3e54,2023-01-01,10,0,10000,0.0,0.0,0.0,10000.0,2023-01-01
CUS_0x3e54_2023_01_01,CUS_0x3e54,2023-01-01,10,1,10000,1000.0,1000.0,0.0,9000.0,2023-02-01
CUS_0x3e54_2023_01_01,CUS_0x3e54,2023-01-01,10,2,10000,1000.0,1000.0,0.0,8000.0,2023-03-01
CUS_0x3e54_2023_01_01,CUS_0x3e54,2023-01-01,10,3,10000,1000.0,1000.0,0.0,7000.0,2023-04-01
CUS_0x3e54_2023_01_01,CUS_0x3e54,2023-01-01,10,4,10000,1000.0,1000.0,0.0,6000.0,2023-05-01
CUS_0x3e54_2023_01_01,CUS_0x3e54,2023-01-01,10,5,10000,1000.0,1000.0,0.0,5000.0,2023-06-01
CUS_0x3e54_2023_01_01,CUS_0x3e54,2023-01-01,10,6,10000,1000.0,1000.0,0.0,4000.0,2023-07-01
CUS_0x3e54_2023_01_01,CUS_0x3e54,2023-01-01,10,7,10000,1000.0,1000.0,0.0,3000.0,2023-08-01
CUS_0x3e54_2023_01_01,CUS_0x3e54,2023-01-01,10,8,10000,1000.0,1000.0,0.0,2000.0,2023-09-01
CUS_0x3e54_2023_01_01,CUS_0x3e54,2023-01-01,10,9,10000,1000.0,1000.0,0.0,1000.0,2023-10-01
CUS_0x3e54_2023_01_01,CUS_0x3e54,2023-01-01,10,10,10000,1000.0,1000.0,0.0,0.0,2023-11-01
CUS_0x3ea3_2023_02_01,CUS_0x3ea3,2023-02-01,10,0,10000,0.0,0.0,0.0,10000.0,2023-02-01
CUS_0x3ea3_2023_02_01,CUS_0x3ea3,2023-02-01,10,1,10000,1000.0,0.0,1000.0,10000.0,2023-03-01
CUS_0x3ea3_2023_02_01,CUS_0x3ea3,2023-02-01,10,2,10000,1000.0,0.0,2000.0,10000.0,2023-04-01
CUS_0x3ea3_2023_02_01,CUS_0x3ea3,2023-02-01,10,3,10000,1000.0,3000.0,0.0,7000.0,2023-05-01
CUS_0x3ea3_2023_02_01,CUS_0x3ea3,2023-02-01,10,4,10000,1000.0,0.0,1000.0,7000.0,2023-06-01
CUS_0x3ea3_2023_02_01,CUS_0x3ea3,2023-02-01,10,5,10000,1000.0,0.0,2000.0,7000.0,2023-07-01
CUS_0x3ea3_2023_02_01,CUS_0x3ea3,2023-02-01,10,6,10000,1000.0,0.0,3000.0,7000.0,2023-08-01
CUS_0x3ea3_2023_02_01,CUS_0x3ea3,2023-02-01,10,7,10000,1000.0,0.0,4000.0,7000.0,2023-09-01
CUS_0x3ea3_2023_02_01,CUS_0x3ea3,2023-02-01,10,8,10000,1000.0,0.0,5000.0,7000.0,2023-10-01
CUS_0x3ea3_2023_02_01,CUS_0x3ea3,2023-02-01,10,9,10000,1000.0,0.0,6000.0,7000.0,2023-11-01
CUS_0x3ea3_2023_02_01,CUS_0x3ea3,2023-02-01,10,10,10000,1000.0,0.0,7000.0,7000.0,2023-12-01
CUS_0x3ec6_2023_10_01,CUS_0x3ec6,2023-10-01,10,0,10000,0.0,0.0,0.0,10000.0,2023-10-01
CUS_0x3ec6_2023_10_01,CUS_0x3ec6,2023-10-01,10,1,10000,1000.0,1000.0,0.0,9000.0,2023-11-01
CUS_0x3ec6_2023_10_01,CUS_0x3ec6,2023-10-01,10,2,10000,1000.0,1000.0,0.0,8000.0,2023-12-01
CUS_0x3ec6_2023_10_01,CUS_0x3ec6,2023-10-01,10,3,10000,1000.0,1000.0,0.0,7000.0,2024-01-01
CUS_0x3ec6_2023_10_01,CUS_0x3ec6,2023-10-01,10,4,10000,1000.0,1000.0,0.0,6000.0,2024-02-01
CUS_0x3ec6_2023_10_01,CUS_0x3ec6,2023-10-01,10,5,10000,1000.0,1000.0,0.0,5000.0,2024-03-01
CUS_0x3ec6_2023_10_01,CUS_0x3ec6,2023-10-01,10,6,10000,1000.0,1000.0,0.0,4000.0,2024-04-01
CUS_0x3ec6_2023_10_01,CUS_0x3ec6,2023-10-01,10,7,10000,1000.0,1000.0,0.0,3000.0,2024-05-01
CUS_0x3ec6_2023_10_01,CUS_0x3ec6,2023-10-01,10,8,10000,1000.0,1000.0,0.0,2000.0,2024-06-01
CUS_0x3ec6_2023_10_01,CUS_0x3ec6,2023-10-01,10,9,10000,1000.0,1000.0,0.0,1000.0,2024-07-01
CUS_0x3ec6_2023_10_01,CUS_0x3ec6,2023-10-01,10,10,10000,1000.0,1000.0,0.0,0.0,2024-08-01
CUS_0x3ee_2023_12_01,CUS_0x3ee,2023-12-01,10,0,10000,0.0,0.0,0.0,10000.0,2023-12-01
CUS_0x3ee_2023_12_01,CUS_0x3ee,2023-12-01,10,1,10000,1000.0,0.0,1000.0,10000.0,2024-01-01
CUS_0x3ee_2023_12_01,CUS_0x3ee,2023-12-01,10,2,10000,1000.0,2000.0,0.0,8000.0,2024-02-01
CUS_0x3ee_2023_12_01,CUS_0x3ee,2023-12-01,10,3,10000,1000.0,0.0,1000.0,8000.0,2024-03-01
CUS_0x3ee_2023_12_01,CUS_0x3ee,2023-12-01,10,4,10000,1000.0,0.0,2000.0,8000.0,2024-04-01
CUS_0x3ee_2023_12_01,CUS_0x3ee,2023-12-01,10,5,10000,1000.0,0.0,3000.0,8000.0,2024-05-01
CUS_0x3ee_2023_12_01,CUS_0x3ee,2023-12-01,10,6,10000,1000.0,0.0,4000.0,8000.0,2024-06-01
CUS_0x3ee_2023_12_01,CUS_0x3ee,2023-12-01,10,7,10000,1000.0,0.0,5000.0,8000.0,2024-07-01
CUS_0x3ee_2023_12_01,CUS_0x3ee,2023-12-01,10,8,10000,1000.0,0.0,6000.0,8000.0,2024-08-01
CUS_0x3ee_2023_12_01,CUS_0x3ee,2023-12-01,10,9,10000,1000.0,0.0,7000.0,8000.0,2024-09-01
CUS_0x3ee_2023_12_01,CUS_0x3ee,2023-12-01,10,10,10000,1000.0,0.0,8000.0,8000.0,2024-10-01
CUS_0x3eed_2024_06_01,CUS_0x3eed,2024-06-01,10,0,10000,0.0,0.0,0.0,10000.0,2024-06-01
CUS_0x3eed_2024_06_01,CUS_0x3eed,2024-06-01,10,1,10000,1000.0,1000.0,0.0,9000.0,2024-07-01
CUS_0x3eed_2024_06_01,CUS_0x3eed,2024-06-01,10,2,10000,1000.0,1000.0,0.0,8000.0,2024-08-01
CUS_0x3eed_2024_06_01,CUS_0x3eed,2024-06-01,10,3,10000,1000.0,1000.0,0.0,7000.0,2024-09-01
CUS_0x3eed_2024_06_01,CUS_0x3eed,2024-06-01,10,4,10000,1000.0,1000.0,0.0,6000.0,2024-10-01
CUS_0x3eed_2024_06_01,CUS_0x3eed,2024-06-01,10,5,10000,1000.0,1000.0,0.0,5000.0,2024-11-01
CUS_0x3eed_2024_06_01,CUS_0x3eed,2024-06-01,10,6,10000,1000.0,1000.0,0.0,4000.0,2024-12-01
CUS_0x3eed_2024_06_01,CUS_0x3eed,2024-06-01,10,7,10000,1000.0,1000.0,0.0,3000.0,2025-01-01
CUS_0x3eed_2024_06_01,CUS_0x3eed,2024-06-01,10,8,10000,1000.0,1000.0,0.0,2000.0,2025-02-01
CUS_0x3eed_2024_06_01,CUS_0x3eed,2024-06-01,10,9,10000,1000.0,1000.0,0.0,1000.0,2025-03-01
CUS_0x3eed_2024_06_01,CUS_0x3eed,2024-06-01,10,10,10000,1000.0,1000.0,0.0,0.0,2025-04-01
CUS_0x3ef_2023_11_01,CUS_0x3ef,2023-11-01,10,0,10000,0.0,0.0,0.0,10000.0,2023-11-01
CUS_0x3ef_2023_11_01,CUS_0x3ef,2023-11-01,10,1,10000,1000.0,1000.0,0.0,9000.0,2023-12-01
CUS_0x3ef_2023_11_01,CUS_0x3ef,2023-11-01,10,2,10000,1000.0,0.0,1000.0,9000.0,2024-01-01
CUS_0x3ef_2023_11_01,CUS_0x3ef,2023-11-01,10,3,10000,1000.0,2000.0,0.0,7000.0,2024-02-01
CUS_0x3ef_2023_11_01,CUS_0x3ef,2023-11-01,10,4,10000,1000.0,0.0,1000.0,7000.0,2024-03-01
CUS_0x3ef_2023_11_01,CUS_0x3ef,2023-11-01,10,5,10000,1000.0,0.0,2000.0,7000.0,2024-04-01
CUS_0x3ef_2023_11_01,CUS_0x3ef,2023-11-01,10,6,10000,1000.0,0.0,3000.0,7000.0,2024-05-01
CUS_0x3ef_2023_11_01,CUS_0x3ef,2023-11-01,10,7,10000,1000.0,0.0,4000.0,7000.0,2024-06-01
CUS_0x3ef_2023_11_01,CUS_0x3ef,2023-11-01,10,8,10000,1000.0,0.0,5000.0,7000.0,2024-07-01
CUS_0x3ef_2023_11_01,CUS_0x3ef,2023-11-01,10,9,10000,1000.0,0.0,6000.0,7000.0,2024-08-01
CUS_0x3ef_2023_11_01,CUS_0x3ef,2023-11-01,10,10,10000,1000.0,0.0,7000.0,7000.0,2024-09-01
CUS_0x3ef5_2024_02_01,CUS_0x3ef5,2024-02-01,10,0,10000,0.0,0.0,0.0,10000.0,2024-02-01
CUS_0x3ef5_2024_02_01,CUS_0x3ef5,2024-02-01,10,1,10000,1000.0,1000.0,0.0,9000.0,2024-03-01
CUS_0x3ef5_2024_02_01,CUS_0x3ef5,2024-02-01,10,2,10000,1000.0,0.0,1000.0,9000.0,2024-04-01
CUS_0x3ef5_2024_02_01,CUS_0x3ef5,2024-02-01,10,3,10000,1000.0,0.0,2000.0,9000.0,2024-05-01
CUS_0x3ef5_2024_02_01,CUS_0x3ef5,2024-02-01,10,4,10000,1000.0,0.0,3000.0,9000.0,2024-06-01
CUS_0x3ef5_2024_02_01,CUS_0x3ef5,2024-02-01,10,5,10000,1000.0,0.0,4000.0,9000.0,2024-07-01
CUS_0x3ef5_2024_02_01,CUS_0x3ef5,2024-02-01,10,6,10000,1000.0,0.0,5000.0,9000.0,2024-08-01
CUS_0x3ef5_2024_02_01,CUS_0x3ef5,2024-02-01,10,7,10000,1000.0,0.0,6000.0,9000.0,2024-09-01
CUS_0x3ef5_2024_02_01,CUS_0x3ef5,2024-02-01,10,8,10000,1000.0,0.0,7000.0,9000.0,2024-10-01
CUS_0x3ef5_2024_02_01,CUS_0x3ef5,2024-02-01,10,9,10000,1000.0,0.0,8000.0,9000.0,2024-11-01
CUS_0x3ef5_2024_02_01,CUS_0x3ef5,2024-02-01,10,10,10000,1000.0,0.0,9000.0,9000.0,2024-12-01
CUS_0x3f49_2024_04_01,CUS_0x3f49,2024-04-01,10,0,10000,0.0,0.0,0.0,10000.0,2024-04-01
CUS_0x3f49_2024_04_01,CUS_0x3f49,2024-04-01,10,1,10000,1000.0,1000.0,0.0,9000.0,2024-05-01
CUS_0x3f49_2024_04_01,CUS_0x3f49,2024-04-01,10,2,10000,1000.0,1000.0,0.0,8000.0,2024-06-01
CUS_0x3f49_2024_04_01,CUS_0x3f49,2024-04-01,10,3,10000,1000.0,1000.0,0.0,7000.0,2024-07-01
CUS_0x3f49_2024_04_01,CUS_0x3f49,2024-04-01,10,4,10000,1000.0,1000.0,0.0,6000.0,2024-08-01
CUS_0x3f49_2024_04_01,CUS_0x3f49,2024-04-01,10,5,10000,1000.0,1000.0,0.0,5000.0,2024-09-01
CUS_0x3f49_2024_04_01,CUS_0x3f49,2024-04-01,10,6,10000,1000.0,1000.0,0.0,4000.0,2024-10-01
CUS_0x3f49_2024_04_01,CUS_0x3f49,2024-04-01,10,7,10000,1000.0,1000.0,0.0,3000.0,2024-11-01
CUS_0x3f49_2024_04_01,CUS_0x3f49,2024-04-01,10,8,10000,1000.0,1000.0,0.0,2000.0,2024-12-01
CUS_0x3f49_2024_04_01,CUS_0x3f49,2024-04-01,10,9,10000,1000.0,1000.0,0.0,1000.0,2025-01-01
CUS_0x3f49_2024_04_01,CUS_0x3f49,2024-04-01,10,10,10000,1000.0,1000.0,0.0,0.0,2025-02-01
CUS_0x3f75_2024_06_01,CUS_0x3f75,2024-06-01,10,0,10000,0.0,0.0,0.0,10000.0,2024-06-01
CUS_0x3f75_2024_06_01,CUS_0x3f75,2024-06-01,10,1,10000,1000.0,1000.0,0.0,9000.0,2024-07-01
CUS_0x3f75_2024_06_01,CUS_0x3f75,2024-06-01,10,2,10000,1000.0,1000.0,0.0,8000.0,2024-08-01
CUS_0x3f75_2024_06_01,CUS_0x3f75,2024-06-01,10,3,10000,1000.0,1000.0,0.0,7000.0,2024-09-01
CUS_0x3f75_2024_06_01,CUS_0x3f75,2024-06-01,10,4,10000,1000.0,1000.0,0.0,6000.0,2024-10-01
CUS_0x3f75_2024_06_01,CUS_0x3f75,2024-06-01,10,5,10000,1000.0,1000.0,0.0,5000.0,2024-11-01
CUS_0x3f75_2024_06_01,CUS_0x3f75,2024-06-01,10,6,10000,1000.0,1000.0,0.0,4000.0,2024-12-01
CUS_0x3f75_2024_06_01,CUS_0x3f75,2024-06-01,10,7,10000,1000.0,1000.0,0.0,3000.0,2025-01-01
CUS_0x3f75_2024_06_01,CUS_0x3f75,2024-06-01,10,8,10000,1000.0,1000.0,0.0,2000.0,2025-02-01
CUS_0x3f75_2024_06_01,CUS_0x3f75,2024-06-01,10,9,10000,1000.0,1000.0,0.0,1000.0,2025-03-01
CUS_0x3f75_2024_06_01,CUS_0x3f75,2024-06-01,10,10,10000,1000.0,1000.0,0.0,0.0,2025-04-01
CUS_0x3f94_2024_08_01,CUS_0x3f94,2024-08-01,10,0,10000,0.0,0.0,0.0,10000.0,2024-08-01
CUS_0x3f94_2024_08_01,CUS_0x3f94,2024-08-01,10,1,10000,1000.0,1000.0,0.0,9000.0,2024-09-01
CUS_0x3f94_2024_08_01,CUS_0x3f94,2024-08-01,10,2,10000,1000.0,1000.0,0.0,8000.0,2024-10-01
CUS_0x3f94_2024_08_01,CUS_0x3f94,2024-08-01,10,3,10000,1000.0,1000.0,0.0,7000.0,2024-11-01
CUS_0x3f94_2024_08_01,CUS_0x3f94,2024-08-01,10,4,10000,1000.0,1000.0,0.0,6000.0,2024-12-01
CUS_0x3f94_2024_08_01,CUS_0x3f94,2024-08-01,10,5,10000,1000.0,1000.0,0.0,5000.0,2025-01-01
CUS_0x3f94_2024_08_01,CUS_0x3f94,2024-08-01,10,6,10000,1000.0,1000.0,0.0,4000.0,2025-02-01
CUS_0x3f94_2024_08_01,CUS_0x3f94,2024-08-01,10,7,10000,1000.0,1000.0,0.0,3000.0,2025-03-01
CUS_0x3f94_2024_08_01,CUS_0x3f94,2024-08-01,10,8,10000,1000.0,1000.0,0.0,2000.0,2025-04-01
CUS_0x3f94_2024_08_01,CUS_0x3f94,2024-08-01,10,9,10000,1000.0,1000.0,0.0,1000.0,2025-05-01
CUS_0x3f94_2024_08_01,CUS_0x3f94,2024-08-01,10,10,10000,1000.0,1000.0,0.0,0.0,2025-06-01
CUS_0x3ff5_2024_12_01,CUS_0x3ff5,2024-12-01,10,0,10000,0.0,0.0,0.0,10000.0,2024-12-01
CUS_0x3ff5_2024_12_01,CUS_0x3ff5,2024-12-01,10,1,10000,1000.0,1000.0,0.0,9000.0,2025-01-01
CUS_0x3ff5_2024_12_01,CUS_0x3ff5,2024-12-01,10,2,10000,1000.0,1000.0,0.0,8000.0,2025-02-01
CUS_0x3ff5_2024_12_01,CUS_0x3ff5,2024-12-01,10,3,10000,1000.0,1000.0,0.0,7000.0,2025-03-01
CUS_0x3ff5_2024_12_01,CUS_0x3ff5,2024-12-01,10,4,10000,1000.0,1000.0,0.0,6000.0,2025-04-01
CUS_0x3ff5_2024_12_01,CUS_0x3ff5,2024-12-01,10,5,10000,1000.0,1000.0,0.0,5000.0,2025-05-01
CUS_0x3ff5_2024_12_01,CUS_0x3ff5,2024-12-01,10,6,10000,1000.0,1000.0,0.0,4000.0,2025-06-01
CUS_0x3ff5_2024_12_01,CUS_0x3ff5,2024-12-01,10,7,10000,1000.0,1000.0,0.0,3000.0,2025-07-01
CUS_0x3ff5_2024_12_01,CUS_0x3ff5,2024-12-01,10,8,10000,1000.0,1000.0,0.0,2000.0,2025-08-01
CUS_0x3ff5_2024_12_01,CUS_0x3ff5,2024-12-01,10,9,10000,1000.0,1000.0,0.0,1000.0,2025-09-01
CUS_0x3ff5_2024_12_01,CUS_0x3ff5,2024-12-01,10,10,10000,1000.0,1000.0,0.0,0.0,2025-10-01
CUS_0x4020_2024_08_01,CUS_0x4020,2024-08-01,10,0,10000,0.0,0.0,0.0,10000.0,2024-08-01
CUS_0x4020_2024_08_01,CUS_0x4020,2024-08-01,10,1,10000,1000.0,1000.0,0.0,9000.0,2024-09-01
CUS_0x4020_2024_08_01,CUS_0x4020,2024-08-01,10,2,10000,1000.0,1000.0,0.0,8000.0,2024-10-01
CUS_0x4020_2024_08_01,CUS_0x4020,2024-08-01,10,3,10000,1000.0,1000.0,0.0,7000.0,2024-11-01
CUS_0x4020_2024_08_01,CUS_0x4020,2024-08-01,10,4,10000,1000.0,1000.0,0.0,6000.0,2024-12-01
CUS_0x4020_2024_08_01,CUS_0x4020,2024-08-01,10,5,10000,1000.0,1000.0,0.0,5000.0,2025-01-01
CUS_0x4020_2024_08_01,CUS_0x4020,2024-08-01,10,6,10000,1000.0,1000.0,0.0,4000.0,2025-02-01
CUS_0x4020_2024_08_01,CUS_0x4020,2024-08-01,10,7,10000,1000.0,1000.0,0.0,3000.0,2025-03-01
CUS_0x4020_2024_08_01,CUS_0x4020,2024-08-01,10,8,10000,1000.0,1000.0,0.0,2000.0,2025-04-01
CUS_0x4020_2024_08_01,CUS_0x4020,2024-08-01,10,9,10000,1000.0,1000.0,0.0,1000.0,2025-05-01
CUS_0x4020_2024_08_01,CUS_0x4020,2024-08-01,10,10,10000,1000.0,1000.0,0.0,0.0,2025-06-01
CUS_0x4036_2023_12_01,CUS_0x4036,2023-12-01,10,0,10000,0.0,0.0,0.0,10000.0,2023-12-01
CUS_0x4036_2023_12_01,CUS_0x4036,2023-12-01,10,1,10000,1000.0,1000.0,0.0,9000.0,2024-01-01
CUS_0x4036_2023_12_01,CUS_0x4036,2023-12-01,10,2,10000,1000.0,1000.0,0.0,8000.0,2024-02-01
CUS_0x4036_2023_12_01,CUS_0x4036,2023-12-01,10,3,10000,1000.0,1000.0,0.0,7000.0,2024-03-01
CUS_0x4036_2023_12_01,CUS_0x4036,2023-12-01,10,4,10000,1000.0,1000.0,0.0,6000.0,2024-04-01
CUS_0x4036_2023_12_01,CUS_0x4036,2023-12-01,10,5,10000,1000.0,1000.0,0.0,5000.0,2024-05-01
CUS_0x4036_2023_12_01,CUS_0x4036,2023-12-01,10,6,10000,1000.0,1000.0,0.0,4000.0,2024-06-01
CUS_0x4036_2023_12_01,CUS_0x4036,2023-12-01,10,7,10000,1000.0,1000.0,0.0,3000.0,2024-07-01
CUS_0x4036_2023_12_01,CUS_0x4036,2023-12-01,10,8,10000,1000.0,1000.0,0.0,2000.0,2024-08-01
CUS_0x4036_2023_12_01,CUS_0x4036,2023-12-01,10,9,10000,1000.0,1000.0,0.0,1000.0,2024-09-01
CUS_0x4036_2023_12_01,CUS_0x4036,2023-12-01,10,10,10000,1000.0,1000.0,0.0,0.0,2024-10-01
CUS_0x4052_2023_08_01,CUS_0x4052,2023-08-01,10,0,10000,0.0,0.0,0.0,10000.0,2023-08-01
CUS_0x4052_2023_08_01,CUS_0x4052,2023-08-01,10,1,10000,1000.0,1000.0,0.0,9000.0,2023-09-01
CUS_0x4052_2023_08_01,CUS_0x4052,2023-08-01,10,2,10000,1000.0,1000.0,0.0,8000.0,2023-10-01
CUS_0x4052_2023_08_01,CUS_0x4052,2023-08-01,10,3,10000,1000.0,1000.0,0.0,7000.0,2023-11-01
CUS_0x4052_2023_08_01,CUS_0x4052,2023-08-01,10,4,10000,1000.0,1000.0,0.0,6000.0,2023-12-01
CUS_0x4052_2023_08_01,CUS_0x4052,2023-08-01,10,5,10000,1000.0,1000.0,0.0,5000.0,2024-01-01
CUS_0x4052_2023_08_01,CUS_0x4052,2023-08-01,10,6,10000,1000.0,1000.0,0.0,4000.0,2024-02-01
CUS_0x4052_2023_08_01,CUS_0x4052,2023-08-01,10,7,10000,1000.0,1000.0,0.0,3000.0,2024-03-01
CUS_0x4052_2023_08_01,CUS_0x4052,2023-08-01,10,8,10000,1000.0,1000.0,0.0,2000.0,2024-04-01
CUS_0x4052_2023_08_01,CUS_0x4052,2023-08-01,10,9,10000,1000.0,1000.0,0.0,1000.0,2024-05-01
CUS_0x4052_2023_08_01,CUS_0x4052,2023-08-01,10,10,10000,1000.0,1000.0,0.0,0.0,2024-06-01
CUS_0x406_2024_01_01,CUS_0x406,2024-01-01,10,0,10000,0.0,0.0,0.0,10000.0,2024-01-01
CUS_0x406_2024_01_01,CUS_0x406,2024-01-01,10,1,10000,1000.0,1000.0,0.0,9000.0,2024-02-01
CUS_0x406_2024_01_01,CUS_0x406,2024-01-01,10,2,10000,1000.0,1000.0,0.0,8000.0,2024-03-01
CUS_0x406_2024_01_01,CUS_0x406,2024-01-01,10,3,10000,1000.0,1000.0,0.0,7000.0,2024-04-01
CUS_0x406_2024_01_01,CUS_0x406,2024-01-01,10,4,10000,1000.0,1000.0,0.0,6000.0,2024-05-01
CUS_0x406_2024_01_01,CUS_0x406,2024-01-01,10,5,10000,1000.0,1000.0,0.0,5000.0,2024-06-01
CUS_0x406_2024_01_01,CUS_0x406,2024-01-01,10,6,10000,1000.0,1000.0,0.0,4000.0,2024-07-01
CUS_0x406_2024_01_01,CUS_0x406,2024-01-01,10,7,10000,1000.0,1000.0,0.0,3000.0,2024-08-01
CUS_0x406_2024_01_01,CUS_0x406,2024-01-01,10,8,10000,1000.0,1000.0,0.0,2000.0,2024-09-01
CUS_0x406_2024_01_01,CUS_0x406,2024-01-01,10,9,10000,1000.0,1000.0,0.0,1000.0,2024-10-01
CUS_0x406_2024_01_01,CUS_0x406,2024-01-01,10,10,10000,1000.0,1000.0,0.0,0.0,2024-11-01
CUS_0x4068_2024_04_01,CUS_0x4068,2024-04-01,10,0,10000,0.0,0.0,0.0,10000.0,2024-04-01
CUS_0x4068_2024_04_01,CUS_0x4068,2024-04-01,10,1,10000,1000.0,1000.0,0.0,9000.0,2024-05-01
CUS_0x4068_2024_04_01,CUS_0x4068,2024-04-01,10,2,10000,1000.0,0.0,1000.0,9000.0,2024-06-01
CUS_0x4068_2024_04_01,CUS_0x4068,2024-04-01,10,3,10000,1000.0,0.0,2000.0,9000.0,2024-07-01
CUS_0x4068_2024_04_01,CUS_0x4068,2024-04-01,10,4,10000,1000.0,0.0,3000.0,9000.0,2024-08-01
CUS_0x4068_2024_04_01,CUS_0x4068,2024-04-01,10,5,10000,1000.0,0.0,4000.0,9000.0,2024-09-01
CUS_0x4068_2024_04_01,CUS_0x4068,2024-04-01,10,6,10000,1000.0,0.0,5000.0,9000.0,2024-10-01
CUS_0x4068_2024_04_01,CUS_0x4068,2024-04-01,10,7,10000,1000.0,0.0,6000.0,9000.0,2024-11-01
CUS_0x4068_2024_04_01,CUS_0x4068,2024-04-01,10,8,10000,1000.0,0.0,7000.0,9000.0,2024-12-01
CUS_0x4068_2024_04_01,CUS_0x4068,2024-04-01,10,9,10000,1000.0,0.0,8000.0,9000.0,2025-01-01
CUS_0x4068_2024_04_01,CUS_0x4068,2024-04-01,10,10,10000,1000.0,0.0,9000.0,9000.0,2025-02-01
CUS_0x4086_2023_03_01,CUS_0x4086,2023-03-01,10,0,10000,0.0,0.0,0.0,10000.0,2023-03-01
CUS_0x4086_2023_03_01,CUS_0x4086,2023-03-01,10,1,10000,1000.0,1000.0,0.0,9000.0,2023-04-01
CUS_0x4086_2023_03_01,CUS_0x4086,2023-03-01,10,2,10000,1000.0,1000.0,0.0,8000.0,2023-05-01
CUS_0x4086_2023_03_01,CUS_0x4086,2023-03-01,10,3,10000,1000.0,1000.0,0.0,7000.0,2023-06-01
CUS_0x4086_2023_03_01,CUS_0x4086,2023-03-01,10,4,10000,1000.0,1000.0,0.0,6000.0,2023-07-01
CUS_0x4086_2023_03_01,CUS_0x4086,2023-03-01,10,5,10000,1000.0,1000.0,0.0,5000.0,2023-08-01
CUS_0x4086_2023_03_01,CUS_0x4086,2023-03-01,10,6,10000,1000.0,1000.0,0.0,4000.0,2023-09-01
CUS_0x4086_2023_03_01,CUS_0x4086,2023-03-01,10,7,10000,1000.0,1000.0,0.0,3000.0,2023-10-01
CUS_0x4086_2023_03_01,CUS_0x4086,2023-03-01,10,8,10000,1000.0,1000.0,0.0,2000.0,2023-11-01
CUS_0x4086_2023_03_01,CUS_0x4086,2023-03-01,10,9,10000,1000.0,1000.0,0.0,1000.0,2023-12-01
CUS_0x4086_2023_03_01,CUS_0x4086,2023-03-01,10,10,10000,1000.0,1000.0,0.0,0.0,2024-01-01
CUS_0x4098_2024_04_01,CUS_0x4098,2024-04-01,10,0,10000,0.0,0.0,0.0,10000.0,2024-04-01
CUS_0x4098_2024_04_01,CUS_0x4098,2024-04-01,10,1,10000,1000.0,1000.0,0.0,9000.0,2024-05-01
CUS_0x4098_2024_04_01,CUS_0x4098,2024-04-01,10,2,10000,1000.0,1000.0,0.0,8000.0,2024-06-01
CUS_0x4098_2024_04_01,CUS_0x4098,2024-04-01,10,3,10000,1000.0,1000.0,0.0,7000.0,2024-07-01
CUS_0x4098_2024_04_01,CUS_0x4098,2024-04-01,10,4,10000,1000.0,1000.0,0.0,6000.0,2024-08-01
CUS_0x4098_2024_04_01,CUS_0x4098,2024-04-01,10,5,10000,1000.0,1000.0,0.0,5000.0,2024-09-01
CUS_0x4098_2024_04_01,CUS_0x4098,2024-04-01,10,6,10000,1000.0,1000.0,0.0,4000.0,2024-10-01
CUS_0x4098_2024_04_01,CUS_0x4098,2024-04-01,10,7,10000,1000.0,1000.0,0.0,3000.0,2024-11-01
CUS_0x4098_2024_04_01,CUS_0x4098,2024-04-01,10,8,10000,1000.0,1000.0,0.0,2000.0,2024-12-01
CUS_0x4098_2024_04_01,CUS_0x4098,2024-04-01,10,9,10000,1000.0,1000.0,0.0,1000.0,2025-01-01
CUS_0x4098_2024_04_01,CUS_0x4098,2024-04-01,10,10,10000,1000.0,1000.0,0.0,0.0,2025-02-01
CUS_0x40b1_2023_04_01,CUS_0x40b1,2023-04-01,10,0,10000,0.0,0.0,0.0,10000.0,2023-04-01
CUS_0x40b1_2023_04_01,CUS_0x40b1,2023-04-01,10,1,10000,1000.0,1000.0,0.0,9000.0,2023-05-01
CUS_0x40b1_2023_04_01,CUS_0x40b1,2023-04-01,10,2,10000,1000.0,1000.0,0.0,8000.0,2023-06-01
CUS_0x40b1_2023_04_01,CUS_0x40b1,2023-04-01,10,3,10000,1000.0,1000.0,0.0,7000.0,2023-07-01
CUS_0x40b1_2023_04_01,CUS_0x40b1,2023-04-01,10,4,10000,1000.0,1000.0,0.0,6000.0,2023-08-01
CUS_0x40b1_2023_04_01,CUS_0x40b1,2023-04-01,10,5,10000,1000.0,1000.0,0.0,5000.0,2023-09-01
CUS_0x40b1_2023_04_01,CUS_0x40b1,2023-04-01,10,6,10000,1000.0,1000.0,0.0,4000.0,2023-10-01
CUS_0x40b1_2023_04_01,CUS_0x40b1,2023-04-01,10,7,10000,1000.0,1000.0,0.0,3000.0,2023-11-01
CUS_0x40b1_2023_04_01,CUS_0x40b1,2023-04-01,10,8,10000,1000.0,1000.0,0.0,2000.0,2023-12-01
CUS_0x40b1_2023_04_01,CUS_0x40b1,2023-04-01,10,9,10000,1000.0,1000.0,0.0,1000.0,2024-01-01
CUS_0x40b1_2023_04_01,CUS_0x40b1,2023-04-01,10,10,10000,1000.0,1000.0,0.0,0.0,2024-02-01
CUS_0x40bd_2024_01_01,CUS_0x40bd,2024-01-01,10,0,10000,0.0,0.0,0.0,10000.0,2024-01-01
CUS_0x40bd_2024_01_01,CUS_0x40bd,2024-01-01,10,1,10000,1000.0,1000.0,0.0,9000.0,2024-02-01
CUS_0x40bd_2024_01_01,CUS_0x40bd,2024-01-01,10,2,10000,1000.0,1000.0,0.0,8000.0,2024-03-01
CUS_0x40bd_2024_01_01,CUS_0x40bd,2024-01-01,10,3,10000,1000.0,1000.0,0.0,7000.0,2024-04-01
CUS_0x40bd_2024_01_01,CUS_0x40bd,2024-01-01,10,4,10000,1000.0,1000.0,0.0,6000.0,2024-05-01
CUS_0x40bd_2024_01_01,CUS_0x40bd,2024-01-01,10,5,10000,1000.0,1000.0,0.0,5000.0,2024-06-01
CUS_0x40bd_2024_01_01,CUS_0x40bd,2024-01-01,10,6,10000,1000.0,1000.0,0.0,4000.0,2024-07-01
CUS_0x40bd_2024_01_01,CUS_0x40bd,2024-01-01,10,7,10000,1000.0,1000.0,0.0,3000.0,2024-08-01
CUS_0x40bd_2024_01_01,CUS_0x40bd,2024-01-01,10,8,10000,1000.0,1000.0,0.0,2000.0,2024-09-01
CUS_0x40bd_2024_01_01,CUS_0x40bd,2024-01-01,10,9,10000,1000.0,1000.0,0.0,1000.0,2024-10-01
CUS_0x40bd_2024_01_01,CUS_0x40bd,2024-01-01,10,10,10000,1000.0,1000.0,0.0,0.0,2024-11-01
CUS_0x40f8_2024_09_01,CUS_0x40f8,2024-09-01,10,0,10000,0.0,0.0,0.0,10000.0,2024-09-01
CUS_0x40f8_2024_09_01,CUS_0x40f8,2024-09-01,10,1,10000,1000.0,1000.0,0.0,9000.0,2024-10-01
CUS_0x40f8_2024_09_01,CUS_0x40f8,2024-09-01,10,2,10000,1000.0,0.0,1000.0,9000.0,2024-11-01
CUS_0x40f8_2024_09_01,CUS_0x40f8,2024-09-01,10,3,10000,1000.0,0.0,2000.0,9000.0,2024-12-01
CUS_0x40f8_2024_09_01,CUS_0x40f8,2024-09-01,10,4,10000,1000.0,0.0,3000.0,9000.0,2025-01-01
CUS_0x40f8_2024_09_01,CUS_0x40f8,2024-09-01,10,5,10000,1000.0,0.0,4000.0,9000.0,2025-02-01
CUS_0x40f8_2024_09_01,CUS_0x40f8,2024-09-01,10,6,10000,1000.0,0.0,5000.0,9000.0,2025-03-01
CUS_0x40f8_2024_09_01,CUS_0x40f8,2024-09-01,10,7,10000,1000.0,0.0,6000.0,9000.0,2025-04-01
CUS_0x40f8_2024_09_01,CUS_0x40f8,2024-09-01,10,8,10000,1000.0,0.0,7000.0,9000.0,2025-05-01
CUS_0x40f8_2024_09_01,CUS_0x40f8,2024-09-01,10,9,10000,1000.0,0.0,8000.0,9000.0,2025-06-01
CUS_0x40f8_2024_09_01,CUS_0x40f8,2024-09-01,10,10,10000,1000.0,0.0,9000.0,9000.0,2025-07-01
CUS_0x411a_2023_02_01,CUS_0x411a,2023-02-01,10,0,10000,0.0,0.0,0.0,10000.0,2023-02-01
CUS_0x411a_2023_02_01,CUS_0x411a,2023-02-01,10,1,10000,1000.0,0.0,1000.0,10000.0,2023-03-01
CUS_0x411a_2023_02_01,CUS_0x411a,2023-02-01,10,2,10000,1000.0,2000.0,0.0,8000.0,2023-04-01
CUS_0x411a_2023_02_01,CUS_0x411a,2023-02-01,10,3,10000,1000.0,0.0,1000.0,8000.0,2023-05-01
CUS_0x411a_2023_02_01,CUS_0x411a,2023-02-01,10,4,10000,1000.0,0.0,2000.0,8000.0,2023-06-01
CUS_0x411a_2023_02_01,CUS_0x411a,2023-02-01,10,5,10000,1000.0,0.0,3000.0,8000.0,2023-07-01
CUS_0x411a_2023_02_01,CUS_0x411a,2023-02-01,10,6,10000,1000.0,0.0,4000.0,8000.0,2023-08-01
CUS_0x411a_2023_02_01,CUS_0x411a,2023-02-01,10,7,10000,1000.0,0.0,5000.0,8000.0,2023-09-01
CUS_0x411a_2023_02_01,CUS_0x411a,2023-02-01,10,8,10000,1000.0,0.0,6000.0,8000.0,2023-10-01
CUS_0x411a_2023_02_01,CUS_0x411a,2023-02-01,10,9,10000,1000.0,0.0,7000.0,8000.0,2023-11-01
CUS_0x411a_2023_02_01,CUS_0x411a,2023-02-01,10,10,10000,1000.0,0.0,8000.0,8000.0,2023-12-01
CUS_0x414d_2024_06_01,CUS_0x414d,2024-06-01,10,0,10000,0.0,0.0,0.0,10000.0,2024-06-01
CUS_0x414d_2024_06_01,CUS_0x414d,2024-06-01,10,1,10000,1000.0,1000.0,0.0,9000.0,2024-07-01
CUS_0x414d_2024_06_01,CUS_0x414d,2024-06-01,10,2,10000,1000.0,1000.0,0.0,8000.0,2024-08-01
CUS_0x414d_2024_06_01,CUS_0x414d,2024-06-01,10,3,10000,1000.0,1000.0,0.0,7000.0,2024-09-01
CUS_0x414d_2024_06_01,CUS_0x414d,2024-06-01,10,4,10000,1000.0,1000.0,0.0,6000.0,2024-10-01
CUS_0x414d_2024_06_01,CUS_0x414d,2024-06-01,10,5,10000,1000.0,1000.0,0.0,5000.0,2024-11-01
CUS_0x414d_2024_06_01,CUS_0x414d,2024-06-01,10,6,10000,1000.0,1000.0,0.0,4000.0,2024-12-01
CUS_0x414d_2024_06_01,CUS_0x414d,2024-06-01,10,7,10000,1000.0,1000.0,0.0,3000.0,2025-01-01
CUS_0x414d_2024_06_01,CUS_0x414d,2024-06-01,10,8,10000,1000.0,1000.0,0.0,2000.0,2025-02-01
CUS_0x414d_2024_06_01,CUS_0x414d,2024-06-01,10,9,10000,1000.0,1000.0,0.0,1000.0,2025-03-01
CUS_0x414d_2024_06_01,CUS_0x414d,2024-06-01,10,10,10000,1000.0,1000.0,0.0,0.0,2025-04-01
CUS_0x4159_2023_10_01,CUS_0x4159,2023-10-01,10,0,10000,0.0,0.0,0.0,10000.0,2023-10-01
CUS_0x4159_2023_10_01,CUS_0x4159,2023-10-01,10,1,10000,1000.0,0.0,1000.0,10000.0,2023-11-01
CUS_0x4159_2023_10_01,CUS_0x4159,2023-10-01,10,2,10000,1000.0,2000.0,0.0,8000.0,2023-12-01
CUS_0x4159_2023_10_01,CUS_0x4159,2023-10-01,10,3,10000,1000.0,0.0,1000.0,8000.0,2024-01-01
CUS_0x4159_2023_10_01,CUS_0x4159,2023-10-01,10,4,10000,1000.0,2000.0,0.0,6000.0,2024-02-01
CUS_0x4159_2023_10_01,CUS_0x4159,2023-10-01,10,5,10000,1000.0,0.0,1000.0,6000.0,2024-03-01
CUS_0x4159_2023_10_01,CUS_0x4159,2023-10-01,10,6,10000,1000.0,0.0,2000.0,6000.0,2024-04-01
CUS_0x4159_2023_10_01,CUS_0x4159,2023-10-01,10,7,10000,1000.0,0.0,3000.0,6000.0,2024-05-01
CUS_0x4159_2023_10_01,CUS_0x4159,2023-10-01,10,8,10000,1000.0,0.0,4000.0,6000.0,2024-06-01
CUS_0x4159_2023_10_01,CUS_0x4159,2023-10-01,10,9,10000,1000.0,0.0,5000.0,6000.0,2024-07-01
CUS_0x4159_2023_10_01,CUS_0x4159,2023-10-01,10,10,10000,1000.0,0.0,6000.0,6000.0,2024-08-01
CUS_0x416f_2023_01_01,CUS_0x416f,2023-01-01,10,0,10000,0.0,0.0,0.0,10000.0,2023-01-01
CUS_0x416f_2023_01_01,CUS_0x416f,2023-01-01,10,1,10000,1000.0,1000.0,0.0,9000.0,2023-02-01
CUS_0x416f_2023_01_01,CUS_0x416f,2023-01-01,10,2,10000,1000.0,1000.0,0.0,8000.0,2023-03-01
CUS_0x416f_2023_01_01,CUS_0x416f,2023-01-01,10,3,10000,1000.0,1000.0,0.0,7000.0,2023-04-01
CUS_0x416f_2023_01_01,CUS_0x416f,2023-01-01,10,4,10000,1000.0,1000.0,0.0,6000.0,2023-05-01
CUS_0x416f_2023_01_01,CUS_0x416f,2023-01-01,10,5,10000,1000.0,1000.0,0.0,5000.0,2023-06-01
CUS_0x416f_2023_01_01,CUS_0x416f,2023-01-01,10,6,10000,1000.0,1000.0,0.0,4000.0,2023-07-01
CUS_0x416f_2023_01_01,CUS_0x416f,2023-01-01,10,7,10000,1000.0,1000.0,0.0,3000.0,2023-08-01
CUS_0x416f_2023_01_01,CUS_0x416f,2023-01-01,10,8,10000,1000.0,1000.0,0.0,2000.0,2023-09-01
CUS_0x416f_2023_01_01,CUS_0x416f,2023-01-01,10,9,10000,1000.0,1000.0,0.0,1000.0,2023-10-01
CUS_0x416f_2023_01_01,CUS_0x416f,2023-01-01,10,10,10000,1000.0,1000.0,0.0,0.0,2023-11-01
CUS_0x4192_2024_07_01,CUS_0x4192,2024-07-01,10,0,10000,0.0,0.0,0.0,10000.0,2024-07-01
CUS_0x4192_2024_07_01,CUS_0x4192,2024-07-01,10,1,10000,1000.0,1000.0,0.0,9000.0,2024-08-01
CUS_0x4192_2024_07_01,CUS_0x4192,2024-07-01,10,2,10000,1000.0,1000.0,0.0,8000.0,2024-09-01
CUS_0x4192_2024_07_01,CUS_0x4192,2024-07-01,10,3,10000,1000.0,1000.0,0.0,7000.0,2024-10-01
CUS_0x4192_2024_07_01,CUS_0x4192,2024-07-01,10,4,10000,1000.0,1000.0,0.0,6000.0,2024-11-01
CUS_0x4192_2024_07_01,CUS_0x4192,2024-07-01,10,5,10000,1000.0,1000.0,0.0,5000.0,2024-12-01
CUS_0x4192_2024_07_01,CUS_0x4192,2024-07-01,10,6,10000,1000.0,1000.0,0.0,4000.0,2025-01-01
CUS_0x4192_2024_07_01,CUS_0x4192,2024-07-01,10,7,10000,1000.0,1000.0,0.0,3000.0,2025-02-01
CUS_0x4192_2024_07_01,CUS_0x4192,2024-07-01,10,8,10000,1000.0,1000.0,0.0,2000.0,2025-03-01
CUS_0x4192_2024_07_01,CUS_0x4192,2024-07-01,10,9,10000,1000.0,1000.0,0.0,1000.0,2025-04-01
CUS_0x4192_2024_07_01,CUS_0x4192,2024-07-01,10,10,10000,1000.0,1000.0,0.0,0.0,2025-05-01
CUS_0x41ae_2023_10_01,CUS_0x41ae,2023-10-01,10,0,10000,0.0,0.0,0.0,10000.0,2023-10-01
CUS_0x41ae_2023_10_01,CUS_0x41ae,2023-10-01,10,1,10000,1000.0,1000.0,0.0,9000.0,2023-11-01
CUS_0x41ae_2023_10_01,CUS_0x41ae,2023-10-01,10,2,10000,1000.0,1000.0,0.0,8000.0,2023-12-01
CUS_0x41ae_2023_10_01,CUS_0x41ae,2023-10-01,10,3,10000,1000.0,1000.0,0.0,7000.0,2024-01-01
CUS_0x41ae_2023_10_01,CUS_0x41ae,2023-10-01,10,4,10000,1000.0,1000.0,0.0,6000.0,2024-02-01
CUS_0x41ae_2023_10_01,CUS_0x41ae,2023-10-01,10,5,10000,1000.0,1000.0,0.0,5000.0,2024-03-01
CUS_0x41ae_2023_10_01,CUS_0x41ae,2023-10-01,10,6,10000,1000.0,1000.0,0.0,4000.0,2024-04-01
CUS_0x41ae_2023_10_01,CUS_0x41ae,2023-10-01,10,7,10000,1000.0,1000.0,0.0,3000.0,2024-05-01
CUS_0x41ae_2023_10_01,CUS_0x41ae,2023-10-01,10,8,10000,1000.0,1000.0,0.0,2000.0,2024-06-01
CUS_0x41ae_2023_10_01,CUS_0x41ae,2023-10-01,10,9,10000,1000.0,1000.0,0.0,1000.0,2024-07-01
CUS_0x41ae_2023_10_01,CUS_0x41ae,2023-10-01,10,10,10000,1000.0,1000.0,0.0,0.0,2024-08-01
CUS_0x41be_2024_04_01,CUS_0x41be,2024-04-01,10,0,10000,0.0,0.0,0.0,10000.0,2024-04-01
CUS_0x41be_2024_04_01,CUS_0x41be,2024-04-01,10,1,10000,1000.0,1000.0,0.0,9000.0,2024-05-01
CUS_0x41be_2024_04_01,CUS_0x41be,2024-04-01,10,2,10000,1000.0,1000.0,0.0,8000.0,2024-06-01
CUS_0x41be_2024_04_01,CUS_0x41be,2024-04-01,10,3,10000,1000.0,1000.0,0.0,7000.0,2024-07-01
CUS_0x41be_2024_04_01,CUS_0x41be,2024-04-01,10,4,10000,1000.0,1000.0,0.0,6000.0,2024-08-01
CUS_0x41be_2024_04_01,CUS_0x41be,2024-04-01,10,5,10000,1000.0,1000.0,0.0,5000.0,2024-09-01
CUS_0x41be_2024_04_01,CUS_0x41be,2024-04-01,10,6,10000,1000.0,1000.0,0.0,4000.0,2024-10-01
CUS_0x41be_2024_04_01,CUS_0x41be,2024-04-01,10,7,10000,1000.0,1000.0,0.0,3000.0,2024-11-01
CUS_0x41be_2024_04_01,CUS_0x41be,2024-04-01,10,8,10000,1000.0,1000.0,0.0,2000.0,2024-12-01
CUS_0x41be_2024_04_01,CUS_0x41be,2024-04-01,10,9,10000,1000.0,1000.0,0.0,1000.0,2025-01-01
CUS_0x41be_2024_04_01,CUS_0x41be,2024-04-01,10,10,10000,1000.0,1000.0,0.0,0.0,2025-02-01
CUS_0x41d3_2024_04_01,CUS_0x41d3,2024-04-01,10,0,10000,0.0,0.0,0.0,10000.0,2024-04-01
CUS_0x41d3_2024_04_01,CUS_0x41d3,2024-04-01,10,1,10000,1000.0,1000.0,0.0,9000.0,2024-05-01
CUS_0x41d3_2024_04_01,CUS_0x41d3,2024-04-01,10,2,10000,1000.0,1000.0,0.0,8000.0,2024-06-01
CUS_0x41d3_2024_04_01,CUS_0x41d3,2024-04-01,10,3,10000,1000.0,1000.0,0.0,7000.0,2024-07-01
CUS_0x41d3_2024_04_01,CUS_0x41d3,2024-04-01,10,4,10000,1000.0,1000.0,0.0,6000.0,2024-08-01
CUS_0x41d3_2024_04_01,CUS_0x41d3,2024-04-01,10,5,10000,1000.0,1000.0,0.0,5000.0,2024-09-01
CUS_0x41d3_2024_04_01,CUS_0x41d3,2024-04-01,10,6,10000,1000.0,1000.0,0.0,4000.0,2024-10-01
CUS_0x41d3_2024_04_01,CUS_0x41d3,2024-04-01,10,7,10000,1000.0,1000.0,0.0,3000.0,2024-11-01
CUS_0x41d3_2024_04_01,CUS_0x41d3,2024-04-01,10,8,10000,1000.0,1000.0,0.0,2000.0,2024-12-01
CUS_0x41d3_2024_04_01,CUS_0x41d3,2024-04-01,10,9,10000,1000.0,1000.0,0.0,1000.0,2025-01-01
CUS_0x41d3_2024_04_01,CUS_0x41d3,2024-04-01,10,10,10000,1000.0,1000.0,0.0,0.0,2025-02-01
CUS_0x41f3_2023_03_01,CUS_0x41f3,2023-03-01,10,0,10000,0.0,0.0,0.0,10000.0,2023-03-01
CUS_0x41f3_2023_03_01,CUS_0x41f3,2023-03-01,10,1,10000,1000.0,1000.0,0.0,9000.0,2023-04-01
CUS_0x41f3_2023_03_01,CUS_0x41f3,2023-03-01,10,2,10000,1000.0,0.0,1000.0,9000.0,2023-05-01
CUS_0x41f3_2023_03_01,CUS_0x41f3,2023-03-01,10,3,10000,1000.0,0.0,2000.0,9000.0,2023-06-01
CUS_0x41f3_2023_03_01,CUS_0x41f3,2023-03-01,10,4,10000,1000.0,0.0,3000.0,9000.0,2023-07-01
CUS_0x41f3_2023_03_01,CUS_0x41f3,2023-03-01,10,5,10000,1000.0,0.0,4000.0,9000.0,2023-08-01
CUS_0x41f3_2023_03_01,CUS_0x41f3,2023-03-01,10,6,10000,1000.0,0.0,5000.0,9000.0,2023-09-01
CUS_0x41f3_2023_03_01,CUS_0x41f3,2023-03-01,10,7,10000,1000.0,0.0,6000.0,9000.0,2023-10-01
CUS_0x41f3_2023_03_01,CUS_0x41f3,2023-03-01,10,8,10000,1000.0,0.0,7000.0,9000.0,2023-11-01
CUS_0x41f3_2023_03_01,CUS_0x41f3,2023-03-01,10,9,10000,1000.0,0.0,8000.0,9000.0,2023-12-01
CUS_0x41f3_2023_03_01,CUS_0x41f3,2023-03-01,10,10,10000,1000.0,0.0,9000.0,9000.0,2024-01-01
CUS_0x4229_2024_11_01,CUS_0x4229,2024-11-01,10,0,10000,0.0,0.0,0.0,10000.0,2024-11-01
CUS_0x4229_2024_11_01,CUS_0x4229,2024-11-01,10,1,10000,1000.0,1000.0,0.0,9000.0,2024-12-01
CUS_0x4229_2024_11_01,CUS_0x4229,2024-11-01,10,2,10000,1000.0,1000.0,0.0,8000.0,2025-01-01
CUS_0x4229_2024_11_01,CUS_0x4229,2024-11-01,10,3,10000,1000.0,1000.0,0.0,7000.0,2025-02-01
CUS_0x4229_2024_11_01,CUS_0x4229,2024-11-01,10,4,10000,1000.0,1000.0,0.0,6000.0,2025-03-01
CUS_0x4229_2024_11_01,CUS_0x4229,2024-11-01,10,5,10000,1000.0,1000.0,0.0,5000.0,2025-04-01
CUS_0x4229_2024_11_01,CUS_0x4229,2024-11-01,10,6,10000,1000.0,1000.0,0.0,4000.0,2025-05-01
CUS_0x4229_2024_11_01,CUS_0x4229,2024-11-01,10,7,10000,1000.0,1000.0,0.0,3000.0,2025-06-01
CUS_0x4229_2024_11_01,CUS_0x4229,2024-11-01,10,8,10000,1000.0,1000.0,0.0,2000.0,2025-07-01
CUS_0x4229_2024_11_01,CUS_0x4229,2024-11-01,10,9,10000,1000.0,1000.0,0.0,1000.0,2025-08-01
CUS_0x4229_2024_11_01,CUS_0x4229,2024-11-01,10,10,10000,1000.0,1000.0,0.0,0.0,2025-09-01
CUS_0x4241_2023_09_01,CUS_0x4241,2023-09-01,10,0,10000,0.0,0.0,0.0,10000.0,2023-09-01
CUS_0x4241_2023_09_01,CUS_0x4241,2023-09-01,10,1,10000,1000.0,1000.0,0.0,9000.0,2023-10-01
CUS_0x4241_2023_09_01,CUS_0x4241,2023-09-01,10,2,10000,1000.0,1000.0,0.0,8000.0,2023-11-01
CUS_0x4241_2023_09_01,CUS_0x4241,2023-09-01,10,3,10000,1000.0,1000.0,0.0,7000.0,2023-12-01
CUS_0x4241_2023_09_01,CUS_0x4241,2023-09-01,10,4,10000,1000.0,1000.0,0.0,6000.0,2024-01-01
CUS_0x4241_2023_09_01,CUS_0x4241,2023-09-01,10,5,10000,1000.0,1000.0,0.0,5000.0,2024-02-01
CUS_0x4241_2023_09_01,CUS_0x4241,2023-09-01,10,6,10000,1000.0,1000.0,0.0,4000.0,2024-03-01
CUS_0x4241_2023_09_01,CUS_0x4241,2023-09-01,10,7,10000,1000.0,1000.0,0.0,3000.0,2024-04-01
CUS_0x4241_2023_09_01,CUS_0x4241,2023-09-01,10,8,10000,1000.0,1000.0,0.0,2000.0,2024-05-01
CUS_0x4241_2023_09_01,CUS_0x4241,2023-09-01,10,9,10000,1000.0,1000.0,0.0,1000.0,2024-06-01
CUS_0x4241_2023_09_01,CUS_0x4241,2023-09-01,10,10,10000,1000.0,1000.0,0.0,0.0,2024-07-01
CUS_0x4287_2023_08_01,CUS_0x4287,2023-08-01,10,0,10000,0.0,0.0,0.0,10000.0,2023-08-01
CUS_0x4287_2023_08_01,CUS_0x4287,2023-08-01,10,1,10000,1000.0,1000.0,0.0,9000.0,2023-09-01
CUS_0x4287_2023_08_01,CUS_0x4287,2023-08-01,10,2,10000,1000.0,0.0,1000.0,9000.0,2023-10-01
CUS_0x4287_2023_08_01,CUS_0x4287,2023-08-01,10,3,10000,1000.0,0.0,2000.0,9000.0,2023-11-01
CUS_0x4287_2023_08_01,CUS_0x4287,2023-08-01,10,4,10000,1000.0,0.0,3000.0,9000.0,2023-12-01
CUS_0x4287_2023_08_01,CUS_0x4287,2023-08-01,10,5,10000,1000.0,0.0,4000.0,9000.0,2024-01-01
CUS_0x4287_2023_08_01,CUS_0x4287,2023-08-01,10,6,10000,1000.0,0.0,5000.0,9000.0,2024-02-01
CUS_0x4287_2023_08_01,CUS_0x4287,2023-08-01,10,7,10000,1000.0,0.0,6000.0,9000.0,2024-03-01
CUS_0x4287_2023_08_01,CUS_0x4287,2023-08-01,10,8,10000,1000.0,0.0,7000.0,9000.0,2024-04-01
CUS_0x4287_2023_08_01,CUS_0x4287,2023-08-01,10,9,10000,1000.0,0.0,8000.0,9000.0,2024-05-01
CUS_0x4287_2023_08_01,CUS_0x4287,2023-08-01,10,10,10000,1000.0,0.0,9000.0,9000.0,2024-06-01
CUS_0x4293_2024_12_01,CUS_0x4293,2024-12-01,10,0,10000,0.0,0.0,0.0,10000.0,2024-12-01
CUS_0x4293_2024_12_01,CUS_0x4293,2024-12-01,10,1,10000,1000.0,1000.0,0.0,9000.0,2025-01-01
CUS_0x4293_2024_12_01,CUS_0x4293,2024-12-01,10,2,10000,1000.0,0.0,1000.0,9000.0,2025-02-01
CUS_0x4293_2024_12_01,CUS_0x4293,2024-12-01,10,3,10000,1000.0,2000.0,0.0,7000.0,2025-03-01
CUS_0x4293_2024_12_01,CUS_0x4293,2024-12-01,10,4,10000,1000.0,0.0,1000.0,7000.0,2025-04-01
CUS_0x4293_2024_12_01,CUS_0x4293,2024-12-01,10,5,10000,1000.0,0.0,2000.0,7000.0,2025-05-01
CUS_0x4293_2024_12_01,CUS_0x4293,2024-12-01,10,6,10000,1000.0,0.0,3000.0,7000.0,2025-06-01
CUS_0x4293_2024_12_01,CUS_0x4293,2024-12-01,10,7,10000,1000.0,0.0,4000.0,7000.0,2025-07-01
CUS_0x4293_2024_12_01,CUS_0x4293,2024-12-01,10,8,10000,1000.0,0.0,5000.0,7000.0,2025-08-01
CUS_0x4293_2024_12_01,CUS_0x4293,2024-12-01,10,9,10000,1000.0,0.0,6000.0,7000.0,2025-09-01
CUS_0x4293_2024_12_01,CUS_0x4293,2024-12-01,10,10,10000,1000.0,0.0,7000.0,7000.0,2025-10-01
CUS_0x42a5_2024_05_01,CUS_0x42a5,2024-05-01,10,0,10000,0.0,0.0,0.0,10000.0,2024-05-01
CUS_0x42a5_2024_05_01,CUS_0x42a5,2024-05-01,10,1,10000,1000.0,1000.0,0.0,9000.0,2024-06-01
CUS_0x42a5_2024_05_01,CUS_0x42a5,2024-05-01,10,2,10000,1000.0,1000.0,0.0,8000.0,2024-07-01
CUS_0x42a5_2024_05_01,CUS_0x42a5,2024-05-01,10,3,10000,1000.0,1000.0,0.0,7000.0,2024-08-01
CUS_0x42a5_2024_05_01,CUS_0x42a5,2024-05-01,10,4,10000,1000.0,1000.0,0.0,6000.0,2024-09-01
CUS_0x42a5_2024_05_01,CUS_0x42a5,2024-05-01,10,5,10000,1000.0,1000.0,0.0,5000.0,2024-10-01
CUS_0x42a5_2024_05_01,CUS_0x42a5,2024-05-01,10,6,10000,1000.0,1000.0,0.0,4000.0,2024-11-01
CUS_0x42a5_2024_05_01,CUS_0x42a5,2024-05-01,10,7,10000,1000.0,1000.0,0.0,3000.0,2024-12-01
CUS_0x42a5_2024_05_01,CUS_0x42a5,2024-05-01,10,8,10000,1000.0,1000.0,0.0,2000.0,2025-01-01
CUS_0x42a5_2024_05_01,CUS_0x42a5,2024-05-01,10,9,10000,1000.0,1000.0,0.0,1000.0,2025-02-01
CUS_0x42a5_2024_05_01,CUS_0x42a5,2024-05-01,10,10,10000,1000.0,1000.0,0.0,0.0,2025-03-01
CUS_0x42bc_2023_06_01,CUS_0x42bc,2023-06-01,10,0,10000,0.0,0.0,0.0,10000.0,2023-06-01
CUS_0x42bc_2023_06_01,CUS_0x42bc,2023-06-01,10,1,10000,1000.0,1000.0,0.0,9000.0,2023-07-01
CUS_0x42bc_2023_06_01,CUS_0x42bc,2023-06-01,10,2,10000,1000.0,1000.0,0.0,8000.0,2023-08-01
CUS_0x42bc_2023_06_01,CUS_0x42bc,2023-06-01,10,3,10000,1000.0,1000.0,0.0,7000.0,2023-09-01
CUS_0x42bc_2023_06_01,CUS_0x42bc,2023-06-01,10,4,10000,1000.0,1000.0,0.0,6000.0,2023-10-01
CUS_0x42bc_2023_06_01,CUS_0x42bc,2023-06-01,10,5,10000,1000.0,1000.0,0.0,5000.0,2023-11-01
CUS_0x42bc_2023_06_01,CUS_0x42bc,2023-06-01,10,6,10000,1000.0,1000.0,0.0,4000.0,2023-12-01
CUS_0x42bc_2023_06_01,CUS_0x42bc,2023-06-01,10,7,10000,1000.0,1000.0,0.0,3000.0,2024-01-01
CUS_0x42bc_2023_06_01,CUS_0x42bc,2023-06-01,10,8,10000,1000.0,1000.0,0.0,2000.0,2024-02-01
CUS_0x42bc_2023_06_01,CUS_0x42bc,2023-06-01,10,9,10000,1000.0,1000.0,0.0,1000.0,2024-03-01
CUS_0x42bc_2023_06_01,CUS_0x42bc,2023-06-01,10,10,10000,1000.0,1000.0,0.0,0.0,2024-04-01
CUS_0x4312_2023_04_01,CUS_0x4312,2023-04-01,10,0,10000,0.0,0.0,0.0,10000.0,2023-04-01
CUS_0x4312_2023_04_01,CUS_0x4312,2023-04-01,10,1,10000,1000.0,1000.0,0.0,9000.0,2023-05-01
CUS_0x4312_2023_04_01,CUS_0x4312,2023-04-01,10,2,10000,1000.0,1000.0,0.0,8000.0,2023-06-01
CUS_0x4312_2023_04_01,CUS_0x4312,2023-04-01,10,3,10000,1000.0,1000.0,0.0,7000.0,2023-07-01
CUS_0x4312_2023_04_01,CUS_0x4312,2023-04-01,10,4,10000,1000.0,1000.0,0.0,6000.0,2023-08-01
CUS_0x4312_2023_04_01,CUS_0x4312,2023-04-01,10,5,10000,1000.0,1000.0,0.0,5000.0,2023-09-01
CUS_0x4312_2023_04_01,CUS_0x4312,2023-04-01,10,6,10000,1000.0,1000.0,0.0,4000.0,2023-10-01
CUS_0x4312_2023_04_01,CUS_0x4312,2023-04-01,10,7,10000,1000.0,1000.0,0.0,3000.0,2023-11-01
CUS_0x4312_2023_04_01,CUS_0x4312,2023-04-01,10,8,10000,1000.0,1000.0,0.0,2000.0,2023-12-01
CUS_0x4312_2023_04_01,CUS_0x4312,2023-04-01,10,9,10000,1000.0,1000.0,0.0,1000.0,2024-01-01
CUS_0x4312_2023_04_01,CUS_0x4312,2023-04-01,10,10,10000,1000.0,1000.0,0.0,0.0,2024-02-01
CUS_0x4313_2023_07_01,CUS_0x4313,2023-07-01,10,0,10000,0.0,0.0,0.0,10000.0,2023-07-01
CUS_0x4313_2023_07_01,CUS_0x4313,2023-07-01,10,1,10000,1000.0,1000.0,0.0,9000.0,2023-08-01
CUS_0x4313_2023_07_01,CUS_0x4313,2023-07-01,10,2,10000,1000.0,0.0,1000.0,9000.0,2023-09-01
CUS_0x4313_2023_07_01,CUS_0x4313,2023-07-01,10,3,10000,1000.0,0.0,2000.0,9000.0,2023-10-01
CUS_0x4313_2023_07_01,CUS_0x4313,2023-07-01,10,4,10000,1000.0,0.0,3000.0,9000.0,2023-11-01
CUS_0x4313_2023_07_01,CUS_0x4313,2023-07-01,10,5,10000,1000.0,0.0,4000.0,9000.0,2023-12-01
CUS_0x4313_2023_07_01,CUS_0x4313,2023-07-01,10,6,10000,1000.0,0.0,5000.0,9000.0,2024-01-01
CUS_0x4313_2023_07_01,CUS_0x4313,2023-07-01,10,7,10000,1000.0,0.0,6000.0,9000.0,2024-02-01
CUS_0x4313_2023_07_01,CUS_0x4313,2023-07-01,10,8,10000,1000.0,0.0,7000.0,9000.0,2024-03-01
CUS_0x4313_2023_07_01,CUS_0x4313,2023-07-01,10,9,10000,1000.0,0.0,8000.0,9000.0,2024-04-01
CUS_0x4313_2023_07_01,CUS_0x4313,2023-07-01,10,10,10000,1000.0,0.0,9000.0,9000.0,2024-05-01
CUS_0x4390_2024_06_01,CUS_0x4390,2024-06-01,10,0,10000,0.0,0.0,0.0,10000.0,2024-06-01
CUS_0x4390_2024_06_01,CUS_0x4390,2024-06-01,10,1,10000,1000.0,1000.0,0.0,9000.0,2024-07-01
CUS_0x4390_2024_06_01,CUS_0x4390,2024-06-01,10,2,10000,1000.0,1000.0,0.0,8000.0,2024-08-01
CUS_0x4390_2024_06_01,CUS_0x4390,2024-06-01,10,3,10000,1000.0,1000.0,0.0,7000.0,2024-09-01
CUS_0x4390_2024_06_01,CUS_0x4390,2024-06-01,10,4,10000,1000.0,1000.0,0.0,6000.0,2024-10-01
CUS_0x4390_2024_06_01,CUS_0x4390,2024-06-01,10,5,10000,1000.0,1000.0,0.0,5000.0,2024-11-01
CUS_0x4390_2024_06_01,CUS_0x4390,2024-06-01,10,6,10000,1000.0,1000.0,0.0,4000.0,2024-12-01
CUS_0x4390_2024_06_01,CUS_0x4390,2024-06-01,10,7,10000,1000.0,1000.0,0.0,3000.0,2025-01-01
CUS_0x4390_2024_06_01,CUS_0x4390,2024-06-01,10,8,10000,1000.0,1000.0,0.0,2000.0,2025-02-01
CUS_0x4390_2024_06_01,CUS_0x4390,2024-06-01,10,9,10000,1000.0,1000.0,0.0,1000.0,2025-03-01
CUS_0x4390_2024_06_01,CUS_0x4390,2024-06-01,10,10,10000,1000.0,1000.0,0.0,0.0,2025-04-01
CUS_0x43bf_2024_12_01,CUS_0x43bf,2024-12-01,10,0,10000,0.0,0.0,0.0,10000.0,2024-12-01
CUS_0x43bf_2024_12_01,CUS_0x43bf,2024-12-01,10,1,10000,1000.0,1000.0,0.0,9000.0,2025-01-01
CUS_0x43bf_2024_12_01,CUS_0x43bf,2024-12-01,10,2,10000,1000.0,1000.0,0.0,8000.0,2025-02-01
CUS_0x43bf_2024_12_01,CUS_0x43bf,2024-12-01,10,3,10000,1000.0,1000.0,0.0,7000.0,2025-03-01
CUS_0x43bf_2024_12_01,CUS_0x43bf,2024-12-01,10,4,10000,1000.0,1000.0,0.0,6000.0,2025-04-01
CUS_0x43bf_2024_12_01,CUS_0x43bf,2024-12-01,10,5,10000,1000.0,1000.0,0.0,5000.0,2025-05-01
CUS_0x43bf_2024_12_01,CUS_0x43bf,2024-12-01,10,6,10000,1000.0,1000.0,0.0,4000.0,2025-06-01
CUS_0x43bf_2024_12_01,CUS_0x43bf,2024-12-01,10,7,10000,1000.0,1000.0,0.0,3000.0,2025-07-01
CUS_0x43bf_2024_12_01,CUS_0x43bf,2024-12-01,10,8,10000,1000.0,1000.0,0.0,2000.0,2025-08-01
CUS_0x43bf_2024_12_01,CUS_0x43bf,2024-12-01,10,9,10000,1000.0,1000.0,0.0,1000.0,2025-09-01
CUS_0x43bf_2024_12_01,CUS_0x43bf,2024-12-01,10,10,10000,1000.0,1000.0,0.0,0.0,2025-10-01
CUS_0x43e7_2024_10_01,CUS_0x43e7,2024-10-01,10,0,10000,0.0,0.0,0.0,10000.0,2024-10-01
CUS_0x43e7_2024_10_01,CUS_0x43e7,2024-10-01,10,1,10000,1000.0,1000.0,0.0,9000.0,2024-11-01
CUS_0x43e7_2024_10_01,CUS_0x43e7,2024-10-01,10,2,10000,1000.0,1000.0,0.0,8000.0,2024-12-01
CUS_0x43e7_2024_10_01,CUS_0x43e7,2024-10-01,10,3,10000,1000.0,1000.0,0.0,7000.0,2025-01-01
CUS_0x43e7_2024_10_01,CUS_0x43e7,2024-10-01,10,4,10000,1000.0,1000.0,0.0,6000.0,2025-02-01
CUS_0x43e7_2024_10_01,CUS_0x43e7,2024-10-01,10,5,10000,1000.0,1000.0,0.0,5000.0,2025-03-01
CUS_0x43e7_2024_10_01,CUS_0x43e7,2024-10-01,10,6,10000,1000.0,1000.0,0.0,4000.0,2025-04-01
CUS_0x43e7_2024_10_01,CUS_0x43e7,2024-10-01,10,7,10000,1000.0,1000.0,0.0,3000.0,2025-05-01
CUS_0x43e7_2024_10_01,CUS_0x43e7,2024-10-01,10,8,10000,1000.0,1000.0,0.0,2000.0,2025-06-01
CUS_0x43e7_2024_10_01,CUS_0x43e7,2024-10-01,10,9,10000,1000.0,1000.0,0.0,1000.0,2025-07-01
CUS_0x43e7_2024_10_01,CUS_0x43e7,2024-10-01,10,10,10000,1000.0,1000.0,0.0,0.0,2025-08-01
CUS_0x444b_2024_02_01,CUS_0x444b,2024-02-01,10,0,10000,0.0,0.0,0.0,10000.0,2024-02-01
CUS_0x444b_2024_02_01,CUS_0x444b,2024-02-01,10,1,10000,1000.0,0.0,1000.0,10000.0,2024-03-01
CUS_0x444b_2024_02_01,CUS_0x444b,2024-02-01,10,2,10000,1000.0,0.0,2000.0,10000.0,2024-04-01
CUS_0x444b_2024_02_01,CUS_0x444b,2024-02-01,10,3,10000,1000.0,3000.0,0.0,7000.0,2024-05-01
CUS_0x444b_2024_02_01,CUS_0x444b,2024-02-01,10,4,10000,1000.0,0.0,1000.0,7000.0,2024-06-01
CUS_0x444b_2024_02_01,CUS_0x444b,2024-02-01,10,5,10000,1000.0,0.0,2000.0,7000.0,2024-07-01
CUS_0x444b_2024_02_01,CUS_0x444b,2024-02-01,10,6,10000,1000.0,0.0,3000.0,7000.0,2024-08-01
CUS_0x444b_2024_02_01,CUS_0x444b,2024-02-01,10,7,10000,1000.0,0.0,4000.0,7000.0,2024-09-01
CUS_0x444b_2024_02_01,CUS_0x444b,2024-02-01,10,8,10000,1000.0,0.0,5000.0,7000.0,2024-10-01
CUS_0x444b_2024_02_01,CUS_0x444b,2024-02-01,10,9,10000,1000.0,0.0,6000.0,7000.0,2024-11-01
CUS_0x444b_2024_02_01,CUS_0x444b,2024-02-01,10,10,10000,1000.0,0.0,7000.0,7000.0,2024-12-01
CUS_0x446_2023_08_01,CUS_0x446,2023-08-01,10,0,10000,0.0,0.0,0.0,10000.0,2023-08-01
CUS_0x446_2023_08_01,CUS_0x446,2023-08-01,10,1,10000,1000.0,1000.0,0.0,9000.0,2023-09-01
CUS_0x446_2023_08_01,CUS_0x446,2023-08-01,10,2,10000,1000.0,0.0,1000.0,9000.0,2023-10-01
CUS_0x446_2023_08_01,CUS_0x446,2023-08-01,10,3,10000,1000.0,2000.0,0.0,7000.0,2023-11-01
CUS_0x446_2023_08_01,CUS_0x446,2023-08-01,10,4,10000,1000.0,0.0,1000.0,7000.0,2023-12-01
CUS_0x446_2023_08_01,CUS_0x446,2023-08-01,10,5,10000,1000.0,0.0,2000.0,7000.0,2024-01-01
CUS_0x446_2023_08_01,CUS_0x446,2023-08-01,10,6,10000,1000.0,0.0,3000.0,7000.0,2024-02-01
CUS_0x446_2023_08_01,CUS_0x446,2023-08-01,10,7,10000,1000.0,0.0,4000.0,7000.0,2024-03-01
CUS_0x446_2023_08_01,CUS_0x446,2023-08-01,10,8,10000,1000.0,0.0,5000.0,7000.0,2024-04-01
CUS_0x446_2023_08_01,CUS_0x446,2023-08-01,10,9,10000,1000.0,0.0,6000.0,7000.0,2024-05-01
CUS_0x446_2023_08_01,CUS_0x446,2023-08-01,10,10,10000,1000.0,0.0,7000.0,7000.0,2024-06-01
CUS_0x446f_2023_12_01,CUS_0x446f,2023-12-01,10,0,10000,0.0,0.0,0.0,10000.0,2023-12-01
CUS_0x446f_2023_12_01,CUS_0x446f,2023-12-01,10,1,10000,1000.0,1000.0,0.0,9000.0,2024-01-01
CUS_0x446f_2023_12_01,CUS_0x446f,2023-12-01,10,2,10000,1000.0,1000.0,0.0,8000.0,2024-02-01
CUS_0x446f_2023_12_01,CUS_0x446f,2023-12-01,10,3,10000,1000.0,1000.0,0.0,7000.0,2024-03-01
CUS_0x446f_2023_12_01,CUS_0x446f,2023-12-01,10,4,10000,1000.0,1000.0,0.0,6000.0,2024-04-01
CUS_0x446f_2023_12_01,CUS_0x446f,2023-12-01,10,5,10000,1000.0,1000.0,0.0,5000.0,2024-05-01
CUS_0x446f_2023_12_01,CUS_0x446f,2023-12-01,10,6,10000,1000.0,1000.0,0.0,4000.0,2024-06-01
CUS_0x446f_2023_12_01,CUS_0x446f,2023-12-01,10,7,10000,1000.0,1000.0,0.0,3000.0,2024-07-01
CUS_0x446f_2023_12_01,CUS_0x446f,2023-12-01,10,8,10000,1000.0,1000.0,0.0,2000.0,2024-08-01
CUS_0x446f_2023_12_01,CUS_0x446f,2023-12-01,10,9,10000,1000.0,1000.0,0.0,1000.0,2024-09-01
CUS_0x446f_2023_12_01,CUS_0x446f,2023-12-01,10,10,10000,1000.0,1000.0,0.0,0.0,2024-10-01
CUS_0x447b_2024_08_01,CUS_0x447b,2024-08-01,10,0,10000,0.0,0.0,0.0,10000.0,2024-08-01
CUS_0x447b_2024_08_01,CUS_0x447b,2024-08-01,10,1,10000,1000.0,1000.0,0.0,9000.0,2024-09-01
CUS_0x447b_2024_08_01,CUS_0x447b,2024-08-01,10,2,10000,1000.0,1000.0,0.0,8000.0,2024-10-01
CUS_0x447b_2024_08_01,CUS_0x447b,2024-08-01,10,3,10000,1000.0,0.0,1000.0,8000.0,2024-11-01
CUS_0x447b_2024_08_01,CUS_0x447b,2024-08-01,10,4,10000,1000.0,0.0,2000.0,8000.0,2024-12-01
CUS_0x447b_2024_08_01,CUS_0x447b,2024-08-01,10,5,10000,1000.0,0.0,3000.0,8000.0,2025-01-01
CUS_0x447b_2024_08_01,CUS_0x447b,2024-08-01,10,6,10000,1000.0,0.0,4000.0,8000.0,2025-02-01
CUS_0x447b_2024_08_01,CUS_0x447b,2024-08-01,10,7,10000,1000.0,0.0,5000.0,8000.0,2025-03-01
CUS_0x447b_2024_08_01,CUS_0x447b,2024-08-01,10,8,10000,1000.0,0.0,6000.0,8000.0,2025-04-01
CUS_0x447b_2024_08_01,CUS_0x447b,2024-08-01,10,9,10000,1000.0,0.0,7000.0,8000.0,2025-05-01
CUS_0x447b_2024_08_01,CUS_0x447b,2024-08-01,10,10,10000,1000.0,0.0,8000.0,8000.0,2025-06-01
CUS_0x4496_2024_01_01,CUS_0x4496,2024-01-01,10,0,10000,0.0,0.0,0.0,10000.0,2024-01-01
CUS_0x4496_2024_01_01,CUS_0x4496,2024-01-01,10,1,10000,1000.0,1000.0,0.0,9000.0,2024-02-01
CUS_0x4496_2024_01_01,CUS_0x4496,2024-01-01,10,2,10000,1000.0,0.0,1000.0,9000.0,2024-03-01
CUS_0x4496_2024_01_01,CUS_0x4496,2024-01-01,10,3,10000,1000.0,0.0,2000.0,9000.0,2024-04-01
CUS_0x4496_2024_01_01,CUS_0x4496,2024-01-01,10,4,10000,1000.0,0.0,3000.0,9000.0,2024-05-01
CUS_0x4496_2024_01_01,CUS_0x4496,2024-01-01,10,5,10000,1000.0,0.0,4000.0,9000.0,2024-06-01
CUS_0x4496_2024_01_01,CUS_0x4496,2024-01-01,10,6,10000,1000.0,0.0,5000.0,9000.0,2024-07-01
CUS_0x4496_2024_01_01,CUS_0x4496,2024-01-01,10,7,10000,1000.0,0.0,6000.0,9000.0,2024-08-01
CUS_0x4496_2024_01_01,CUS_0x4496,2024-01-01,10,8,10000,1000.0,0.0,7000.0,9000.0,2024-09-01
CUS_0x4496_2024_01_01,CUS_0x4496,2024-01-01,10,9,10000,1000.0,0.0,8000.0,9000.0,2024-10-01
CUS_0x4496_2024_01_01,CUS_0x4496,2024-01-01,10,10,10000,1000.0,0.0,9000.0,9000.0,2024-11-01
CUS_0x44ec_2024_05_01,CUS_0x44ec,2024-05-01,10,0,10000,0.0,0.0,0.0,10000.0,2024-05-01
CUS_0x44ec_2024_05_01,CUS_0x44ec,2024-05-01,10,1,10000,1000.0,1000.0,0.0,9000.0,2024-06-01
CUS_0x44ec_2024_05_01,CUS_0x44ec,2024-05-01,10,2,10000,1000.0,1000.0,0.0,8000.0,2024-07-01
CUS_0x44ec_2024_05_01,CUS_0x44ec,2024-05-01,10,3,10000,1000.0,1000.0,0.0,7000.0,2024-08-01
CUS_0x44ec_2024_05_01,CUS_0x44ec,2024-05-01,10,4,10000,1000.0,1000.0,0.0,6000.0,2024-09-01
CUS_0x44ec_2024_05_01,CUS_0x44ec,2024-05-01,10,5,10000,1000.0,1000.0,0.0,5000.0,2024-10-01
CUS_0x44ec_2024_05_01,CUS_0x44ec,2024-05-01,10,6,10000,1000.0,1000.0,0.0,4000.0,2024-11-01
CUS_0x44ec_2024_05_01,CUS_0x44ec,2024-05-01,10,7,10000,1000.0,1000.0,0.0,3000.0,2024-12-01
CUS_0x44ec_2024_05_01,CUS_0x44ec,2024-05-01,10,8,10000,1000.0,1000.0,0.0,2000.0,2025-01-01
CUS_0x44ec_2024_05_01,CUS_0x44ec,2024-05-01,10,9,10000,1000.0,1000.0,0.0,1000.0,2025-02-01
CUS_0x44ec_2024_05_01,CUS_0x44ec,2024-05-01,10,10,10000,1000.0,1000.0,0.0,0.0,2025-03-01
CUS_0x44f_2023_11_01,CUS_0x44f,2023-11-01,10,0,10000,0.0,0.0,0.0,10000.0,2023-11-01
CUS_0x44f_2023_11_01,CUS_0x44f,2023-11-01,10,1,10000,1000.0,1000.0,0.0,9000.0,2023-12-01
CUS_0x44f_2023_11_01,CUS_0x44f,2023-11-01,10,2,10000,1000.0,1000.0,0.0,8000.0,2024-01-01
CUS_0x44f_2023_11_01,CUS_0x44f,2023-11-01,10,3,10000,1000.0,1000.0,0.0,7000.0,2024-02-01
CUS_0x44f_2023_11_01,CUS_0x44f,2023-11-01,10,4,10000,1000.0,1000.0,0.0,6000.0,2024-03-01
CUS_0x44f_2023_11_01,CUS_0x44f,2023-11-01,10,5,10000,1000.0,1000.0,0.0,5000.0,2024-04-01
CUS_0x44f_2023_11_01,CUS_0x44f,2023-11-01,10,6,10000,1000.0,1000.0,0.0,4000.0,2024-05-01
CUS_0x44f_2023_11_01,CUS_0x44f,2023-11-01,10,7,10000,1000.0,1000.0,0.0,3000.0,2024-06-01
CUS_0x44f_2023_11_01,CUS_0x44f,2023-11-01,10,8,10000,1000.0,1000.0,0.0,2000.0,2024-07-01
CUS_0x44f_2023_11_01,CUS_0x44f,2023-11-01,10,9,10000,1000.0,1000.0,0.0,1000.0,2024-08-01
CUS_0x44f_2023_11_01,CUS_0x44f,2023-11-01,10,10,10000,1000.0,1000.0,0.0,0.0,2024-09-01
CUS_0x4505_2023_06_01,CUS_0x4505,2023-06-01,10,0,10000,0.0,0.0,0.0,10000.0,2023-06-01
CUS_0x4505_2023_06_01,CUS_0x4505,2023-06-01,10,1,10000,1000.0,1000.0,0.0,9000.0,2023-07-01
CUS_0x4505_2023_06_01,CUS_0x4505,2023-06-01,10,2,10000,1000.0,1000.0,0.0,8000.0,2023-08-01
CUS_0x4505_2023_06_01,CUS_0x4505,2023-06-01,10,3,10000,1000.0,1000.0,0.0,7000.0,2023-09-01
CUS_0x4505_2023_06_01,CUS_0x4505,2023-06-01,10,4,10000,1000.0,1000.0,0.0,6000.0,2023-10-01
CUS_0x4505_2023_06_01,CUS_0x4505,2023-06-01,10,5,10000,1000.0,1000.0,0.0,5000.0,2023-11-01
CUS_0x4505_2023_06_01,CUS_0x4505,2023-06-01,10,6,10000,1000.0,1000.0,0.0,4000.0,2023-12-01
CUS_0x4505_2023_06_01,CUS_0x4505,2023-06-01,10,7,10000,1000.0,1000.0,0.0,3000.0,2024-01-01
CUS_0x4505_2023_06_01,CUS_0x4505,2023-06-01,10,8,10000,1000.0,1000.0,0.0,2000.0,2024-02-01
CUS_0x4505_2023_06_01,CUS_0x4505,2023-06-01,10,9,10000,1000.0,1000.0,0.0,1000.0,2024-03-01
CUS_0x4505_2023_06_01,CUS_0x4505,2023-06-01,10,10,10000,1000.0,1000.0,0.0,0.0,2024-04-01
CUS_0x453a_2023_05_01,CUS_0x453a,2023-05-01,10,0,10000,0.0,0.0,0.0,10000.0,2023-05-01
CUS_0x453a_2023_05_01,CUS_0x453a,2023-05-01,10,1,10000,1000.0,1000.0,0.0,9000.0,2023-06-01
CUS_0x453a_2023_05_01,CUS_0x453a,2023-05-01,10,2,10000,1000.0,1000.0,0.0,8000.0,2023-07-01
CUS_0x453a_2023_05_01,CUS_0x453a,2023-05-01,10,3,10000,1000.0,1000.0,0.0,7000.0,2023-08-01
CUS_0x453a_2023_05_01,CUS_0x453a,2023-05-01,10,4,10000,1000.0,1000.0,0.0,6000.0,2023-09-01
CUS_0x453a_2023_05_01,CUS_0x453a,2023-05-01,10,5,10000,1000.0,1000.0,0.0,5000.0,2023-10-01
CUS_0x453a_2023_05_01,CUS_0x453a,2023-05-01,10,6,10000,1000.0,1000.0,0.0,4000.0,2023-11-01
CUS_0x453a_2023_05_01,CUS_0x453a,2023-05-01,10,7,10000,1000.0,1000.0,0.0,3000.0,2023-12-01
CUS_0x453a_2023_05_01,CUS_0x453a,2023-05-01,10,8,10000,1000.0,1000.0,0.0,2000.0,2024-01-01
CUS_0x453a_2023_05_01,CUS_0x453a,2023-05-01,10,9,10000,1000.0,1000.0,0.0,1000.0,2024-02-01
CUS_0x453a_2023_05_01,CUS_0x453a,2023-05-01,10,10,10000,1000.0,1000.0,0.0,0.0,2024-03-01
CUS_0x4569_2023_04_01,CUS_0x4569,2023-04-01,10,0,10000,0.0,0.0,0.0,10000.0,2023-04-01
CUS_0x4569_2023_04_01,CUS_0x4569,2023-04-01,10,1,10000,1000.0,1000.0,0.0,9000.0,2023-05-01
CUS_0x4569_2023_04_01,CUS_0x4569,2023-04-01,10,2,10000,1000.0,1000.0,0.0,8000.0,2023-06-01
CUS_0x4569_2023_04_01,CUS_0x4569,2023-04-01,10,3,10000,1000.0,1000.0,0.0,7000.0,2023-07-01
CUS_0x4569_2023_04_01,CUS_0x4569,2023-04-01,10,4,10000,1000.0,1000.0,0.0,6000.0,2023-08-01
CUS_0x4569_2023_04_01,CUS_0x4569,2023-04-01,10,5,10000,1000.0,1000.0,0.0,5000.0,2023-09-01
CUS_0x4569_2023_04_01,CUS_0x4569,2023-04-01,10,6,10000,1000.0,1000.0,0.0,4000.0,2023-10-01
CUS_0x4569_2023_04_01,CUS_0x4569,2023-04-01,10,7,10000,1000.0,1000.0,0.0,3000.0,2023-11-01
CUS_0x4569_2023_04_01,CUS_0x4569,2023-04-01,10,8,10000,1000.0,1000.0,0.0,2000.0,2023-12-01
CUS_0x4569_2023_04_01,CUS_0x4569,2023-04-01,10,9,10000,1000.0,1000.0,0.0,1000.0,2024-01-01
CUS_0x4569_2023_04_01,CUS_0x4569,2023-04-01,10,10,10000,1000.0,1000.0,0.0,0.0,2024-02-01
CUS_0x456d_2023_10_01,CUS_0x456d,2023-10-01,10,0,10000,0.0,0.0,0.0,10000.0,2023-10-01
CUS_0x456d_2023_10_01,CUS_0x456d,2023-10-01,10,1,10000,1000.0,1000.0,0.0,9000.0,2023-11-01
CUS_0x456d_2023_10_01,CUS_0x456d,2023-10-01,10,2,10000,1000.0,1000.0,0.0,8000.0,2023-12-01
CUS_0x456d_2023_10_01,CUS_0x456d,2023-10-01,10,3,10000,1000.0,1000.0,0.0,7000.0,2024-01-01
CUS_0x456d_2023_10_01,CUS_0x456d,2023-10-01,10,4,10000,1000.0,1000.0,0.0,6000.0,2024-02-01
CUS_0x456d_2023_10_01,CUS_0x456d,2023-10-01,10,5,10000,1000.0,1000.0,0.0,5000.0,2024-03-01
CUS_0x456d_2023_10_01,CUS_0x456d,2023-10-01,10,6,10000,1000.0,1000.0,0.0,4000.0,2024-04-01
CUS_0x456d_2023_10_01,CUS_0x456d,2023-10-01,10,7,10000,1000.0,1000.0,0.0,3000.0,2024-05-01
CUS_0x456d_2023_10_01,CUS_0x456d,2023-10-01,10,8,10000,1000.0,1000.0,0.0,2000.0,2024-06-01
CUS_0x456d_2023_10_01,CUS_0x456d,2023-10-01,10,9,10000,1000.0,1000.0,0.0,1000.0,2024-07-01
CUS_0x456d_2023_10_01,CUS_0x456d,2023-10-01,10,10,10000,1000.0,1000.0,0.0,0.0,2024-08-01
CUS_0x4590_2024_07_01,CUS_0x4590,2024-07-01,10,0,10000,0.0,0.0,0.0,10000.0,2024-07-01
CUS_0x4590_2024_07_01,CUS_0x4590,2024-07-01,10,1,10000,1000.0,1000.0,0.0,9000.0,2024-08-01
CUS_0x4590_2024_07_01,CUS_0x4590,2024-07-01,10,2,10000,1000.0,1000.0,0.0,8000.0,2024-09-01
CUS_0x4590_2024_07_01,CUS_0x4590,2024-07-01,10,3,10000,1000.0,1000.0,0.0,7000.0,2024-10-01
CUS_0x4590_2024_07_01,CUS_0x4590,2024-07-01,10,4,10000,1000.0,1000.0,0.0,6000.0,2024-11-01
CUS_0x4590_2024_07_01,CUS_0x4590,2024-07-01,10,5,10000,1000.0,1000.0,0.0,5000.0,2024-12-01
CUS_0x4590_2024_07_01,CUS_0x4590,2024-07-01,10,6,10000,1000.0,1000.0,0.0,4000.0,2025-01-01
CUS_0x4590_2024_07_01,CUS_0x4590,2024-07-01,10,7,10000,1000.0,1000.0,0.0,3000.0,2025-02-01
CUS_0x4590_2024_07_01,CUS_0x4590,2024-07-01,10,8,10000,1000.0,1000.0,0.0,2000.0,2025-03-01
CUS_0x4590_2024_07_01,CUS_0x4590,2024-07-01,10,9,10000,1000.0,1000.0,0.0,1000.0,2025-04-01
CUS_0x4590_2024_07_01,CUS_0x4590,2024-07-01,10,10,10000,1000.0,1000.0,0.0,0.0,2025-05-01
CUS_0x45b_2023_08_01,CUS_0x45b,2023-08-01,10,0,10000,0.0,0.0,0.0,10000.0,2023-08-01
CUS_0x45b_2023_08_01,CUS_0x45b,2023-08-01,10,1,10000,1000.0,1000.0,0.0,9000.0,2023-09-01
CUS_0x45b_2023_08_01,CUS_0x45b,2023-08-01,10,2,10000,1000.0,0.0,1000.0,9000.0,2023-10-01
CUS_0x45b_2023_08_01,CUS_0x45b,2023-08-01,10,3,10000,1000.0,0.0,2000.0,9000.0,2023-11-01
CUS_0x45b_2023_08_01,CUS_0x45b,2023-08-01,10,4,10000,1000.0,3000.0,0.0,6000.0,2023-12-01
CUS_0x45b_2023_08_01,CUS_0x45b,2023-08-01,10,5,10000,1000.0,0.0,1000.0,6000.0,2024-01-01
CUS_0x45b_2023_08_01,CUS_0x45b,2023-08-01,10,6,10000,1000.0,0.0,2000.0,6000.0,2024-02-01
CUS_0x45b_2023_08_01,CUS_0x45b,2023-08-01,10,7,10000,1000.0,0.0,3000.0,6000.0,2024-03-01
CUS_0x45b_2023_08_01,CUS_0x45b,2023-08-01,10,8,10000,1000.0,0.0,4000.0,6000.0,2024-04-01
CUS_0x45b_2023_08_01,CUS_0x45b,2023-08-01,10,9,10000,1000.0,0.0,5000.0,6000.0,2024-05-01
CUS_0x45b_2023_08_01,CUS_0x45b,2023-08-01,10,10,10000,1000.0,0.0,6000.0,6000.0,2024-06-01
CUS_0x45e1_2024_03_01,CUS_0x45e1,2024-03-01,10,0,10000,0.0,0.0,0.0,10000.0,2024-03-01
CUS_0x45e1_2024_03_01,CUS_0x45e1,2024-03-01,10,1,10000,1000.0,1000.0,0.0,9000.0,2024-04-01
CUS_0x45e1_2024_03_01,CUS_0x45e1,2024-03-01,10,2,10000,1000.0,1000.0,0.0,8000.0,2024-05-01
CUS_0x45e1_2024_03_01,CUS_0x45e1,2024-03-01,10,3,10000,1000.0,1000.0,0.0,7000.0,2024-06-01
CUS_0x45e1_2024_03_01,CUS_0x45e1,2024-03-01,10,4,10000,1000.0,1000.0,0.0,6000.0,2024-07-01
CUS_0x45e1_2024_03_01,CUS_0x45e1,2024-03-01,10,5,10000,1000.0,1000.0,0.0,5000.0,2024-08-01
CUS_0x45e1_2024_03_01,CUS_0x45e1,2024-03-01,10,6,10000,1000.0,1000.0,0.0,4000.0,2024-09-01
CUS_0x45e1_2024_03_01,CUS_0x45e1,2024-03-01,10,7,10000,1000.0,1000.0,0.0,3000.0,2024-10-01
CUS_0x45e1_2024_03_01,CUS_0x45e1,2024-03-01,10,8,10000,1000.0,1000.0,0.0,2000.0,2024-11-01
CUS_0x45e1_2024_03_01,CUS_0x45e1,2024-03-01,10,9,10000,1000.0,1000.0,0.0,1000.0,2024-12-01
CUS_0x45e1_2024_03_01,CUS_0x45e1,2024-03-01,10,10,10000,1000.0,1000.0,0.0,0.0,2025-01-01
CUS_0x4657_2024_09_01,CUS_0x4657,2024-09-01,10,0,10000,0.0,0.0,0.0,10000.0,2024-09-01
CUS_0x4657_2024_09_01,CUS_0x4657,2024-09-01,10,1,10000,1000.0,1000.0,0.0,9000.0,2024-10-01
CUS_0x4657_2024_09_01,CUS_0x4657,2024-09-01,10,2,10000,1000.0,1000.0,0.0,8000.0,2024-11-01
CUS_0x4657_2024_09_01,CUS_0x4657,2024-09-01,10,3,10000,1000.0,1000.0,0.0,7000.0,2024-12-01
CUS_0x4657_2024_09_01,CUS_0x4657,2024-09-01,10,4,10000,1000.0,1000.0,0.0,6000.0,2025-01-01
CUS_0x4657_2024_09_01,CUS_0x4657,2024-09-01,10,5,10000,1000.0,1000.0,0.0,5000.0,2025-02-01
CUS_0x4657_2024_09_01,CUS_0x4657,2024-09-01,10,6,10000,1000.0,1000.0,0.0,4000.0,2025-03-01
CUS_0x4657_2024_09_01,CUS_0x4657,2024-09-01,10,7,10000,1000.0,1000.0,0.0,3000.0,2025-04-01
CUS_0x4657_2024_09_01,CUS_0x4657,2024-09-01,10,8,10000,1000.0,1000.0,0.0,2000.0,2025-05-01
CUS_0x4657_2024_09_01,CUS_0x4657,2024-09-01,10,9,10000,1000.0,1000.0,0.0,1000.0,2025-06-01
CUS_0x4657_2024_09_01,CUS_0x4657,2024-09-01,10,10,10000,1000.0,1000.0,0.0,0.0,2025-07-01
CUS_0x465c_2023_11_01,CUS_0x465c,2023-11-01,10,0,10000,0.0,0.0,0.0,10000.0,2023-11-01
CUS_0x465c_2023_11_01,CUS_0x465c,2023-11-01,10,1,10000,1000.0,1000.0,0.0,9000.0,2023-12-01
CUS_0x465c_2023_11_01,CUS_0x465c,2023-11-01,10,2,10000,1000.0,1000.0,0.0,8000.0,2024-01-01
CUS_0x465c_2023_11_01,CUS_0x465c,2023-11-01,10,3,10000,1000.0,0.0,1000.0,8000.0,2024-02-01
CUS_0x465c_2023_11_01,CUS_0x465c,2023-11-01,10,4,10000,1000.0,0.0,2000.0,8000.0,2024-03-01
CUS_0x465c_2023_11_01,CUS_0x465c,2023-11-01,10,5,10000,1000.0,0.0,3000.0,8000.0,2024-04-01
CUS_0x465c_2023_11_01,CUS_0x465c,2023-11-01,10,6,10000,1000.0,0.0,4000.0,8000.0,2024-05-01
CUS_0x465c_2023_11_01,CUS_0x465c,2023-11-01,10,7,10000,1000.0,0.0,5000.0,8000.0,2024-06-01
CUS_0x465c_2023_11_01,CUS_0x465c,2023-11-01,10,8,10000,1000.0,0.0,6000.0,8000.0,2024-07-01
CUS_0x465c_2023_11_01,CUS_0x465c,2023-11-01,10,9,10000,1000.0,0.0,7000.0,8000.0,2024-08-01
CUS_0x465c_2023_11_01,CUS_0x465c,2023-11-01,10,10,10000,1000.0,0.0,8000.0,8000.0,2024-09-01
CUS_0x46d5_2023_12_01,CUS_0x46d5,2023-12-01,10,0,10000,0.0,0.0,0.0,10000.0,2023-12-01
CUS_0x46d5_2023_12_01,CUS_0x46d5,2023-12-01,10,1,10000,1000.0,1000.0,0.0,9000.0,2024-01-01
CUS_0x46d5_2023_12_01,CUS_0x46d5,2023-12-01,10,2,10000,1000.0,1000.0,0.0,8000.0,2024-02-01
CUS_0x46d5_2023_12_01,CUS_0x46d5,2023-12-01,10,3,10000,1000.0,1000.0,0.0,7000.0,2024-03-01
CUS_0x46d5_2023_12_01,CUS_0x46d5,2023-12-01,10,4,10000,1000.0,1000.0,0.0,6000.0,2024-04-01
CUS_0x46d5_2023_12_01,CUS_0x46d5,2023-12-01,10,5,10000,1000.0,1000.0,0.0,5000.0,2024-05-01
CUS_0x46d5_2023_12_01,CUS_0x46d5,2023-12-01,10,6,10000,1000.0,1000.0,0.0,4000.0,2024-06-01
CUS_0x46d5_2023_12_01,CUS_0x46d5,2023-12-01,10,7,10000,1000.0,1000.0,0.0,3000.0,2024-07-01
CUS_0x46d5_2023_12_01,CUS_0x46d5,2023-12-01,10,8,10000,1000.0,1000.0,0.0,2000.0,2024-08-01
CUS_0x46d5_2023_12_01,CUS_0x46d5,2023-12-01,10,9,10000,1000.0,1000.0,0.0,1000.0,2024-09-01
CUS_0x46d5_2023_12_01,CUS_0x46d5,2023-12-01,10,10,10000,1000.0,1000.0,0.0,0.0,2024-10-01
CUS_0x4778_2024_04_01,CUS_0x4778,2024-04-01,10,0,10000,0.0,0.0,0.0,10000.0,2024-04-01
CUS_0x4778_2024_04_01,CUS_0x4778,2024-04-01,10,1,10000,1000.0,0.0,1000.0,10000.0,2024-05-01
CUS_0x4778_2024_04_01,CUS_0x4778,2024-04-01,10,2,10000,1000.0,2000.0,0.0,8000.0,2024-06-01
CUS_0x4778_2024_04_01,CUS_0x4778,2024-04-01,10,3,10000,1000.0,0.0,1000.0,8000.0,2024-07-01
CUS_0x4778_2024_04_01,CUS_0x4778,2024-04-01,10,4,10000,1000.0,0.0,2000.0,8000.0,2024-08-01
CUS_0x4778_2024_04_01,CUS_0x4778,2024-04-01,10,5,10000,1000.0,0.0,3000.0,8000.0,2024-09-01
CUS_0x4778_2024_04_01,CUS_0x4778,2024-04-01,10,6,10000,1000.0,0.0,4000.0,8000.0,2024-10-01
CUS_0x4778_2024_04_01,CUS_0x4778,2024-04-01,10,7,10000,1000.0,0.0,5000.0,8000.0,2024-11-01
CUS_0x4778_2024_04_01,CUS_0x4778,2024-04-01,10,8,10000,1000.0,0.0,6000.0,8000.0,2024-12-01
CUS_0x4778_2024_04_01,CUS_0x4778,2024-04-01,10,9,10000,1000.0,0.0,7000.0,8000.0,2025-01-01
CUS_0x4778_2024_04_01,CUS_0x4778,2024-04-01,10,10,10000,1000.0,0.0,8000.0,8000.0,2025-02-01
CUS_0x47ed_2023_09_01,CUS_0x47ed,2023-09-01,10,0,10000,0.0,0.0,0.0,10000.0,2023-09-01
CUS_0x47ed_2023_09_01,CUS_0x47ed,2023-09-01,10,1,10000,1000.0,1000.0,0.0,9000.0,2023-10-01
CUS_0x47ed_2023_09_01,CUS_0x47ed,2023-09-01,10,2,10000,1000.0,1000.0,0.0,8000.0,2023-11-01
CUS_0x47ed_2023_09_01,CUS_0x47ed,2023-09-01,10,3,10000,1000.0,1000.0,0.0,7000.0,2023-12-01
CUS_0x47ed_2023_09_01,CUS_0x47ed,2023-09-01,10,4,10000,1000.0,1000.0,0.0,6000.0,2024-01-01
CUS_0x47ed_2023_09_01,CUS_0x47ed,2023-09-01,10,5,10000,1000.0,1000.0,0.0,5000.0,2024-02-01
CUS_0x47ed_2023_09_01,CUS_0x47ed,2023-09-01,10,6,10000,1000.0,1000.0,0.0,4000.0,2024-03-01
CUS_0x47ed_2023_09_01,CUS_0x47ed,2023-09-01,10,7,10000,1000.0,1000.0,0.0,3000.0,2024-04-01
CUS_0x47ed_2023_09_01,CUS_0x47ed,2023-09-01,10,8,10000,1000.0,1000.0,0.0,2000.0,2024-05-01
CUS_0x47ed_2023_09_01,CUS_0x47ed,2023-09-01,10,9,10000,1000.0,1000.0,0.0,1000.0,2024-06-01
CUS_0x47ed_2023_09_01,CUS_0x47ed,2023-09-01,10,10,10000,1000.0,1000.0,0.0,0.0,2024-07-01
CUS_0x47f9_2024_08_01,CUS_0x47f9,2024-08-01,10,0,10000,0.0,0.0,0.0,10000.0,2024-08-01
CUS_0x47f9_2024_08_01,CUS_0x47f9,2024-08-01,10,1,10000,1000.0,1000.0,0.0,9000.0,2024-09-01
CUS_0x47f9_2024_08_01,CUS_0x47f9,2024-08-01,10,2,10000,1000.0,1000.0,0.0,8000.0,2024-10-01
CUS_0x47f9_2024_08_01,CUS_0x47f9,2024-08-01,10,3,10000,1000.0,1000.0,0.0,7000.0,2024-11-01
CUS_0x47f9_2024_08_01,CUS_0x47f9,2024-08-01,10,4,10000,1000.0,1000.0,0.0,6000.0,2024-12-01
CUS_0x47f9_2024_08_01,CUS_0x47f9,2024-08-01,10,5,10000,1000.0,1000.0,0.0,5000.0,2025-01-01
CUS_0x47f9_2024_08_01,CUS_0x47f9,2024-08-01,10,6,10000,1000.0,1000.0,0.0,4000.0,2025-02-01
CUS_0x47f9_2024_08_01,CUS_0x47f9,2024-08-01,10,7,10000,1000.0,1000.0,0.0,3000.0,2025-03-01
CUS_0x47f9_2024_08_01,CUS_0x47f9,2024-08-01,10,8,10000,1000.0,1000.0,0.0,2000.0,2025-04-01
CUS_0x47f9_2024_08_01,CUS_0x47f9,2024-08-01,10,9,10000,1000.0,1000.0,0.0,1000.0,2025-05-01
CUS_0x47f9_2024_08_01,CUS_0x47f9,2024-08-01,10,10,10000,1000.0,1000.0,0.0,0.0,2025-06-01
CUS_0x481d_2023_04_01,CUS_0x481d,2023-04-01,10,0,10000,0.0,0.0,0.0,10000.0,2023-04-01
CUS_0x481d_2023_04_01,CUS_0x481d,2023-04-01,10,1,10000,1000.0,1000.0,0.0,9000.0,2023-05-01
CUS_0x481d_2023_04_01,CUS_0x481d,2023-04-01,10,2,10000,1000.0,1000.0,0.0,8000.0,2023-06-01
CUS_0x481d_2023_04_01,CUS_0x481d,2023-04-01,10,3,10000,1000.0,1000.0,0.0,7000.0,2023-07-01
CUS_0x481d_2023_04_01,CUS_0x481d,2023-04-01,10,4,10000,1000.0,1000.0,0.0,6000.0,2023-08-01
CUS_0x481d_2023_04_01,CUS_0x481d,2023-04-01,10,5,10000,1000.0,1000.0,0.0,5000.0,2023-09-01
CUS_0x481d_2023_04_01,CUS_0x481d,2023-04-01,10,6,10000,1000.0,1000.0,0.0,4000.0,2023-10-01
CUS_0x481d_2023_04_01,CUS_0x481d,2023-04-01,10,7,10000,1000.0,1000.0,0.0,3000.0,2023-11-01
CUS_0x481d_2023_04_01,CUS_0x481d,2023-04-01,10,8,10000,1000.0,1000.0,0.0,2000.0,2023-12-01
CUS_0x481d_2023_04_01,CUS_0x481d,2023-04-01,10,9,10000,1000.0,1000.0,0.0,1000.0,2024-01-01
CUS_0x481d_2023_04_01,CUS_0x481d,2023-04-01,10,10,10000,1000.0,1000.0,0.0,0.0,2024-02-01
CUS_0x4863_2024_07_01,CUS_0x4863,2024-07-01,10,0,10000,0.0,0.0,0.0,10000.0,2024-07-01
CUS_0x4863_2024_07_01,CUS_0x4863,2024-07-01,10,1,10000,1000.0,1000.0,0.0,9000.0,2024-08-01
CUS_0x4863_2024_07_01,CUS_0x4863,2024-07-01,10,2,10000,1000.0,1000.0,0.0,8000.0,2024-09-01
CUS_0x4863_2024_07_01,CUS_0x4863,2024-07-01,10,3,10000,1000.0,1000.0,0.0,7000.0,2024-10-01
CUS_0x4863_2024_07_01,CUS_0x4863,2024-07-01,10,4,10000,1000.0,1000.0,0.0,6000.0,2024-11-01
CUS_0x4863_2024_07_01,CUS_0x4863,2024-07-01,10,5,10000,1000.0,1000.0,0.0,5000.0,2024-12-01
CUS_0x4863_2024_07_01,CUS_0x4863,2024-07-01,10,6,10000,1000.0,1000.0,0.0,4000.0,2025-01-01
CUS_0x4863_2024_07_01,CUS_0x4863,2024-07-01,10,7,10000,1000.0,1000.0,0.0,3000.0,2025-02-01
CUS_0x4863_2024_07_01,CUS_0x4863,2024-07-01,10,8,10000,1000.0,1000.0,0.0,2000.0,2025-03-01
CUS_0x4863_2024_07_01,CUS_0x4863,2024-07-01,10,9,10000,1000.0,1000.0,0.0,1000.0,2025-04-01
CUS_0x4863_2024_07_01,CUS_0x4863,2024-07-01,10,10,10000,1000.0,1000.0,0.0,0.0,2025-05-01
CUS_0x4866_2024_06_01,CUS_0x4866,2024-06-01,10,0,10000,0.0,0.0,0.0,10000.0,2024-06-01
CUS_0x4866_2024_06_01,CUS_0x4866,2024-06-01,10,1,10000,1000.0,1000.0,0.0,9000.0,2024-07-01
CUS_0x4866_2024_06_01,CUS_0x4866,2024-06-01,10,2,10000,1000.0,1000.0,0.0,8000.0,2024-08-01
CUS_0x4866_2024_06_01,CUS_0x4866,2024-06-01,10,3,10000,1000.0,1000.0,0.0,7000.0,2024-09-01
CUS_0x4866_2024_06_01,CUS_0x4866,2024-06-01,10,4,10000,1000.0,1000.0,0.0,6000.0,2024-10-01
CUS_0x4866_2024_06_01,CUS_0x4866,2024-06-01,10,5,10000,1000.0,1000.0,0.0,5000.0,2024-11-01
CUS_0x4866_2024_06_01,CUS_0x4866,2024-06-01,10,6,10000,1000.0,1000.0,0.0,4000.0,2024-12-01
CUS_0x4866_2024_06_01,CUS_0x4866,2024-06-01,10,7,10000,1000.0,1000.0,0.0,3000.0,2025-01-01
CUS_0x4866_2024_06_01,CUS_0x4866,2024-06-01,10,8,10000,1000.0,1000.0,0.0,2000.0,2025-02-01
CUS_0x4866_2024_06_01,CUS_0x4866,2024-06-01,10,9,10000,1000.0,1000.0,0.0,1000.0,2025-03-01
CUS_0x4866_2024_06_01,CUS_0x4866,2024-06-01,10,10,10000,1000.0,1000.0,0.0,0.0,2025-04-01
CUS_0x487a_2024_03_01,CUS_0x487a,2024-03-01,10,0,10000,0.0,0.0,0.0,10000.0,2024-03-01
CUS_0x487a_2024_03_01,CUS_0x487a,2024-03-01,10,1,10000,1000.0,1000.0,0.0,9000.0,2024-04-01
CUS_0x487a_2024_03_01,CUS_0x487a,2024-03-01,10,2,10000,1000.0,0.0,1000.0,9000.0,2024-05-01
CUS_0x487a_2024_03_01,CUS_0x487a,2024-03-01,10,3,10000,1000.0,0.0,2000.0,9000.0,2024-06-01
CUS_0x487a_2024_03_01,CUS_0x487a,2024-03-01,10,4,10000,1000.0,0.0,3000.0,9000.0,2024-07-01
CUS_0x487a_2024_03_01,CUS_0x487a,2024-03-01,10,5,10000,1000.0,0.0,4000.0,9000.0,2024-08-01
CUS_0x487a_2024_03_01,CUS_0x487a,2024-03-01,10,6,10000,1000.0,0.0,5000.0,9000.0,2024-09-01
CUS_0x487a_2024_03_01,CUS_0x487a,2024-03-01,10,7,10000,1000.0,0.0,6000.0,9000.0,2024-10-01
CUS_0x487a_2024_03_01,CUS_0x487a,2024-03-01,10,8,10000,1000.0,0.0,7000.0,9000.0,2024-11-01
CUS_0x487a_2024_03_01,CUS_0x487a,2024-03-01,10,9,10000,1000.0,0.0,8000.0,9000.0,2024-12-01
CUS_0x487a_2024_03_01,CUS_0x487a,2024-03-01,10,10,10000,1000.0,0.0,9000.0,9000.0,2025-01-01
CUS_0x488b_2024_10_01,CUS_0x488b,2024-10-01,10,0,10000,0.0,0.0,0.0,10000.0,2024-10-01
CUS_0x488b_2024_10_01,CUS_0x488b,2024-10-01,10,1,10000,1000.0,1000.0,0.0,9000.0,2024-11-01
CUS_0x488b_2024_10_01,CUS_0x488b,2024-10-01,10,2,10000,1000.0,1000.0,0.0,8000.0,2024-12-01
CUS_0x488b_2024_10_01,CUS_0x488b,2024-10-01,10,3,10000,1000.0,0.0,1000.0,8000.0,2025-01-01
CUS_0x488b_2024_10_01,CUS_0x488b,2024-10-01,10,4,10000,1000.0,0.0,2000.0,8000.0,2025-02-01
CUS_0x488b_2024_10_01,CUS_0x488b,2024-10-01,10,5,10000,1000.0,0.0,3000.0,8000.0,2025-03-01
CUS_0x488b_2024_10_01,CUS_0x488b,2024-10-01,10,6,10000,1000.0,0.0,4000.0,8000.0,2025-04-01
CUS_0x488b_2024_10_01,CUS_0x488b,2024-10-01,10,7,10000,1000.0,0.0,5000.0,8000.0,2025-05-01
CUS_0x488b_2024_10_01,CUS_0x488b,2024-10-01,10,8,10000,1000.0,0.0,6000.0,8000.0,2025-06-01
CUS_0x488b_2024_10_01,CUS_0x488b,2024-10-01,10,9,10000,1000.0,0.0,7000.0,8000.0,2025-07-01
CUS_0x488b_2024_10_01,CUS_0x488b,2024-10-01,10,10,10000,1000.0,0.0,8000.0,8000.0,2025-08-01
CUS_0x489d_2024_11_01,CUS_0x489d,2024-11-01,10,0,10000,0.0,0.0,0.0,10000.0,2024-11-01
CUS_0x489d_2024_11_01,CUS_0x489d,2024-11-01,10,1,10000,1000.0,1000.0,0.0,9000.0,2024-12-01
CUS_0x489d_2024_11_01,CUS_0x489d,2024-11-01,10,2,10000,1000.0,1000.0,0.0,8000.0,2025-01-01
CUS_0x489d_2024_11_01,CUS_0x489d,2024-11-01,10,3,10000,1000.0,1000.0,0.0,7000.0,2025-02-01
CUS_0x489d_2024_11_01,CUS_0x489d,2024-11-01,10,4,10000,1000.0,1000.0,0.0,6000.0,2025-03-01
CUS_0x489d_2024_11_01,CUS_0x489d,2024-11-01,10,5,10000,1000.0,1000.0,0.0,5000.0,2025-04-01
CUS_0x489d_2024_11_01,CUS_0x489d,2024-11-01,10,6,10000,1000.0,1000.0,0.0,4000.0,2025-05-01
CUS_0x489d_2024_11_01,CUS_0x489d,2024-11-01,10,7,10000,1000.0,1000.0,0.0,3000.0,2025-06-01
CUS_0x489d_2024_11_01,CUS_0x489d,2024-11-01,10,8,10000,1000.0,1000.0,0.0,2000.0,2025-07-01
CUS_0x489d_2024_11_01,CUS_0x489d,2024-11-01,10,9,10000,1000.0,1000.0,0.0,1000.0,2025-08-01
CUS_0x489d_2024_11_01,CUS_0x489d,2024-11-01,10,10,10000,1000.0,1000.0,0.0,0.0,2025-09-01
CUS_0x48b7_2023_03_01,CUS_0x48b7,2023-03-01,10,0,10000,0.0,0.0,0.0,10000.0,2023-03-01
CUS_0x48b7_2023_03_01,CUS_0x48b7,2023-03-01,10,1,10000,1000.0,0.0,1000.0,10000.0,2023-04-01
CUS_0x48b7_2023_03_01,CUS_0x48b7,2023-03-01,10,2,10000,1000.0,2000.0,0.0,8000.0,2023-05-01
CUS_0x48b7_2023_03_01,CUS_0x48b7,2023-03-01,10,3,10000,1000.0,1000.0,0.0,7000.0,2023-06-01
CUS_0x48b7_2023_03_01,CUS_0x48b7,2023-03-01,10,4,10000,1000.0,0.0,1000.0,7000.0,2023-07-01
CUS_0x48b7_2023_03_01,CUS_0x48b7,2023-03-01,10,5,10000,1000.0,0.0,2000.0,7000.0,2023-08-01
CUS_0x48b7_2023_03_01,CUS_0x48b7,2023-03-01,10,6,10000,1000.0,0.0,3000.0,7000.0,2023-09-01
CUS_0x48b7_2023_03_01,CUS_0x48b7,2023-03-01,10,7,10000,1000.0,0.0,4000.0,7000.0,2023-10-01
CUS_0x48b7_2023_03_01,CUS_0x48b7,2023-03-01,10,8,10000,1000.0,0.0,5000.0,7000.0,2023-11-01
CUS_0x48b7_2023_03_01,CUS_0x48b7,2023-03-01,10,9,10000,1000.0,0.0,6000.0,7000.0,2023-12-01
CUS_0x48b7_2023_03_01,CUS_0x48b7,2023-03-01,10,10,10000,1000.0,0.0,7000.0,7000.0,2024-01-01
CUS_0x48ee_2024_03_01,CUS_0x48ee,2024-03-01,10,0,10000,0.0,0.0,0.0,10000.0,2024-03-01
CUS_0x48ee_2024_03_01,CUS_0x48ee,2024-03-01,10,1,10000,1000.0,1000.0,0.0,9000.0,2024-04-01
CUS_0x48ee_2024_03_01,CUS_0x48ee,2024-03-01,10,2,10000,1000.0,1000.0,0.0,8000.0,2024-05-01
CUS_0x48ee_2024_03_01,CUS_0x48ee,2024-03-01,10,3,10000,1000.0,1000.0,0.0,7000.0,2024-06-01
CUS_0x48ee_2024_03_01,CUS_0x48ee,2024-03-01,10,4,10000,1000.0,1000.0,0.0,6000.0,2024-07-01
CUS_0x48ee_2024_03_01,CUS_0x48ee,2024-03-01,10,5,10000,1000.0,1000.0,0.0,5000.0,2024-08-01
CUS_0x48ee_2024_03_01,CUS_0x48ee,2024-03-01,10,6,10000,1000.0,1000.0,0.0,4000.0,2024-09-01
CUS_0x48ee_2024_03_01,CUS_0x48ee,2024-03-01,10,7,10000,1000.0,1000.0,0.0,3000.0,2024-10-01
CUS_0x48ee_2024_03_01,CUS_0x48ee,2024-03-01,10,8,10000,1000.0,1000.0,0.0,2000.0,2024-11-01
CUS_0x48ee_2024_03_01,CUS_0x48ee,2024-03-01,10,9,10000,1000.0,1000.0,0.0,1000.0,2024-12-01
CUS_0x48ee_2024_03_01,CUS_0x48ee,2024-03-01,10,10,10000,1000.0,1000.0,0.0,0.0,2025-01-01
CUS_0x4939_2023_01_01,CUS_0x4939,2023-01-01,10,0,10000,0.0,0.0,0.0,10000.0,2023-01-01
CUS_0x4939_2023_01_01,CUS_0x4939,2023-01-01,10,1,10000,1000.0,0.0,1000.0,10000.0,2023-02-01
CUS_0x4939_2023_01_01,CUS_0x4939,2023-01-01,10,2,10000,1000.0,0.0,2000.0,10000.0,2023-03-01
CUS_0x4939_2023_01_01,CUS_0x4939,2023-01-01,10,3,10000,1000.0,0.0,3000.0,10000.0,2023-04-01
CUS_0x4939_2023_01_01,CUS_0x4939,2023-01-01,10,4,10000,1000.0,0.0,4000.0,10000.0,2023-05-01
CUS_0x4939_2023_01_01,CUS_0x4939,2023-01-01,10,5,10000,1000.0,0.0,5000.0,10000.0,2023-06-01
CUS_0x4939_2023_01_01,CUS_0x4939,2023-01-01,10,6,10000,1000.0,0.0,6000.0,10000.0,2023-07-01
CUS_0x4939_2023_01_01,CUS_0x4939,2023-01-01,10,7,10000,1000.0,0.0,7000.0,10000.0,2023-08-01
CUS_0x4939_2023_01_01,CUS_0x4939,2023-01-01,10,8,10000,1000.0,0.0,8000.0,10000.0,2023-09-01
CUS_0x4939_2023_01_01,CUS_0x4939,2023-01-01,10,9,10000,1000.0,0.0,9000.0,10000.0,2023-10-01
CUS_0x4939_2023_01_01,CUS_0x4939,2023-01-01,10,10,10000,1000.0,0.0,10000.0,10000.0,2023-11-01
CUS_0x494c_2024_09_01,CUS_0x494c,2024-09-01,10,0,10000,0.0,0.0,0.0,10000.0,2024-09-01
CUS_0x494c_2024_09_01,CUS_0x494c,2024-09-01,10,1,10000,1000.0,1000.0,0.0,9000.0,2024-10-01
CUS_0x494c_2024_09_01,CUS_0x494c,2024-09-01,10,2,10000,1000.0,1000.0,0.0,8000.0,2024-11-01
CUS_0x494c_2024_09_01,CUS_0x494c,2024-09-01,10,3,10000,1000.0,0.0,1000.0,8000.0,2024-12-01
CUS_0x494c_2024_09_01,CUS_0x494c,2024-09-01,10,4,10000,1000.0,2000.0,0.0,6000.0,2025-01-01
CUS_0x494c_2024_09_01,CUS_0x494c,2024-09-01,10,5,10000,1000.0,0.0,1000.0,6000.0,2025-02-01
CUS_0x494c_2024_09_01,CUS_0x494c,2024-09-01,10,6,10000,1000.0,0.0,2000.0,6000.0,2025-03-01
CUS_0x494c_2024_09_01,CUS_0x494c,2024-09-01,10,7,10000,1000.0,0.0,3000.0,6000.0,2025-04-01
CUS_0x494c_2024_09_01,CUS_0x494c,2024-09-01,10,8,10000,1000.0,0.0,4000.0,6000.0,2025-05-01
CUS_0x494c_2024_09_01,CUS_0x494c,2024-09-01,10,9,10000,1000.0,0.0,5000.0,6000.0,2025-06-01
CUS_0x494c_2024_09_01,CUS_0x494c,2024-09-01,10,10,10000,1000.0,0.0,6000.0,6000.0,2025-07-01
CUS_0x496e_2023_12_01,CUS_0x496e,2023-12-01,10,0,10000,0.0,0.0,0.0,10000.0,2023-12-01
CUS_0x496e_2023_12_01,CUS_0x496e,2023-12-01,10,1,10000,1000.0,1000.0,0.0,9000.0,2024-01-01
CUS_0x496e_2023_12_01,CUS_0x496e,2023-12-01,10,2,10000,1000.0,1000.0,0.0,8000.0,2024-02-01
CUS_0x496e_2023_12_01,CUS_0x496e,2023-12-01,10,3,10000,1000.0,1000.0,0.0,7000.0,2024-03-01
CUS_0x496e_2023_12_01,CUS_0x496e,2023-12-01,10,4,10000,1000.0,1000.0,0.0,6000.0,2024-04-01
CUS_0x496e_2023_12_01,CUS_0x496e,2023-12-01,10,5,10000,1000.0,1000.0,0.0,5000.0,2024-05-01
CUS_0x496e_2023_12_01,CUS_0x496e,2023-12-01,10,6,10000,1000.0,1000.0,0.0,4000.0,2024-06-01
CUS_0x496e_2023_12_01,CUS_0x496e,2023-12-01,10,7,10000,1000.0,1000.0,0.0,3000.0,2024-07-01
CUS_0x496e_2023_12_01,CUS_0x496e,2023-12-01,10,8,10000,1000.0,1000.0,0.0,2000.0,2024-08-01
CUS_0x496e_2023_12_01,CUS_0x496e,2023-12-01,10,9,10000,1000.0,1000.0,0.0,1000.0,2024-09-01
CUS_0x496e_2023_12_01,CUS_0x496e,2023-12-01,10,10,10000,1000.0,1000.0,0.0,0.0,2024-10-01
CUS_0x49b5_2023_07_01,CUS_0x49b5,2023-07-01,10,0,10000,0.0,0.0,0.0,10000.0,2023-07-01
CUS_0x49b5_2023_07_01,CUS_0x49b5,2023-07-01,10,1,10000,1000.0,1000.0,0.0,9000.0,2023-08-01
CUS_0x49b5_2023_07_01,CUS_0x49b5,2023-07-01,10,2,10000,1000.0,1000.0,0.0,8000.0,2023-09-01
CUS_0x49b5_2023_07_01,CUS_0x49b5,2023-07-01,10,3,10000,1000.0,1000.0,0.0,7000.0,2023-10-01
CUS_0x49b5_2023_07_01,CUS_0x49b5,2023-07-01,10,4,10000,1000.0,1000.0,0.0,6000.0,2023-11-01
CUS_0x49b5_2023_07_01,CUS_0x49b5,2023-07-01,10,5,10000,1000.0,1000.0,0.0,5000.0,2023-12-01
CUS_0x49b5_2023_07_01,CUS_0x49b5,2023-07-01,10,6,10000,1000.0,1000.0,0.0,4000.0,2024-01-01
CUS_0x49b5_2023_07_01,CUS_0x49b5,2023-07-01,10,7,10000,1000.0,1000.0,0.0,3000.0,2024-02-01
CUS_0x49b5_2023_07_01,CUS_0x49b5,2023-07-01,10,8,10000,1000.0,1000.0,0.0,2000.0,2024-03-01
CUS_0x49b5_2023_07_01,CUS_0x49b5,2023-07-01,10,9,10000,1000.0,1000.0,0.0,1000.0,2024-04-01
CUS_0x49b5_2023_07_01,CUS_0x49b5,2023-07-01,10,10,10000,1000.0,1000.0,0.0,0.0,2024-05-01
CUS_0x4a3c_2024_10_01,CUS_0x4a3c,2024-10-01,10,0,10000,0.0,0.0,0.0,10000.0,2024-10-01
CUS_0x4a3c_2024_10_01,CUS_0x4a3c,2024-10-01,10,1,10000,1000.0,1000.0,0.0,9000.0,2024-11-01
CUS_0x4a3c_2024_10_01,CUS_0x4a3c,2024-10-01,10,2,10000,1000.0,1000.0,0.0,8000.0,2024-12-01
CUS_0x4a3c_2024_10_01,CUS_0x4a3c,2024-10-01,10,3,10000,1000.0,1000.0,0.0,7000.0,2025-01-01
CUS_0x4a3c_2024_10_01,CUS_0x4a3c,2024-10-01,10,4,10000,1000.0,1000.0,0.0,6000.0,2025-02-01
CUS_0x4a3c_2024_10_01,CUS_0x4a3c,2024-10-01,10,5,10000,1000.0,1000.0,0.0,5000.0,2025-03-01
CUS_0x4a3c_2024_10_01,CUS_0x4a3c,2024-10-01,10,6,10000,1000.0,1000.0,0.0,4000.0,2025-04-01
CUS_0x4a3c_2024_10_01,CUS_0x4a3c,2024-10-01,10,7,10000,1000.0,1000.0,0.0,3000.0,2025-05-01
CUS_0x4a3c_2024_10_01,CUS_0x4a3c,2024-10-01,10,8,10000,1000.0,1000.0,0.0,2000.0,2025-06-01
CUS_0x4a3c_2024_10_01,CUS_0x4a3c,2024-10-01,10,9,10000,1000.0,1000.0,0.0,1000.0,2025-07-01
CUS_0x4a3c_2024_10_01,CUS_0x4a3c,2024-10-01,10,10,10000,1000.0,1000.0,0.0,0.0,2025-08-01
CUS_0x4a78_2024_09_01,CUS_0x4a78,2024-09-01,10,0,10000,0.0,0.0,0.0,10000.0,2024-09-01
CUS_0x4a78_2024_09_01,CUS_0x4a78,2024-09-01,10,1,10000,1000.0,1000.0,0.0,9000.0,2024-10-01
CUS_0x4a78_2024_09_01,CUS_0x4a78,2024-09-01,10,2,10000,1000.0,1000.0,0.0,8000.0,2024-11-01
CUS_0x4a78_2024_09_01,CUS_0x4a78,2024-09-01,10,3,10000,1000.0,0.0,1000.0,8000.0,2024-12-01
CUS_0x4a78_2024_09_01,CUS_0x4a78,2024-09-01,10,4,10000,1000.0,0.0,2000.0,8000.0,2025-01-01
CUS_0x4a78_2024_09_01,CUS_0x4a78,2024-09-01,10,5,10000,1000.0,0.0,3000.0,8000.0,2025-02-01
CUS_0x4a78_2024_09_01,CUS_0x4a78,2024-09-01,10,6,10000,1000.0,0.0,4000.0,8000.0,2025-03-01
CUS_0x4a78_2024_09_01,CUS_0x4a78,2024-09-01,10,7,10000,1000.0,0.0,5000.0,8000.0,2025-04-01
CUS_0x4a78_2024_09_01,CUS_0x4a78,2024-09-01,10,8,10000,1000.0,0.0,6000.0,8000.0,2025-05-01
CUS_0x4a78_2024_09_01,CUS_0x4a78,2024-09-01,10,9,10000,1000.0,0.0,7000.0,8000.0,2025-06-01
CUS_0x4a78_2024_09_01,CUS_0x4a78,2024-09-01,10,10,10000,1000.0,0.0,8000.0,8000.0,2025-07-01
CUS_0x4a82_2024_07_01,CUS_0x4a82,2024-07-01,10,0,10000,0.0,0.0,0.0,10000.0,2024-07-01
CUS_0x4a82_2024_07_01,CUS_0x4a82,2024-07-01,10,1,10000,1000.0,1000.0,0.0,9000.0,2024-08-01
CUS_0x4a82_2024_07_01,CUS_0x4a82,2024-07-01,10,2,10000,1000.0,1000.0,0.0,8000.0,2024-09-01
CUS_0x4a82_2024_07_01,CUS_0x4a82,2024-07-01,10,3,10000,1000.0,1000.0,0.0,7000.0,2024-10-01
CUS_0x4a82_2024_07_01,CUS_0x4a82,2024-07-01,10,4,10000,1000.0,1000.0,0.0,6000.0,2024-11-01
CUS_0x4a82_2024_07_01,CUS_0x4a82,2024-07-01,10,5,10000,1000.0,1000.0,0.0,5000.0,2024-12-01
CUS_0x4a82_2024_07_01,CUS_0x4a82,2024-07-01,10,6,10000,1000.0,1000.0,0.0,4000.0,2025-01-01
CUS_0x4a82_2024_07_01,CUS_0x4a82,2024-07-01,10,7,10000,1000.0,1000.0,0.0,3000.0,2025-02-01
CUS_0x4a82_2024_07_01,CUS_0x4a82,2024-07-01,10,8,10000,1000.0,1000.0,0.0,2000.0,2025-03-01
CUS_0x4a82_2024_07_01,CUS_0x4a82,2024-07-01,10,9,10000,1000.0,1000.0,0.0,1000.0,2025-04-01
CUS_0x4a82_2024_07_01,CUS_0x4a82,2024-07-01,10,10,10000,1000.0,1000.0,0.0,0.0,2025-05-01
CUS_0x4b5d_2023_08_01,CUS_0x4b5d,2023-08-01,10,0,10000,0.0,0.0,0.0,10000.0,2023-08-01
CUS_0x4b5d_2023_08_01,CUS_0x4b5d,2023-08-01,10,1,10000,1000.0,1000.0,0.0,9000.0,2023-09-01
CUS_0x4b5d_2023_08_01,CUS_0x4b5d,2023-08-01,10,2,10000,1000.0,1000.0,0.0,8000.0,2023-10-01
CUS_0x4b5d_2023_08_01,CUS_0x4b5d,2023-08-01,10,3,10000,1000.0,1000.0,0.0,7000.0,2023-11-01
CUS_0x4b5d_2023_08_01,CUS_0x4b5d,2023-08-01,10,4,10000,1000.0,1000.0,0.0,6000.0,2023-12-01
CUS_0x4b5d_2023_08_01,CUS_0x4b5d,2023-08-01,10,5,10000,1000.0,1000.0,0.0,5000.0,2024-01-01
CUS_0x4b5d_2023_08_01,CUS_0x4b5d,2023-08-01,10,6,10000,1000.0,1000.0,0.0,4000.0,2024-02-01
CUS_0x4b5d_2023_08_01,CUS_0x4b5d,2023-08-01,10,7,10000,1000.0,1000.0,0.0,3000.0,2024-03-01
CUS_0x4b5d_2023_08_01,CUS_0x4b5d,2023-08-01,10,8,10000,1000.0,1000.0,0.0,2000.0,2024-04-01
CUS_0x4b5d_2023_08_01,CUS_0x4b5d,2023-08-01,10,9,10000,1000.0,1000.0,0.0,1000.0,2024-05-01
CUS_0x4b5d_2023_08_01,CUS_0x4b5d,2023-08-01,10,10,10000,1000.0,1000.0,0.0,0.0,2024-06-01
CUS_0x4b6b_2023_10_01,CUS_0x4b6b,2023-10-01,10,0,10000,0.0,0.0,0.0,10000.0,2023-10-01
CUS_0x4b6b_2023_10_01,CUS_0x4b6b,2023-10-01,10,1,10000,1000.0,1000.0,0.0,9000.0,2023-11-01
CUS_0x4b6b_2023_10_01,CUS_0x4b6b,2023-10-01,10,2,10000,1000.0,1000.0,0.0,8000.0,2023-12-01
CUS_0x4b6b_2023_10_01,CUS_0x4b6b,2023-10-01,10,3,10000,1000.0,1000.0,0.0,7000.0,2024-01-01
CUS_0x4b6b_2023_10_01,CUS_0x4b6b,2023-10-01,10,4,10000,1000.0,1000.0,0.0,6000.0,2024-02-01
CUS_0x4b6b_2023_10_01,CUS_0x4b6b,2023-10-01,10,5,10000,1000.0,1000.0,0.0,5000.0,2024-03-01
CUS_0x4b6b_2023_10_01,CUS_0x4b6b,2023-10-01,10,6,10000,1000.0,1000.0,0.0,4000.0,2024-04-01
CUS_0x4b6b_2023_10_01,CUS_0x4b6b,2023-10-01,10,7,10000,1000.0,1000.0,0.0,3000.0,2024-05-01
CUS_0x4b6b_2023_10_01,CUS_0x4b6b,2023-10-01,10,8,10000,1000.0,1000.0,0.0,2000.0,2024-06-01
CUS_0x4b6b_2023_10_01,CUS_0x4b6b,2023-10-01,10,9,10000,1000.0,1000.0,0.0,1000.0,2024-07-01
CUS_0x4b6b_2023_10_01,CUS_0x4b6b,2023-10-01,10,10,10000,1000.0,1000.0,0.0,0.0,2024-08-01
CUS_0x4bd_2024_05_01,CUS_0x4bd,2024-05-01,10,0,10000,0.0,0.0,0.0,10000.0,2024-05-01
CUS_0x4bd_2024_05_01,CUS_0x4bd,2024-05-01,10,1,10000,1000.0,1000.0,0.0,9000.0,2024-06-01
CUS_0x4bd_2024_05_01,CUS_0x4bd,2024-05-01,10,2,10000,1000.0,1000.0,0.0,8000.0,2024-07-01
CUS_0x4bd_2024_05_01,CUS_0x4bd,2024-05-01,10,3,10000,1000.0,1000.0,0.0,7000.0,2024-08-01
CUS_0x4bd_2024_05_01,CUS_0x4bd,2024-05-01,10,4,10000,1000.0,1000.0,0.0,6000.0,2024-09-01
CUS_0x4bd_2024_05_01,CUS_0x4bd,2024-05-01,10,5,10000,1000.0,1000.0,0.0,5000.0,2024-10-01
CUS_0x4bd_2024_05_01,CUS_0x4bd,2024-05-01,10,6,10000,1000.0,1000.0,0.0,4000.0,2024-11-01
CUS_0x4bd_2024_05_01,CUS_0x4bd,2024-05-01,10,7,10000,1000.0,1000.0,0.0,3000.0,2024-12-01
CUS_0x4bd_2024_05_01,CUS_0x4bd,2024-05-01,10,8,10000,1000.0,1000.0,0.0,2000.0,2025-01-01
CUS_0x4bd_2024_05_01,CUS_0x4bd,2024-05-01,10,9,10000,1000.0,1000.0,0.0,1000.0,2025-02-01
CUS_0x4bd_2024_05_01,CUS_0x4bd,2024-05-01,10,10,10000,1000.0,1000.0,0.0,0.0,2025-03-01
CUS_0x4bfb_2023_12_01,CUS_0x4bfb,2023-12-01,10,0,10000,0.0,0.0,0.0,10000.0,2023-12-01
CUS_0x4bfb_2023_12_01,CUS_0x4bfb,2023-12-01,10,1,10000,1000.0,1000.0,0.0,9000.0,2024-01-01
CUS_0x4bfb_2023_12_01,CUS_0x4bfb,2023-12-01,10,2,10000,1000.0,1000.0,0.0,8000.0,2024-02-01
CUS_0x4bfb_2023_12_01,CUS_0x4bfb,2023-12-01,10,3,10000,1000.0,1000.0,0.0,7000.0,2024-03-01
CUS_0x4bfb_2023_12_01,CUS_0x4bfb,2023-12-01,10,4,10000,1000.0,1000.0,0.0,6000.0,2024-04-01
CUS_0x4bfb_2023_12_01,CUS_0x4bfb,2023-12-01,10,5,10000,1000.0,1000.0,0.0,5000.0,2024-05-01
CUS_0x4bfb_2023_12_01,CUS_0x4bfb,2023-12-01,10,6,10000,1000.0,1000.0,0.0,4000.0,2024-06-01
CUS_0x4bfb_2023_12_01,CUS_0x4bfb,2023-12-01,10,7,10000,1000.0,1000.0,0.0,3000.0,2024-07-01
CUS_0x4bfb_2023_12_01,CUS_0x4bfb,2023-12-01,10,8,10000,1000.0,1000.0,0.0,2000.0,2024-08-01
CUS_0x4bfb_2023_12_01,CUS_0x4bfb,2023-12-01,10,9,10000,1000.0,1000.0,0.0,1000.0,2024-09-01
CUS_0x4bfb_2023_12_01,CUS_0x4bfb,2023-12-01,10,10,10000,1000.0,1000.0,0.0,0.0,2024-10-01
CUS_0x4c13_2024_10_01,CUS_0x4c13,2024-10-01,10,0,10000,0.0,0.0,0.0,10000.0,2024-10-01
CUS_0x4c13_2024_10_01,CUS_0x4c13,2024-10-01,10,1,10000,1000.0,1000.0,0.0,9000.0,2024-11-01
CUS_0x4c13_2024_10_01,CUS_0x4c13,2024-10-01,10,2,10000,1000.0,1000.0,0.0,8000.0,2024-12-01
CUS_0x4c13_2024_10_01,CUS_0x4c13,2024-10-01,10,3,10000,1000.0,1000.0,0.0,7000.0,2025-01-01
CUS_0x4c13_2024_10_01,CUS_0x4c13,2024-10-01,10,4,10000,1000.0,1000.0,0.0,6000.0,2025-02-01
CUS_0x4c13_2024_10_01,CUS_0x4c13,2024-10-01,10,5,10000,1000.0,1000.0,0.0,5000.0,2025-03-01
CUS_0x4c13_2024_10_01,CUS_0x4c13,2024-10-01,10,6,10000,1000.0,1000.0,0.0,4000.0,2025-04-01
CUS_0x4c13_2024_10_01,CUS_0x4c13,2024-10-01,10,7,10000,1000.0,1000.0,0.0,3000.0,2025-05-01
CUS_0x4c13_2024_10_01,CUS_0x4c13,2024-10-01,10,8,10000,1000.0,1000.0,0.0,2000.0,2025-06-01
CUS_0x4c13_2024_10_01,CUS_0x4c13,2024-10-01,10,9,10000,1000.0,1000.0,0.0,1000.0,2025-07-01
CUS_0x4c13_2024_10_01,CUS_0x4c13,2024-10-01,10,10,10000,1000.0,1000.0,0.0,0.0,2025-08-01
CUS_0x4c33_2024_10_01,CUS_0x4c33,2024-10-01,10,0,10000,0.0,0.0,0.0,10000.0,2024-10-01
CUS_0x4c33_2024_10_01,CUS_0x4c33,2024-10-01,10,1,10000,1000.0,1000.0,0.0,9000.0,2024-11-01
CUS_0x4c33_2024_10_01,CUS_0x4c33,2024-10-01,10,2,10000,1000.0,1000.0,0.0,8000.0,2024-12-01
CUS_0x4c33_2024_10_01,CUS_0x4c33,2024-10-01,10,3,10000,1000.0,1000.0,0.0,7000.0,2025-01-01
CUS_0x4c33_2024_10_01,CUS_0x4c33,2024-10-01,10,4,10000,1000.0,1000.0,0.0,6000.0,2025-02-01
CUS_0x4c33_2024_10_01,CUS_0x4c33,2024-10-01,10,5,10000,1000.0,1000.0,0.0,5000.0,2025-03-01
CUS_0x4c33_2024_10_01,CUS_0x4c33,2024-10-01,10,6,10000,1000.0,1000.0,0.0,4000.0,2025-04-01
CUS_0x4c33_2024_10_01,CUS_0x4c33,2024-10-01,10,7,10000,1000.0,1000.0,0.0,3000.0,2025-05-01
CUS_0x4c33_2024_10_01,CUS_0x4c33,2024-10-01,10,8,10000,1000.0,1000.0,0.0,2000.0,2025-06-01
CUS_0x4c33_2024_10_01,CUS_0x4c33,2024-10-01,10,9,10000,1000.0,1000.0,0.0,1000.0,2025-07-01
CUS_0x4c33_2024_10_01,CUS_0x4c33,2024-10-01,10,10,10000,1000.0,1000.0,0.0,0.0,2025-08-01
CUS_0x4c95_2024_10_01,CUS_0x4c95,2024-10-01,10,0,10000,0.0,0.0,0.0,10000.0,2024-10-01
CUS_0x4c95_2024_10_01,CUS_0x4c95,2024-10-01,10,1,10000,1000.0,1000.0,0.0,9000.0,2024-11-01
CUS_0x4c95_2024_10_01,CUS_0x4c95,2024-10-01,10,2,10000,1000.0,1000.0,0.0,8000.0,2024-12-01
CUS_0x4c95_2024_10_01,CUS_0x4c95,2024-10-01,10,3,10000,1000.0,1000.0,0.0,7000.0,2025-01-01
CUS_0x4c95_2024_10_01,CUS_0x4c95,2024-10-01,10,4,10000,1000.0,1000.0,0.0,6000.0,2025-02-01
CUS_0x4c95_2024_10_01,CUS_0x4c95,2024-10-01,10,5,10000,1000.0,1000.0,0.0,5000.0,2025-03-01
CUS_0x4c95_2024_10_01,CUS_0x4c95,2024-10-01,10,6,10000,1000.0,1000.0,0.0,4000.0,2025-04-01
CUS_0x4c95_2024_10_01,CUS_0x4c95,2024-10-01,10,7,10000,1000.0,1000.0,0.0,3000.0,2025-05-01
CUS_0x4c95_2024_10_01,CUS_0x4c95,2024-10-01,10,8,10000,1000.0,1000.0,0.0,2000.0,2025-06-01
CUS_0x4c95_2024_10_01,CUS_0x4c95,2024-10-01,10,9,10000,1000.0,1000.0,0.0,1000.0,2025-07-01
CUS_0x4c95_2024_10_01,CUS_0x4c95,2024-10-01,10,10,10000,1000.0,1000.0,0.0,0.0,2025-08-01
CUS_0x4c9a_2024_04_01,CUS_0x4c9a,2024-04-01,10,0,10000,0.0,0.0,0.0,10000.0,2024-04-01
CUS_0x4c9a_2024_04_01,CUS_0x4c9a,2024-04-01,10,1,10000,1000.0,1000.0,0.0,9000.0,2024-05-01
CUS_0x4c9a_2024_04_01,CUS_0x4c9a,2024-04-01,10,2,10000,1000.0,0.0,1000.0,9000.0,2024-06-01
CUS_0x4c9a_2024_04_01,CUS_0x4c9a,2024-04-01,10,3,10000,1000.0,2000.0,0.0,7000.0,2024-07-01
CUS_0x4c9a_2024_04_01,CUS_0x4c9a,2024-04-01,10,4,10000,1000.0,1000.0,0.0,6000.0,2024-08-01
CUS_0x4c9a_2024_04_01,CUS_0x4c9a,2024-04-01,10,5,10000,1000.0,0.0,1000.0,6000.0,2024-09-01
CUS_0x4c9a_2024_04_01,CUS_0x4c9a,2024-04-01,10,6,10000,1000.0,0.0,2000.0,6000.0,2024-10-01
CUS_0x4c9a_2024_04_01,CUS_0x4c9a,2024-04-01,10,7,10000,1000.0,0.0,3000.0,6000.0,2024-11-01
CUS_0x4c9a_2024_04_01,CUS_0x4c9a,2024-04-01,10,8,10000,1000.0,0.0,4000.0,6000.0,2024-12-01
CUS_0x4c9a_2024_04_01,CUS_0x4c9a,2024-04-01,10,9,10000,1000.0,0.0,5000.0,6000.0,2025-01-01
CUS_0x4c9a_2024_04_01,CUS_0x4c9a,2024-04-01,10,10,10000,1000.0,0.0,6000.0,6000.0,2025-02-01
CUS_0x4cfd_2023_07_01,CUS_0x4cfd,2023-07-01,10,0,10000,0.0,0.0,0.0,10000.0,2023-07-01
CUS_0x4cfd_2023_07_01,CUS_0x4cfd,2023-07-01,10,1,10000,1000.0,1000.0,0.0,9000.0,2023-08-01
CUS_0x4cfd_2023_07_01,CUS_0x4cfd,2023-07-01,10,2,10000,1000.0,1000.0,0.0,8000.0,2023-09-01
CUS_0x4cfd_2023_07_01,CUS_0x4cfd,2023-07-01,10,3,10000,1000.0,1000.0,0.0,7000.0,2023-10-01
CUS_0x4cfd_2023_07_01,CUS_0x4cfd,2023-07-01,10,4,10000,1000.0,1000.0,0.0,6000.0,2023-11-01
CUS_0x4cfd_2023_07_01,CUS_0x4cfd,2023-07-01,10,5,10000,1000.0,1000.0,0.0,5000.0,2023-12-01
CUS_0x4cfd_2023_07_01,CUS_0x4cfd,2023-07-01,10,6,10000,1000.0,1000.0,0.0,4000.0,2024-01-01
CUS_0x4cfd_2023_07_01,CUS_0x4cfd,2023-07-01,10,7,10000,1000.0,1000.0,0.0,3000.0,2024-02-01
CUS_0x4cfd_2023_07_01,CUS_0x4cfd,2023-07-01,10,8,10000,1000.0,1000.0,0.0,2000.0,2024-03-01
CUS_0x4cfd_2023_07_01,CUS_0x4cfd,2023-07-01,10,9,10000,1000.0,1000.0,0.0,1000.0,2024-04-01
CUS_0x4cfd_2023_07_01,CUS_0x4cfd,2023-07-01,10,10,10000,1000.0,1000.0,0.0,0.0,2024-05-01
CUS_0x4d26_2024_05_01,CUS_0x4d26,2024-05-01,10,0,10000,0.0,0.0,0.0,10000.0,2024-05-01
CUS_0x4d26_2024_05_01,CUS_0x4d26,2024-05-01,10,1,10000,1000.0,1000.0,0.0,9000.0,2024-06-01
CUS_0x4d26_2024_05_01,CUS_0x4d26,2024-05-01,10,2,10000,1000.0,1000.0,0.0,8000.0,2024-07-01
CUS_0x4d26_2024_05_01,CUS_0x4d26,2024-05-01,10,3,10000,1000.0,0.0,1000.0,8000.0,2024-08-01
CUS_0x4d26_2024_05_01,CUS_0x4d26,2024-05-01,10,4,10000,1000.0,0.0,2000.0,8000.0,2024-09-01
CUS_0x4d26_2024_05_01,CUS_0x4d26,2024-05-01,10,5,10000,1000.0,0.0,3000.0,8000.0,2024-10-01
CUS_0x4d26_2024_05_01,CUS_0x4d26,2024-05-01,10,6,10000,1000.0,0.0,4000.0,8000.0,2024-11-01
CUS_0x4d26_2024_05_01,CUS_0x4d26,2024-05-01,10,7,10000,1000.0,0.0,5000.0,8000.0,2024-12-01
CUS_0x4d26_2024_05_01,CUS_0x4d26,2024-05-01,10,8,10000,1000.0,0.0,6000.0,8000.0,2025-01-01
CUS_0x4d26_2024_05_01,CUS_0x4d26,2024-05-01,10,9,10000,1000.0,0.0,7000.0,8000.0,2025-02-01
CUS_0x4d26_2024_05_01,CUS_0x4d26,2024-05-01,10,10,10000,1000.0,0.0,8000.0,8000.0,2025-03-01
CUS_0x4d90_2024_06_01,CUS_0x4d90,2024-06-01,10,0,10000,0.0,0.0,0.0,10000.0,2024-06-01
CUS_0x4d90_2024_06_01,CUS_0x4d90,2024-06-01,10,1,10000,1000.0,1000.0,0.0,9000.0,2024-07-01
CUS_0x4d90_2024_06_01,CUS_0x4d90,2024-06-01,10,2,10000,1000.0,1000.0,0.0,8000.0,2024-08-01
CUS_0x4d90_2024_06_01,CUS_0x4d90,2024-06-01,10,3,10000,1000.0,1000.0,0.0,7000.0,2024-09-01
CUS_0x4d90_2024_06_01,CUS_0x4d90,2024-06-01,10,4,10000,1000.0,1000.0,0.0,6000.0,2024-10-01
CUS_0x4d90_2024_06_01,CUS_0x4d90,2024-06-01,10,5,10000,1000.0,1000.0,0.0,5000.0,2024-11-01
CUS_0x4d90_2024_06_01,CUS_0x4d90,2024-06-01,10,6,10000,1000.0,1000.0,0.0,4000.0,2024-12-01
CUS_0x4d90_2024_06_01,CUS_0x4d90,2024-06-01,10,7,10000,1000.0,1000.0,0.0,3000.0,2025-01-01
CUS_0x4d90_2024_06_01,CUS_0x4d90,2024-06-01,10,8,10000,1000.0,1000.0,0.0,2000.0,2025-02-01
CUS_0x4d90_2024_06_01,CUS_0x4d90,2024-06-01,10,9,10000,1000.0,1000.0,0.0,1000.0,2025-03-01
CUS_0x4d90_2024_06_01,CUS_0x4d90,2024-06-01,10,10,10000,1000.0,1000.0,0.0,0.0,2025-04-01
CUS_0x4dbd_2023_10_01,CUS_0x4dbd,2023-10-01,10,0,10000,0.0,0.0,0.0,10000.0,2023-10-01
CUS_0x4dbd_2023_10_01,CUS_0x4dbd,2023-10-01,10,1,10000,1000.0,1000.0,0.0,9000.0,2023-11-01
CUS_0x4dbd_2023_10_01,CUS_0x4dbd,2023-10-01,10,2,10000,1000.0,1000.0,0.0,8000.0,2023-12-01
CUS_0x4dbd_2023_10_01,CUS_0x4dbd,2023-10-01,10,3,10000,1000.0,1000.0,0.0,7000.0,2024-01-01
CUS_0x4dbd_2023_10_01,CUS_0x4dbd,2023-10-01,10,4,10000,1000.0,1000.0,0.0,6000.0,2024-02-01
CUS_0x4dbd_2023_10_01,CUS_0x4dbd,2023-10-01,10,5,10000,1000.0,1000.0,0.0,5000.0,2024-03-01
CUS_0x4dbd_2023_10_01,CUS_0x4dbd,2023-10-01,10,6,10000,1000.0,1000.0,0.0,4000.0,2024-04-01
CUS_0x4dbd_2023_10_01,CUS_0x4dbd,2023-10-01,10,7,10000,1000.0,1000.0,0.0,3000.0,2024-05-01
CUS_0x4dbd_2023_10_01,CUS_0x4dbd,2023-10-01,10,8,10000,1000.0,1000.0,0.0,2000.0,2024-06-01
CUS_0x4dbd_2023_10_01,CUS_0x4dbd,2023-10-01,10,9,10000,1000.0,1000.0,0.0,1000.0,2024-07-01
CUS_0x4dbd_2023_10_01,CUS_0x4dbd,2023-10-01,10,10,10000,1000.0,1000.0,0.0,0.0,2024-08-01
CUS_0x4ddc_2023_01_01,CUS_0x4ddc,2023-01-01,10,0,10000,0.0,0.0,0.0,10000.0,2023-01-01
CUS_0x4ddc_2023_01_01,CUS_0x4ddc,2023-01-01,10,1,10000,1000.0,1000.0,0.0,9000.0,2023-02-01
CUS_0x4ddc_2023_01_01,CUS_0x4ddc,2023-01-01,10,2,10000,1000.0,1000.0,0.0,8000.0,2023-03-01
CUS_0x4ddc_2023_01_01,CUS_0x4ddc,2023-01-01,10,3,10000,1000.0,1000.0,0.0,7000.0,2023-04-01
CUS_0x4ddc_2023_01_01,CUS_0x4ddc,2023-01-01,10,4,10000,1000.0,1000.0,0.0,6000.0,2023-05-01
CUS_0x4ddc_2023_01_01,CUS_0x4ddc,2023-01-01,10,5,10000,1000.0,1000.0,0.0,5000.0,2023-06-01
CUS_0x4ddc_2023_01_01,CUS_0x4ddc,2023-01-01,10,6,10000,1000.0,1000.0,0.0,4000.0,2023-07-01
CUS_0x4ddc_2023_01_01,CUS_0x4ddc,2023-01-01,10,7,10000,1000.0,1000.0,0.0,3000.0,2023-08-01
CUS_0x4ddc_2023_01_01,CUS_0x4ddc,2023-01-01,10,8,10000,1000.0,1000.0,0.0,2000.0,2023-09-01
CUS_0x4ddc_2023_01_01,CUS_0x4ddc,2023-01-01,10,9,10000,1000.0,1000.0,0.0,1000.0,2023-10-01
CUS_0x4ddc_2023_01_01,CUS_0x4ddc,2023-01-01,10,10,10000,1000.0,1000.0,0.0,0.0,2023-11-01
CUS_0x4de9_2023_02_01,CUS_0x4de9,2023-02-01,10,0,10000,0.0,0.0,0.0,10000.0,2023-02-01
CUS_0x4de9_2023_02_01,CUS_0x4de9,2023-02-01,10,1,10000,1000.0,1000.0,0.0,9000.0,2023-03-01
CUS_0x4de9_2023_02_01,CUS_0x4de9,2023-02-01,10,2,10000,1000.0,1000.0,0.0,8000.0,2023-04-01
CUS_0x4de9_2023_02_01,CUS_0x4de9,2023-02-01,10,3,10000,1000.0,1000.0,0.0,7000.0,2023-05-01
CUS_0x4de9_2023_02_01,CUS_0x4de9,2023-02-01,10,4,10000,1000.0,1000.0,0.0,6000.0,2023-06-01
CUS_0x4de9_2023_02_01,CUS_0x4de9,2023-02-01,10,5,10000,1000.0,1000.0,0.0,5000.0,2023-07-01
CUS_0x4de9_2023_02_01,CUS_0x4de9,2023-02-01,10,6,10000,1000.0,1000.0,0.0,4000.0,2023-08-01
CUS_0x4de9_2023_02_01,CUS_0x4de9,2023-02-01,10,7,10000,1000.0,1000.0,0.0,3000.0,2023-09-01
CUS_0x4de9_2023_02_01,CUS_0x4de9,2023-02-01,10,8,10000,1000.0,1000.0,0.0,2000.0,2023-10-01
CUS_0x4de9_2023_02_01,CUS_0x4de9,2023-02-01,10,9,10000,1000.0,1000.0,0.0,1000.0,2023-11-01
CUS_0x4de9_2023_02_01,CUS_0x4de9,2023-02-01,10,10,10000,1000.0,1000.0,0.0,0.0,2023-12-01
CUS_0x4deb_2024_11_01,CUS_0x4deb,2024-11-01,10,0,10000,0.0,0.0,0.0,10000.0,2024-11-01
CUS_0x4deb_2024_11_01,CUS_0x4deb,2024-11-01,10,1,10000,1000.0,0.0,1000.0,10000.0,2024-12-01
CUS_0x4deb_2024_11_01,CUS_0x4deb,2024-11-01,10,2,10000,1000.0,2000.0,0.0,8000.0,2025-01-01
CUS_0x4deb_2024_11_01,CUS_0x4deb,2024-11-01,10,3,10000,1000.0,1000.0,0.0,7000.0,2025-02-01
CUS_0x4deb_2024_11_01,CUS_0x4deb,2024-11-01,10,4,10000,1000.0,0.0,1000.0,7000.0,2025-03-01
CUS_0x4deb_2024_11_01,CUS_0x4deb,2024-11-01,10,5,10000,1000.0,0.0,2000.0,7000.0,2025-04-01
CUS_0x4deb_2024_11_01,CUS_0x4deb,2024-11-01,10,6,10000,1000.0,0.0,3000.0,7000.0,2025-05-01
CUS_0x4deb_2024_11_01,CUS_0x4deb,2024-11-01,10,7,10000,1000.0,0.0,4000.0,7000.0,2025-06-01
CUS_0x4deb_2024_11_01,CUS_0x4deb,2024-11-01,10,8,10000,1000.0,0.0,5000.0,7000.0,2025-07-01
CUS_0x4deb_2024_11_01,CUS_0x4deb,2024-11-01,10,9,10000,1000.0,0.0,6000.0,7000.0,2025-08-01
CUS_0x4deb_2024_11_01,CUS_0x4deb,2024-11-01,10,10,10000,1000.0,0.0,7000.0,7000.0,2025-09-01
CUS_0x4e0d_2023_09_01,CUS_0x4e0d,2023-09-01,10,0,10000,0.0,0.0,0.0,10000.0,2023-09-01
CUS_0x4e0d_2023_09_01,CUS_0x4e0d,2023-09-01,10,1,10000,1000.0,1000.0,0.0,9000.0,2023-10-01
CUS_0x4e0d_2023_09_01,CUS_0x4e0d,2023-09-01,10,2,10000,1000.0,1000.0,0.0,8000.0,2023-11-01
CUS_0x4e0d_2023_09_01,CUS_0x4e0d,2023-09-01,10,3,10000,1000.0,1000.0,0.0,7000.0,2023-12-01
CUS_0x4e0d_2023_09_01,CUS_0x4e0d,2023-09-01,10,4,10000,1000.0,1000.0,0.0,6000.0,2024-01-01
CUS_0x4e0d_2023_09_01,CUS_0x4e0d,2023-09-01,10,5,10000,1000.0,0.0,1000.0,6000.0,2024-02-01
CUS_0x4e0d_2023_09_01,CUS_0x4e0d,2023-09-01,10,6,10000,1000.0,0.0,2000.0,6000.0,2024-03-01
CUS_0x4e0d_2023_09_01,CUS_0x4e0d,2023-09-01,10,7,10000,1000.0,0.0,3000.0,6000.0,2024-04-01
CUS_0x4e0d_2023_09_01,CUS_0x4e0d,2023-09-01,10,8,10000,1000.0,0.0,4000.0,6000.0,2024-05-01
CUS_0x4e0d_2023_09_01,CUS_0x4e0d,2023-09-01,10,9,10000,1000.0,0.0,5000.0,6000.0,2024-06-01
CUS_0x4e0d_2023_09_01,CUS_0x4e0d,2023-09-01,10,10,10000,1000.0,0.0,6000.0,6000.0,2024-07-01
CUS_0x4e43_2023_08_01,CUS_0x4e43,2023-08-01,10,0,10000,0.0,0.0,0.0,10000.0,2023-08-01
CUS_0x4e43_2023_08_01,CUS_0x4e43,2023-08-01,10,1,10000,1000.0,0.0,1000.0,10000.0,2023-09-01
CUS_0x4e43_2023_08_01,CUS_0x4e43,2023-08-01,10,2,10000,1000.0,0.0,2000.0,10000.0,2023-10-01
CUS_0x4e43_2023_08_01,CUS_0x4e43,2023-08-01,10,3,10000,1000.0,0.0,3000.0,10000.0,2023-11-01
CUS_0x4e43_2023_08_01,CUS_0x4e43,2023-08-01,10,4,10000,1000.0,0.0,4000.0,10000.0,2023-12-01
CUS_0x4e43_2023_08_01,CUS_0x4e43,2023-08-01,10,5,10000,1000.0,0.0,5000.0,10000.0,2024-01-01
CUS_0x4e43_2023_08_01,CUS_0x4e43,2023-08-01,10,6,10000,1000.0,0.0,6000.0,10000.0,2024-02-01
CUS_0x4e43_2023_08_01,CUS_0x4e43,2023-08-01,10,7,10000,1000.0,0.0,7000.0,10000.0,2024-03-01
CUS_0x4e43_2023_08_01,CUS_0x4e43,2023-08-01,10,8,10000,1000.0,0.0,8000.0,10000.0,2024-04-01
CUS_0x4e43_2023_08_01,CUS_0x4e43,2023-08-01,10,9,10000,1000.0,0.0,9000.0,10000.0,2024-05-01
CUS_0x4e43_2023_08_01,CUS_0x4e43,2023-08-01,10,10,10000,1000.0,0.0,10000.0,10000.0,2024-06-01
CUS_0x4e47_2023_05_01,CUS_0x4e47,2023-05-01,10,0,10000,0.0,0.0,0.0,10000.0,2023-05-01
CUS_0x4e47_2023_05_01,CUS_0x4e47,2023-05-01,10,1,10000,1000.0,1000.0,0.0,9000.0,2023-06-01
CUS_0x4e47_2023_05_01,CUS_0x4e47,2023-05-01,10,2,10000,1000.0,1000.0,0.0,8000.0,2023-07-01
CUS_0x4e47_2023_05_01,CUS_0x4e47,2023-05-01,10,3,10000,1000.0,1000.0,0.0,7000.0,2023-08-01
CUS_0x4e47_2023_05_01,CUS_0x4e47,2023-05-01,10,4,10000,1000.0,1000.0,0.0,6000.0,2023-09-01
CUS_0x4e47_2023_05_01,CUS_0x4e47,2023-05-01,10,5,10000,1000.0,1000.0,0.0,5000.0,2023-10-01
CUS_0x4e47_2023_05_01,CUS_0x4e47,2023-05-01,10,6,10000,1000.0,1000.0,0.0,4000.0,2023-11-01
CUS_0x4e47_2023_05_01,CUS_0x4e47,2023-05-01,10,7,10000,1000.0,1000.0,0.0,3000.0,2023-12-01
CUS_0x4e47_2023_05_01,CUS_0x4e47,2023-05-01,10,8,10000,1000.0,1000.0,0.0,2000.0,2024-01-01
CUS_0x4e47_2023_05_01,CUS_0x4e47,2023-05-01,10,9,10000,1000.0,1000.0,0.0,1000.0,2024-02-01
CUS_0x4e47_2023_05_01,CUS_0x4e47,2023-05-01,10,10,10000,1000.0,1000.0,0.0,0.0,2024-03-01
CUS_0x4e73_2024_01_01,CUS_0x4e73,2024-01-01,10,0,10000,0.0,0.0,0.0,10000.0,2024-01-01
CUS_0x4e73_2024_01_01,CUS_0x4e73,2024-01-01,10,1,10000,1000.0,1000.0,0.0,9000.0,2024-02-01
CUS_0x4e73_2024_01_01,CUS_0x4e73,2024-01-01,10,2,10000,1000.0,0.0,1000.0,9000.0,2024-03-01
CUS_0x4e73_2024_01_01,CUS_0x4e73,2024-01-01,10,3,10000,1000.0,2000.0,0.0,7000.0,2024-04-01
CUS_0x4e73_2024_01_01,CUS_0x4e73,2024-01-01,10,4,10000,1000.0,1000.0,0.0,6000.0,2024-05-01
CUS_0x4e73_2024_01_01,CUS_0x4e73,2024-01-01,10,5,10000,1000.0,0.0,1000.0,6000.0,2024-06-01
CUS_0x4e73_2024_01_01,CUS_0x4e73,2024-01-01,10,6,10000,1000.0,0.0,2000.0,6000.0,2024-07-01
CUS_0x4e73_2024_01_01,CUS_0x4e73,2024-01-01,10,7,10000,1000.0,0.0,3000.0,6000.0,2024-08-01
CUS_0x4e73_2024_01_01,CUS_0x4e73,2024-01-01,10,8,10000,1000.0,0.0,4000.0,6000.0,2024-09-01
CUS_0x4e73_2024_01_01,CUS_0x4e73,2024-01-01,10,9,10000,1000.0,0.0,5000.0,6000.0,2024-10-01
CUS_0x4e73_2024_01_01,CUS_0x4e73,2024-01-01,10,10,10000,1000.0,0.0,6000.0,6000.0,2024-11-01
CUS_0x4eb3_2024_09_01,CUS_0x4eb3,2024-09-01,10,0,10000,0.0,0.0,0.0,10000.0,2024-09-01
CUS_0x4eb3_2024_09_01,CUS_0x4eb3,2024-09-01,10,1,10000,1000.0,1000.0,0.0,9000.0,2024-10-01
CUS_0x4eb3_2024_09_01,CUS_0x4eb3,2024-09-01,10,2,10000,1000.0,1000.0,0.0,8000.0,2024-11-01
CUS_0x4eb3_2024_09_01,CUS_0x4eb3,2024-09-01,10,3,10000,1000.0,1000.0,0.0,7000.0,2024-12-01
CUS_0x4eb3_2024_09_01,CUS_0x4eb3,2024-09-01,10,4,10000,1000.0,1000.0,0.0,6000.0,2025-01-01
CUS_0x4eb3_2024_09_01,CUS_0x4eb3,2024-09-01,10,5,10000,1000.0,1000.0,0.0,5000.0,2025-02-01
CUS_0x4eb3_2024_09_01,CUS_0x4eb3,2024-09-01,10,6,10000,1000.0,1000.0,0.0,4000.0,2025-03-01
CUS_0x4eb3_2024_09_01,CUS_0x4eb3,2024-09-01,10,7,10000,1000.0,1000.0,0.0,3000.0,2025-04-01
CUS_0x4eb3_2024_09_01,CUS_0x4eb3,2024-09-01,10,8,10000,1000.0,1000.0,0.0,2000.0,2025-05-01
CUS_0x4eb3_2024_09_01,CUS_0x4eb3,2024-09-01,10,9,10000,1000.0,1000.0,0.0,1000.0,2025-06-01
CUS_0x4eb3_2024_09_01,CUS_0x4eb3,2024-09-01,10,10,10000,1000.0,1000.0,0.0,0.0,2025-07-01
CUS_0x4ee1_2024_07_01,CUS_0x4ee1,2024-07-01,10,0,10000,0.0,0.0,0.0,10000.0,2024-07-01
CUS_0x4ee1_2024_07_01,CUS_0x4ee1,2024-07-01,10,1,10000,1000.0,1000.0,0.0,9000.0,2024-08-01
CUS_0x4ee1_2024_07_01,CUS_0x4ee1,2024-07-01,10,2,10000,1000.0,1000.0,0.0,8000.0,2024-09-01
CUS_0x4ee1_2024_07_01,CUS_0x4ee1,2024-07-01,10,3,10000,1000.0,1000.0,0.0,7000.0,2024-10-01
CUS_0x4ee1_2024_07_01,CUS_0x4ee1,2024-07-01,10,4,10000,1000.0,1000.0,0.0,6000.0,2024-11-01
CUS_0x4ee1_2024_07_01,CUS_0x4ee1,2024-07-01,10,5,10000,1000.0,1000.0,0.0,5000.0,2024-12-01
CUS_0x4ee1_2024_07_01,CUS_0x4ee1,2024-07-01,10,6,10000,1000.0,1000.0,0.0,4000.0,2025-01-01
CUS_0x4ee1_2024_07_01,CUS_0x4ee1,2024-07-01,10,7,10000,1000.0,1000.0,0.0,3000.0,2025-02-01
CUS_0x4ee1_2024_07_01,CUS_0x4ee1,2024-07-01,10,8,10000,1000.0,1000.0,0.0,2000.0,2025-03-01
CUS_0x4ee1_2024_07_01,CUS_0x4ee1,2024-07-01,10,9,10000,1000.0,1000.0,0.0,1000.0,2025-04-01
CUS_0x4ee1_2024_07_01,CUS_0x4ee1,2024-07-01,10,10,10000,1000.0,1000.0,0.0,0.0,2025-05-01
CUS_0x4ee7_2024_05_01,CUS_0x4ee7,2024-05-01,10,0,10000,0.0,0.0,0.0,10000.0,2024-05-01
CUS_0x4ee7_2024_05_01,CUS_0x4ee7,2024-05-01,10,1,10000,1000.0,1000.0,0.0,9000.0,2024-06-01
CUS_0x4ee7_2024_05_01,CUS_0x4ee7,2024-05-01,10,2,10000,1000.0,1000.0,0.0,8000.0,2024-07-01
CUS_0x4ee7_2024_05_01,CUS_0x4ee7,2024-05-01,10,3,10000,1000.0,1000.0,0.0,7000.0,2024-08-01
CUS_0x4ee7_2024_05_01,CUS_0x4ee7,2024-05-01,10,4,10000,1000.0,1000.0,0.0,6000.0,2024-09-01
CUS_0x4ee7_2024_05_01,CUS_0x4ee7,2024-05-01,10,5,10000,1000.0,1000.0,0.0,5000.0,2024-10-01
CUS_0x4ee7_2024_05_01,CUS_0x4ee7,2024-05-01,10,6,10000,1000.0,1000.0,0.0,4000.0,2024-11-01
CUS_0x4ee7_2024_05_01,CUS_0x4ee7,2024-05-01,10,7,10000,1000.0,1000.0,0.0,3000.0,2024-12-01
CUS_0x4ee7_2024_05_01,CUS_0x4ee7,2024-05-01,10,8,10000,1000.0,1000.0,0.0,2000.0,2025-01-01
CUS_0x4ee7_2024_05_01,CUS_0x4ee7,2024-05-01,10,9,10000,1000.0,1000.0,0.0,1000.0,2025-02-01
CUS_0x4ee7_2024_05_01,CUS_0x4ee7,2024-05-01,10,10,10000,1000.0,1000.0,0.0,0.0,2025-03-01
CUS_0x4fe9_2024_08_01,CUS_0x4fe9,2024-08-01,10,0,10000,0.0,0.0,0.0,10000.0,2024-08-01
CUS_0x4fe9_2024_08_01,CUS_0x4fe9,2024-08-01,10,1,10000,1000.0,1000.0,0.0,9000.0,2024-09-01
CUS_0x4fe9_2024_08_01,CUS_0x4fe9,2024-08-01,10,2,10000,1000.0,1000.0,0.0,8000.0,2024-10-01
CUS_0x4fe9_2024_08_01,CUS_0x4fe9,2024-08-01,10,3,10000,1000.0,0.0,1000.0,8000.0,2024-11-01
CUS_0x4fe9_2024_08_01,CUS_0x4fe9,2024-08-01,10,4,10000,1000.0,2000.0,0.0,6000.0,2024-12-01
CUS_0x4fe9_2024_08_01,CUS_0x4fe9,2024-08-01,10,5,10000,1000.0,0.0,1000.0,6000.0,2025-01-01
CUS_0x4fe9_2024_08_01,CUS_0x4fe9,2024-08-01,10,6,10000,1000.0,0.0,2000.0,6000.0,2025-02-01
CUS_0x4fe9_2024_08_01,CUS_0x4fe9,2024-08-01,10,7,10000,1000.0,0.0,3000.0,6000.0,2025-03-01
CUS_0x4fe9_2024_08_01,CUS_0x4fe9,2024-08-01,10,8,10000,1000.0,0.0,4000.0,6000.0,2025-04-01
CUS_0x4fe9_2024_08_01,CUS_0x4fe9,2024-08-01,10,9,10000,1000.0,0.0,5000.0,6000.0,2025-05-01
CUS_0x4fe9_2024_08_01,CUS_0x4fe9,2024-08-01,10,10,10000,1000.0,0.0,6000.0,6000.0,2025-06-01
CUS_0x5002_2023_04_01,CUS_0x5002,2023-04-01,10,0,10000,0.0,0.0,0.0,10000.0,2023-04-01
CUS_0x5002_2023_04_01,CUS_0x5002,2023-04-01,10,1,10000,1000.0,0.0,1000.0,10000.0,2023-05-01
CUS_0x5002_2023_04_01,CUS_0x5002,2023-04-01,10,2,10000,1000.0,2000.0,0.0,8000.0,2023-06-01
CUS_0x5002_2023_04_01,CUS_0x5002,2023-04-01,10,3,10000,1000.0,1000.0,0.0,7000.0,2023-07-01
CUS_0x5002_2023_04_01,CUS_0x5002,2023-04-01,10,4,10000,1000.0,1000.0,0.0,6000.0,2023-08-01
CUS_0x5002_2023_04_01,CUS_0x5002,2023-04-01,10,5,10000,1000.0,0.0,1000.0,6000.0,2023-09-01
CUS_0x5002_2023_04_01,CUS_0x5002,2023-04-01,10,6,10000,1000.0,0.0,2000.0,6000.0,2023-10-01
CUS_0x5002_2023_04_01,CUS_0x5002,2023-04-01,10,7,10000,1000.0,0.0,3000.0,6000.0,2023-11-01
CUS_0x5002_2023_04_01,CUS_0x5002,2023-04-01,10,8,10000,1000.0,0.0,4000.0,6000.0,2023-12-01
CUS_0x5002_2023_04_01,CUS_0x5002,2023-04-01,10,9,10000,1000.0,0.0,5000.0,6000.0,2024-01-01
CUS_0x5002_2023_04_01,CUS_0x5002,2023-04-01,10,10,10000,1000.0,0.0,6000.0,6000.0,2024-02-01
CUS_0x503f_2025_01_01,CUS_0x503f,2025-01-01,10,0,10000,0.0,0.0,0.0,10000.0,2025-01-01
CUS_0x503f_2025_01_01,CUS_0x503f,2025-01-01,10,1,10000,1000.0,1000.0,0.0,9000.0,2025-02-01
CUS_0x503f_2025_01_01,CUS_0x503f,2025-01-01,10,2,10000,1000.0,1000.0,0.0,8000.0,2025-03-01
CUS_0x503f_2025_01_01,CUS_0x503f,2025-01-01,10,3,10000,1000.0,1000.0,0.0,7000.0,2025-04-01
CUS_0x503f_2025_01_01,CUS_0x503f,2025-01-01,10,4,10000,1000.0,1000.0,0.0,6000.0,2025-05-01
CUS_0x503f_2025_01_01,CUS_0x503f,2025-01-01,10,5,10000,1000.0,1000.0,0.0,5000.0,2025-06-01
CUS_0x503f_2025_01_01,CUS_0x503f,2025-01-01,10,6,10000,1000.0,1000.0,0.0,4000.0,2025-07-01
CUS_0x503f_2025_01_01,CUS_0x503f,2025-01-01,10,7,10000,1000.0,1000.0,0.0,3000.0,2025-08-01
CUS_0x503f_2025_01_01,CUS_0x503f,2025-01-01,10,8,10000,1000.0,1000.0,0.0,2000.0,2025-09-01
CUS_0x503f_2025_01_01,CUS_0x503f,2025-01-01,10,9,10000,1000.0,1000.0,0.0,1000.0,2025-10-01
CUS_0x503f_2025_01_01,CUS_0x503f,2025-01-01,10,10,10000,1000.0,1000.0,0.0,0.0,2025-11-01
CUS_0x5052_2023_08_01,CUS_0x5052,2023-08-01,10,0,10000,0.0,0.0,0.0,10000.0,2023-08-01
CUS_0x5052_2023_08_01,CUS_0x5052,2023-08-01,10,1,10000,1000.0,1000.0,0.0,9000.0,2023-09-01
CUS_0x5052_2023_08_01,CUS_0x5052,2023-08-01,10,2,10000,1000.0,1000.0,0.0,8000.0,2023-10-01
CUS_0x5052_2023_08_01,CUS_0x5052,2023-08-01,10,3,10000,1000.0,0.0,1000.0,8000.0,2023-11-01
CUS_0x5052_2023_08_01,CUS_0x5052,2023-08-01,10,4,10000,1000.0,0.0,2000.0,8000.0,2023-12-01
CUS_0x5052_2023_08_01,CUS_0x5052,2023-08-01,10,5,10000,1000.0,0.0,3000.0,8000.0,2024-01-01
CUS_0x5052_2023_08_01,CUS_0x5052,2023-08-01,10,6,10000,1000.0,0.0,4000.0,8000.0,2024-02-01
CUS_0x5052_2023_08_01,CUS_0x5052,2023-08-01,10,7,10000,1000.0,0.0,5000.0,8000.0,2024-03-01
CUS_0x5052_2023_08_01,CUS_0x5052,2023-08-01,10,8,10000,1000.0,0.0,6000.0,8000.0,2024-04-01
CUS_0x5052_2023_08_01,CUS_0x5052,2023-08-01,10,9,10000,1000.0,0.0,7000.0,8000.0,2024-05-01
CUS_0x5052_2023_08_01,CUS_0x5052,2023-08-01,10,10,10000,1000.0,0.0,8000.0,8000.0,2024-06-01
CUS_0x506d_2024_04_01,CUS_0x506d,2024-04-01,10,0,10000,0.0,0.0,0.0,10000.0,2024-04-01
CUS_0x506d_2024_04_01,CUS_0x506d,2024-04-01,10,1,10000,1000.0,1000.0,0.0,9000.0,2024-05-01
CUS_0x506d_2024_04_01,CUS_0x506d,2024-04-01,10,2,10000,1000.0,1000.0,0.0,8000.0,2024-06-01
CUS_0x506d_2024_04_01,CUS_0x506d,2024-04-01,10,3,10000,1000.0,1000.0,0.0,7000.0,2024-07-01
CUS_0x506d_2024_04_01,CUS_0x506d,2024-04-01,10,4,10000,1000.0,1000.0,0.0,6000.0,2024-08-01
CUS_0x506d_2024_04_01,CUS_0x506d,2024-04-01,10,5,10000,1000.0,1000.0,0.0,5000.0,2024-09-01
CUS_0x506d_2024_04_01,CUS_0x506d,2024-04-01,10,6,10000,1000.0,1000.0,0.0,4000.0,2024-10-01
CUS_0x506d_2024_04_01,CUS_0x506d,2024-04-01,10,7,10000,1000.0,1000.0,0.0,3000.0,2024-11-01
CUS_0x506d_2024_04_01,CUS_0x506d,2024-04-01,10,8,10000,1000.0,1000.0,0.0,2000.0,2024-12-01
CUS_0x506d_2024_04_01,CUS_0x506d,2024-04-01,10,9,10000,1000.0,1000.0,0.0,1000.0,2025-01-01
CUS_0x506d_2024_04_01,CUS_0x506d,2024-04-01,10,10,10000,1000.0,1000.0,0.0,0.0,2025-02-01
CUS_0x507d_2024_07_01,CUS_0x507d,2024-07-01,10,0,10000,0.0,0.0,0.0,10000.0,2024-07-01
CUS_0x507d_2024_07_01,CUS_0x507d,2024-07-01,10,1,10000,1000.0,1000.0,0.0,9000.0,2024-08-01
CUS_0x507d_2024_07_01,CUS_0x507d,2024-07-01,10,2,10000,1000.0,1000.0,0.0,8000.0,2024-09-01
CUS_0x507d_2024_07_01,CUS_0x507d,2024-07-01,10,3,10000,1000.0,1000.0,0.0,7000.0,2024-10-01
CUS_0x507d_2024_07_01,CUS_0x507d,2024-07-01,10,4,10000,1000.0,1000.0,0.0,6000.0,2024-11-01
CUS_0x507d_2024_07_01,CUS_0x507d,2024-07-01,10,5,10000,1000.0,1000.0,0.0,5000.0,2024-12-01
CUS_0x507d_2024_07_01,CUS_0x507d,2024-07-01,10,6,10000,1000.0,1000.0,0.0,4000.0,2025-01-01
CUS_0x507d_2024_07_01,CUS_0x507d,2024-07-01,10,7,10000,1000.0,1000.0,0.0,3000.0,2025-02-01
CUS_0x507d_2024_07_01,CUS_0x507d,2024-07-01,10,8,10000,1000.0,1000.0,0.0,2000.0,2025-03-01
CUS_0x507d_2024_07_01,CUS_0x507d,2024-07-01,10,9,10000,1000.0,1000.0,0.0,1000.0,2025-04-01
CUS_0x507d_2024_07_01,CUS_0x507d,2024-07-01,10,10,10000,1000.0,1000.0,0.0,0.0,2025-05-01
CUS_0x50dd_2023_05_01,CUS_0x50dd,2023-05-01,10,0,10000,0.0,0.0,0.0,10000.0,2023-05-01
CUS_0x50dd_2023_05_01,CUS_0x50dd,2023-05-01,10,1,10000,1000.0,1000.0,0.0,9000.0,2023-06-01
CUS_0x50dd_2023_05_01,CUS_0x50dd,2023-05-01,10,2,10000,1000.0,1000.0,0.0,8000.0,2023-07-01
CUS_0x50dd_2023_05_01,CUS_0x50dd,2023-05-01,10,3,10000,1000.0,1000.0,0.0,7000.0,2023-08-01
CUS_0x50dd_2023_05_01,CUS_0x50dd,2023-05-01,10,4,10000,1000.0,1000.0,0.0,6000.0,2023-09-01
CUS_0x50dd_2023_05_01,CUS_0x50dd,2023-05-01,10,5,10000,1000.0,1000.0,0.0,5000.0,2023-10-01
CUS_0x50dd_2023_05_01,CUS_0x50dd,2023-05-01,10,6,10000,1000.0,1000.0,0.0,4000.0,2023-11-01
CUS_0x50dd_2023_05_01,CUS_0x50dd,2023-05-01,10,7,10000,1000.0,1000.0,0.0,3000.0,2023-12-01
CUS_0x50dd_2023_05_01,CUS_0x50dd,2023-05-01,10,8,10000,1000.0,1000.0,0.0,2000.0,2024-01-01
CUS_0x50dd_2023_05_01,CUS_0x50dd,2023-05-01,10,9,10000,1000.0,1000.0,0.0,1000.0,2024-02-01
CUS_0x50dd_2023_05_01,CUS_0x50dd,2023-05-01,10,10,10000,1000.0,1000.0,0.0,0.0,2024-03-01
CUS_0x50f7_2023_01_01,CUS_0x50f7,2023-01-01,10,0,10000,0.0,0.0,0.0,10000.0,2023-01-01
CUS_0x50f7_2023_01_01,CUS_0x50f7,2023-01-01,10,1,10000,1000.0,1000.0,0.0,9000.0,2023-02-01
CUS_0x50f7_2023_01_01,CUS_0x50f7,2023-01-01,10,2,10000,1000.0,1000.0,0.0,8000.0,2023-03-01
CUS_0x50f7_2023_01_01,CUS_0x50f7,2023-01-01,10,3,10000,1000.0,0.0,1000.0,8000.0,2023-04-01
CUS_0x50f7_2023_01_01,CUS_0x50f7,2023-01-01,10,4,10000,1000.0,0.0,2000.0,8000.0,2023-05-01
CUS_0x50f7_2023_01_01,CUS_0x50f7,2023-01-01,10,5,10000,1000.0,0.0,3000.0,8000.0,2023-06-01
CUS_0x50f7_2023_01_01,CUS_0x50f7,2023-01-01,10,6,10000,1000.0,0.0,4000.0,8000.0,2023-07-01
CUS_0x50f7_2023_01_01,CUS_0x50f7,2023-01-01,10,7,10000,1000.0,0.0,5000.0,8000.0,2023-08-01
CUS_0x50f7_2023_01_01,CUS_0x50f7,2023-01-01,10,8,10000,1000.0,0.0,6000.0,8000.0,2023-09-01
CUS_0x50f7_2023_01_01,CUS_0x50f7,2023-01-01,10,9,10000,1000.0,0.0,7000.0,8000.0,2023-10-01
CUS_0x50f7_2023_01_01,CUS_0x50f7,2023-01-01,10,10,10000,1000.0,0.0,8000.0,8000.0,2023-11-01
CUS_0x5146_2024_06_01,CUS_0x5146,2024-06-01,10,0,10000,0.0,0.0,0.0,10000.0,2024-06-01
CUS_0x5146_2024_06_01,CUS_0x5146,2024-06-01,10,1,10000,1000.0,1000.0,0.0,9000.0,2024-07-01
CUS_0x5146_2024_06_01,CUS_0x5146,2024-06-01,10,2,10000,1000.0,1000.0,0.0,8000.0,2024-08-01
CUS_0x5146_2024_06_01,CUS_0x5146,2024-06-01,10,3,10000,1000.0,1000.0,0.0,7000.0,2024-09-01
CUS_0x5146_2024_06_01,CUS_0x5146,2024-06-01,10,4,10000,1000.0,1000.0,0.0,6000.0,2024-10-01
CUS_0x5146_2024_06_01,CUS_0x5146,2024-06-01,10,5,10000,1000.0,1000.0,0.0,5000.0,2024-11-01
CUS_0x5146_2024_06_01,CUS_0x5146,2024-06-01,10,6,10000,1000.0,1000.0,0.0,4000.0,2024-12-01
CUS_0x5146_2024_06_01,CUS_0x5146,2024-06-01,10,7,10000,1000.0,1000.0,0.0,3000.0,2025-01-01
CUS_0x5146_2024_06_01,CUS_0x5146,2024-06-01,10,8,10000,1000.0,1000.0,0.0,2000.0,2025-02-01
CUS_0x5146_2024_06_01,CUS_0x5146,2024-06-01,10,9,10000,1000.0,1000.0,0.0,1000.0,2025-03-01
CUS_0x5146_2024_06_01,CUS_0x5146,2024-06-01,10,10,10000,1000.0,1000.0,0.0,0.0,2025-04-01
CUS_0x5161_2024_03_01,CUS_0x5161,2024-03-01,10,0,10000,0.0,0.0,0.0,10000.0,2024-03-01
CUS_0x5161_2024_03_01,CUS_0x5161,2024-03-01,10,1,10000,1000.0,1000.0,0.0,9000.0,2024-04-01
CUS_0x5161_2024_03_01,CUS_0x5161,2024-03-01,10,2,10000,1000.0,1000.0,0.0,8000.0,2024-05-01
CUS_0x5161_2024_03_01,CUS_0x5161,2024-03-01,10,3,10000,1000.0,1000.0,0.0,7000.0,2024-06-01
CUS_0x5161_2024_03_01,CUS_0x5161,2024-03-01,10,4,10000,1000.0,1000.0,0.0,6000.0,2024-07-01
CUS_0x5161_2024_03_01,CUS_0x5161,2024-03-01,10,5,10000,1000.0,1000.0,0.0,5000.0,2024-08-01
CUS_0x5161_2024_03_01,CUS_0x5161,2024-03-01,10,6,10000,1000.0,1000.0,0.0,4000.0,2024-09-01
CUS_0x5161_2024_03_01,CUS_0x5161,2024-03-01,10,7,10000,1000.0,1000.0,0.0,3000.0,2024-10-01
CUS_0x5161_2024_03_01,CUS_0x5161,2024-03-01,10,8,10000,1000.0,1000.0,0.0,2000.0,2024-11-01
CUS_0x5161_2024_03_01,CUS_0x5161,2024-03-01,10,9,10000,1000.0,1000.0,0.0,1000.0,2024-12-01
CUS_0x5161_2024_03_01,CUS_0x5161,2024-03-01,10,10,10000,1000.0,1000.0,0.0,0.0,2025-01-01
CUS_0x5171_2024_04_01,CUS_0x5171,2024-04-01,10,0,10000,0.0,0.0,0.0,10000.0,2024-04-01
CUS_0x5171_2024_04_01,CUS_0x5171,2024-04-01,10,1,10000,1000.0,1000.0,0.0,9000.0,2024-05-01
CUS_0x5171_2024_04_01,CUS_0x5171,2024-04-01,10,2,10000,1000.0,1000.0,0.0,8000.0,2024-06-01
CUS_0x5171_2024_04_01,CUS_0x5171,2024-04-01,10,3,10000,1000.0,1000.0,0.0,7000.0,2024-07-01
CUS_0x5171_2024_04_01,CUS_0x5171,2024-04-01,10,4,10000,1000.0,1000.0,0.0,6000.0,2024-08-01
CUS_0x5171_2024_04_01,CUS_0x5171,2024-04-01,10,5,10000,1000.0,1000.0,0.0,5000.0,2024-09-01
CUS_0x5171_2024_04_01,CUS_0x5171,2024-04-01,10,6,10000,1000.0,1000.0,0.0,4000.0,2024-10-01
CUS_0x5171_2024_04_01,CUS_0x5171,2024-04-01,10,7,10000,1000.0,1000.0,0.0,3000.0,2024-11-01
CUS_0x5171_2024_04_01,CUS_0x5171,2024-04-01,10,8,10000,1000.0,1000.0,0.0,2000.0,2024-12-01
CUS_0x5171_2024_04_01,CUS_0x5171,2024-04-01,10,9,10000,1000.0,1000.0,0.0,1000.0,2025-01-01
CUS_0x5171_2024_04_01,CUS_0x5171,2024-04-01,10,10,10000,1000.0,1000.0,0.0,0.0,2025-02-01
CUS_0x5172_2023_05_01,CUS_0x5172,2023-05-01,10,0,10000,0.0,0.0,0.0,10000.0,2023-05-01
CUS_0x5172_2023_05_01,CUS_0x5172,2023-05-01,10,1,10000,1000.0,0.0,1000.0,10000.0,2023-06-01
CUS_0x5172_2023_05_01,CUS_0x5172,2023-05-01,10,2,10000,1000.0,2000.0,0.0,8000.0,2023-07-01
CUS_0x5172_2023_05_01,CUS_0x5172,2023-05-01,10,3,10000,1000.0,0.0,1000.0,8000.0,2023-08-01
CUS_0x5172_2023_05_01,CUS_0x5172,2023-05-01,10,4,10000,1000.0,0.0,2000.0,8000.0,2023-09-01
CUS_0x5172_2023_05_01,CUS_0x5172,2023-05-01,10,5,10000,1000.0,0.0,3000.0,8000.0,2023-10-01
CUS_0x5172_2023_05_01,CUS_0x5172,2023-05-01,10,6,10000,1000.0,0.0,4000.0,8000.0,2023-11-01
CUS_0x5172_2023_05_01,CUS_0x5172,2023-05-01,10,7,10000,1000.0,0.0,5000.0,8000.0,2023-12-01
CUS_0x5172_2023_05_01,CUS_0x5172,2023-05-01,10,8,10000,1000.0,0.0,6000.0,8000.0,2024-01-01
CUS_0x5172_2023_05_01,CUS_0x5172,2023-05-01,10,9,10000,1000.0,0.0,7000.0,8000.0,2024-02-01
CUS_0x5172_2023_05_01,CUS_0x5172,2023-05-01,10,10,10000,1000.0,0.0,8000.0,8000.0,2024-03-01
CUS_0x51e7_2023_01_01,CUS_0x51e7,2023-01-01,10,0,10000,0.0,0.0,0.0,10000.0,2023-01-01
CUS_0x51e7_2023_01_01,CUS_0x51e7,2023-01-01,10,1,10000,1000.0,1000.0,0.0,9000.0,2023-02-01
CUS_0x51e7_2023_01_01,CUS_0x51e7,2023-01-01,10,2,10000,1000.0,1000.0,0.0,8000.0,2023-03-01
CUS_0x51e7_2023_01_01,CUS_0x51e7,2023-01-01,10,3,10000,1000.0,1000.0,0.0,7000.0,2023-04-01
CUS_0x51e7_2023_01_01,CUS_0x51e7,2023-01-01,10,4,10000,1000.0,1000.0,0.0,6000.0,2023-05-01
CUS_0x51e7_2023_01_01,CUS_0x51e7,2023-01-01,10,5,10000,1000.0,1000.0,0.0,5000.0,2023-06-01
CUS_0x51e7_2023_01_01,CUS_0x51e7,2023-01-01,10,6,10000,1000.0,1000.0,0.0,4000.0,2023-07-01
CUS_0x51e7_2023_01_01,CUS_0x51e7,2023-01-01,10,7,10000,1000.0,1000.0,0.0,3000.0,2023-08-01
CUS_0x51e7_2023_01_01,CUS_0x51e7,2023-01-01,10,8,10000,1000.0,1000.0,0.0,2000.0,2023-09-01
CUS_0x51e7_2023_01_01,CUS_0x51e7,2023-01-01,10,9,10000,1000.0,1000.0,0.0,1000.0,2023-10-01
CUS_0x51e7_2023_01_01,CUS_0x51e7,2023-01-01,10,10,10000,1000.0,1000.0,0.0,0.0,2023-11-01
CUS_0x5215_2023_06_01,CUS_0x5215,2023-06-01,10,0,10000,0.0,0.0,0.0,10000.0,2023-06-01
CUS_0x5215_2023_06_01,CUS_0x5215,2023-06-01,10,1,10000,1000.0,1000.0,0.0,9000.0,2023-07-01
CUS_0x5215_2023_06_01,CUS_0x5215,2023-06-01,10,2,10000,1000.0,1000.0,0.0,8000.0,2023-08-01
CUS_0x5215_2023_06_01,CUS_0x5215,2023-06-01,10,3,10000,1000.0,1000.0,0.0,7000.0,2023-09-01
CUS_0x5215_2023_06_01,CUS_0x5215,2023-06-01,10,4,10000,1000.0,1000.0,0.0,6000.0,2023-10-01
CUS_0x5215_2023_06_01,CUS_0x5215,2023-06-01,10,5,10000,1000.0,1000.0,0.0,5000.0,2023-11-01
CUS_0x5215_2023_06_01,CUS_0x5215,2023-06-01,10,6,10000,1000.0,1000.0,0.0,4000.0,2023-12-01
CUS_0x5215_2023_06_01,CUS_0x5215,2023-06-01,10,7,10000,1000.0,1000.0,0.0,3000.0,2024-01-01
CUS_0x5215_2023_06_01,CUS_0x5215,2023-06-01,10,8,10000,1000.0,1000.0,0.0,2000.0,2024-02-01
CUS_0x5215_2023_06_01,CUS_0x5215,2023-06-01,10,9,10000,1000.0,1000.0,0.0,1000.0,2024-03-01
CUS_0x5215_2023_06_01,CUS_0x5215,2023-06-01,10,10,10000,1000.0,1000.0,0.0,0.0,2024-04-01
CUS_0x52bf_2024_12_01,CUS_0x52bf,2024-12-01,10,0,10000,0.0,0.0,0.0,10000.0,2024-12-01
CUS_0x52bf_2024_12_01,CUS_0x52bf,2024-12-01,10,1,10000,1000.0,1000.0,0.0,9000.0,2025-01-01
CUS_0x52bf_2024_12_01,CUS_0x52bf,2024-12-01,10,2,10000,1000.0,1000.0,0.0,8000.0,2025-02-01
CUS_0x52bf_2024_12_01,CUS_0x52bf,2024-12-01,10,3,10000,1000.0,1000.0,0.0,7000.0,2025-03-01
CUS_0x52bf_2024_12_01,CUS_0x52bf,2024-12-01,10,4,10000,1000.0,1000.0,0.0,6000.0,2025-04-01
CUS_0x52bf_2024_12_01,CUS_0x52bf,2024-12-01,10,5,10000,1000.0,1000.0,0.0,5000.0,2025-05-01
CUS_0x52bf_2024_12_01,CUS_0x52bf,2024-12-01,10,6,10000,1000.0,1000.0,0.0,4000.0,2025-06-01
CUS_0x52bf_2024_12_01,CUS_0x52bf,2024-12-01,10,7,10000,1000.0,1000.0,0.0,3000.0,2025-07-01
CUS_0x52bf_2024_12_01,CUS_0x52bf,2024-12-01,10,8,10000,1000.0,1000.0,0.0,2000.0,2025-08-01
CUS_0x52bf_2024_12_01,CUS_0x52bf,2024-12-01,10,9,10000,1000.0,1000.0,0.0,1000.0,2025-09-01
CUS_0x52bf_2024_12_01,CUS_0x52bf,2024-12-01,10,10,10000,1000.0,1000.0,0.0,0.0,2025-10-01
CUS_0x52c3_2025_01_01,CUS_0x52c3,2025-01-01,10,0,10000,0.0,0.0,0.0,10000.0,2025-01-01
CUS_0x52c3_2025_01_01,CUS_0x52c3,2025-01-01,10,1,10000,1000.0,1000.0,0.0,9000.0,2025-02-01
CUS_0x52c3_2025_01_01,CUS_0x52c3,2025-01-01,10,2,10000,1000.0,1000.0,0.0,8000.0,2025-03-01
CUS_0x52c3_2025_01_01,CUS_0x52c3,2025-01-01,10,3,10000,1000.0,1000.0,0.0,7000.0,2025-04-01
CUS_0x52c3_2025_01_01,CUS_0x52c3,2025-01-01,10,4,10000,1000.0,1000.0,0.0,6000.0,2025-05-01
CUS_0x52c3_2025_01_01,CUS_0x52c3,2025-01-01,10,5,10000,1000.0,1000.0,0.0,5000.0,2025-06-01
CUS_0x52c3_2025_01_01,CUS_0x52c3,2025-01-01,10,6,10000,1000.0,1000.0,0.0,4000.0,2025-07-01
CUS_0x52c3_2025_01_01,CUS_0x52c3,2025-01-01,10,7,10000,1000.0,1000.0,0.0,3000.0,2025-08-01
CUS_0x52c3_2025_01_01,CUS_0x52c3,2025-01-01,10,8,10000,1000.0,1000.0,0.0,2000.0,2025-09-01
CUS_0x52c3_2025_01_01,CUS_0x52c3,2025-01-01,10,9,10000,1000.0,1000.0,0.0,1000.0,2025-10-01
CUS_0x52c3_2025_01_01,CUS_0x52c3,2025-01-01,10,10,10000,1000.0,1000.0,0.0,0.0,2025-11-01
CUS_0x52f1_2023_04_01,CUS_0x52f1,2023-04-01,10,0,10000,0.0,0.0,0.0,10000.0,2023-04-01
CUS_0x52f1_2023_04_01,CUS_0x52f1,2023-04-01,10,1,10000,1000.0,1000.0,0.0,9000.0,2023-05-01
CUS_0x52f1_2023_04_01,CUS_0x52f1,2023-04-01,10,2,10000,1000.0,1000.0,0.0,8000.0,2023-06-01
CUS_0x52f1_2023_04_01,CUS_0x52f1,2023-04-01,10,3,10000,1000.0,1000.0,0.0,7000.0,2023-07-01
CUS_0x52f1_2023_04_01,CUS_0x52f1,2023-04-01,10,4,10000,1000.0,1000.0,0.0,6000.0,2023-08-01
CUS_0x52f1_2023_04_01,CUS_0x52f1,2023-04-01,10,5,10000,1000.0,1000.0,0.0,5000.0,2023-09-01
CUS_0x52f1_2023_04_01,CUS_0x52f1,2023-04-01,10,6,10000,1000.0,1000.0,0.0,4000.0,2023-10-01
CUS_0x52f1_2023_04_01,CUS_0x52f1,2023-04-01,10,7,10000,1000.0,1000.0,0.0,3000.0,2023-11-01
CUS_0x52f1_2023_04_01,CUS_0x52f1,2023-04-01,10,8,10000,1000.0,1000.0,0.0,2000.0,2023-12-01
CUS_0x52f1_2023_04_01,CUS_0x52f1,2023-04-01,10,9,10000,1000.0,1000.0,0.0,1000.0,2024-01-01
CUS_0x52f1_2023_04_01,CUS_0x52f1,2023-04-01,10,10,10000,1000.0,1000.0,0.0,0.0,2024-02-01
CUS_0x5321_2023_05_01,CUS_0x5321,2023-05-01,10,0,10000,0.0,0.0,0.0,10000.0,2023-05-01
CUS_0x5321_2023_05_01,CUS_0x5321,2023-05-01,10,1,10000,1000.0,1000.0,0.0,9000.0,2023-06-01
CUS_0x5321_2023_05_01,CUS_0x5321,2023-05-01,10,2,10000,1000.0,1000.0,0.0,8000.0,2023-07-01
CUS_0x5321_2023_05_01,CUS_0x5321,2023-05-01,10,3,10000,1000.0,1000.0,0.0,7000.0,2023-08-01
CUS_0x5321_2023_05_01,CUS_0x5321,2023-05-01,10,4,10000,1000.0,1000.0,0.0,6000.0,2023-09-01
CUS_0x5321_2023_05_01,CUS_0x5321,2023-05-01,10,5,10000,1000.0,1000.0,0.0,5000.0,2023-10-01
CUS_0x5321_2023_05_01,CUS_0x5321,2023-05-01,10,6,10000,1000.0,1000.0,0.0,4000.0,2023-11-01
CUS_0x5321_2023_05_01,CUS_0x5321,2023-05-01,10,7,10000,1000.0,1000.0,0.0,3000.0,2023-12-01
CUS_0x5321_2023_05_01,CUS_0x5321,2023-05-01,10,8,10000,1000.0,1000.0,0.0,2000.0,2024-01-01
CUS_0x5321_2023_05_01,CUS_0x5321,2023-05-01,10,9,10000,1000.0,1000.0,0.0,1000.0,2024-02-01
CUS_0x5321_2023_05_01,CUS_0x5321,2023-05-01,10,10,10000,1000.0,1000.0,0.0,0.0,2024-03-01
CUS_0x535a_2024_10_01,CUS_0x535a,2024-10-01,10,0,10000,0.0,0.0,0.0,10000.0,2024-10-01
CUS_0x535a_2024_10_01,CUS_0x535a,2024-10-01,10,1,10000,1000.0,1000.0,0.0,9000.0,2024-11-01
CUS_0x535a_2024_10_01,CUS_0x535a,2024-10-01,10,2,10000,1000.0,1000.0,0.0,8000.0,2024-12-01
CUS_0x535a_2024_10_01,CUS_0x535a,2024-10-01,10,3,10000,1000.0,1000.0,0.0,7000.0,2025-01-01
CUS_0x535a_2024_10_01,CUS_0x535a,2024-10-01,10,4,10000,1000.0,1000.0,0.0,6000.0,2025-02-01
CUS_0x535a_2024_10_01,CUS_0x535a,2024-10-01,10,5,10000,1000.0,1000.0,0.0,5000.0,2025-03-01
CUS_0x535a_2024_10_01,CUS_0x535a,2024-10-01,10,6,10000,1000.0,1000.0,0.0,4000.0,2025-04-01
CUS_0x535a_2024_10_01,CUS_0x535a,2024-10-01,10,7,10000,1000.0,1000.0,0.0,3000.0,2025-05-01
CUS_0x535a_2024_10_01,CUS_0x535a,2024-10-01,10,8,10000,1000.0,1000.0,0.0,2000.0,2025-06-01
CUS_0x535a_2024_10_01,CUS_0x535a,2024-10-01,10,9,10000,1000.0,1000.0,0.0,1000.0,2025-07-01
CUS_0x535a_2024_10_01,CUS_0x535a,2024-10-01,10,10,10000,1000.0,1000.0,0.0,0.0,2025-08-01
CUS_0x537_2023_01_01,CUS_0x537,2023-01-01,10,0,10000,0.0,0.0,0.0,10000.0,2023-01-01
CUS_0x537_2023_01_01,CUS_0x537,2023-01-01,10,1,10000,1000.0,1000.0,0.0,9000.0,2023-02-01
CUS_0x537_2023_01_01,CUS_0x537,2023-01-01,10,2,10000,1000.0,1000.0,0.0,8000.0,2023-03-01
CUS_0x537_2023_01_01,CUS_0x537,2023-01-01,10,3,10000,1000.0,1000.0,0.0,7000.0,2023-04-01
CUS_0x537_2023_01_01,CUS_0x537,2023-01-01,10,4,10000,1000.0,1000.0,0.0,6000.0,2023-05-01
CUS_0x537_2023_01_01,CUS_0x537,2023-01-01,10,5,10000,1000.0,1000.0,0.0,5000.0,2023-06-01
CUS_0x537_2023_01_01,CUS_0x537,2023-01-01,10,6,10000,1000.0,1000.0,0.0,4000.0,2023-07-01
CUS_0x537_2023_01_01,CUS_0x537,2023-01-01,10,7,10000,1000.0,1000.0,0.0,3000.0,2023-08-01
CUS_0x537_2023_01_01,CUS_0x537,2023-01-01,10,8,10000,1000.0,1000.0,0.0,2000.0,2023-09-01
CUS_0x537_2023_01_01,CUS_0x537,2023-01-01,10,9,10000,1000.0,1000.0,0.0,1000.0,2023-10-01
CUS_0x537_2023_01_01,CUS_0x537,2023-01-01,10,10,10000,1000.0,1000.0,0.0,0.0,2023-11-01
CUS_0x53aa_2024_10_01,CUS_0x53aa,2024-10-01,10,0,10000,0.0,0.0,0.0,10000.0,2024-10-01
CUS_0x53aa_2024_10_01,CUS_0x53aa,2024-10-01,10,1,10000,1000.0,1000.0,0.0,9000.0,2024-11-01
CUS_0x53aa_2024_10_01,CUS_0x53aa,2024-10-01,10,2,10000,1000.0,1000.0,0.0,8000.0,2024-12-01
CUS_0x53aa_2024_10_01,CUS_0x53aa,2024-10-01,10,3,10000,1000.0,1000.0,0.0,7000.0,2025-01-01
CUS_0x53aa_2024_10_01,CUS_0x53aa,2024-10-01,10,4,10000,1000.0,1000.0,0.0,6000.0,2025-02-01
CUS_0x53aa_2024_10_01,CUS_0x53aa,2024-10-01,10,5,10000,1000.0,1000.0,0.0,5000.0,2025-03-01
CUS_0x53aa_2024_10_01,CUS_0x53aa,2024-10-01,10,6,10000,1000.0,1000.0,0.0,4000.0,2025-04-01
CUS_0x53aa_2024_10_01,CUS_0x53aa,2024-10-01,10,7,10000,1000.0,1000.0,0.0,3000.0,2025-05-01
CUS_0x53aa_2024_10_01,CUS_0x53aa,2024-10-01,10,8,10000,1000.0,1000.0,0.0,2000.0,2025-06-01
CUS_0x53aa_2024_10_01,CUS_0x53aa,2024-10-01,10,9,10000,1000.0,1000.0,0.0,1000.0,2025-07-01
CUS_0x53aa_2024_10_01,CUS_0x53aa,2024-10-01,10,10,10000,1000.0,1000.0,0.0,0.0,2025-08-01
CUS_0x53fc_2023_11_01,CUS_0x53fc,2023-11-01,10,0,10000,0.0,0.0,0.0,10000.0,2023-11-01
CUS_0x53fc_2023_11_01,CUS_0x53fc,2023-11-01,10,1,10000,1000.0,0.0,1000.0,10000.0,2023-12-01
CUS_0x53fc_2023_11_01,CUS_0x53fc,2023-11-01,10,2,10000,1000.0,2000.0,0.0,8000.0,2024-01-01
CUS_0x53fc_2023_11_01,CUS_0x53fc,2023-11-01,10,3,10000,1000.0,0.0,1000.0,8000.0,2024-02-01
CUS_0x53fc_2023_11_01,CUS_0x53fc,2023-11-01,10,4,10000,1000.0,2000.0,0.0,6000.0,2024-03-01
CUS_0x53fc_2023_11_01,CUS_0x53fc,2023-11-01,10,5,10000,1000.0,0.0,1000.0,6000.0,2024-04-01
CUS_0x53fc_2023_11_01,CUS_0x53fc,2023-11-01,10,6,10000,1000.0,0.0,2000.0,6000.0,2024-05-01
CUS_0x53fc_2023_11_01,CUS_0x53fc,2023-11-01,10,7,10000,1000.0,0.0,3000.0,6000.0,2024-06-01
CUS_0x53fc_2023_11_01,CUS_0x53fc,2023-11-01,10,8,10000,1000.0,0.0,4000.0,6000.0,2024-07-01
CUS_0x53fc_2023_11_01,CUS_0x53fc,2023-11-01,10,9,10000,1000.0,0.0,5000.0,6000.0,2024-08-01
CUS_0x53fc_2023_11_01,CUS_0x53fc,2023-11-01,10,10,10000,1000.0,0.0,6000.0,6000.0,2024-09-01
CUS_0x540e_2024_10_01,CUS_0x540e,2024-10-01,10,0,10000,0.0,0.0,0.0,10000.0,2024-10-01
CUS_0x540e_2024_10_01,CUS_0x540e,2024-10-01,10,1,10000,1000.0,1000.0,0.0,9000.0,2024-11-01
CUS_0x540e_2024_10_01,CUS_0x540e,2024-10-01,10,2,10000,1000.0,1000.0,0.0,8000.0,2024-12-01
CUS_0x540e_2024_10_01,CUS_0x540e,2024-10-01,10,3,10000,1000.0,1000.0,0.0,7000.0,2025-01-01
CUS_0x540e_2024_10_01,CUS_0x540e,2024-10-01,10,4,10000,1000.0,1000.0,0.0,6000.0,2025-02-01
CUS_0x540e_2024_10_01,CUS_0x540e,2024-10-01,10,5,10000,1000.0,1000.0,0.0,5000.0,2025-03-01
CUS_0x540e_2024_10_01,CUS_0x540e,2024-10-01,10,6,10000,1000.0,1000.0,0.0,4000.0,2025-04-01
CUS_0x540e_2024_10_01,CUS_0x540e,2024-10-01,10,7,10000,1000.0,1000.0,0.0,3000.0,2025-05-01
CUS_0x540e_2024_10_01,CUS_0x540e,2024-10-01,10,8,10000,1000.0,1000.0,0.0,2000.0,2025-06-01
CUS_0x540e_2024_10_01,CUS_0x540e,2024-10-01,10,9,10000,1000.0,1000.0,0.0,1000.0,2025-07-01
CUS_0x540e_2024_10_01,CUS_0x540e,2024-10-01,10,10,10000,1000.0,1000.0,0.0,0.0,2025-08-01
CUS_0x552_2024_08_01,CUS_0x552,2024-08-01,10,0,10000,0.0,0.0,0.0,10000.0,2024-08-01
CUS_0x552_2024_08_01,CUS_0x552,2024-08-01,10,1,10000,1000.0,1000.0,0.0,9000.0,2024-09-01
CUS_0x552_2024_08_01,CUS_0x552,2024-08-01,10,2,10000,1000.0,1000.0,0.0,8000.0,2024-10-01
CUS_0x552_2024_08_01,CUS_0x552,2024-08-01,10,3,10000,1000.0,1000.0,0.0,7000.0,2024-11-01
CUS_0x552_2024_08_01,CUS_0x552,2024-08-01,10,4,10000,1000.0,1000.0,0.0,6000.0,2024-12-01
CUS_0x552_2024_08_01,CUS_0x552,2024-08-01,10,5,10000,1000.0,1000.0,0.0,5000.0,2025-01-01
CUS_0x552_2024_08_01,CUS_0x552,2024-08-01,10,6,10000,1000.0,1000.0,0.0,4000.0,2025-02-01
CUS_0x552_2024_08_01,CUS_0x552,2024-08-01,10,7,10000,1000.0,1000.0,0.0,3000.0,2025-03-01
CUS_0x552_2024_08_01,CUS_0x552,2024-08-01,10,8,10000,1000.0,1000.0,0.0,2000.0,2025-04-01
CUS_0x552_2024_08_01,CUS_0x552,2024-08-01,10,9,10000,1000.0,1000.0,0.0,1000.0,2025-05-01
CUS_0x552_2024_08_01,CUS_0x552,2024-08-01,10,10,10000,1000.0,1000.0,0.0,0.0,2025-06-01
CUS_0x5523_2024_09_01,CUS_0x5523,2024-09-01,10,0,10000,0.0,0.0,0.0,10000.0,2024-09-01
CUS_0x5523_2024_09_01,CUS_0x5523,2024-09-01,10,1,10000,1000.0,1000.0,0.0,9000.0,2024-10-01
CUS_0x5523_2024_09_01,CUS_0x5523,2024-09-01,10,2,10000,1000.0,1000.0,0.0,8000.0,2024-11-01
CUS_0x5523_2024_09_01,CUS_0x5523,2024-09-01,10,3,10000,1000.0,1000.0,0.0,7000.0,2024-12-01
CUS_0x5523_2024_09_01,CUS_0x5523,2024-09-01,10,4,10000,1000.0,1000.0,0.0,6000.0,2025-01-01
CUS_0x5523_2024_09_01,CUS_0x5523,2024-09-01,10,5,10000,1000.0,1000.0,0.0,5000.0,2025-02-01
CUS_0x5523_2024_09_01,CUS_0x5523,2024-09-01,10,6,10000,1000.0,1000.0,0.0,4000.0,2025-03-01
CUS_0x5523_2024_09_01,CUS_0x5523,2024-09-01,10,7,10000,1000.0,1000.0,0.0,3000.0,2025-04-01
CUS_0x5523_2024_09_01,CUS_0x5523,2024-09-01,10,8,10000,1000.0,1000.0,0.0,2000.0,2025-05-01
CUS_0x5523_2024_09_01,CUS_0x5523,2024-09-01,10,9,10000,1000.0,1000.0,0.0,1000.0,2025-06-01
CUS_0x5523_2024_09_01,CUS_0x5523,2024-09-01,10,10,10000,1000.0,1000.0,0.0,0.0,2025-07-01
CUS_0x5554_2024_04_01,CUS_0x5554,2024-04-01,10,0,10000,0.0,0.0,0.0,10000.0,2024-04-01
CUS_0x5554_2024_04_01,CUS_0x5554,2024-04-01,10,1,10000,1000.0,1000.0,0.0,9000.0,2024-05-01
CUS_0x5554_2024_04_01,CUS_0x5554,2024-04-01,10,2,10000,1000.0,1000.0,0.0,8000.0,2024-06-01
CUS_0x5554_2024_04_01,CUS_0x5554,2024-04-01,10,3,10000,1000.0,0.0,1000.0,8000.0,2024-07-01
CUS_0x5554_2024_04_01,CUS_0x5554,2024-04-01,10,4,10000,1000.0,0.0,2000.0,8000.0,2024-08-01
CUS_0x5554_2024_04_01,CUS_0x5554,2024-04-01,10,5,10000,1000.0,0.0,3000.0,8000.0,2024-09-01
CUS_0x5554_2024_04_01,CUS_0x5554,2024-04-01,10,6,10000,1000.0,0.0,4000.0,8000.0,2024-10-01
CUS_0x5554_2024_04_01,CUS_0x5554,2024-04-01,10,7,10000,1000.0,0.0,5000.0,8000.0,2024-11-01
CUS_0x5554_2024_04_01,CUS_0x5554,2024-04-01,10,8,10000,1000.0,0.0,6000.0,8000.0,2024-12-01
CUS_0x5554_2024_04_01,CUS_0x5554,2024-04-01,10,9,10000,1000.0,0.0,7000.0,8000.0,2025-01-01
CUS_0x5554_2024_04_01,CUS_0x5554,2024-04-01,10,10,10000,1000.0,0.0,8000.0,8000.0,2025-02-01
CUS_0x556_2025_01_01,CUS_0x556,2025-01-01,10,0,10000,0.0,0.0,0.0,10000.0,2025-01-01
CUS_0x556_2025_01_01,CUS_0x556,2025-01-01,10,1,10000,1000.0,1000.0,0.0,9000.0,2025-02-01
CUS_0x556_2025_01_01,CUS_0x556,2025-01-01,10,2,10000,1000.0,1000.0,0.0,8000.0,2025-03-01
CUS_0x556_2025_01_01,CUS_0x556,2025-01-01,10,3,10000,1000.0,0.0,1000.0,8000.0,2025-04-01
CUS_0x556_2025_01_01,CUS_0x556,2025-01-01,10,4,10000,1000.0,0.0,2000.0,8000.0,2025-05-01
CUS_0x556_2025_01_01,CUS_0x556,2025-01-01,10,5,10000,1000.0,0.0,3000.0,8000.0,2025-06-01
CUS_0x556_2025_01_01,CUS_0x556,2025-01-01,10,6,10000,1000.0,0.0,4000.0,8000.0,2025-07-01
CUS_0x556_2025_01_01,CUS_0x556,2025-01-01,10,7,10000,1000.0,0.0,5000.0,8000.0,2025-08-01
CUS_0x556_2025_01_01,CUS_0x556,2025-01-01,10,8,10000,1000.0,0.0,6000.0,8000.0,2025-09-01
CUS_0x556_2025_01_01,CUS_0x556,2025-01-01,10,9,10000,1000.0,0.0,7000.0,8000.0,2025-10-01
CUS_0x556_2025_01_01,CUS_0x556,2025-01-01,10,10,10000,1000.0,0.0,8000.0,8000.0,2025-11-01
CUS_0x5563_2023_04_01,CUS_0x5563,2023-04-01,10,0,10000,0.0,0.0,0.0,10000.0,2023-04-01
CUS_0x5563_2023_04_01,CUS_0x5563,2023-04-01,10,1,10000,1000.0,1000.0,0.0,9000.0,2023-05-01
CUS_0x5563_2023_04_01,CUS_0x5563,2023-04-01,10,2,10000,1000.0,1000.0,0.0,8000.0,2023-06-01
CUS_0x5563_2023_04_01,CUS_0x5563,2023-04-01,10,3,10000,1000.0,1000.0,0.0,7000.0,2023-07-01
CUS_0x5563_2023_04_01,CUS_0x5563,2023-04-01,10,4,10000,1000.0,1000.0,0.0,6000.0,2023-08-01
CUS_0x5563_2023_04_01,CUS_0x5563,2023-04-01,10,5,10000,1000.0,1000.0,0.0,5000.0,2023-09-01
CUS_0x5563_2023_04_01,CUS_0x5563,2023-04-01,10,6,10000,1000.0,1000.0,0.0,4000.0,2023-10-01
CUS_0x5563_2023_04_01,CUS_0x5563,2023-04-01,10,7,10000,1000.0,1000.0,0.0,3000.0,2023-11-01
CUS_0x5563_2023_04_01,CUS_0x5563,2023-04-01,10,8,10000,1000.0,1000.0,0.0,2000.0,2023-12-01
CUS_0x5563_2023_04_01,CUS_0x5563,2023-04-01,10,9,10000,1000.0,1000.0,0.0,1000.0,2024-01-01
CUS_0x5563_2023_04_01,CUS_0x5563,2023-04-01,10,10,10000,1000.0,1000.0,0.0,0.0,2024-02-01
CUS_0x55e6_2024_05_01,CUS_0x55e6,2024-05-01,10,0,10000,0.0,0.0,0.0,10000.0,2024-05-01
CUS_0x55e6_2024_05_01,CUS_0x55e6,2024-05-01,10,1,10000,1000.0,1000.0,0.0,9000.0,2024-06-01
CUS_0x55e6_2024_05_01,CUS_0x55e6,2024-05-01,10,2,10000,1000.0,1000.0,0.0,8000.0,2024-07-01
CUS_0x55e6_2024_05_01,CUS_0x55e6,2024-05-01,10,3,10000,1000.0,1000.0,0.0,7000.0,2024-08-01
CUS_0x55e6_2024_05_01,CUS_0x55e6,2024-05-01,10,4,10000,1000.0,1000.0,0.0,6000.0,2024-09-01
CUS_0x55e6_2024_05_01,CUS_0x55e6,2024-05-01,10,5,10000,1000.0,1000.0,0.0,5000.0,2024-10-01
CUS_0x55e6_2024_05_01,CUS_0x55e6,2024-05-01,10,6,10000,1000.0,1000.0,0.0,4000.0,2024-11-01
CUS_0x55e6_2024_05_01,CUS_0x55e6,2024-05-01,10,7,10000,1000.0,1000.0,0.0,3000.0,2024-12-01
CUS_0x55e6_2024_05_01,CUS_0x55e6,2024-05-01,10,8,10000,1000.0,1000.0,0.0,2000.0,2025-01-01
CUS_0x55e6_2024_05_01,CUS_0x55e6,2024-05-01,10,9,10000,1000.0,1000.0,0.0,1000.0,2025-02-01
CUS_0x55e6_2024_05_01,CUS_0x55e6,2024-05-01,10,10,10000,1000.0,1000.0,0.0,0.0,2025-03-01
CUS_0x55ed_2023_03_01,CUS_0x55ed,2023-03-01,10,0,10000,0.0,0.0,0.0,10000.0,2023-03-01
CUS_0x55ed_2023_03_01,CUS_0x55ed,2023-03-01,10,1,10000,1000.0,0.0,1000.0,10000.0,2023-04-01
CUS_0x55ed_2023_03_01,CUS_0x55ed,2023-03-01,10,2,10000,1000.0,2000.0,0.0,8000.0,2023-05-01
CUS_0x55ed_2023_03_01,CUS_0x55ed,2023-03-01,10,3,10000,1000.0,0.0,1000.0,8000.0,2023-06-01
CUS_0x55ed_2023_03_01,CUS_0x55ed,2023-03-01,10,4,10000,1000.0,0.0,2000.0,8000.0,2023-07-01
CUS_0x55ed_2023_03_01,CUS_0x55ed,2023-03-01,10,5,10000,1000.0,0.0,3000.0,8000.0,2023-08-01
CUS_0x55ed_2023_03_01,CUS_0x55ed,2023-03-01,10,6,10000,1000.0,0.0,4000.0,8000.0,2023-09-01
CUS_0x55ed_2023_03_01,CUS_0x55ed,2023-03-01,10,7,10000,1000.0,0.0,5000.0,8000.0,2023-10-01
CUS_0x55ed_2023_03_01,CUS_0x55ed,2023-03-01,10,8,10000,1000.0,0.0,6000.0,8000.0,2023-11-01
CUS_0x55ed_2023_03_01,CUS_0x55ed,2023-03-01,10,9,10000,1000.0,0.0,7000.0,8000.0,2023-12-01
CUS_0x55ed_2023_03_01,CUS_0x55ed,2023-03-01,10,10,10000,1000.0,0.0,8000.0,8000.0,2024-01-01
CUS_0x55f5_2024_01_01,CUS_0x55f5,2024-01-01,10,0,10000,0.0,0.0,0.0,10000.0,2024-01-01
CUS_0x55f5_2024_01_01,CUS_0x55f5,2024-01-01,10,1,10000,1000.0,1000.0,0.0,9000.0,2024-02-01
CUS_0x55f5_2024_01_01,CUS_0x55f5,2024-01-01,10,2,10000,1000.0,1000.0,0.0,8000.0,2024-03-01
CUS_0x55f5_2024_01_01,CUS_0x55f5,2024-01-01,10,3,10000,1000.0,1000.0,0.0,7000.0,2024-04-01
CUS_0x55f5_2024_01_01,CUS_0x55f5,2024-01-01,10,4,10000,1000.0,1000.0,0.0,6000.0,2024-05-01
CUS_0x55f5_2024_01_01,CUS_0x55f5,2024-01-01,10,5,10000,1000.0,1000.0,0.0,5000.0,2024-06-01
CUS_0x55f5_2024_01_01,CUS_0x55f5,2024-01-01,10,6,10000,1000.0,1000.0,0.0,4000.0,2024-07-01
CUS_0x55f5_2024_01_01,CUS_0x55f5,2024-01-01,10,7,10000,1000.0,1000.0,0.0,3000.0,2024-08-01
CUS_0x55f5_2024_01_01,CUS_0x55f5,2024-01-01,10,8,10000,1000.0,1000.0,0.0,2000.0,2024-09-01
CUS_0x55f5_2024_01_01,CUS_0x55f5,2024-01-01,10,9,10000,1000.0,1000.0,0.0,1000.0,2024-10-01
CUS_0x55f5_2024_01_01,CUS_0x55f5,2024-01-01,10,10,10000,1000.0,1000.0,0.0,0.0,2024-11-01
CUS_0x5654_2023_03_01,CUS_0x5654,2023-03-01,10,0,10000,0.0,0.0,0.0,10000.0,2023-03-01
CUS_0x5654_2023_03_01,CUS_0x5654,2023-03-01,10,1,10000,1000.0,1000.0,0.0,9000.0,2023-04-01
CUS_0x5654_2023_03_01,CUS_0x5654,2023-03-01,10,2,10000,1000.0,1000.0,0.0,8000.0,2023-05-01
CUS_0x5654_2023_03_01,CUS_0x5654,2023-03-01,10,3,10000,1000.0,1000.0,0.0,7000.0,2023-06-01
CUS_0x5654_2023_03_01,CUS_0x5654,2023-03-01,10,4,10000,1000.0,0.0,1000.0,7000.0,2023-07-01
CUS_0x5654_2023_03_01,CUS_0x5654,2023-03-01,10,5,10000,1000.0,0.0,2000.0,7000.0,2023-08-01
CUS_0x5654_2023_03_01,CUS_0x5654,2023-03-01,10,6,10000,1000.0,0.0,3000.0,7000.0,2023-09-01
CUS_0x5654_2023_03_01,CUS_0x5654,2023-03-01,10,7,10000,1000.0,0.0,4000.0,7000.0,2023-10-01
CUS_0x5654_2023_03_01,CUS_0x5654,2023-03-01,10,8,10000,1000.0,0.0,5000.0,7000.0,2023-11-01
CUS_0x5654_2023_03_01,CUS_0x5654,2023-03-01,10,9,10000,1000.0,0.0,6000.0,7000.0,2023-12-01
CUS_0x5654_2023_03_01,CUS_0x5654,2023-03-01,10,10,10000,1000.0,0.0,7000.0,7000.0,2024-01-01
CUS_0x56e5_2024_07_01,CUS_0x56e5,2024-07-01,10,0,10000,0.0,0.0,0.0,10000.0,2024-07-01
CUS_0x56e5_2024_07_01,CUS_0x56e5,2024-07-01,10,1,10000,1000.0,1000.0,0.0,9000.0,2024-08-01
CUS_0x56e5_2024_07_01,CUS_0x56e5,2024-07-01,10,2,10000,1000.0,1000.0,0.0,8000.0,2024-09-01
CUS_0x56e5_2024_07_01,CUS_0x56e5,2024-07-01,10,3,10000,1000.0,1000.0,0.0,7000.0,2024-10-01
CUS_0x56e5_2024_07_01,CUS_0x56e5,2024-07-01,10,4,10000,1000.0,1000.0,0.0,6000.0,2024-11-01
CUS_0x56e5_2024_07_01,CUS_0x56e5,2024-07-01,10,5,10000,1000.0,1000.0,0.0,5000.0,2024-12-01
CUS_0x56e5_2024_07_01,CUS_0x56e5,2024-07-01,10,6,10000,1000.0,1000.0,0.0,4000.0,2025-01-01
CUS_0x56e5_2024_07_01,CUS_0x56e5,2024-07-01,10,7,10000,1000.0,1000.0,0.0,3000.0,2025-02-01
CUS_0x56e5_2024_07_01,CUS_0x56e5,2024-07-01,10,8,10000,1000.0,1000.0,0.0,2000.0,2025-03-01
CUS_0x56e5_2024_07_01,CUS_0x56e5,2024-07-01,10,9,10000,1000.0,1000.0,0.0,1000.0,2025-04-01
CUS_0x56e5_2024_07_01,CUS_0x56e5,2024-07-01,10,10,10000,1000.0,1000.0,0.0,0.0,2025-05-01
CUS_0x56ef_2024_04_01,CUS_0x56ef,2024-04-01,10,0,10000,0.0,0.0,0.0,10000.0,2024-04-01
CUS_0x56ef_2024_04_01,CUS_0x56ef,2024-04-01,10,1,10000,1000.0,1000.0,0.0,9000.0,2024-05-01
CUS_0x56ef_2024_04_01,CUS_0x56ef,2024-04-01,10,2,10000,1000.0,1000.0,0.0,8000.0,2024-06-01
CUS_0x56ef_2024_04_01,CUS_0x56ef,2024-04-01,10,3,10000,1000.0,0.0,1000.0,8000.0,2024-07-01
CUS_0x56ef_2024_04_01,CUS_0x56ef,2024-04-01,10,4,10000,1000.0,0.0,2000.0,8000.0,2024-08-01
CUS_0x56ef_2024_04_01,CUS_0x56ef,2024-04-01,10,5,10000,1000.0,0.0,3000.0,8000.0,2024-09-01
CUS_0x56ef_2024_04_01,CUS_0x56ef,2024-04-01,10,6,10000,1000.0,0.0,4000.0,8000.0,2024-10-01
CUS_0x56ef_2024_04_01,CUS_0x56ef,2024-04-01,10,7,10000,1000.0,0.0,5000.0,8000.0,2024-11-01
CUS_0x56ef_2024_04_01,CUS_0x56ef,2024-04-01,10,8,10000,1000.0,0.0,6000.0,8000.0,2024-12-01
CUS_0x56ef_2024_04_01,CUS_0x56ef,2024-04-01,10,9,10000,1000.0,0.0,7000.0,8000.0,2025-01-01
CUS_0x56ef_2024_04_01,CUS_0x56ef,2024-04-01,10,10,10000,1000.0,0.0,8000.0,8000.0,2025-02-01
CUS_0x570b_2023_08_01,CUS_0x570b,2023-08-01,10,0,10000,0.0,0.0,0.0,10000.0,2023-08-01
CUS_0x570b_2023_08_01,CUS_0x570b,2023-08-01,10,1,10000,1000.0,1000.0,0.0,9000.0,2023-09-01
CUS_0x570b_2023_08_01,CUS_0x570b,2023-08-01,10,2,10000,1000.0,1000.0,0.0,8000.0,2023-10-01
CUS_0x570b_2023_08_01,CUS_0x570b,2023-08-01,10,3,10000,1000.0,1000.0,0.0,7000.0,2023-11-01
CUS_0x570b_2023_08_01,CUS_0x570b,2023-08-01,10,4,10000,1000.0,1000.0,0.0,6000.0,2023-12-01
CUS_0x570b_2023_08_01,CUS_0x570b,2023-08-01,10,5,10000,1000.0,1000.0,0.0,5000.0,2024-01-01
CUS_0x570b_2023_08_01,CUS_0x570b,2023-08-01,10,6,10000,1000.0,1000.0,0.0,4000.0,2024-02-01
CUS_0x570b_2023_08_01,CUS_0x570b,2023-08-01,10,7,10000,1000.0,1000.0,0.0,3000.0,2024-03-01
CUS_0x570b_2023_08_01,CUS_0x570b,2023-08-01,10,8,10000,1000.0,1000.0,0.0,2000.0,2024-04-01
CUS_0x570b_2023_08_01,CUS_0x570b,2023-08-01,10,9,10000,1000.0,1000.0,0.0,1000.0,2024-05-01
CUS_0x570b_2023_08_01,CUS_0x570b,2023-08-01,10,10,10000,1000.0,1000.0,0.0,0.0,2024-06-01
CUS_0x572_2023_09_01,CUS_0x572,2023-09-01,10,0,10000,0.0,0.0,0.0,10000.0,2023-09-01
CUS_0x572_2023_09_01,CUS_0x572,2023-09-01,10,1,10000,1000.0,1000.0,0.0,9000.0,2023-10-01
CUS_0x572_2023_09_01,CUS_0x572,2023-09-01,10,2,10000,1000.0,1000.0,0.0,8000.0,2023-11-01
CUS_0x572_2023_09_01,CUS_0x572,2023-09-01,10,3,10000,1000.0,1000.0,0.0,7000.0,2023-12-01
CUS_0x572_2023_09_01,CUS_0x572,2023-09-01,10,4,10000,1000.0,1000.0,0.0,6000.0,2024-01-01
CUS_0x572_2023_09_01,CUS_0x572,2023-09-01,10,5,10000,1000.0,1000.0,0.0,5000.0,2024-02-01
CUS_0x572_2023_09_01,CUS_0x572,2023-09-01,10,6,10000,1000.0,1000.0,0.0,4000.0,2024-03-01
CUS_0x572_2023_09_01,CUS_0x572,2023-09-01,10,7,10000,1000.0,1000.0,0.0,3000.0,2024-04-01
CUS_0x572_2023_09_01,CUS_0x572,2023-09-01,10,8,10000,1000.0,1000.0,0.0,2000.0,2024-05-01
CUS_0x572_2023_09_01,CUS_0x572,2023-09-01,10,9,10000,1000.0,1000.0,0.0,1000.0,2024-06-01
CUS_0x572_2023_09_01,CUS_0x572,2023-09-01,10,10,10000,1000.0,1000.0,0.0,0.0,2024-07-01
CUS_0x5761_2023_12_01,CUS_0x5761,2023-12-01,10,0,10000,0.0,0.0,0.0,10000.0,2023-12-01
CUS_0x5761_2023_12_01,CUS_0x5761,2023-12-01,10,1,10000,1000.0,0.0,1000.0,10000.0,2024-01-01
CUS_0x5761_2023_12_01,CUS_0x5761,2023-12-01,10,2,10000,1000.0,2000.0,0.0,8000.0,2024-02-01
CUS_0x5761_2023_12_01,CUS_0x5761,2023-12-01,10,3,10000,1000.0,0.0,1000.0,8000.0,2024-03-01
CUS_0x5761_2023_12_01,CUS_0x5761,2023-12-01,10,4,10000,1000.0,2000.0,0.0,6000.0,2024-04-01
CUS_0x5761_2023_12_01,CUS_0x5761,2023-12-01,10,5,10000,1000.0,0.0,1000.0,6000.0,2024-05-01
CUS_0x5761_2023_12_01,CUS_0x5761,2023-12-01,10,6,10000,1000.0,0.0,2000.0,6000.0,2024-06-01
CUS_0x5761_2023_12_01,CUS_0x5761,2023-12-01,10,7,10000,1000.0,0.0,3000.0,6000.0,2024-07-01
CUS_0x5761_2023_12_01,CUS_0x5761,2023-12-01,10,8,10000,1000.0,0.0,4000.0,6000.0,2024-08-01
CUS_0x5761_2023_12_01,CUS_0x5761,2023-12-01,10,9,10000,1000.0,0.0,5000.0,6000.0,2024-09-01
CUS_0x5761_2023_12_01,CUS_0x5761,2023-12-01,10,10,10000,1000.0,0.0,6000.0,6000.0,2024-10-01
CUS_0x5764_2024_03_01,CUS_0x5764,2024-03-01,10,0,10000,0.0,0.0,0.0,10000.0,2024-03-01
CUS_0x5764_2024_03_01,CUS_0x5764,2024-03-01,10,1,10000,1000.0,1000.0,0.0,9000.0,2024-04-01
CUS_0x5764_2024_03_01,CUS_0x5764,2024-03-01,10,2,10000,1000.0,0.0,1000.0,9000.0,2024-05-01
CUS_0x5764_2024_03_01,CUS_0x5764,2024-03-01,10,3,10000,1000.0,0.0,2000.0,9000.0,2024-06-01
CUS_0x5764_2024_03_01,CUS_0x5764,2024-03-01,10,4,10000,1000.0,0.0,3000.0,9000.0,2024-07-01
CUS_0x5764_2024_03_01,CUS_0x5764,2024-03-01,10,5,10000,1000.0,0.0,4000.0,9000.0,2024-08-01
CUS_0x5764_2024_03_01,CUS_0x5764,2024-03-01,10,6,10000,1000.0,0.0,5000.0,9000.0,2024-09-01
CUS_0x5764_2024_03_01,CUS_0x5764,2024-03-01,10,7,10000,1000.0,0.0,6000.0,9000.0,2024-10-01
CUS_0x5764_2024_03_01,CUS_0x5764,2024-03-01,10,8,10000,1000.0,0.0,7000.0,9000.0,2024-11-01
CUS_0x5764_2024_03_01,CUS_0x5764,2024-03-01,10,9,10000,1000.0,0.0,8000.0,9000.0,2024-12-01
CUS_0x5764_2024_03_01,CUS_0x5764,2024-03-01,10,10,10000,1000.0,0.0,9000.0,9000.0,2025-01-01
CUS_0x576c_2024_02_01,CUS_0x576c,2024-02-01,10,0,10000,0.0,0.0,0.0,10000.0,2024-02-01
CUS_0x576c_2024_02_01,CUS_0x576c,2024-02-01,10,1,10000,1000.0,1000.0,0.0,9000.0,2024-03-01
CUS_0x576c_2024_02_01,CUS_0x576c,2024-02-01,10,2,10000,1000.0,0.0,1000.0,9000.0,2024-04-01
CUS_0x576c_2024_02_01,CUS_0x576c,2024-02-01,10,3,10000,1000.0,0.0,2000.0,9000.0,2024-05-01
CUS_0x576c_2024_02_01,CUS_0x576c,2024-02-01,10,4,10000,1000.0,0.0,3000.0,9000.0,2024-06-01
CUS_0x576c_2024_02_01,CUS_0x576c,2024-02-01,10,5,10000,1000.0,0.0,4000.0,9000.0,2024-07-01
CUS_0x576c_2024_02_01,CUS_0x576c,2024-02-01,10,6,10000,1000.0,0.0,5000.0,9000.0,2024-08-01
CUS_0x576c_2024_02_01,CUS_0x576c,2024-02-01,10,7,10000,1000.0,0.0,6000.0,9000.0,2024-09-01
CUS_0x576c_2024_02_01,CUS_0x576c,2024-02-01,10,8,10000,1000.0,0.0,7000.0,9000.0,2024-10-01
CUS_0x576c_2024_02_01,CUS_0x576c,2024-02-01,10,9,10000,1000.0,0.0,8000.0,9000.0,2024-11-01
CUS_0x576c_2024_02_01,CUS_0x576c,2024-02-01,10,10,10000,1000.0,0.0,9000.0,9000.0,2024-12-01
CUS_0x57a1_2024_08_01,CUS_0x57a1,2024-08-01,10,0,10000,0.0,0.0,0.0,10000.0,2024-08-01
CUS_0x57a1_2024_08_01,CUS_0x57a1,2024-08-01,10,1,10000,1000.0,1000.0,0.0,9000.0,2024-09-01
CUS_0x57a1_2024_08_01,CUS_0x57a1,2024-08-01,10,2,10000,1000.0,1000.0,0.0,8000.0,2024-10-01
CUS_0x57a1_2024_08_01,CUS_0x57a1,2024-08-01,10,3,10000,1000.0,1000.0,0.0,7000.0,2024-11-01
CUS_0x57a1_2024_08_01,CUS_0x57a1,2024-08-01,10,4,10000,1000.0,1000.0,0.0,6000.0,2024-12-01
CUS_0x57a1_2024_08_01,CUS_0x57a1,2024-08-01,10,5,10000,1000.0,1000.0,0.0,5000.0,2025-01-01
CUS_0x57a1_2024_08_01,CUS_0x57a1,2024-08-01,10,6,10000,1000.0,1000.0,0.0,4000.0,2025-02-01
CUS_0x57a1_2024_08_01,CUS_0x57a1,2024-08-01,10,7,10000,1000.0,1000.0,0.0,3000.0,2025-03-01
CUS_0x57a1_2024_08_01,CUS_0x57a1,2024-08-01,10,8,10000,1000.0,1000.0,0.0,2000.0,2025-04-01
CUS_0x57a1_2024_08_01,CUS_0x57a1,2024-08-01,10,9,10000,1000.0,1000.0,0.0,1000.0,2025-05-01
CUS_0x57a1_2024_08_01,CUS_0x57a1,2024-08-01,10,10,10000,1000.0,1000.0,0.0,0.0,2025-06-01
CUS_0x57a7_2024_08_01,CUS_0x57a7,2024-08-01,10,0,10000,0.0,0.0,0.0,10000.0,2024-08-01
CUS_0x57a7_2024_08_01,CUS_0x57a7,2024-08-01,10,1,10000,1000.0,1000.0,0.0,9000.0,2024-09-01
CUS_0x57a7_2024_08_01,CUS_0x57a7,2024-08-01,10,2,10000,1000.0,1000.0,0.0,8000.0,2024-10-01
CUS_0x57a7_2024_08_01,CUS_0x57a7,2024-08-01,10,3,10000,1000.0,1000.0,0.0,7000.0,2024-11-01
CUS_0x57a7_2024_08_01,CUS_0x57a7,2024-08-01,10,4,10000,1000.0,1000.0,0.0,6000.0,2024-12-01
CUS_0x57a7_2024_08_01,CUS_0x57a7,2024-08-01,10,5,10000,1000.0,1000.0,0.0,5000.0,2025-01-01
CUS_0x57a7_2024_08_01,CUS_0x57a7,2024-08-01,10,6,10000,1000.0,1000.0,0.0,4000.0,2025-02-01
CUS_0x57a7_2024_08_01,CUS_0x57a7,2024-08-01,10,7,10000,1000.0,1000.0,0.0,3000.0,2025-03-01
CUS_0x57a7_2024_08_01,CUS_0x57a7,2024-08-01,10,8,10000,1000.0,1000.0,0.0,2000.0,2025-04-01
CUS_0x57a7_2024_08_01,CUS_0x57a7,2024-08-01,10,9,10000,1000.0,1000.0,0.0,1000.0,2025-05-01
CUS_0x57a7_2024_08_01,CUS_0x57a7,2024-08-01,10,10,10000,1000.0,1000.0,0.0,0.0,2025-06-01
CUS_0x57ea_2023_04_01,CUS_0x57ea,2023-04-01,10,0,10000,0.0,0.0,0.0,10000.0,2023-04-01
CUS_0x57ea_2023_04_01,CUS_0x57ea,2023-04-01,10,1,10000,1000.0,1000.0,0.0,9000.0,2023-05-01
CUS_0x57ea_2023_04_01,CUS_0x57ea,2023-04-01,10,2,10000,1000.0,1000.0,0.0,8000.0,2023-06-01
CUS_0x57ea_2023_04_01,CUS_0x57ea,2023-04-01,10,3,10000,1000.0,1000.0,0.0,7000.0,2023-07-01
CUS_0x57ea_2023_04_01,CUS_0x57ea,2023-04-01,10,4,10000,1000.0,1000.0,0.0,6000.0,2023-08-01
CUS_0x57ea_2023_04_01,CUS_0x57ea,2023-04-01,10,5,10000,1000.0,1000.0,0.0,5000.0,2023-09-01
CUS_0x57ea_2023_04_01,CUS_0x57ea,2023-04-01,10,6,10000,1000.0,1000.0,0.0,4000.0,2023-10-01
CUS_0x57ea_2023_04_01,CUS_0x57ea,2023-04-01,10,7,10000,1000.0,1000.0,0.0,3000.0,2023-11-01
CUS_0x57ea_2023_04_01,CUS_0x57ea,2023-04-01,10,8,10000,1000.0,1000.0,0.0,2000.0,2023-12-01
CUS_0x57ea_2023_04_01,CUS_0x57ea,2023-04-01,10,9,10000,1000.0,1000.0,0.0,1000.0,2024-01-01
CUS_0x57ea_2023_04_01,CUS_0x57ea,2023-04-01,10,10,10000,1000.0,1000.0,0.0,0.0,2024-02-01
CUS_0x581e_2024_03_01,CUS_0x581e,2024-03-01,10,0,10000,0.0,0.0,0.0,10000.0,2024-03-01
CUS_0x581e_2024_03_01,CUS_0x581e,2024-03-01,10,1,10000,1000.0,1000.0,0.0,9000.0,2024-04-01
CUS_0x581e_2024_03_01,CUS_0x581e,2024-03-01,10,2,10000,1000.0,1000.0,0.0,8000.0,2024-05-01
CUS_0x581e_2024_03_01,CUS_0x581e,2024-03-01,10,3,10000,1000.0,1000.0,0.0,7000.0,2024-06-01
CUS_0x581e_2024_03_01,CUS_0x581e,2024-03-01,10,4,10000,1000.0,1000.0,0.0,6000.0,2024-07-01
CUS_0x581e_2024_03_01,CUS_0x581e,2024-03-01,10,5,10000,1000.0,1000.0,0.0,5000.0,2024-08-01
CUS_0x581e_2024_03_01,CUS_0x581e,2024-03-01,10,6,10000,1000.0,1000.0,0.0,4000.0,2024-09-01
CUS_0x581e_2024_03_01,CUS_0x581e,2024-03-01,10,7,10000,1000.0,1000.0,0.0,3000.0,2024-10-01
CUS_0x581e_2024_03_01,CUS_0x581e,2024-03-01,10,8,10000,1000.0,1000.0,0.0,2000.0,2024-11-01
CUS_0x581e_2024_03_01,CUS_0x581e,2024-03-01,10,9,10000,1000.0,1000.0,0.0,1000.0,2024-12-01
CUS_0x581e_2024_03_01,CUS_0x581e,2024-03-01,10,10,10000,1000.0,1000.0,0.0,0.0,2025-01-01
CUS_0x584b_2023_07_01,CUS_0x584b,2023-07-01,10,0,10000,0.0,0.0,0.0,10000.0,2023-07-01
CUS_0x584b_2023_07_01,CUS_0x584b,2023-07-01,10,1,10000,1000.0,1000.0,0.0,9000.0,2023-08-01
CUS_0x584b_2023_07_01,CUS_0x584b,2023-07-01,10,2,10000,1000.0,1000.0,0.0,8000.0,2023-09-01
CUS_0x584b_2023_07_01,CUS_0x584b,2023-07-01,10,3,10000,1000.0,1000.0,0.0,7000.0,2023-10-01
CUS_0x584b_2023_07_01,CUS_0x584b,2023-07-01,10,4,10000,1000.0,1000.0,0.0,6000.0,2023-11-01
CUS_0x584b_2023_07_01,CUS_0x584b,2023-07-01,10,5,10000,1000.0,1000.0,0.0,5000.0,2023-12-01
CUS_0x584b_2023_07_01,CUS_0x584b,2023-07-01,10,6,10000,1000.0,1000.0,0.0,4000.0,2024-01-01
CUS_0x584b_2023_07_01,CUS_0x584b,2023-07-01,10,7,10000,1000.0,1000.0,0.0,3000.0,2024-02-01
CUS_0x584b_2023_07_01,CUS_0x584b,2023-07-01,10,8,10000,1000.0,1000.0,0.0,2000.0,2024-03-01
CUS_0x584b_2023_07_01,CUS_0x584b,2023-07-01,10,9,10000,1000.0,1000.0,0.0,1000.0,2024-04-01
CUS_0x584b_2023_07_01,CUS_0x584b,2023-07-01,10,10,10000,1000.0,1000.0,0.0,0.0,2024-05-01
CUS_0x5876_2023_03_01,CUS_0x5876,2023-03-01,10,0,10000,0.0,0.0,0.0,10000.0,2023-03-01
CUS_0x5876_2023_03_01,CUS_0x5876,2023-03-01,10,1,10000,1000.0,1000.0,0.0,9000.0,2023-04-01
CUS_0x5876_2023_03_01,CUS_0x5876,2023-03-01,10,2,10000,1000.0,1000.0,0.0,8000.0,2023-05-01
CUS_0x5876_2023_03_01,CUS_0x5876,2023-03-01,10,3,10000,1000.0,1000.0,0.0,7000.0,2023-06-01
CUS_0x5876_2023_03_01,CUS_0x5876,2023-03-01,10,4,10000,1000.0,1000.0,0.0,6000.0,2023-07-01
CUS_0x5876_2023_03_01,CUS_0x5876,2023-03-01,10,5,10000,1000.0,1000.0,0.0,5000.0,2023-08-01
CUS_0x5876_2023_03_01,CUS_0x5876,2023-03-01,10,6,10000,1000.0,1000.0,0.0,4000.0,2023-09-01
CUS_0x5876_2023_03_01,CUS_0x5876,2023-03-01,10,7,10000,1000.0,1000.0,0.0,3000.0,2023-10-01
CUS_0x5876_2023_03_01,CUS_0x5876,2023-03-01,10,8,10000,1000.0,1000.0,0.0,2000.0,2023-11-01
CUS_0x5876_2023_03_01,CUS_0x5876,2023-03-01,10,9,10000,1000.0,1000.0,0.0,1000.0,2023-12-01
CUS_0x5876_2023_03_01,CUS_0x5876,2023-03-01,10,10,10000,1000.0,1000.0,0.0,0.0,2024-01-01
CUS_0x58aa_2024_06_01,CUS_0x58aa,2024-06-01,10,0,10000,0.0,0.0,0.0,10000.0,2024-06-01
CUS_0x58aa_2024_06_01,CUS_0x58aa,2024-06-01,10,1,10000,1000.0,1000.0,0.0,9000.0,2024-07-01
CUS_0x58aa_2024_06_01,CUS_0x58aa,2024-06-01,10,2,10000,1000.0,1000.0,0.0,8000.0,2024-08-01
CUS_0x58aa_2024_06_01,CUS_0x58aa,2024-06-01,10,3,10000,1000.0,1000.0,0.0,7000.0,2024-09-01
CUS_0x58aa_2024_06_01,CUS_0x58aa,2024-06-01,10,4,10000,1000.0,1000.0,0.0,6000.0,2024-10-01
CUS_0x58aa_2024_06_01,CUS_0x58aa,2024-06-01,10,5,10000,1000.0,1000.0,0.0,5000.0,2024-11-01
CUS_0x58aa_2024_06_01,CUS_0x58aa,2024-06-01,10,6,10000,1000.0,1000.0,0.0,4000.0,2024-12-01
CUS_0x58aa_2024_06_01,CUS_0x58aa,2024-06-01,10,7,10000,1000.0,1000.0,0.0,3000.0,2025-01-01
CUS_0x58aa_2024_06_01,CUS_0x58aa,2024-06-01,10,8,10000,1000.0,1000.0,0.0,2000.0,2025-02-01
CUS_0x58aa_2024_06_01,CUS_0x58aa,2024-06-01,10,9,10000,1000.0,1000.0,0.0,1000.0,2025-03-01
CUS_0x58aa_2024_06_01,CUS_0x58aa,2024-06-01,10,10,10000,1000.0,1000.0,0.0,0.0,2025-04-01
CUS_0x58ad_2024_08_01,CUS_0x58ad,2024-08-01,10,0,10000,0.0,0.0,0.0,10000.0,2024-08-01
CUS_0x58ad_2024_08_01,CUS_0x58ad,2024-08-01,10,1,10000,1000.0,1000.0,0.0,9000.0,2024-09-01
CUS_0x58ad_2024_08_01,CUS_0x58ad,2024-08-01,10,2,10000,1000.0,1000.0,0.0,8000.0,2024-10-01
CUS_0x58ad_2024_08_01,CUS_0x58ad,2024-08-01,10,3,10000,1000.0,1000.0,0.0,7000.0,2024-11-01
CUS_0x58ad_2024_08_01,CUS_0x58ad,2024-08-01,10,4,10000,1000.0,1000.0,0.0,6000.0,2024-12-01
CUS_0x58ad_2024_08_01,CUS_0x58ad,2024-08-01,10,5,10000,1000.0,1000.0,0.0,5000.0,2025-01-01
CUS_0x58ad_2024_08_01,CUS_0x58ad,2024-08-01,10,6,10000,1000.0,1000.0,0.0,4000.0,2025-02-01
CUS_0x58ad_2024_08_01,CUS_0x58ad,2024-08-01,10,7,10000,1000.0,1000.0,0.0,3000.0,2025-03-01
CUS_0x58ad_2024_08_01,CUS_0x58ad,2024-08-01,10,8,10000,1000.0,1000.0,0.0,2000.0,2025-04-01
CUS_0x58ad_2024_08_01,CUS_0x58ad,2024-08-01,10,9,10000,1000.0,1000.0,0.0,1000.0,2025-05-01
CUS_0x58ad_2024_08_01,CUS_0x58ad,2024-08-01,10,10,10000,1000.0,1000.0,0.0,0.0,2025-06-01
CUS_0x58f_2023_10_01,CUS_0x58f,2023-10-01,10,0,10000,0.0,0.0,0.0,10000.0,2023-10-01
CUS_0x58f_2023_10_01,CUS_0x58f,2023-10-01,10,1,10000,1000.0,1000.0,0.0,9000.0,2023-11-01
CUS_0x58f_2023_10_01,CUS_0x58f,2023-10-01,10,2,10000,1000.0,1000.0,0.0,8000.0,2023-12-01
CUS_0x58f_2023_10_01,CUS_0x58f,2023-10-01,10,3,10000,1000.0,1000.0,0.0,7000.0,2024-01-01
CUS_0x58f_2023_10_01,CUS_0x58f,2023-10-01,10,4,10000,1000.0,1000.0,0.0,6000.0,2024-02-01
CUS_0x58f_2023_10_01,CUS_0x58f,2023-10-01,10,5,10000,1000.0,1000.0,0.0,5000.0,2024-03-01
CUS_0x58f_2023_10_01,CUS_0x58f,2023-10-01,10,6,10000,1000.0,1000.0,0.0,4000.0,2024-04-01
CUS_0x58f_2023_10_01,CUS_0x58f,2023-10-01,10,7,10000,1000.0,1000.0,0.0,3000.0,2024-05-01
CUS_0x58f_2023_10_01,CUS_0x58f,2023-10-01,10,8,10000,1000.0,1000.0,0.0,2000.0,2024-06-01
CUS_0x58f_2023_10_01,CUS_0x58f,2023-10-01,10,9,10000,1000.0,1000.0,0.0,1000.0,2024-07-01
CUS_0x58f_2023_10_01,CUS_0x58f,2023-10-01,10,10,10000,1000.0,1000.0,0.0,0.0,2024-08-01
CUS_0x590_2024_02_01,CUS_0x590,2024-02-01,10,0,10000,0.0,0.0,0.0,10000.0,2024-02-01
CUS_0x590_2024_02_01,CUS_0x590,2024-02-01,10,1,10000,1000.0,1000.0,0.0,9000.0,2024-03-01
CUS_0x590_2024_02_01,CUS_0x590,2024-02-01,10,2,10000,1000.0,1000.0,0.0,8000.0,2024-04-01
CUS_0x590_2024_02_01,CUS_0x590,2024-02-01,10,3,10000,1000.0,1000.0,0.0,7000.0,2024-05-01
CUS_0x590_2024_02_01,CUS_0x590,2024-02-01,10,4,10000,1000.0,0.0,1000.0,7000.0,2024-06-01
CUS_0x590_2024_02_01,CUS_0x590,2024-02-01,10,5,10000,1000.0,0.0,2000.0,7000.0,2024-07-01
CUS_0x590_2024_02_01,CUS_0x590,2024-02-01,10,6,10000,1000.0,0.0,3000.0,7000.0,2024-08-01
CUS_0x590_2024_02_01,CUS_0x590,2024-02-01,10,7,10000,1000.0,0.0,4000.0,7000.0,2024-09-01
CUS_0x590_2024_02_01,CUS_0x590,2024-02-01,10,8,10000,1000.0,0.0,5000.0,7000.0,2024-10-01
CUS_0x590_2024_02_01,CUS_0x590,2024-02-01,10,9,10000,1000.0,0.0,6000.0,7000.0,2024-11-01
CUS_0x590_2024_02_01,CUS_0x590,2024-02-01,10,10,10000,1000.0,0.0,7000.0,7000.0,2024-12-01
CUS_0x59a1_2023_06_01,CUS_0x59a1,2023-06-01,10,0,10000,0.0,0.0,0.0,10000.0,2023-06-01
CUS_0x59a1_2023_06_01,CUS_0x59a1,2023-06-01,10,1,10000,1000.0,1000.0,0.0,9000.0,2023-07-01
CUS_0x59a1_2023_06_01,CUS_0x59a1,2023-06-01,10,2,10000,1000.0,0.0,1000.0,9000.0,2023-08-01
CUS_0x59a1_2023_06_01,CUS_0x59a1,2023-06-01,10,3,10000,1000.0,0.0,2000.0,9000.0,2023-09-01
CUS_0x59a1_2023_06_01,CUS_0x59a1,2023-06-01,10,4,10000,1000.0,0.0,3000.0,9000.0,2023-10-01
CUS_0x59a1_2023_06_01,CUS_0x59a1,2023-06-01,10,5,10000,1000.0,0.0,4000.0,9000.0,2023-11-01
CUS_0x59a1_2023_06_01,CUS_0x59a1,2023-06-01,10,6,10000,1000.0,0.0,5000.0,9000.0,2023-12-01
CUS_0x59a1_2023_06_01,CUS_0x59a1,2023-06-01,10,7,10000,1000.0,0.0,6000.0,9000.0,2024-01-01
CUS_0x59a1_2023_06_01,CUS_0x59a1,2023-06-01,10,8,10000,1000.0,0.0,7000.0,9000.0,2024-02-01
CUS_0x59a1_2023_06_01,CUS_0x59a1,2023-06-01,10,9,10000,1000.0,0.0,8000.0,9000.0,2024-03-01
CUS_0x59a1_2023_06_01,CUS_0x59a1,2023-06-01,10,10,10000,1000.0,0.0,9000.0,9000.0,2024-04-01
CUS_0x5a0c_2023_12_01,CUS_0x5a0c,2023-12-01,10,0,10000,0.0,0.0,0.0,10000.0,2023-12-01
CUS_0x5a0c_2023_12_01,CUS_0x5a0c,2023-12-01,10,1,10000,1000.0,1000.0,0.0,9000.0,2024-01-01
CUS_0x5a0c_2023_12_01,CUS_0x5a0c,2023-12-01,10,2,10000,1000.0,0.0,1000.0,9000.0,2024-02-01
CUS_0x5a0c_2023_12_01,CUS_0x5a0c,2023-12-01,10,3,10000,1000.0,0.0,2000.0,9000.0,2024-03-01
CUS_0x5a0c_2023_12_01,CUS_0x5a0c,2023-12-01,10,4,10000,1000.0,0.0,3000.0,9000.0,2024-04-01
CUS_0x5a0c_2023_12_01,CUS_0x5a0c,2023-12-01,10,5,10000,1000.0,0.0,4000.0,9000.0,2024-05-01
CUS_0x5a0c_2023_12_01,CUS_0x5a0c,2023-12-01,10,6,10000,1000.0,0.0,5000.0,9000.0,2024-06-01
CUS_0x5a0c_2023_12_01,CUS_0x5a0c,2023-12-01,10,7,10000,1000.0,0.0,6000.0,9000.0,2024-07-01
CUS_0x5a0c_2023_12_01,CUS_0x5a0c,2023-12-01,10,8,10000,1000.0,0.0,7000.0,9000.0,2024-08-01
CUS_0x5a0c_2023_12_01,CUS_0x5a0c,2023-12-01,10,9,10000,1000.0,0.0,8000.0,9000.0,2024-09-01
CUS_0x5a0c_2023_12_01,CUS_0x5a0c,2023-12-01,10,10,10000,1000.0,0.0,9000.0,9000.0,2024-10-01
CUS_0x5a26_2024_11_01,CUS_0x5a26,2024-11-01,10,0,10000,0.0,0.0,0.0,10000.0,2024-11-01
CUS_0x5a26_2024_11_01,CUS_0x5a26,2024-11-01,10,1,10000,1000.0,1000.0,0.0,9000.0,2024-12-01
CUS_0x5a26_2024_11_01,CUS_0x5a26,2024-11-01,10,2,10000,1000.0,1000.0,0.0,8000.0,2025-01-01
CUS_0x5a26_2024_11_01,CUS_0x5a26,2024-11-01,10,3,10000,1000.0,1000.0,0.0,7000.0,2025-02-01
CUS_0x5a26_2024_11_01,CUS_0x5a26,2024-11-01,10,4,10000,1000.0,1000.0,0.0,6000.0,2025-03-01
CUS_0x5a26_2024_11_01,CUS_0x5a26,2024-11-01,10,5,10000,1000.0,1000.0,0.0,5000.0,2025-04-01
CUS_0x5a26_2024_11_01,CUS_0x5a26,2024-11-01,10,6,10000,1000.0,1000.0,0.0,4000.0,2025-05-01
CUS_0x5a26_2024_11_01,CUS_0x5a26,2024-11-01,10,7,10000,1000.0,1000.0,0.0,3000.0,2025-06-01
CUS_0x5a26_2024_11_01,CUS_0x5a26,2024-11-01,10,8,10000,1000.0,1000.0,0.0,2000.0,2025-07-01
CUS_0x5a26_2024_11_01,CUS_0x5a26,2024-11-01,10,9,10000,1000.0,1000.0,0.0,1000.0,2025-08-01
CUS_0x5a26_2024_11_01,CUS_0x5a26,2024-11-01,10,10,10000,1000.0,1000.0,0.0,0.0,2025-09-01
CUS_0x5a48_2024_03_01,CUS_0x5a48,2024-03-01,10,0,10000,0.0,0.0,0.0,10000.0,2024-03-01
CUS_0x5a48_2024_03_01,CUS_0x5a48,2024-03-01,10,1,10000,1000.0,1000.0,0.0,9000.0,2024-04-01
CUS_0x5a48_2024_03_01,CUS_0x5a48,2024-03-01,10,2,10000,1000.0,1000.0,0.0,8000.0,2024-05-01
CUS_0x5a48_2024_03_01,CUS_0x5a48,2024-03-01,10,3,10000,1000.0,0.0,1000.0,8000.0,2024-06-01
CUS_0x5a48_2024_03_01,CUS_0x5a48,2024-03-01,10,4,10000,1000.0,2000.0,0.0,6000.0,2024-07-01
CUS_0x5a48_2024_03_01,CUS_0x5a48,2024-03-01,10,5,10000,1000.0,0.0,1000.0,6000.0,2024-08-01
CUS_0x5a48_2024_03_01,CUS_0x5a48,2024-03-01,10,6,10000,1000.0,0.0,2000.0,6000.0,2024-09-01
CUS_0x5a48_2024_03_01,CUS_0x5a48,2024-03-01,10,7,10000,1000.0,0.0,3000.0,6000.0,2024-10-01
CUS_0x5a48_2024_03_01,CUS_0x5a48,2024-03-01,10,8,10000,1000.0,0.0,4000.0,6000.0,2024-11-01
CUS_0x5a48_2024_03_01,CUS_0x5a48,2024-03-01,10,9,10000,1000.0,0.0,5000.0,6000.0,2024-12-01
CUS_0x5a48_2024_03_01,CUS_0x5a48,2024-03-01,10,10,10000,1000.0,0.0,6000.0,6000.0,2025-01-01
CUS_0x5a58_2023_12_01,CUS_0x5a58,2023-12-01,10,0,10000,0.0,0.0,0.0,10000.0,2023-12-01
CUS_0x5a58_2023_12_01,CUS_0x5a58,2023-12-01,10,1,10000,1000.0,1000.0,0.0,9000.0,2024-01-01
CUS_0x5a58_2023_12_01,CUS_0x5a58,2023-12-01,10,2,10000,1000.0,1000.0,0.0,8000.0,2024-02-01
CUS_0x5a58_2023_12_01,CUS_0x5a58,2023-12-01,10,3,10000,1000.0,0.0,1000.0,8000.0,2024-03-01
CUS_0x5a58_2023_12_01,CUS_0x5a58,2023-12-01,10,4,10000,1000.0,0.0,2000.0,8000.0,2024-04-01
CUS_0x5a58_2023_12_01,CUS_0x5a58,2023-12-01,10,5,10000,1000.0,0.0,3000.0,8000.0,2024-05-01
CUS_0x5a58_2023_12_01,CUS_0x5a58,2023-12-01,10,6,10000,1000.0,0.0,4000.0,8000.0,2024-06-01
CUS_0x5a58_2023_12_01,CUS_0x5a58,2023-12-01,10,7,10000,1000.0,0.0,5000.0,8000.0,2024-07-01
CUS_0x5a58_2023_12_01,CUS_0x5a58,2023-12-01,10,8,10000,1000.0,0.0,6000.0,8000.0,2024-08-01
CUS_0x5a58_2023_12_01,CUS_0x5a58,2023-12-01,10,9,10000,1000.0,0.0,7000.0,8000.0,2024-09-01
CUS_0x5a58_2023_12_01,CUS_0x5a58,2023-12-01,10,10,10000,1000.0,0.0,8000.0,8000.0,2024-10-01
CUS_0x5a9e_2023_08_01,CUS_0x5a9e,2023-08-01,10,0,10000,0.0,0.0,0.0,10000.0,2023-08-01
CUS_0x5a9e_2023_08_01,CUS_0x5a9e,2023-08-01,10,1,10000,1000.0,1000.0,0.0,9000.0,2023-09-01
CUS_0x5a9e_2023_08_01,CUS_0x5a9e,2023-08-01,10,2,10000,1000.0,1000.0,0.0,8000.0,2023-10-01
CUS_0x5a9e_2023_08_01,CUS_0x5a9e,2023-08-01,10,3,10000,1000.0,1000.0,0.0,7000.0,2023-11-01
CUS_0x5a9e_2023_08_01,CUS_0x5a9e,2023-08-01,10,4,10000,1000.0,1000.0,0.0,6000.0,2023-12-01
CUS_0x5a9e_2023_08_01,CUS_0x5a9e,2023-08-01,10,5,10000,1000.0,1000.0,0.0,5000.0,2024-01-01
CUS_0x5a9e_2023_08_01,CUS_0x5a9e,2023-08-01,10,6,10000,1000.0,1000.0,0.0,4000.0,2024-02-01
CUS_0x5a9e_2023_08_01,CUS_0x5a9e,2023-08-01,10,7,10000,1000.0,1000.0,0.0,3000.0,2024-03-01
CUS_0x5a9e_2023_08_01,CUS_0x5a9e,2023-08-01,10,8,10000,1000.0,1000.0,0.0,2000.0,2024-04-01
CUS_0x5a9e_2023_08_01,CUS_0x5a9e,2023-08-01,10,9,10000,1000.0,1000.0,0.0,1000.0,2024-05-01
CUS_0x5a9e_2023_08_01,CUS_0x5a9e,2023-08-01,10,10,10000,1000.0,1000.0,0.0,0.0,2024-06-01
CUS_0x5af1_2024_08_01,CUS_0x5af1,2024-08-01,10,0,10000,0.0,0.0,0.0,10000.0,2024-08-01
CUS_0x5af1_2024_08_01,CUS_0x5af1,2024-08-01,10,1,10000,1000.0,1000.0,0.0,9000.0,2024-09-01
CUS_0x5af1_2024_08_01,CUS_0x5af1,2024-08-01,10,2,10000,1000.0,1000.0,0.0,8000.0,2024-10-01
CUS_0x5af1_2024_08_01,CUS_0x5af1,2024-08-01,10,3,10000,1000.0,1000.0,0.0,7000.0,2024-11-01
CUS_0x5af1_2024_08_01,CUS_0x5af1,2024-08-01,10,4,10000,1000.0,1000.0,0.0,6000.0,2024-12-01
CUS_0x5af1_2024_08_01,CUS_0x5af1,2024-08-01,10,5,10000,1000.0,1000.0,0.0,5000.0,2025-01-01
CUS_0x5af1_2024_08_01,CUS_0x5af1,2024-08-01,10,6,10000,1000.0,1000.0,0.0,4000.0,2025-02-01
CUS_0x5af1_2024_08_01,CUS_0x5af1,2024-08-01,10,7,10000,1000.0,1000.0,0.0,3000.0,2025-03-01
CUS_0x5af1_2024_08_01,CUS_0x5af1,2024-08-01,10,8,10000,1000.0,1000.0,0.0,2000.0,2025-04-01
CUS_0x5af1_2024_08_01,CUS_0x5af1,2024-08-01,10,9,10000,1000.0,1000.0,0.0,1000.0,2025-05-01
CUS_0x5af1_2024_08_01,CUS_0x5af1,2024-08-01,10,10,10000,1000.0,1000.0,0.0,0.0,2025-06-01
CUS_0x5b64_2024_02_01,CUS_0x5b64,2024-02-01,10,0,10000,0.0,0.0,0.0,10000.0,2024-02-01
CUS_0x5b64_2024_02_01,CUS_0x5b64,2024-02-01,10,1,10000,1000.0,1000.0,0.0,9000.0,2024-03-01
CUS_0x5b64_2024_02_01,CUS_0x5b64,2024-02-01,10,2,10000,1000.0,1000.0,0.0,8000.0,2024-04-01
CUS_0x5b64_2024_02_01,CUS_0x5b64,2024-02-01,10,3,10000,1000.0,1000.0,0.0,7000.0,2024-05-01
CUS_0x5b64_2024_02_01,CUS_0x5b64,2024-02-01,10,4,10000,1000.0,1000.0,0.0,6000.0,2024-06-01
CUS_0x5b64_2024_02_01,CUS_0x5b64,2024-02-01,10,5,10000,1000.0,1000.0,0.0,5000.0,2024-07-01
CUS_0x5b64_2024_02_01,CUS_0x5b64,2024-02-01,10,6,10000,1000.0,1000.0,0.0,4000.0,2024-08-01
CUS_0x5b64_2024_02_01,CUS_0x5b64,2024-02-01,10,7,10000,1000.0,1000.0,0.0,3000.0,2024-09-01
CUS_0x5b64_2024_02_01,CUS_0x5b64,2024-02-01,10,8,10000,1000.0,1000.0,0.0,2000.0,2024-10-01
CUS_0x5b64_2024_02_01,CUS_0x5b64,2024-02-01,10,9,10000,1000.0,1000.0,0.0,1000.0,2024-11-01
CUS_0x5b64_2024_02_01,CUS_0x5b64,2024-02-01,10,10,10000,1000.0,1000.0,0.0,0.0,2024-12-01
CUS_0x5b6c_2023_04_01,CUS_0x5b6c,2023-04-01,10,0,10000,0.0,0.0,0.0,10000.0,2023-04-01
CUS_0x5b6c_2023_04_01,CUS_0x5b6c,2023-04-01,10,1,10000,1000.0,0.0,1000.0,10000.0,2023-05-01
CUS_0x5b6c_2023_04_01,CUS_0x5b6c,2023-04-01,10,2,10000,1000.0,2000.0,0.0,8000.0,2023-06-01
CUS_0x5b6c_2023_04_01,CUS_0x5b6c,2023-04-01,10,3,10000,1000.0,1000.0,0.0,7000.0,2023-07-01
CUS_0x5b6c_2023_04_01,CUS_0x5b6c,2023-04-01,10,4,10000,1000.0,0.0,1000.0,7000.0,2023-08-01
CUS_0x5b6c_2023_04_01,CUS_0x5b6c,2023-04-01,10,5,10000,1000.0,0.0,2000.0,7000.0,2023-09-01
CUS_0x5b6c_2023_04_01,CUS_0x5b6c,2023-04-01,10,6,10000,1000.0,0.0,3000.0,7000.0,2023-10-01
CUS_0x5b6c_2023_04_01,CUS_0x5b6c,2023-04-01,10,7,10000,1000.0,0.0,4000.0,7000.0,2023-11-01
CUS_0x5b6c_2023_04_01,CUS_0x5b6c,2023-04-01,10,8,10000,1000.0,0.0,5000.0,7000.0,2023-12-01
CUS_0x5b6c_2023_04_01,CUS_0x5b6c,2023-04-01,10,9,10000,1000.0,0.0,6000.0,7000.0,2024-01-01
CUS_0x5b6c_2023_04_01,CUS_0x5b6c,2023-04-01,10,10,10000,1000.0,0.0,7000.0,7000.0,2024-02-01
CUS_0x5b77_2024_10_01,CUS_0x5b77,2024-10-01,10,0,10000,0.0,0.0,0.0,10000.0,2024-10-01
CUS_0x5b77_2024_10_01,CUS_0x5b77,2024-10-01,10,1,10000,1000.0,1000.0,0.0,9000.0,2024-11-01
CUS_0x5b77_2024_10_01,CUS_0x5b77,2024-10-01,10,2,10000,1000.0,1000.0,0.0,8000.0,2024-12-01
CUS_0x5b77_2024_10_01,CUS_0x5b77,2024-10-01,10,3,10000,1000.0,1000.0,0.0,7000.0,2025-01-01
CUS_0x5b77_2024_10_01,CUS_0x5b77,2024-10-01,10,4,10000,1000.0,1000.0,0.0,6000.0,2025-02-01
CUS_0x5b77_2024_10_01,CUS_0x5b77,2024-10-01,10,5,10000,1000.0,1000.0,0.0,5000.0,2025-03-01
CUS_0x5b77_2024_10_01,CUS_0x5b77,2024-10-01,10,6,10000,1000.0,1000.0,0.0,4000.0,2025-04-01
CUS_0x5b77_2024_10_01,CUS_0x5b77,2024-10-01,10,7,10000,1000.0,1000.0,0.0,3000.0,2025-05-01
CUS_0x5b77_2024_10_01,CUS_0x5b77,2024-10-01,10,8,10000,1000.0,1000.0,0.0,2000.0,2025-06-01
CUS_0x5b77_2024_10_01,CUS_0x5b77,2024-10-01,10,9,10000,1000.0,1000.0,0.0,1000.0,2025-07-01
CUS_0x5b77_2024_10_01,CUS_0x5b77,2024-10-01,10,10,10000,1000.0,1000.0,0.0,0.0,2025-08-01
CUS_0x5bb9_2024_01_01,CUS_0x5bb9,2024-01-01,10,0,10000,0.0,0.0,0.0,10000.0,2024-01-01
CUS_0x5bb9_2024_01_01,CUS_0x5bb9,2024-01-01,10,1,10000,1000.0,1000.0,0.0,9000.0,2024-02-01
CUS_0x5bb9_2024_01_01,CUS_0x5bb9,2024-01-01,10,2,10000,1000.0,1000.0,0.0,8000.0,2024-03-01
CUS_0x5bb9_2024_01_01,CUS_0x5bb9,2024-01-01,10,3,10000,1000.0,0.0,1000.0,8000.0,2024-04-01
CUS_0x5bb9_2024_01_01,CUS_0x5bb9,2024-01-01,10,4,10000,1000.0,0.0,2000.0,8000.0,2024-05-01
CUS_0x5bb9_2024_01_01,CUS_0x5bb9,2024-01-01,10,5,10000,1000.0,0.0,3000.0,8000.0,2024-06-01
CUS_0x5bb9_2024_01_01,CUS_0x5bb9,2024-01-01,10,6,10000,1000.0,0.0,4000.0,8000.0,2024-07-01
CUS_0x5bb9_2024_01_01,CUS_0x5bb9,2024-01-01,10,7,10000,1000.0,0.0,5000.0,8000.0,2024-08-01
CUS_0x5bb9_2024_01_01,CUS_0x5bb9,2024-01-01,10,8,10000,1000.0,0.0,6000.0,8000.0,2024-09-01
CUS_0x5bb9_2024_01_01,CUS_0x5bb9,2024-01-01,10,9,10000,1000.0,0.0,7000.0,8000.0,2024-10-01
CUS_0x5bb9_2024_01_01,CUS_0x5bb9,2024-01-01,10,10,10000,1000.0,0.0,8000.0,8000.0,2024-11-01
CUS_0x5bf_2023_03_01,CUS_0x5bf,2023-03-01,10,0,10000,0.0,0.0,0.0,10000.0,2023-03-01
CUS_0x5bf_2023_03_01,CUS_0x5bf,2023-03-01,10,1,10000,1000.0,1000.0,0.0,9000.0,2023-04-01
CUS_0x5bf_2023_03_01,CUS_0x5bf,2023-03-01,10,2,10000,1000.0,1000.0,0.0,8000.0,2023-05-01
CUS_0x5bf_2023_03_01,CUS_0x5bf,2023-03-01,10,3,10000,1000.0,0.0,1000.0,8000.0,2023-06-01
CUS_0x5bf_2023_03_01,CUS_0x5bf,2023-03-01,10,4,10000,1000.0,0.0,2000.0,8000.0,2023-07-01
CUS_0x5bf_2023_03_01,CUS_0x5bf,2023-03-01,10,5,10000,1000.0,0.0,3000.0,8000.0,2023-08-01
CUS_0x5bf_2023_03_01,CUS_0x5bf,2023-03-01,10,6,10000,1000.0,0.0,4000.0,8000.0,2023-09-01
CUS_0x5bf_2023_03_01,CUS_0x5bf,2023-03-01,10,7,10000,1000.0,0.0,5000.0,8000.0,2023-10-01
CUS_0x5bf_2023_03_01,CUS_0x5bf,2023-03-01,10,8,10000,1000.0,0.0,6000.0,8000.0,2023-11-01
CUS_0x5bf_2023_03_01,CUS_0x5bf,2023-03-01,10,9,10000,1000.0,0.0,7000.0,8000.0,2023-12-01
CUS_0x5bf_2023_03_01,CUS_0x5bf,2023-03-01,10,10,10000,1000.0,0.0,8000.0,8000.0,2024-01-01
CUS_0x5c1c_2023_03_01,CUS_0x5c1c,2023-03-01,10,0,10000,0.0,0.0,0.0,10000.0,2023-03-01
CUS_0x5c1c_2023_03_01,CUS_0x5c1c,2023-03-01,10,1,10000,1000.0,1000.0,0.0,9000.0,2023-04-01
CUS_0x5c1c_2023_03_01,CUS_0x5c1c,2023-03-01,10,2,10000,1000.0,0.0,1000.0,9000.0,2023-05-01
CUS_0x5c1c_2023_03_01,CUS_0x5c1c,2023-03-01,10,3,10000,1000.0,0.0,2000.0,9000.0,2023-06-01
CUS_0x5c1c_2023_03_01,CUS_0x5c1c,2023-03-01,10,4,10000,1000.0,3000.0,0.0,6000.0,2023-07-01
CUS_0x5c1c_2023_03_01,CUS_0x5c1c,2023-03-01,10,5,10000,1000.0,0.0,1000.0,6000.0,2023-08-01
CUS_0x5c1c_2023_03_01,CUS_0x5c1c,2023-03-01,10,6,10000,1000.0,0.0,2000.0,6000.0,2023-09-01
CUS_0x5c1c_2023_03_01,CUS_0x5c1c,2023-03-01,10,7,10000,1000.0,0.0,3000.0,6000.0,2023-10-01
CUS_0x5c1c_2023_03_01,CUS_0x5c1c,2023-03-01,10,8,10000,1000.0,0.0,4000.0,6000.0,2023-11-01
CUS_0x5c1c_2023_03_01,CUS_0x5c1c,2023-03-01,10,9,10000,1000.0,0.0,5000.0,6000.0,2023-12-01
CUS_0x5c1c_2023_03_01,CUS_0x5c1c,2023-03-01,10,10,10000,1000.0,0.0,6000.0,6000.0,2024-01-01
CUS_0x5c44_2024_06_01,CUS_0x5c44,2024-06-01,10,0,10000,0.0,0.0,0.0,10000.0,2024-06-01
CUS_0x5c44_2024_06_01,CUS_0x5c44,2024-06-01,10,1,10000,1000.0,1000.0,0.0,9000.0,2024-07-01
CUS_0x5c44_2024_06_01,CUS_0x5c44,2024-06-01,10,2,10000,1000.0,1000.0,0.0,8000.0,2024-08-01
CUS_0x5c44_2024_06_01,CUS_0x5c44,2024-06-01,10,3,10000,1000.0,1000.0,0.0,7000.0,2024-09-01
CUS_0x5c44_2024_06_01,CUS_0x5c44,2024-06-01,10,4,10000,1000.0,1000.0,0.0,6000.0,2024-10-01
CUS_0x5c44_2024_06_01,CUS_0x5c44,2024-06-01,10,5,10000,1000.0,1000.0,0.0,5000.0,2024-11-01
CUS_0x5c44_2024_06_01,CUS_0x5c44,2024-06-01,10,6,10000,1000.0,1000.0,0.0,4000.0,2024-12-01
CUS_0x5c44_2024_06_01,CUS_0x5c44,2024-06-01,10,7,10000,1000.0,1000.0,0.0,3000.0,2025-01-01
CUS_0x5c44_2024_06_01,CUS_0x5c44,2024-06-01,10,8,10000,1000.0,1000.0,0.0,2000.0,2025-02-01
CUS_0x5c44_2024_06_01,CUS_0x5c44,2024-06-01,10,9,10000,1000.0,1000.0,0.0,1000.0,2025-03-01
CUS_0x5c44_2024_06_01,CUS_0x5c44,2024-06-01,10,10,10000,1000.0,1000.0,0.0,0.0,2025-04-01
CUS_0x5c45_2024_08_01,CUS_0x5c45,2024-08-01,10,0,10000,0.0,0.0,0.0,10000.0,2024-08-01
CUS_0x5c45_2024_08_01,CUS_0x5c45,2024-08-01,10,1,10000,1000.0,1000.0,0.0,9000.0,2024-09-01
CUS_0x5c45_2024_08_01,CUS_0x5c45,2024-08-01,10,2,10000,1000.0,1000.0,0.0,8000.0,2024-10-01
CUS_0x5c45_2024_08_01,CUS_0x5c45,2024-08-01,10,3,10000,1000.0,1000.0,0.0,7000.0,2024-11-01
CUS_0x5c45_2024_08_01,CUS_0x5c45,2024-08-01,10,4,10000,1000.0,1000.0,0.0,6000.0,2024-12-01
CUS_0x5c45_2024_08_01,CUS_0x5c45,2024-08-01,10,5,10000,1000.0,1000.0,0.0,5000.0,2025-01-01
CUS_0x5c45_2024_08_01,CUS_0x5c45,2024-08-01,10,6,10000,1000.0,1000.0,0.0,4000.0,2025-02-01
CUS_0x5c45_2024_08_01,CUS_0x5c45,2024-08-01,10,7,10000,1000.0,1000.0,0.0,3000.0,2025-03-01
CUS_0x5c45_2024_08_01,CUS_0x5c45,2024-08-01,10,8,10000,1000.0,1000.0,0.0,2000.0,2025-04-01
CUS_0x5c45_2024_08_01,CUS_0x5c45,2024-08-01,10,9,10000,1000.0,1000.0,0.0,1000.0,2025-05-01
CUS_0x5c45_2024_08_01,CUS_0x5c45,2024-08-01,10,10,10000,1000.0,1000.0,0.0,0.0,2025-06-01
CUS_0x5c59_2024_02_01,CUS_0x5c59,2024-02-01,10,0,10000,0.0,0.0,0.0,10000.0,2024-02-01
CUS_0x5c59_2024_02_01,CUS_0x5c59,2024-02-01,10,1,10000,1000.0,1000.0,0.0,9000.0,2024-03-01
CUS_0x5c59_2024_02_01,CUS_0x5c59,2024-02-01,10,2,10000,1000.0,0.0,1000.0,9000.0,2024-04-01
CUS_0x5c59_2024_02_01,CUS_0x5c59,2024-02-01,10,3,10000,1000.0,2000.0,0.0,7000.0,2024-05-01
CUS_0x5c59_2024_02_01,CUS_0x5c59,2024-02-01,10,4,10000,1000.0,0.0,1000.0,7000.0,2024-06-01
CUS_0x5c59_2024_02_01,CUS_0x5c59,2024-02-01,10,5,10000,1000.0,0.0,2000.0,7000.0,2024-07-01
CUS_0x5c59_2024_02_01,CUS_0x5c59,2024-02-01,10,6,10000,1000.0,0.0,3000.0,7000.0,2024-08-01
CUS_0x5c59_2024_02_01,CUS_0x5c59,2024-02-01,10,7,10000,1000.0,0.0,4000.0,7000.0,2024-09-01
CUS_0x5c59_2024_02_01,CUS_0x5c59,2024-02-01,10,8,10000,1000.0,0.0,5000.0,7000.0,2024-10-01
CUS_0x5c59_2024_02_01,CUS_0x5c59,2024-02-01,10,9,10000,1000.0,0.0,6000.0,7000.0,2024-11-01
CUS_0x5c59_2024_02_01,CUS_0x5c59,2024-02-01,10,10,10000,1000.0,0.0,7000.0,7000.0,2024-12-01
CUS_0x5c7a_2023_06_01,CUS_0x5c7a,2023-06-01,10,0,10000,0.0,0.0,0.0,10000.0,2023-06-01
CUS_0x5c7a_2023_06_01,CUS_0x5c7a,2023-06-01,10,1,10000,1000.0,1000.0,0.0,9000.0,2023-07-01
CUS_0x5c7a_2023_06_01,CUS_0x5c7a,2023-06-01,10,2,10000,1000.0,0.0,1000.0,9000.0,2023-08-01
CUS_0x5c7a_2023_06_01,CUS_0x5c7a,2023-06-01,10,3,10000,1000.0,0.0,2000.0,9000.0,2023-09-01
CUS_0x5c7a_2023_06_01,CUS_0x5c7a,2023-06-01,10,4,10000,1000.0,0.0,3000.0,9000.0,2023-10-01
CUS_0x5c7a_2023_06_01,CUS_0x5c7a,2023-06-01,10,5,10000,1000.0,0.0,4000.0,9000.0,2023-11-01
CUS_0x5c7a_2023_06_01,CUS_0x5c7a,2023-06-01,10,6,10000,1000.0,0.0,5000.0,9000.0,2023-12-01
CUS_0x5c7a_2023_06_01,CUS_0x5c7a,2023-06-01,10,7,10000,1000.0,0.0,6000.0,9000.0,2024-01-01
CUS_0x5c7a_2023_06_01,CUS_0x5c7a,2023-06-01,10,8,10000,1000.0,0.0,7000.0,9000.0,2024-02-01
CUS_0x5c7a_2023_06_01,CUS_0x5c7a,2023-06-01,10,9,10000,1000.0,0.0,8000.0,9000.0,2024-03-01
CUS_0x5c7a_2023_06_01,CUS_0x5c7a,2023-06-01,10,10,10000,1000.0,0.0,9000.0,9000.0,2024-04-01
CUS_0x5cf2_2023_11_01,CUS_0x5cf2,2023-11-01,10,0,10000,0.0,0.0,0.0,10000.0,2023-11-01
CUS_0x5cf2_2023_11_01,CUS_0x5cf2,2023-11-01,10,1,10000,1000.0,1000.0,0.0,9000.0,2023-12-01
CUS_0x5cf2_2023_11_01,CUS_0x5cf2,2023-11-01,10,2,10000,1000.0,1000.0,0.0,8000.0,2024-01-01
CUS_0x5cf2_2023_11_01,CUS_0x5cf2,2023-11-01,10,3,10000,1000.0,1000.0,0.0,7000.0,2024-02-01
CUS_0x5cf2_2023_11_01,CUS_0x5cf2,2023-11-01,10,4,10000,1000.0,1000.0,0.0,6000.0,2024-03-01
CUS_0x5cf2_2023_11_01,CUS_0x5cf2,2023-11-01,10,5,10000,1000.0,1000.0,0.0,5000.0,2024-04-01
CUS_0x5cf2_2023_11_01,CUS_0x5cf2,2023-11-01,10,6,10000,1000.0,1000.0,0.0,4000.0,2024-05-01
CUS_0x5cf2_2023_11_01,CUS_0x5cf2,2023-11-01,10,7,10000,1000.0,1000.0,0.0,3000.0,2024-06-01
CUS_0x5cf2_2023_11_01,CUS_0x5cf2,2023-11-01,10,8,10000,1000.0,1000.0,0.0,2000.0,2024-07-01
CUS_0x5cf2_2023_11_01,CUS_0x5cf2,2023-11-01,10,9,10000,1000.0,1000.0,0.0,1000.0,2024-08-01
CUS_0x5cf2_2023_11_01,CUS_0x5cf2,2023-11-01,10,10,10000,1000.0,1000.0,0.0,0.0,2024-09-01
CUS_0x5cff_2024_02_01,CUS_0x5cff,2024-02-01,10,0,10000,0.0,0.0,0.0,10000.0,2024-02-01
CUS_0x5cff_2024_02_01,CUS_0x5cff,2024-02-01,10,1,10000,1000.0,1000.0,0.0,9000.0,2024-03-01
CUS_0x5cff_2024_02_01,CUS_0x5cff,2024-02-01,10,2,10000,1000.0,1000.0,0.0,8000.0,2024-04-01
CUS_0x5cff_2024_02_01,CUS_0x5cff,2024-02-01,10,3,10000,1000.0,1000.0,0.0,7000.0,2024-05-01
CUS_0x5cff_2024_02_01,CUS_0x5cff,2024-02-01,10,4,10000,1000.0,1000.0,0.0,6000.0,2024-06-01
CUS_0x5cff_2024_02_01,CUS_0x5cff,2024-02-01,10,5,10000,1000.0,1000.0,0.0,5000.0,2024-07-01
CUS_0x5cff_2024_02_01,CUS_0x5cff,2024-02-01,10,6,10000,1000.0,1000.0,0.0,4000.0,2024-08-01
CUS_0x5cff_2024_02_01,CUS_0x5cff,2024-02-01,10,7,10000,1000.0,1000.0,0.0,3000.0,2024-09-01
CUS_0x5cff_2024_02_01,CUS_0x5cff,2024-02-01,10,8,10000,1000.0,1000.0,0.0,2000.0,2024-10-01
CUS_0x5cff_2024_02_01,CUS_0x5cff,2024-02-01,10,9,10000,1000.0,1000.0,0.0,1000.0,2024-11-01
CUS_0x5cff_2024_02_01,CUS_0x5cff,2024-02-01,10,10,10000,1000.0,1000.0,0.0,0.0,2024-12-01
CUS_0x5d50_2023_06_01,CUS_0x5d50,2023-06-01,10,0,10000,0.0,0.0,0.0,10000.0,2023-06-01
CUS_0x5d50_2023_06_01,CUS_0x5d50,2023-06-01,10,1,10000,1000.0,1000.0,0.0,9000.0,2023-07-01
CUS_0x5d50_2023_06_01,CUS_0x5d50,2023-06-01,10,2,10000,1000.0,1000.0,0.0,8000.0,2023-08-01
CUS_0x5d50_2023_06_01,CUS_0x5d50,2023-06-01,10,3,10000,1000.0,1000.0,0.0,7000.0,2023-09-01
CUS_0x5d50_2023_06_01,CUS_0x5d50,2023-06-01,10,4,10000,1000.0,1000.0,0.0,6000.0,2023-10-01
CUS_0x5d50_2023_06_01,CUS_0x5d50,2023-06-01,10,5,10000,1000.0,1000.0,0.0,5000.0,2023-11-01
CUS_0x5d50_2023_06_01,CUS_0x5d50,2023-06-01,10,6,10000,1000.0,1000.0,0.0,4000.0,2023-12-01
CUS_0x5d50_2023_06_01,CUS_0x5d50,2023-06-01,10,7,10000,1000.0,1000.0,0.0,3000.0,2024-01-01
CUS_0x5d50_2023_06_01,CUS_0x5d50,2023-06-01,10,8,10000,1000.0,1000.0,0.0,2000.0,2024-02-01
CUS_0x5d50_2023_06_01,CUS_0x5d50,2023-06-01,10,9,10000,1000.0,1000.0,0.0,1000.0,2024-03-01
CUS_0x5d50_2023_06_01,CUS_0x5d50,2023-06-01,10,10,10000,1000.0,1000.0,0.0,0.0,2024-04-01
CUS_0x5d5c_2023_03_01,CUS_0x5d5c,2023-03-01,10,0,10000,0.0,0.0,0.0,10000.0,2023-03-01
CUS_0x5d5c_2023_03_01,CUS_0x5d5c,2023-03-01,10,1,10000,1000.0,0.0,1000.0,10000.0,2023-04-01
CUS_0x5d5c_2023_03_01,CUS_0x5d5c,2023-03-01,10,2,10000,1000.0,2000.0,0.0,8000.0,2023-05-01
CUS_0x5d5c_2023_03_01,CUS_0x5d5c,2023-03-01,10,3,10000,1000.0,0.0,1000.0,8000.0,2023-06-01
CUS_0x5d5c_2023_03_01,CUS_0x5d5c,2023-03-01,10,4,10000,1000.0,2000.0,0.0,6000.0,2023-07-01
CUS_0x5d5c_2023_03_01,CUS_0x5d5c,2023-03-01,10,5,10000,1000.0,0.0,1000.0,6000.0,2023-08-01
CUS_0x5d5c_2023_03_01,CUS_0x5d5c,2023-03-01,10,6,10000,1000.0,0.0,2000.0,6000.0,2023-09-01
CUS_0x5d5c_2023_03_01,CUS_0x5d5c,2023-03-01,10,7,10000,1000.0,0.0,3000.0,6000.0,2023-10-01
CUS_0x5d5c_2023_03_01,CUS_0x5d5c,2023-03-01,10,8,10000,1000.0,0.0,4000.0,6000.0,2023-11-01
CUS_0x5d5c_2023_03_01,CUS_0x5d5c,2023-03-01,10,9,10000,1000.0,0.0,5000.0,6000.0,2023-12-01
CUS_0x5d5c_2023_03_01,CUS_0x5d5c,2023-03-01,10,10,10000,1000.0,0.0,6000.0,6000.0,2024-01-01
CUS_0x5d6d_2023_12_01,CUS_0x5d6d,2023-12-01,10,0,10000,0.0,0.0,0.0,10000.0,2023-12-01
CUS_0x5d6d_2023_12_01,CUS_0x5d6d,2023-12-01,10,1,10000,1000.0,1000.0,0.0,9000.0,2024-01-01
CUS_0x5d6d_2023_12_01,CUS_0x5d6d,2023-12-01,10,2,10000,1000.0,1000.0,0.0,8000.0,2024-02-01
CUS_0x5d6d_2023_12_01,CUS_0x5d6d,2023-12-01,10,3,10000,1000.0,1000.0,0.0,7000.0,2024-03-01
CUS_0x5d6d_2023_12_01,CUS_0x5d6d,2023-12-01,10,4,10000,1000.0,1000.0,0.0,6000.0,2024-04-01
CUS_0x5d6d_2023_12_01,CUS_0x5d6d,2023-12-01,10,5,10000,1000.0,1000.0,0.0,5000.0,2024-05-01
CUS_0x5d6d_2023_12_01,CUS_0x5d6d,2023-12-01,10,6,10000,1000.0,1000.0,0.0,4000.0,2024-06-01
CUS_0x5d6d_2023_12_01,CUS_0x5d6d,2023-12-01,10,7,10000,1000.0,1000.0,0.0,3000.0,2024-07-01
CUS_0x5d6d_2023_12_01,CUS_0x5d6d,2023-12-01,10,8,10000,1000.0,1000.0,0.0,2000.0,2024-08-01
CUS_0x5d6d_2023_12_01,CUS_0x5d6d,2023-12-01,10,9,10000,1000.0,1000.0,0.0,1000.0,2024-09-01
CUS_0x5d6d_2023_12_01,CUS_0x5d6d,2023-12-01,10,10,10000,1000.0,1000.0,0.0,0.0,2024-10-01
CUS_0x5d77_2023_05_01,CUS_0x5d77,2023-05-01,10,0,10000,0.0,0.0,0.0,10000.0,2023-05-01
CUS_0x5d77_2023_05_01,CUS_0x5d77,2023-05-01,10,1,10000,1000.0,1000.0,0.0,9000.0,2023-06-01
CUS_0x5d77_2023_05_01,CUS_0x5d77,2023-05-01,10,2,10000,1000.0,1000.0,0.0,8000.0,2023-07-01
CUS_0x5d77_2023_05_01,CUS_0x5d77,2023-05-01,10,3,10000,1000.0,0.0,1000.0,8000.0,2023-08-01
CUS_0x5d77_2023_05_01,CUS_0x5d77,2023-05-01,10,4,10000,1000.0,0.0,2000.0,8000.0,2023-09-01
CUS_0x5d77_2023_05_01,CUS_0x5d77,2023-05-01,10,5,10000,1000.0,0.0,3000.0,8000.0,2023-10-01
CUS_0x5d77_2023_05_01,CUS_0x5d77,2023-05-01,10,6,10000,1000.0,0.0,4000.0,8000.0,2023-11-01
CUS_0x5d77_2023_05_01,CUS_0x5d77,2023-05-01,10,7,10000,1000.0,0.0,5000.0,8000.0,2023-12-01
CUS_0x5d77_2023_05_01,CUS_0x5d77,2023-05-01,10,8,10000,1000.0,0.0,6000.0,8000.0,2024-01-01
CUS_0x5d77_2023_05_01,CUS_0x5d77,2023-05-01,10,9,10000,1000.0,0.0,7000.0,8000.0,2024-02-01
CUS_0x5d77_2023_05_01,CUS_0x5d77,2023-05-01,10,10,10000,1000.0,0.0,8000.0,8000.0,2024-03-01
CUS_0x5d7c_2023_02_01,CUS_0x5d7c,2023-02-01,10,0,10000,0.0,0.0,0.0,10000.0,2023-02-01
CUS_0x5d7c_2023_02_01,CUS_0x5d7c,2023-02-01,10,1,10000,1000.0,1000.0,0.0,9000.0,2023-03-01
CUS_0x5d7c_2023_02_01,CUS_0x5d7c,2023-02-01,10,2,10000,1000.0,1000.0,0.0,8000.0,2023-04-01
CUS_0x5d7c_2023_02_01,CUS_0x5d7c,2023-02-01,10,3,10000,1000.0,1000.0,0.0,7000.0,2023-05-01
CUS_0x5d7c_2023_02_01,CUS_0x5d7c,2023-02-01,10,4,10000,1000.0,1000.0,0.0,6000.0,2023-06-01
CUS_0x5d7c_2023_02_01,CUS_0x5d7c,2023-02-01,10,5,10000,1000.0,1000.0,0.0,5000.0,2023-07-01
CUS_0x5d7c_2023_02_01,CUS_0x5d7c,2023-02-01,10,6,10000,1000.0,1000.0,0.0,4000.0,2023-08-01
CUS_0x5d7c_2023_02_01,CUS_0x5d7c,2023-02-01,10,7,10000,1000.0,1000.0,0.0,3000.0,2023-09-01
CUS_0x5d7c_2023_02_01,CUS_0x5d7c,2023-02-01,10,8,10000,1000.0,1000.0,0.0,2000.0,2023-10-01
CUS_0x5d7c_2023_02_01,CUS_0x5d7c,2023-02-01,10,9,10000,1000.0,1000.0,0.0,1000.0,2023-11-01
CUS_0x5d7c_2023_02_01,CUS_0x5d7c,2023-02-01,10,10,10000,1000.0,1000.0,0.0,0.0,2023-12-01
CUS_0x5d95_2024_07_01,CUS_0x5d95,2024-07-01,10,0,10000,0.0,0.0,0.0,10000.0,2024-07-01
CUS_0x5d95_2024_07_01,CUS_0x5d95,2024-07-01,10,1,10000,1000.0,1000.0,0.0,9000.0,2024-08-01
CUS_0x5d95_2024_07_01,CUS_0x5d95,2024-07-01,10,2,10000,1000.0,1000.0,0.0,8000.0,2024-09-01
CUS_0x5d95_2024_07_01,CUS_0x5d95,2024-07-01,10,3,10000,1000.0,0.0,1000.0,8000.0,2024-10-01
CUS_0x5d95_2024_07_01,CUS_0x5d95,2024-07-01,10,4,10000,1000.0,0.0,2000.0,8000.0,2024-11-01
CUS_0x5d95_2024_07_01,CUS_0x5d95,2024-07-01,10,5,10000,1000.0,0.0,3000.0,8000.0,2024-12-01
CUS_0x5d95_2024_07_01,CUS_0x5d95,2024-07-01,10,6,10000,1000.0,0.0,4000.0,8000.0,2025-01-01
CUS_0x5d95_2024_07_01,CUS_0x5d95,2024-07-01,10,7,10000,1000.0,0.0,5000.0,8000.0,2025-02-01
CUS_0x5d95_2024_07_01,CUS_0x5d95,2024-07-01,10,8,10000,1000.0,0.0,6000.0,8000.0,2025-03-01
CUS_0x5d95_2024_07_01,CUS_0x5d95,2024-07-01,10,9,10000,1000.0,0.0,7000.0,8000.0,2025-04-01
CUS_0x5d95_2024_07_01,CUS_0x5d95,2024-07-01,10,10,10000,1000.0,0.0,8000.0,8000.0,2025-05-01
CUS_0x5da7_2025_01_01,CUS_0x5da7,2025-01-01,10,0,10000,0.0,0.0,0.0,10000.0,2025-01-01
CUS_0x5da7_2025_01_01,CUS_0x5da7,2025-01-01,10,1,10000,1000.0,1000.0,0.0,9000.0,2025-02-01
CUS_0x5da7_2025_01_01,CUS_0x5da7,2025-01-01,10,2,10000,1000.0,1000.0,0.0,8000.0,2025-03-01
CUS_0x5da7_2025_01_01,CUS_0x5da7,2025-01-01,10,3,10000,1000.0,1000.0,0.0,7000.0,2025-04-01
CUS_0x5da7_2025_01_01,CUS_0x5da7,2025-01-01,10,4,10000,1000.0,1000.0,0.0,6000.0,2025-05-01
CUS_0x5da7_2025_01_01,CUS_0x5da7,2025-01-01,10,5,10000,1000.0,1000.0,0.0,5000.0,2025-06-01
CUS_0x5da7_2025_01_01,CUS_0x5da7,2025-01-01,10,6,10000,1000.0,1000.0,0.0,4000.0,2025-07-01
CUS_0x5da7_2025_01_01,CUS_0x5da7,2025-01-01,10,7,10000,1000.0,1000.0,0.0,3000.0,2025-08-01
CUS_0x5da7_2025_01_01,CUS_0x5da7,2025-01-01,10,8,10000,1000.0,1000.0,0.0,2000.0,2025-09-01
CUS_0x5da7_2025_01_01,CUS_0x5da7,2025-01-01,10,9,10000,1000.0,1000.0,0.0,1000.0,2025-10-01
CUS_0x5da7_2025_01_01,CUS_0x5da7,2025-01-01,10,10,10000,1000.0,1000.0,0.0,0.0,2025-11-01
CUS_0x5db0_2023_11_01,CUS_0x5db0,2023-11-01,10,0,10000,0.0,0.0,0.0,10000.0,2023-11-01
CUS_0x5db0_2023_11_01,CUS_0x5db0,2023-11-01,10,1,10000,1000.0,1000.0,0.0,9000.0,2023-12-01
CUS_0x5db0_2023_11_01,CUS_0x5db0,2023-11-01,10,2,10000,1000.0,1000.0,0.0,8000.0,2024-01-01
CUS_0x5db0_2023_11_01,CUS_0x5db0,2023-11-01,10,3,10000,1000.0,0.0,1000.0,8000.0,2024-02-01
CUS_0x5db0_2023_11_01,CUS_0x5db0,2023-11-01,10,4,10000,1000.0,0.0,2000.0,8000.0,2024-03-01
CUS_0x5db0_2023_11_01,CUS_0x5db0,2023-11-01,10,5,10000,1000.0,0.0,3000.0,8000.0,2024-04-01
CUS_0x5db0_2023_11_01,CUS_0x5db0,2023-11-01,10,6,10000,1000.0,0.0,4000.0,8000.0,2024-05-01
CUS_0x5db0_2023_11_01,CUS_0x5db0,2023-11-01,10,7,10000,1000.0,0.0,5000.0,8000.0,2024-06-01
CUS_0x5db0_2023_11_01,CUS_0x5db0,2023-11-01,10,8,10000,1000.0,0.0,6000.0,8000.0,2024-07-01
CUS_0x5db0_2023_11_01,CUS_0x5db0,2023-11-01,10,9,10000,1000.0,0.0,7000.0,8000.0,2024-08-01
CUS_0x5db0_2023_11_01,CUS_0x5db0,2023-11-01,10,10,10000,1000.0,0.0,8000.0,8000.0,2024-09-01
CUS_0x5db9_2024_02_01,CUS_0x5db9,2024-02-01,10,0,10000,0.0,0.0,0.0,10000.0,2024-02-01
CUS_0x5db9_2024_02_01,CUS_0x5db9,2024-02-01,10,1,10000,1000.0,1000.0,0.0,9000.0,2024-03-01
CUS_0x5db9_2024_02_01,CUS_0x5db9,2024-02-01,10,2,10000,1000.0,1000.0,0.0,8000.0,2024-04-01
CUS_0x5db9_2024_02_01,CUS_0x5db9,2024-02-01,10,3,10000,1000.0,1000.0,0.0,7000.0,2024-05-01
CUS_0x5db9_2024_02_01,CUS_0x5db9,2024-02-01,10,4,10000,1000.0,1000.0,0.0,6000.0,2024-06-01
CUS_0x5db9_2024_02_01,CUS_0x5db9,2024-02-01,10,5,10000,1000.0,1000.0,0.0,5000.0,2024-07-01
CUS_0x5db9_2024_02_01,CUS_0x5db9,2024-02-01,10,6,10000,1000.0,1000.0,0.0,4000.0,2024-08-01
CUS_0x5db9_2024_02_01,CUS_0x5db9,2024-02-01,10,7,10000,1000.0,1000.0,0.0,3000.0,2024-09-01
CUS_0x5db9_2024_02_01,CUS_0x5db9,2024-02-01,10,8,10000,1000.0,1000.0,0.0,2000.0,2024-10-01
CUS_0x5db9_2024_02_01,CUS_0x5db9,2024-02-01,10,9,10000,1000.0,1000.0,0.0,1000.0,2024-11-01
CUS_0x5db9_2024_02_01,CUS_0x5db9,2024-02-01,10,10,10000,1000.0,1000.0,0.0,0.0,2024-12-01
CUS_0x5dca_2024_02_01,CUS_0x5dca,2024-02-01,10,0,10000,0.0,0.0,0.0,10000.0,2024-02-01
CUS_0x5dca_2024_02_01,CUS_0x5dca,2024-02-01,10,1,10000,1000.0,1000.0,0.0,9000.0,2024-03-01
CUS_0x5dca_2024_02_01,CUS_0x5dca,2024-02-01,10,2,10000,1000.0,1000.0,0.0,8000.0,2024-04-01
CUS_0x5dca_2024_02_01,CUS_0x5dca,2024-02-01,10,3,10000,1000.0,1000.0,0.0,7000.0,2024-05-01
CUS_0x5dca_2024_02_01,CUS_0x5dca,2024-02-01,10,4,10000,1000.0,1000.0,0.0,6000.0,2024-06-01
CUS_0x5dca_2024_02_01,CUS_0x5dca,2024-02-01,10,5,10000,1000.0,1000.0,0.0,5000.0,2024-07-01
CUS_0x5dca_2024_02_01,CUS_0x5dca,2024-02-01,10,6,10000,1000.0,1000.0,0.0,4000.0,2024-08-01
CUS_0x5dca_2024_02_01,CUS_0x5dca,2024-02-01,10,7,10000,1000.0,1000.0,0.0,3000.0,2024-09-01
CUS_0x5dca_2024_02_01,CUS_0x5dca,2024-02-01,10,8,10000,1000.0,1000.0,0.0,2000.0,2024-10-01
CUS_0x5dca_2024_02_01,CUS_0x5dca,2024-02-01,10,9,10000,1000.0,1000.0,0.0,1000.0,2024-11-01
CUS_0x5dca_2024_02_01,CUS_0x5dca,2024-02-01,10,10,10000,1000.0,1000.0,0.0,0.0,2024-12-01
CUS_0x5de2_2023_08_01,CUS_0x5de2,2023-08-01,10,0,10000,0.0,0.0,0.0,10000.0,2023-08-01
CUS_0x5de2_2023_08_01,CUS_0x5de2,2023-08-01,10,1,10000,1000.0,1000.0,0.0,9000.0,2023-09-01
CUS_0x5de2_2023_08_01,CUS_0x5de2,2023-08-01,10,2,10000,1000.0,1000.0,0.0,8000.0,2023-10-01
CUS_0x5de2_2023_08_01,CUS_0x5de2,2023-08-01,10,3,10000,1000.0,1000.0,0.0,7000.0,2023-11-01
CUS_0x5de2_2023_08_01,CUS_0x5de2,2023-08-01,10,4,10000,1000.0,1000.0,0.0,6000.0,2023-12-01
CUS_0x5de2_2023_08_01,CUS_0x5de2,2023-08-01,10,5,10000,1000.0,1000.0,0.0,5000.0,2024-01-01
CUS_0x5de2_2023_08_01,CUS_0x5de2,2023-08-01,10,6,10000,1000.0,1000.0,0.0,4000.0,2024-02-01
CUS_0x5de2_2023_08_01,CUS_0x5de2,2023-08-01,10,7,10000,1000.0,1000.0,0.0,3000.0,2024-03-01
CUS_0x5de2_2023_08_01,CUS_0x5de2,2023-08-01,10,8,10000,1000.0,1000.0,0.0,2000.0,2024-04-01
CUS_0x5de2_2023_08_01,CUS_0x5de2,2023-08-01,10,9,10000,1000.0,1000.0,0.0,1000.0,2024-05-01
CUS_0x5de2_2023_08_01,CUS_0x5de2,2023-08-01,10,10,10000,1000.0,1000.0,0.0,0.0,2024-06-01
CUS_0x5e43_2024_01_01,CUS_0x5e43,2024-01-01,10,0,10000,0.0,0.0,0.0,10000.0,2024-01-01
CUS_0x5e43_2024_01_01,CUS_0x5e43,2024-01-01,10,1,10000,1000.0,1000.0,0.0,9000.0,2024-02-01
CUS_0x5e43_2024_01_01,CUS_0x5e43,2024-01-01,10,2,10000,1000.0,1000.0,0.0,8000.0,2024-03-01
CUS_0x5e43_2024_01_01,CUS_0x5e43,2024-01-01,10,3,10000,1000.0,1000.0,0.0,7000.0,2024-04-01
CUS_0x5e43_2024_01_01,CUS_0x5e43,2024-01-01,10,4,10000,1000.0,1000.0,0.0,6000.0,2024-05-01
CUS_0x5e43_2024_01_01,CUS_0x5e43,2024-01-01,10,5,10000,1000.0,1000.0,0.0,5000.0,2024-06-01
CUS_0x5e43_2024_01_01,CUS_0x5e43,2024-01-01,10,6,10000,1000.0,1000.0,0.0,4000.0,2024-07-01
CUS_0x5e43_2024_01_01,CUS_0x5e43,2024-01-01,10,7,10000,1000.0,1000.0,0.0,3000.0,2024-08-01
CUS_0x5e43_2024_01_01,CUS_0x5e43,2024-01-01,10,8,10000,1000.0,1000.0,0.0,2000.0,2024-09-01
CUS_0x5e43_2024_01_01,CUS_0x5e43,2024-01-01,10,9,10000,1000.0,1000.0,0.0,1000.0,2024-10-01
CUS_0x5e43_2024_01_01,CUS_0x5e43,2024-01-01,10,10,10000,1000.0,1000.0,0.0,0.0,2024-11-01
CUS_0x5e52_2023_04_01,CUS_0x5e52,2023-04-01,10,0,10000,0.0,0.0,0.0,10000.0,2023-04-01
CUS_0x5e52_2023_04_01,CUS_0x5e52,2023-04-01,10,1,10000,1000.0,1000.0,0.0,9000.0,2023-05-01
CUS_0x5e52_2023_04_01,CUS_0x5e52,2023-04-01,10,2,10000,1000.0,1000.0,0.0,8000.0,2023-06-01
CUS_0x5e52_2023_04_01,CUS_0x5e52,2023-04-01,10,3,10000,1000.0,1000.0,0.0,7000.0,2023-07-01
CUS_0x5e52_2023_04_01,CUS_0x5e52,2023-04-01,10,4,10000,1000.0,1000.0,0.0,6000.0,2023-08-01
CUS_0x5e52_2023_04_01,CUS_0x5e52,2023-04-01,10,5,10000,1000.0,1000.0,0.0,5000.0,2023-09-01
CUS_0x5e52_2023_04_01,CUS_0x5e52,2023-04-01,10,6,10000,1000.0,1000.0,0.0,4000.0,2023-10-01
CUS_0x5e52_2023_04_01,CUS_0x5e52,2023-04-01,10,7,10000,1000.0,1000.0,0.0,3000.0,2023-11-01
CUS_0x5e52_2023_04_01,CUS_0x5e52,2023-04-01,10,8,10000,1000.0,1000.0,0.0,2000.0,2023-12-01
CUS_0x5e52_2023_04_01,CUS_0x5e52,2023-04-01,10,9,10000,1000.0,1000.0,0.0,1000.0,2024-01-01
CUS_0x5e52_2023_04_01,CUS_0x5e52,2023-04-01,10,10,10000,1000.0,1000.0,0.0,0.0,2024-02-01
CUS_0x5ee1_2023_05_01,CUS_0x5ee1,2023-05-01,10,0,10000,0.0,0.0,0.0,10000.0,2023-05-01
CUS_0x5ee1_2023_05_01,CUS_0x5ee1,2023-05-01,10,1,10000,1000.0,1000.0,0.0,9000.0,2023-06-01
CUS_0x5ee1_2023_05_01,CUS_0x5ee1,2023-05-01,10,2,10000,1000.0,1000.0,0.0,8000.0,2023-07-01
CUS_0x5ee1_2023_05_01,CUS_0x5ee1,2023-05-01,10,3,10000,1000.0,1000.0,0.0,7000.0,2023-08-01
CUS_0x5ee1_2023_05_01,CUS_0x5ee1,2023-05-01,10,4,10000,1000.0,1000.0,0.0,6000.0,2023-09-01
CUS_0x5ee1_2023_05_01,CUS_0x5ee1,2023-05-01,10,5,10000,1000.0,1000.0,0.0,5000.0,2023-10-01
CUS_0x5ee1_2023_05_01,CUS_0x5ee1,2023-05-01,10,6,10000,1000.0,1000.0,0.0,4000.0,2023-11-01
CUS_0x5ee1_2023_05_01,CUS_0x5ee1,2023-05-01,10,7,10000,1000.0,1000.0,0.0,3000.0,2023-12-01
CUS_0x5ee1_2023_05_01,CUS_0x5ee1,2023-05-01,10,8,10000,1000.0,1000.0,0.0,2000.0,2024-01-01
CUS_0x5ee1_2023_05_01,CUS_0x5ee1,2023-05-01,10,9,10000,1000.0,1000.0,0.0,1000.0,2024-02-01
CUS_0x5ee1_2023_05_01,CUS_0x5ee1,2023-05-01,10,10,10000,1000.0,1000.0,0.0,0.0,2024-03-01
CUS_0x5ef3_2023_04_01,CUS_0x5ef3,2023-04-01,10,0,10000,0.0,0.0,0.0,10000.0,2023-04-01
CUS_0x5ef3_2023_04_01,CUS_0x5ef3,2023-04-01,10,1,10000,1000.0,1000.0,0.0,9000.0,2023-05-01
CUS_0x5ef3_2023_04_01,CUS_0x5ef3,2023-04-01,10,2,10000,1000.0,1000.0,0.0,8000.0,2023-06-01
CUS_0x5ef3_2023_04_01,CUS_0x5ef3,2023-04-01,10,3,10000,1000.0,1000.0,0.0,7000.0,2023-07-01
CUS_0x5ef3_2023_04_01,CUS_0x5ef3,2023-04-01,10,4,10000,1000.0,1000.0,0.0,6000.0,2023-08-01
CUS_0x5ef3_2023_04_01,CUS_0x5ef3,2023-04-01,10,5,10000,1000.0,1000.0,0.0,5000.0,2023-09-01
CUS_0x5ef3_2023_04_01,CUS_0x5ef3,2023-04-01,10,6,10000,1000.0,1000.0,0.0,4000.0,2023-10-01
CUS_0x5ef3_2023_04_01,CUS_0x5ef3,2023-04-01,10,7,10000,1000.0,1000.0,0.0,3000.0,2023-11-01
CUS_0x5ef3_2023_04_01,CUS_0x5ef3,2023-04-01,10,8,10000,1000.0,1000.0,0.0,2000.0,2023-12-01
CUS_0x5ef3_2023_04_01,CUS_0x5ef3,2023-04-01,10,9,10000,1000.0,1000.0,0.0,1000.0,2024-01-01
CUS_0x5ef3_2023_04_01,CUS_0x5ef3,2023-04-01,10,10,10000,1000.0,1000.0,0.0,0.0,2024-02-01
CUS_0x5f15_2024_04_01,CUS_0x5f15,2024-04-01,10,0,10000,0.0,0.0,0.0,10000.0,2024-04-01
CUS_0x5f15_2024_04_01,CUS_0x5f15,2024-04-01,10,1,10000,1000.0,1000.0,0.0,9000.0,2024-05-01
CUS_0x5f15_2024_04_01,CUS_0x5f15,2024-04-01,10,2,10000,1000.0,1000.0,0.0,8000.0,2024-06-01
CUS_0x5f15_2024_04_01,CUS_0x5f15,2024-04-01,10,3,10000,1000.0,1000.0,0.0,7000.0,2024-07-01
CUS_0x5f15_2024_04_01,CUS_0x5f15,2024-04-01,10,4,10000,1000.0,1000.0,0.0,6000.0,2024-08-01
CUS_0x5f15_2024_04_01,CUS_0x5f15,2024-04-01,10,5,10000,1000.0,1000.0,0.0,5000.0,2024-09-01
CUS_0x5f15_2024_04_01,CUS_0x5f15,2024-04-01,10,6,10000,1000.0,1000.0,0.0,4000.0,2024-10-01
CUS_0x5f15_2024_04_01,CUS_0x5f15,2024-04-01,10,7,10000,1000.0,1000.0,0.0,3000.0,2024-11-01
CUS_0x5f15_2024_04_01,CUS_0x5f15,2024-04-01,10,8,10000,1000.0,1000.0,0.0,2000.0,2024-12-01
CUS_0x5f15_2024_04_01,CUS_0x5f15,2024-04-01,10,9,10000,1000.0,1000.0,0.0,1000.0,2025-01-01
CUS_0x5f15_2024_04_01,CUS_0x5f15,2024-04-01,10,10,10000,1000.0,1000.0,0.0,0.0,2025-02-01
CUS_0x5f3f_2024_01_01,CUS_0x5f3f,2024-01-01,10,0,10000,0.0,0.0,0.0,10000.0,2024-01-01
CUS_0x5f3f_2024_01_01,CUS_0x5f3f,2024-01-01,10,1,10000,1000.0,1000.0,0.0,9000.0,2024-02-01
CUS_0x5f3f_2024_01_01,CUS_0x5f3f,2024-01-01,10,2,10000,1000.0,1000.0,0.0,8000.0,2024-03-01
CUS_0x5f3f_2024_01_01,CUS_0x5f3f,2024-01-01,10,3,10000,1000.0,1000.0,0.0,7000.0,2024-04-01
CUS_0x5f3f_2024_01_01,CUS_0x5f3f,2024-01-01,10,4,10000,1000.0,0.0,1000.0,7000.0,2024-05-01
CUS_0x5f3f_2024_01_01,CUS_0x5f3f,2024-01-01,10,5,10000,1000.0,0.0,2000.0,7000.0,2024-06-01
CUS_0x5f3f_2024_01_01,CUS_0x5f3f,2024-01-01,10,6,10000,1000.0,0.0,3000.0,7000.0,2024-07-01
CUS_0x5f3f_2024_01_01,CUS_0x5f3f,2024-01-01,10,7,10000,1000.0,0.0,4000.0,7000.0,2024-08-01
CUS_0x5f3f_2024_01_01,CUS_0x5f3f,2024-01-01,10,8,10000,1000.0,0.0,5000.0,7000.0,2024-09-01
CUS_0x5f3f_2024_01_01,CUS_0x5f3f,2024-01-01,10,9,10000,1000.0,0.0,6000.0,7000.0,2024-10-01
CUS_0x5f3f_2024_01_01,CUS_0x5f3f,2024-01-01,10,10,10000,1000.0,0.0,7000.0,7000.0,2024-11-01
CUS_0x5f49_2025_01_01,CUS_0x5f49,2025-01-01,10,0,10000,0.0,0.0,0.0,10000.0,2025-01-01
CUS_0x5f49_2025_01_01,CUS_0x5f49,2025-01-01,10,1,10000,1000.0,1000.0,0.0,9000.0,2025-02-01
CUS_0x5f49_2025_01_01,CUS_0x5f49,2025-01-01,10,2,10000,1000.0,1000.0,0.0,8000.0,2025-03-01
CUS_0x5f49_2025_01_01,CUS_0x5f49,2025-01-01,10,3,10000,1000.0,1000.0,0.0,7000.0,2025-04-01
CUS_0x5f49_2025_01_01,CUS_0x5f49,2025-01-01,10,4,10000,1000.0,1000.0,0.0,6000.0,2025-05-01
CUS_0x5f49_2025_01_01,CUS_0x5f49,2025-01-01,10,5,10000,1000.0,1000.0,0.0,5000.0,2025-06-01
CUS_0x5f49_2025_01_01,CUS_0x5f49,2025-01-01,10,6,10000,1000.0,1000.0,0.0,4000.0,2025-07-01
CUS_0x5f49_2025_01_01,CUS_0x5f49,2025-01-01,10,7,10000,1000.0,1000.0,0.0,3000.0,2025-08-01
CUS_0x5f49_2025_01_01,CUS_0x5f49,2025-01-01,10,8,10000,1000.0,1000.0,0.0,2000.0,2025-09-01
CUS_0x5f49_2025_01_01,CUS_0x5f49,2025-01-01,10,9,10000,1000.0,1000.0,0.0,1000.0,2025-10-01
CUS_0x5f49_2025_01_01,CUS_0x5f49,2025-01-01,10,10,10000,1000.0,1000.0,0.0,0.0,2025-11-01
CUS_0x5f6e_2024_06_01,CUS_0x5f6e,2024-06-01,10,0,10000,0.0,0.0,0.0,10000.0,2024-06-01
CUS_0x5f6e_2024_06_01,CUS_0x5f6e,2024-06-01,10,1,10000,1000.0,1000.0,0.0,9000.0,2024-07-01
CUS_0x5f6e_2024_06_01,CUS_0x5f6e,2024-06-01,10,2,10000,1000.0,1000.0,0.0,8000.0,2024-08-01
CUS_0x5f6e_2024_06_01,CUS_0x5f6e,2024-06-01,10,3,10000,1000.0,1000.0,0.0,7000.0,2024-09-01
CUS_0x5f6e_2024_06_01,CUS_0x5f6e,2024-06-01,10,4,10000,1000.0,1000.0,0.0,6000.0,2024-10-01
CUS_0x5f6e_2024_06_01,CUS_0x5f6e,2024-06-01,10,5,10000,1000.0,1000.0,0.0,5000.0,2024-11-01
CUS_0x5f6e_2024_06_01,CUS_0x5f6e,2024-06-01,10,6,10000,1000.0,1000.0,0.0,4000.0,2024-12-01
CUS_0x5f6e_2024_06_01,CUS_0x5f6e,2024-06-01,10,7,10000,1000.0,1000.0,0.0,3000.0,2025-01-01
CUS_0x5f6e_2024_06_01,CUS_0x5f6e,2024-06-01,10,8,10000,1000.0,1000.0,0.0,2000.0,2025-02-01
CUS_0x5f6e_2024_06_01,CUS_0x5f6e,2024-06-01,10,9,10000,1000.0,1000.0,0.0,1000.0,2025-03-01
CUS_0x5f6e_2024_06_01,CUS_0x5f6e,2024-06-01,10,10,10000,1000.0,1000.0,0.0,0.0,2025-04-01
CUS_0x5fca_2023_11_01,CUS_0x5fca,2023-11-01,10,0,10000,0.0,0.0,0.0,10000.0,2023-11-01
CUS_0x5fca_2023_11_01,CUS_0x5fca,2023-11-01,10,1,10000,1000.0,1000.0,0.0,9000.0,2023-12-01
CUS_0x5fca_2023_11_01,CUS_0x5fca,2023-11-01,10,2,10000,1000.0,1000.0,0.0,8000.0,2024-01-01
CUS_0x5fca_2023_11_01,CUS_0x5fca,2023-11-01,10,3,10000,1000.0,1000.0,0.0,7000.0,2024-02-01
CUS_0x5fca_2023_11_01,CUS_0x5fca,2023-11-01,10,4,10000,1000.0,1000.0,0.0,6000.0,2024-03-01
CUS_0x5fca_2023_11_01,CUS_0x5fca,2023-11-01,10,5,10000,1000.0,1000.0,0.0,5000.0,2024-04-01
CUS_0x5fca_2023_11_01,CUS_0x5fca,2023-11-01,10,6,10000,1000.0,1000.0,0.0,4000.0,2024-05-01
CUS_0x5fca_2023_11_01,CUS_0x5fca,2023-11-01,10,7,10000,1000.0,1000.0,0.0,3000.0,2024-06-01
CUS_0x5fca_2023_11_01,CUS_0x5fca,2023-11-01,10,8,10000,1000.0,1000.0,0.0,2000.0,2024-07-01
CUS_0x5fca_2023_11_01,CUS_0x5fca,2023-11-01,10,9,10000,1000.0,1000.0,0.0,1000.0,2024-08-01
CUS_0x5fca_2023_11_01,CUS_0x5fca,2023-11-01,10,10,10000,1000.0,1000.0,0.0,0.0,2024-09-01
CUS_0x5fcd_2023_11_01,CUS_0x5fcd,2023-11-01,10,0,10000,0.0,0.0,0.0,10000.0,2023-11-01
CUS_0x5fcd_2023_11_01,CUS_0x5fcd,2023-11-01,10,1,10000,1000.0,1000.0,0.0,9000.0,2023-12-01
CUS_0x5fcd_2023_11_01,CUS_0x5fcd,2023-11-01,10,2,10000,1000.0,1000.0,0.0,8000.0,2024-01-01
CUS_0x5fcd_2023_11_01,CUS_0x5fcd,2023-11-01,10,3,10000,1000.0,1000.0,0.0,7000.0,2024-02-01
CUS_0x5fcd_2023_11_01,CUS_0x5fcd,2023-11-01,10,4,10000,1000.0,1000.0,0.0,6000.0,2024-03-01
CUS_0x5fcd_2023_11_01,CUS_0x5fcd,2023-11-01,10,5,10000,1000.0,1000.0,0.0,5000.0,2024-04-01
CUS_0x5fcd_2023_11_01,CUS_0x5fcd,2023-11-01,10,6,10000,1000.0,1000.0,0.0,4000.0,2024-05-01
CUS_0x5fcd_2023_11_01,CUS_0x5fcd,2023-11-01,10,7,10000,1000.0,1000.0,0.0,3000.0,2024-06-01
CUS_0x5fcd_2023_11_01,CUS_0x5fcd,2023-11-01,10,8,10000,1000.0,1000.0,0.0,2000.0,2024-07-01
CUS_0x5fcd_2023_11_01,CUS_0x5fcd,2023-11-01,10,9,10000,1000.0,1000.0,0.0,1000.0,2024-08-01
CUS_0x5fcd_2023_11_01,CUS_0x5fcd,2023-11-01,10,10,10000,1000.0,1000.0,0.0,0.0,2024-09-01
CUS_0x5fd6_2023_08_01,CUS_0x5fd6,2023-08-01,10,0,10000,0.0,0.0,0.0,10000.0,2023-08-01
CUS_0x5fd6_2023_08_01,CUS_0x5fd6,2023-08-01,10,1,10000,1000.0,1000.0,0.0,9000.0,2023-09-01
CUS_0x5fd6_2023_08_01,CUS_0x5fd6,2023-08-01,10,2,10000,1000.0,1000.0,0.0,8000.0,2023-10-01
CUS_0x5fd6_2023_08_01,CUS_0x5fd6,2023-08-01,10,3,10000,1000.0,1000.0,0.0,7000.0,2023-11-01
CUS_0x5fd6_2023_08_01,CUS_0x5fd6,2023-08-01,10,4,10000,1000.0,1000.0,0.0,6000.0,2023-12-01
CUS_0x5fd6_2023_08_01,CUS_0x5fd6,2023-08-01,10,5,10000,1000.0,1000.0,0.0,5000.0,2024-01-01
CUS_0x5fd6_2023_08_01,CUS_0x5fd6,2023-08-01,10,6,10000,1000.0,1000.0,0.0,4000.0,2024-02-01
CUS_0x5fd6_2023_08_01,CUS_0x5fd6,2023-08-01,10,7,10000,1000.0,1000.0,0.0,3000.0,2024-03-01
CUS_0x5fd6_2023_08_01,CUS_0x5fd6,2023-08-01,10,8,10000,1000.0,1000.0,0.0,2000.0,2024-04-01
CUS_0x5fd6_2023_08_01,CUS_0x5fd6,2023-08-01,10,9,10000,1000.0,1000.0,0.0,1000.0,2024-05-01
CUS_0x5fd6_2023_08_01,CUS_0x5fd6,2023-08-01,10,10,10000,1000.0,1000.0,0.0,0.0,2024-06-01
CUS_0x5ff4_2023_03_01,CUS_0x5ff4,2023-03-01,10,0,10000,0.0,0.0,0.0,10000.0,2023-03-01
CUS_0x5ff4_2023_03_01,CUS_0x5ff4,2023-03-01,10,1,10000,1000.0,1000.0,0.0,9000.0,2023-04-01
CUS_0x5ff4_2023_03_01,CUS_0x5ff4,2023-03-01,10,2,10000,1000.0,1000.0,0.0,8000.0,2023-05-01
CUS_0x5ff4_2023_03_01,CUS_0x5ff4,2023-03-01,10,3,10000,1000.0,1000.0,0.0,7000.0,2023-06-01
CUS_0x5ff4_2023_03_01,CUS_0x5ff4,2023-03-01,10,4,10000,1000.0,1000.0,0.0,6000.0,2023-07-01
CUS_0x5ff4_2023_03_01,CUS_0x5ff4,2023-03-01,10,5,10000,1000.0,1000.0,0.0,5000.0,2023-08-01
CUS_0x5ff4_2023_03_01,CUS_0x5ff4,2023-03-01,10,6,10000,1000.0,1000.0,0.0,4000.0,2023-09-01
CUS_0x5ff4_2023_03_01,CUS_0x5ff4,2023-03-01,10,7,10000,1000.0,1000.0,0.0,3000.0,2023-10-01
CUS_0x5ff4_2023_03_01,CUS_0x5ff4,2023-03-01,10,8,10000,1000.0,1000.0,0.0,2000.0,2023-11-01
CUS_0x5ff4_2023_03_01,CUS_0x5ff4,2023-03-01,10,9,10000,1000.0,1000.0,0.0,1000.0,2023-12-01
CUS_0x5ff4_2023_03_01,CUS_0x5ff4,2023-03-01,10,10,10000,1000.0,1000.0,0.0,0.0,2024-01-01
CUS_0x603b_2024_08_01,CUS_0x603b,2024-08-01,10,0,10000,0.0,0.0,0.0,10000.0,2024-08-01
CUS_0x603b_2024_08_01,CUS_0x603b,2024-08-01,10,1,10000,1000.0,0.0,1000.0,10000.0,2024-09-01
CUS_0x603b_2024_08_01,CUS_0x603b,2024-08-01,10,2,10000,1000.0,0.0,2000.0,10000.0,2024-10-01
CUS_0x603b_2024_08_01,CUS_0x603b,2024-08-01,10,3,10000,1000.0,0.0,3000.0,10000.0,2024-11-01
CUS_0x603b_2024_08_01,CUS_0x603b,2024-08-01,10,4,10000,1000.0,0.0,4000.0,10000.0,2024-12-01
CUS_0x603b_2024_08_01,CUS_0x603b,2024-08-01,10,5,10000,1000.0,0.0,5000.0,10000.0,2025-01-01
CUS_0x603b_2024_08_01,CUS_0x603b,2024-08-01,10,6,10000,1000.0,0.0,6000.0,10000.0,2025-02-01
CUS_0x603b_2024_08_01,CUS_0x603b,2024-08-01,10,7,10000,1000.0,0.0,7000.0,10000.0,2025-03-01
CUS_0x603b_2024_08_01,CUS_0x603b,2024-08-01,10,8,10000,1000.0,0.0,8000.0,10000.0,2025-04-01
CUS_0x603b_2024_08_01,CUS_0x603b,2024-08-01,10,9,10000,1000.0,0.0,9000.0,10000.0,2025-05-01
CUS_0x603b_2024_08_01,CUS_0x603b,2024-08-01,10,10,10000,1000.0,0.0,10000.0,10000.0,2025-06-01
CUS_0x6044_2023_03_01,CUS_0x6044,2023-03-01,10,0,10000,0.0,0.0,0.0,10000.0,2023-03-01
CUS_0x6044_2023_03_01,CUS_0x6044,2023-03-01,10,1,10000,1000.0,1000.0,0.0,9000.0,2023-04-01
CUS_0x6044_2023_03_01,CUS_0x6044,2023-03-01,10,2,10000,1000.0,1000.0,0.0,8000.0,2023-05-01
CUS_0x6044_2023_03_01,CUS_0x6044,2023-03-01,10,3,10000,1000.0,1000.0,0.0,7000.0,2023-06-01
CUS_0x6044_2023_03_01,CUS_0x6044,2023-03-01,10,4,10000,1000.0,1000.0,0.0,6000.0,2023-07-01
CUS_0x6044_2023_03_01,CUS_0x6044,2023-03-01,10,5,10000,1000.0,1000.0,0.0,5000.0,2023-08-01
CUS_0x6044_2023_03_01,CUS_0x6044,2023-03-01,10,6,10000,1000.0,1000.0,0.0,4000.0,2023-09-01
CUS_0x6044_2023_03_01,CUS_0x6044,2023-03-01,10,7,10000,1000.0,1000.0,0.0,3000.0,2023-10-01
CUS_0x6044_2023_03_01,CUS_0x6044,2023-03-01,10,8,10000,1000.0,1000.0,0.0,2000.0,2023-11-01
CUS_0x6044_2023_03_01,CUS_0x6044,2023-03-01,10,9,10000,1000.0,1000.0,0.0,1000.0,2023-12-01
CUS_0x6044_2023_03_01,CUS_0x6044,2023-03-01,10,10,10000,1000.0,1000.0,0.0,0.0,2024-01-01
CUS_0x6054_2023_07_01,CUS_0x6054,2023-07-01,10,0,10000,0.0,0.0,0.0,10000.0,2023-07-01
CUS_0x6054_2023_07_01,CUS_0x6054,2023-07-01,10,1,10000,1000.0,1000.0,0.0,9000.0,2023-08-01
CUS_0x6054_2023_07_01,CUS_0x6054,2023-07-01,10,2,10000,1000.0,1000.0,0.0,8000.0,2023-09-01
CUS_0x6054_2023_07_01,CUS_0x6054,2023-07-01,10,3,10000,1000.0,1000.0,0.0,7000.0,2023-10-01
CUS_0x6054_2023_07_01,CUS_0x6054,2023-07-01,10,4,10000,1000.0,1000.0,0.0,6000.0,2023-11-01
CUS_0x6054_2023_07_01,CUS_0x6054,2023-07-01,10,5,10000,1000.0,1000.0,0.0,5000.0,2023-12-01
CUS_0x6054_2023_07_01,CUS_0x6054,2023-07-01,10,6,10000,1000.0,1000.0,0.0,4000.0,2024-01-01
CUS_0x6054_2023_07_01,CUS_0x6054,2023-07-01,10,7,10000,1000.0,1000.0,0.0,3000.0,2024-02-01
CUS_0x6054_2023_07_01,CUS_0x6054,2023-07-01,10,8,10000,1000.0,1000.0,0.0,2000.0,2024-03-01
CUS_0x6054_2023_07_01,CUS_0x6054,2023-07-01,10,9,10000,1000.0,1000.0,0.0,1000.0,2024-04-01
CUS_0x6054_2023_07_01,CUS_0x6054,2023-07-01,10,10,10000,1000.0,1000.0,0.0,0.0,2024-05-01
CUS_0x60af_2023_11_01,CUS_0x60af,2023-11-01,10,0,10000,0.0,0.0,0.0,10000.0,2023-11-01
CUS_0x60af_2023_11_01,CUS_0x60af,2023-11-01,10,1,10000,1000.0,1000.0,0.0,9000.0,2023-12-01
CUS_0x60af_2023_11_01,CUS_0x60af,2023-11-01,10,2,10000,1000.0,1000.0,0.0,8000.0,2024-01-01
CUS_0x60af_2023_11_01,CUS_0x60af,2023-11-01,10,3,10000,1000.0,1000.0,0.0,7000.0,2024-02-01
CUS_0x60af_2023_11_01,CUS_0x60af,2023-11-01,10,4,10000,1000.0,1000.0,0.0,6000.0,2024-03-01
CUS_0x60af_2023_11_01,CUS_0x60af,2023-11-01,10,5,10000,1000.0,1000.0,0.0,5000.0,2024-04-01
CUS_0x60af_2023_11_01,CUS_0x60af,2023-11-01,10,6,10000,1000.0,1000.0,0.0,4000.0,2024-05-01
CUS_0x60af_2023_11_01,CUS_0x60af,2023-11-01,10,7,10000,1000.0,1000.0,0.0,3000.0,2024-06-01
CUS_0x60af_2023_11_01,CUS_0x60af,2023-11-01,10,8,10000,1000.0,1000.0,0.0,2000.0,2024-07-01
CUS_0x60af_2023_11_01,CUS_0x60af,2023-11-01,10,9,10000,1000.0,1000.0,0.0,1000.0,2024-08-01
CUS_0x60af_2023_11_01,CUS_0x60af,2023-11-01,10,10,10000,1000.0,1000.0,0.0,0.0,2024-09-01
CUS_0x60c2_2023_03_01,CUS_0x60c2,2023-03-01,10,0,10000,0.0,0.0,0.0,10000.0,2023-03-01
CUS_0x60c2_2023_03_01,CUS_0x60c2,2023-03-01,10,1,10000,1000.0,1000.0,0.0,9000.0,2023-04-01
CUS_0x60c2_2023_03_01,CUS_0x60c2,2023-03-01,10,2,10000,1000.0,1000.0,0.0,8000.0,2023-05-01
CUS_0x60c2_2023_03_01,CUS_0x60c2,2023-03-01,10,3,10000,1000.0,1000.0,0.0,7000.0,2023-06-01
CUS_0x60c2_2023_03_01,CUS_0x60c2,2023-03-01,10,4,10000,1000.0,1000.0,0.0,6000.0,2023-07-01
CUS_0x60c2_2023_03_01,CUS_0x60c2,2023-03-01,10,5,10000,1000.0,1000.0,0.0,5000.0,2023-08-01
CUS_0x60c2_2023_03_01,CUS_0x60c2,2023-03-01,10,6,10000,1000.0,1000.0,0.0,4000.0,2023-09-01
CUS_0x60c2_2023_03_01,CUS_0x60c2,2023-03-01,10,7,10000,1000.0,1000.0,0.0,3000.0,2023-10-01
CUS_0x60c2_2023_03_01,CUS_0x60c2,2023-03-01,10,8,10000,1000.0,1000.0,0.0,2000.0,2023-11-01
CUS_0x60c2_2023_03_01,CUS_0x60c2,2023-03-01,10,9,10000,1000.0,1000.0,0.0,1000.0,2023-12-01
CUS_0x60c2_2023_03_01,CUS_0x60c2,2023-03-01,10,10,10000,1000.0,1000.0,0.0,0.0,2024-01-01
CUS_0x60c5_2024_09_01,CUS_0x60c5,2024-09-01,10,0,10000,0.0,0.0,0.0,10000.0,2024-09-01
CUS_0x60c5_2024_09_01,CUS_0x60c5,2024-09-01,10,1,10000,1000.0,1000.0,0.0,9000.0,2024-10-01
CUS_0x60c5_2024_09_01,CUS_0x60c5,2024-09-01,10,2,10000,1000.0,1000.0,0.0,8000.0,2024-11-01
CUS_0x60c5_2024_09_01,CUS_0x60c5,2024-09-01,10,3,10000,1000.0,1000.0,0.0,7000.0,2024-12-01
CUS_0x60c5_2024_09_01,CUS_0x60c5,2024-09-01,10,4,10000,1000.0,1000.0,0.0,6000.0,2025-01-01
CUS_0x60c5_2024_09_01,CUS_0x60c5,2024-09-01,10,5,10000,1000.0,1000.0,0.0,5000.0,2025-02-01
CUS_0x60c5_2024_09_01,CUS_0x60c5,2024-09-01,10,6,10000,1000.0,1000.0,0.0,4000.0,2025-03-01
CUS_0x60c5_2024_09_01,CUS_0x60c5,2024-09-01,10,7,10000,1000.0,1000.0,0.0,3000.0,2025-04-01
CUS_0x60c5_2024_09_01,CUS_0x60c5,2024-09-01,10,8,10000,1000.0,1000.0,0.0,2000.0,2025-05-01
CUS_0x60c5_2024_09_01,CUS_0x60c5,2024-09-01,10,9,10000,1000.0,1000.0,0.0,1000.0,2025-06-01
CUS_0x60c5_2024_09_01,CUS_0x60c5,2024-09-01,10,10,10000,1000.0,1000.0,0.0,0.0,2025-07-01
CUS_0x6144_2024_06_01,CUS_0x6144,2024-06-01,10,0,10000,0.0,0.0,0.0,10000.0,2024-06-01
CUS_0x6144_2024_06_01,CUS_0x6144,2024-06-01,10,1,10000,1000.0,0.0,1000.0,10000.0,2024-07-01
CUS_0x6144_2024_06_01,CUS_0x6144,2024-06-01,10,2,10000,1000.0,2000.0,0.0,8000.0,2024-08-01
CUS_0x6144_2024_06_01,CUS_0x6144,2024-06-01,10,3,10000,1000.0,0.0,1000.0,8000.0,2024-09-01
CUS_0x6144_2024_06_01,CUS_0x6144,2024-06-01,10,4,10000,1000.0,0.0,2000.0,8000.0,2024-10-01
CUS_0x6144_2024_06_01,CUS_0x6144,2024-06-01,10,5,10000,1000.0,0.0,3000.0,8000.0,2024-11-01
CUS_0x6144_2024_06_01,CUS_0x6144,2024-06-01,10,6,10000,1000.0,0.0,4000.0,8000.0,2024-12-01
CUS_0x6144_2024_06_01,CUS_0x6144,2024-06-01,10,7,10000,1000.0,0.0,5000.0,8000.0,2025-01-01
CUS_0x6144_2024_06_01,CUS_0x6144,2024-06-01,10,8,10000,1000.0,0.0,6000.0,8000.0,2025-02-01
CUS_0x6144_2024_06_01,CUS_0x6144,2024-06-01,10,9,10000,1000.0,0.0,7000.0,8000.0,2025-03-01
CUS_0x6144_2024_06_01,CUS_0x6144,2024-06-01,10,10,10000,1000.0,0.0,8000.0,8000.0,2025-04-01
CUS_0x6148_2023_07_01,CUS_0x6148,2023-07-01,10,0,10000,0.0,0.0,0.0,10000.0,2023-07-01
CUS_0x6148_2023_07_01,CUS_0x6148,2023-07-01,10,1,10000,1000.0,1000.0,0.0,9000.0,2023-08-01
CUS_0x6148_2023_07_01,CUS_0x6148,2023-07-01,10,2,10000,1000.0,1000.0,0.0,8000.0,2023-09-01
CUS_0x6148_2023_07_01,CUS_0x6148,2023-07-01,10,3,10000,1000.0,1000.0,0.0,7000.0,2023-10-01
CUS_0x6148_2023_07_01,CUS_0x6148,2023-07-01,10,4,10000,1000.0,0.0,1000.0,7000.0,2023-11-01
CUS_0x6148_2023_07_01,CUS_0x6148,2023-07-01,10,5,10000,1000.0,0.0,2000.0,7000.0,2023-12-01
CUS_0x6148_2023_07_01,CUS_0x6148,2023-07-01,10,6,10000,1000.0,0.0,3000.0,7000.0,2024-01-01
CUS_0x6148_2023_07_01,CUS_0x6148,2023-07-01,10,7,10000,1000.0,0.0,4000.0,7000.0,2024-02-01
CUS_0x6148_2023_07_01,CUS_0x6148,2023-07-01,10,8,10000,1000.0,0.0,5000.0,7000.0,2024-03-01
CUS_0x6148_2023_07_01,CUS_0x6148,2023-07-01,10,9,10000,1000.0,0.0,6000.0,7000.0,2024-04-01
CUS_0x6148_2023_07_01,CUS_0x6148,2023-07-01,10,10,10000,1000.0,0.0,7000.0,7000.0,2024-05-01
CUS_0x6159_2023_04_01,CUS_0x6159,2023-04-01,10,0,10000,0.0,0.0,0.0,10000.0,2023-04-01
CUS_0x6159_2023_04_01,CUS_0x6159,2023-04-01,10,1,10000,1000.0,1000.0,0.0,9000.0,2023-05-01
CUS_0x6159_2023_04_01,CUS_0x6159,2023-04-01,10,2,10000,1000.0,1000.0,0.0,8000.0,2023-06-01
CUS_0x6159_2023_04_01,CUS_0x6159,2023-04-01,10,3,10000,1000.0,1000.0,0.0,7000.0,2023-07-01
CUS_0x6159_2023_04_01,CUS_0x6159,2023-04-01,10,4,10000,1000.0,1000.0,0.0,6000.0,2023-08-01
CUS_0x6159_2023_04_01,CUS_0x6159,2023-04-01,10,5,10000,1000.0,1000.0,0.0,5000.0,2023-09-01
CUS_0x6159_2023_04_01,CUS_0x6159,2023-04-01,10,6,10000,1000.0,1000.0,0.0,4000.0,2023-10-01
CUS_0x6159_2023_04_01,CUS_0x6159,2023-04-01,10,7,10000,1000.0,1000.0,0.0,3000.0,2023-11-01
CUS_0x6159_2023_04_01,CUS_0x6159,2023-04-01,10,8,10000,1000.0,1000.0,0.0,2000.0,2023-12-01
CUS_0x6159_2023_04_01,CUS_0x6159,2023-04-01,10,9,10000,1000.0,1000.0,0.0,1000.0,2024-01-01
CUS_0x6159_2023_04_01,CUS_0x6159,2023-04-01,10,10,10000,1000.0,1000.0,0.0,0.0,2024-02-01
CUS_0x615a_2024_06_01,CUS_0x615a,2024-06-01,10,0,10000,0.0,0.0,0.0,10000.0,2024-06-01
CUS_0x615a_2024_06_01,CUS_0x615a,2024-06-01,10,1,10000,1000.0,1000.0,0.0,9000.0,2024-07-01
CUS_0x615a_2024_06_01,CUS_0x615a,2024-06-01,10,2,10000,1000.0,1000.0,0.0,8000.0,2024-08-01
CUS_0x615a_2024_06_01,CUS_0x615a,2024-06-01,10,3,10000,1000.0,1000.0,0.0,7000.0,2024-09-01
CUS_0x615a_2024_06_01,CUS_0x615a,2024-06-01,10,4,10000,1000.0,1000.0,0.0,6000.0,2024-10-01
CUS_0x615a_2024_06_01,CUS_0x615a,2024-06-01,10,5,10000,1000.0,1000.0,0.0,5000.0,2024-11-01
CUS_0x615a_2024_06_01,CUS_0x615a,2024-06-01,10,6,10000,1000.0,1000.0,0.0,4000.0,2024-12-01
CUS_0x615a_2024_06_01,CUS_0x615a,2024-06-01,10,7,10000,1000.0,1000.0,0.0,3000.0,2025-01-01
CUS_0x615a_2024_06_01,CUS_0x615a,2024-06-01,10,8,10000,1000.0,1000.0,0.0,2000.0,2025-02-01
CUS_0x615a_2024_06_01,CUS_0x615a,2024-06-01,10,9,10000,1000.0,1000.0,0.0,1000.0,2025-03-01
CUS_0x615a_2024_06_01,CUS_0x615a,2024-06-01,10,10,10000,1000.0,1000.0,0.0,0.0,2025-04-01
CUS_0x61a6_2023_02_01,CUS_0x61a6,2023-02-01,10,0,10000,0.0,0.0,0.0,10000.0,2023-02-01
CUS_0x61a6_2023_02_01,CUS_0x61a6,2023-02-01,10,1,10000,1000.0,1000.0,0.0,9000.0,2023-03-01
CUS_0x61a6_2023_02_01,CUS_0x61a6,2023-02-01,10,2,10000,1000.0,1000.0,0.0,8000.0,2023-04-01
CUS_0x61a6_2023_02_01,CUS_0x61a6,2023-02-01,10,3,10000,1000.0,1000.0,0.0,7000.0,2023-05-01
CUS_0x61a6_2023_02_01,CUS_0x61a6,2023-02-01,10,4,10000,1000.0,1000.0,0.0,6000.0,2023-06-01
CUS_0x61a6_2023_02_01,CUS_0x61a6,2023-02-01,10,5,10000,1000.0,1000.0,0.0,5000.0,2023-07-01
CUS_0x61a6_2023_02_01,CUS_0x61a6,2023-02-01,10,6,10000,1000.0,1000.0,0.0,4000.0,2023-08-01
CUS_0x61a6_2023_02_01,CUS_0x61a6,2023-02-01,10,7,10000,1000.0,1000.0,0.0,3000.0,2023-09-01
CUS_0x61a6_2023_02_01,CUS_0x61a6,2023-02-01,10,8,10000,1000.0,1000.0,0.0,2000.0,2023-10-01
CUS_0x61a6_2023_02_01,CUS_0x61a6,2023-02-01,10,9,10000,1000.0,1000.0,0.0,1000.0,2023-11-01
CUS_0x61a6_2023_02_01,CUS_0x61a6,2023-02-01,10,10,10000,1000.0,1000.0,0.0,0.0,2023-12-01
CUS_0x61e4_2023_06_01,CUS_0x61e4,2023-06-01,10,0,10000,0.0,0.0,0.0,10000.0,2023-06-01
CUS_0x61e4_2023_06_01,CUS_0x61e4,2023-06-01,10,1,10000,1000.0,1000.0,0.0,9000.0,2023-07-01
CUS_0x61e4_2023_06_01,CUS_0x61e4,2023-06-01,10,2,10000,1000.0,1000.0,0.0,8000.0,2023-08-01
CUS_0x61e4_2023_06_01,CUS_0x61e4,2023-06-01,10,3,10000,1000.0,1000.0,0.0,7000.0,2023-09-01
CUS_0x61e4_2023_06_01,CUS_0x61e4,2023-06-01,10,4,10000,1000.0,1000.0,0.0,6000.0,2023-10-01
CUS_0x61e4_2023_06_01,CUS_0x61e4,2023-06-01,10,5,10000,1000.0,1000.0,0.0,5000.0,2023-11-01
CUS_0x61e4_2023_06_01,CUS_0x61e4,2023-06-01,10,6,10000,1000.0,1000.0,0.0,4000.0,2023-12-01
CUS_0x61e4_2023_06_01,CUS_0x61e4,2023-06-01,10,7,10000,1000.0,1000.0,0.0,3000.0,2024-01-01
CUS_0x61e4_2023_06_01,CUS_0x61e4,2023-06-01,10,8,10000,1000.0,1000.0,0.0,2000.0,2024-02-01
CUS_0x61e4_2023_06_01,CUS_0x61e4,2023-06-01,10,9,10000,1000.0,1000.0,0.0,1000.0,2024-03-01
CUS_0x61e4_2023_06_01,CUS_0x61e4,2023-06-01,10,10,10000,1000.0,1000.0,0.0,0.0,2024-04-01
CUS_0x61fd_2024_09_01,CUS_0x61fd,2024-09-01,10,0,10000,0.0,0.0,0.0,10000.0,2024-09-01
CUS_0x61fd_2024_09_01,CUS_0x61fd,2024-09-01,10,1,10000,1000.0,1000.0,0.0,9000.0,2024-10-01
CUS_0x61fd_2024_09_01,CUS_0x61fd,2024-09-01,10,2,10000,1000.0,1000.0,0.0,8000.0,2024-11-01
CUS_0x61fd_2024_09_01,CUS_0x61fd,2024-09-01,10,3,10000,1000.0,1000.0,0.0,7000.0,2024-12-01
CUS_0x61fd_2024_09_01,CUS_0x61fd,2024-09-01,10,4,10000,1000.0,1000.0,0.0,6000.0,2025-01-01
CUS_0x61fd_2024_09_01,CUS_0x61fd,2024-09-01,10,5,10000,1000.0,1000.0,0.0,5000.0,2025-02-01
CUS_0x61fd_2024_09_01,CUS_0x61fd,2024-09-01,10,6,10000,1000.0,1000.0,0.0,4000.0,2025-03-01
CUS_0x61fd_2024_09_01,CUS_0x61fd,2024-09-01,10,7,10000,1000.0,1000.0,0.0,3000.0,2025-04-01
CUS_0x61fd_2024_09_01,CUS_0x61fd,2024-09-01,10,8,10000,1000.0,1000.0,0.0,2000.0,2025-05-01
CUS_0x61fd_2024_09_01,CUS_0x61fd,2024-09-01,10,9,10000,1000.0,1000.0,0.0,1000.0,2025-06-01
CUS_0x61fd_2024_09_01,CUS_0x61fd,2024-09-01,10,10,10000,1000.0,1000.0,0.0,0.0,2025-07-01
CUS_0x62c8_2023_03_01,CUS_0x62c8,2023-03-01,10,0,10000,0.0,0.0,0.0,10000.0,2023-03-01
CUS_0x62c8_2023_03_01,CUS_0x62c8,2023-03-01,10,1,10000,1000.0,1000.0,0.0,9000.0,2023-04-01
CUS_0x62c8_2023_03_01,CUS_0x62c8,2023-03-01,10,2,10000,1000.0,1000.0,0.0,8000.0,2023-05-01
CUS_0x62c8_2023_03_01,CUS_0x62c8,2023-03-01,10,3,10000,1000.0,1000.0,0.0,7000.0,2023-06-01
CUS_0x62c8_2023_03_01,CUS_0x62c8,2023-03-01,10,4,10000,1000.0,0.0,1000.0,7000.0,2023-07-01
CUS_0x62c8_2023_03_01,CUS_0x62c8,2023-03-01,10,5,10000,1000.0,0.0,2000.0,7000.0,2023-08-01
CUS_0x62c8_2023_03_01,CUS_0x62c8,2023-03-01,10,6,10000,1000.0,0.0,3000.0,7000.0,2023-09-01
CUS_0x62c8_2023_03_01,CUS_0x62c8,2023-03-01,10,7,10000,1000.0,0.0,4000.0,7000.0,2023-10-01
CUS_0x62c8_2023_03_01,CUS_0x62c8,2023-03-01,10,8,10000,1000.0,0.0,5000.0,7000.0,2023-11-01
CUS_0x62c8_2023_03_01,CUS_0x62c8,2023-03-01,10,9,10000,1000.0,0.0,6000.0,7000.0,2023-12-01
CUS_0x62c8_2023_03_01,CUS_0x62c8,2023-03-01,10,10,10000,1000.0,0.0,7000.0,7000.0,2024-01-01
CUS_0x6312_2024_11_01,CUS_0x6312,2024-11-01,10,0,10000,0.0,0.0,0.0,10000.0,2024-11-01
CUS_0x6312_2024_11_01,CUS_0x6312,2024-11-01,10,1,10000,1000.0,1000.0,0.0,9000.0,2024-12-01
CUS_0x6312_2024_11_01,CUS_0x6312,2024-11-01,10,2,10000,1000.0,1000.0,0.0,8000.0,2025-01-01
CUS_0x6312_2024_11_01,CUS_0x6312,2024-11-01,10,3,10000,1000.0,1000.0,0.0,7000.0,2025-02-01
CUS_0x6312_2024_11_01,CUS_0x6312,2024-11-01,10,4,10000,1000.0,1000.0,0.0,6000.0,2025-03-01
CUS_0x6312_2024_11_01,CUS_0x6312,2024-11-01,10,5,10000,1000.0,1000.0,0.0,5000.0,2025-04-01
CUS_0x6312_2024_11_01,CUS_0x6312,2024-11-01,10,6,10000,1000.0,1000.0,0.0,4000.0,2025-05-01
CUS_0x6312_2024_11_01,CUS_0x6312,2024-11-01,10,7,10000,1000.0,1000.0,0.0,3000.0,2025-06-01
CUS_0x6312_2024_11_01,CUS_0x6312,2024-11-01,10,8,10000,1000.0,1000.0,0.0,2000.0,2025-07-01
CUS_0x6312_2024_11_01,CUS_0x6312,2024-11-01,10,9,10000,1000.0,1000.0,0.0,1000.0,2025-08-01
CUS_0x6312_2024_11_01,CUS_0x6312,2024-11-01,10,10,10000,1000.0,1000.0,0.0,0.0,2025-09-01
CUS_0x632e_2024_11_01,CUS_0x632e,2024-11-01,10,0,10000,0.0,0.0,0.0,10000.0,2024-11-01
CUS_0x632e_2024_11_01,CUS_0x632e,2024-11-01,10,1,10000,1000.0,1000.0,0.0,9000.0,2024-12-01
CUS_0x632e_2024_11_01,CUS_0x632e,2024-11-01,10,2,10000,1000.0,1000.0,0.0,8000.0,2025-01-01
CUS_0x632e_2024_11_01,CUS_0x632e,2024-11-01,10,3,10000,1000.0,1000.0,0.0,7000.0,2025-02-01
CUS_0x632e_2024_11_01,CUS_0x632e,2024-11-01,10,4,10000,1000.0,1000.0,0.0,6000.0,2025-03-01
CUS_0x632e_2024_11_01,CUS_0x632e,2024-11-01,10,5,10000,1000.0,1000.0,0.0,5000.0,2025-04-01
CUS_0x632e_2024_11_01,CUS_0x632e,2024-11-01,10,6,10000,1000.0,1000.0,0.0,4000.0,2025-05-01
CUS_0x632e_2024_11_01,CUS_0x632e,2024-11-01,10,7,10000,1000.0,1000.0,0.0,3000.0,2025-06-01
CUS_0x632e_2024_11_01,CUS_0x632e,2024-11-01,10,8,10000,1000.0,1000.0,0.0,2000.0,2025-07-01
CUS_0x632e_2024_11_01,CUS_0x632e,2024-11-01,10,9,10000,1000.0,1000.0,0.0,1000.0,2025-08-01
CUS_0x632e_2024_11_01,CUS_0x632e,2024-11-01,10,10,10000,1000.0,1000.0,0.0,0.0,2025-09-01
CUS_0x632f_2023_02_01,CUS_0x632f,2023-02-01,10,0,10000,0.0,0.0,0.0,10000.0,2023-02-01
CUS_0x632f_2023_02_01,CUS_0x632f,2023-02-01,10,1,10000,1000.0,1000.0,0.0,9000.0,2023-03-01
CUS_0x632f_2023_02_01,CUS_0x632f,2023-02-01,10,2,10000,1000.0,1000.0,0.0,8000.0,2023-04-01
CUS_0x632f_2023_02_01,CUS_0x632f,2023-02-01,10,3,10000,1000.0,1000.0,0.0,7000.0,2023-05-01
CUS_0x632f_2023_02_01,CUS_0x632f,2023-02-01,10,4,10000,1000.0,1000.0,0.0,6000.0,2023-06-01
CUS_0x632f_2023_02_01,CUS_0x632f,2023-02-01,10,5,10000,1000.0,1000.0,0.0,5000.0,2023-07-01
CUS_0x632f_2023_02_01,CUS_0x632f,2023-02-01,10,6,10000,1000.0,1000.0,0.0,4000.0,2023-08-01
CUS_0x632f_2023_02_01,CUS_0x632f,2023-02-01,10,7,10000,1000.0,1000.0,0.0,3000.0,2023-09-01
CUS_0x632f_2023_02_01,CUS_0x632f,2023-02-01,10,8,10000,1000.0,1000.0,0.0,2000.0,2023-10-01
CUS_0x632f_2023_02_01,CUS_0x632f,2023-02-01,10,9,10000,1000.0,1000.0,0.0,1000.0,2023-11-01
CUS_0x632f_2023_02_01,CUS_0x632f,2023-02-01,10,10,10000,1000.0,1000.0,0.0,0.0,2023-12-01
CUS_0x636d_2023_01_01,CUS_0x636d,2023-01-01,10,0,10000,0.0,0.0,0.0,10000.0,2023-01-01
CUS_0x636d_2023_01_01,CUS_0x636d,2023-01-01,10,1,10000,1000.0,0.0,1000.0,10000.0,2023-02-01
CUS_0x636d_2023_01_01,CUS_0x636d,2023-01-01,10,2,10000,1000.0,2000.0,0.0,8000.0,2023-03-01
CUS_0x636d_2023_01_01,CUS_0x636d,2023-01-01,10,3,10000,1000.0,0.0,1000.0,8000.0,2023-04-01
CUS_0x636d_2023_01_01,CUS_0x636d,2023-01-01,10,4,10000,1000.0,0.0,2000.0,8000.0,2023-05-01
CUS_0x636d_2023_01_01,CUS_0x636d,2023-01-01,10,5,10000,1000.0,0.0,3000.0,8000.0,2023-06-01
CUS_0x636d_2023_01_01,CUS_0x636d,2023-01-01,10,6,10000,1000.0,0.0,4000.0,8000.0,2023-07-01
CUS_0x636d_2023_01_01,CUS_0x636d,2023-01-01,10,7,10000,1000.0,0.0,5000.0,8000.0,2023-08-01
CUS_0x636d_2023_01_01,CUS_0x636d,2023-01-01,10,8,10000,1000.0,0.0,6000.0,8000.0,2023-09-01
CUS_0x636d_2023_01_01,CUS_0x636d,2023-01-01,10,9,10000,1000.0,0.0,7000.0,8000.0,2023-10-01
CUS_0x636d_2023_01_01,CUS_0x636d,2023-01-01,10,10,10000,1000.0,0.0,8000.0,8000.0,2023-11-01
CUS_0x637b_2023_03_01,CUS_0x637b,2023-03-01,10,0,10000,0.0,0.0,0.0,10000.0,2023-03-01
CUS_0x637b_2023_03_01,CUS_0x637b,2023-03-01,10,1,10000,1000.0,0.0,1000.0,10000.0,2023-04-01
CUS_0x637b_2023_03_01,CUS_0x637b,2023-03-01,10,2,10000,1000.0,2000.0,0.0,8000.0,2023-05-01
CUS_0x637b_2023_03_01,CUS_0x637b,2023-03-01,10,3,10000,1000.0,0.0,1000.0,8000.0,2023-06-01
CUS_0x637b_2023_03_01,CUS_0x637b,2023-03-01,10,4,10000,1000.0,0.0,2000.0,8000.0,2023-07-01
CUS_0x637b_2023_03_01,CUS_0x637b,2023-03-01,10,5,10000,1000.0,0.0,3000.0,8000.0,2023-08-01
CUS_0x637b_2023_03_01,CUS_0x637b,2023-03-01,10,6,10000,1000.0,0.0,4000.0,8000.0,2023-09-01
CUS_0x637b_2023_03_01,CUS_0x637b,2023-03-01,10,7,10000,1000.0,0.0,5000.0,8000.0,2023-10-01
CUS_0x637b_2023_03_01,CUS_0x637b,2023-03-01,10,8,10000,1000.0,0.0,6000.0,8000.0,2023-11-01
CUS_0x637b_2023_03_01,CUS_0x637b,2023-03-01,10,9,10000,1000.0,0.0,7000.0,8000.0,2023-12-01
CUS_0x637b_2023_03_01,CUS_0x637b,2023-03-01,10,10,10000,1000.0,0.0,8000.0,8000.0,2024-01-01
CUS_0x63ac_2023_02_01,CUS_0x63ac,2023-02-01,10,0,10000,0.0,0.0,0.0,10000.0,2023-02-01
CUS_0x63ac_2023_02_01,CUS_0x63ac,2023-02-01,10,1,10000,1000.0,1000.0,0.0,9000.0,2023-03-01
CUS_0x63ac_2023_02_01,CUS_0x63ac,2023-02-01,10,2,10000,1000.0,1000.0,0.0,8000.0,2023-04-01
CUS_0x63ac_2023_02_01,CUS_0x63ac,2023-02-01,10,3,10000,1000.0,1000.0,0.0,7000.0,2023-05-01
CUS_0x63ac_2023_02_01,CUS_0x63ac,2023-02-01,10,4,10000,1000.0,1000.0,0.0,6000.0,2023-06-01
CUS_0x63ac_2023_02_01,CUS_0x63ac,2023-02-01,10,5,10000,1000.0,1000.0,0.0,5000.0,2023-07-01
CUS_0x63ac_2023_02_01,CUS_0x63ac,2023-02-01,10,6,10000,1000.0,1000.0,0.0,4000.0,2023-08-01
CUS_0x63ac_2023_02_01,CUS_0x63ac,2023-02-01,10,7,10000,1000.0,1000.0,0.0,3000.0,2023-09-01
CUS_0x63ac_2023_02_01,CUS_0x63ac,2023-02-01,10,8,10000,1000.0,1000.0,0.0,2000.0,2023-10-01
CUS_0x63ac_2023_02_01,CUS_0x63ac,2023-02-01,10,9,10000,1000.0,1000.0,0.0,1000.0,2023-11-01
CUS_0x63ac_2023_02_01,CUS_0x63ac,2023-02-01,10,10,10000,1000.0,1000.0,0.0,0.0,2023-12-01
CUS_0x640e_2024_05_01,CUS_0x640e,2024-05-01,10,0,10000,0.0,0.0,0.0,10000.0,2024-05-01
CUS_0x640e_2024_05_01,CUS_0x640e,2024-05-01,10,1,10000,1000.0,1000.0,0.0,9000.0,2024-06-01
CUS_0x640e_2024_05_01,CUS_0x640e,2024-05-01,10,2,10000,1000.0,1000.0,0.0,8000.0,2024-07-01
CUS_0x640e_2024_05_01,CUS_0x640e,2024-05-01,10,3,10000,1000.0,1000.0,0.0,7000.0,2024-08-01
CUS_0x640e_2024_05_01,CUS_0x640e,2024-05-01,10,4,10000,1000.0,1000.0,0.0,6000.0,2024-09-01
CUS_0x640e_2024_05_01,CUS_0x640e,2024-05-01,10,5,10000,1000.0,1000.0,0.0,5000.0,2024-10-01
CUS_0x640e_2024_05_01,CUS_0x640e,2024-05-01,10,6,10000,1000.0,1000.0,0.0,4000.0,2024-11-01
CUS_0x640e_2024_05_01,CUS_0x640e,2024-05-01,10,7,10000,1000.0,1000.0,0.0,3000.0,2024-12-01
CUS_0x640e_2024_05_01,CUS_0x640e,2024-05-01,10,8,10000,1000.0,1000.0,0.0,2000.0,2025-01-01
CUS_0x640e_2024_05_01,CUS_0x640e,2024-05-01,10,9,10000,1000.0,1000.0,0.0,1000.0,2025-02-01
CUS_0x640e_2024_05_01,CUS_0x640e,2024-05-01,10,10,10000,1000.0,1000.0,0.0,0.0,2025-03-01
CUS_0x6423_2024_10_01,CUS_0x6423,2024-10-01,10,0,10000,0.0,0.0,0.0,10000.0,2024-10-01
CUS_0x6423_2024_10_01,CUS_0x6423,2024-10-01,10,1,10000,1000.0,1000.0,0.0,9000.0,2024-11-01
CUS_0x6423_2024_10_01,CUS_0x6423,2024-10-01,10,2,10000,1000.0,1000.0,0.0,8000.0,2024-12-01
CUS_0x6423_2024_10_01,CUS_0x6423,2024-10-01,10,3,10000,1000.0,1000.0,0.0,7000.0,2025-01-01
CUS_0x6423_2024_10_01,CUS_0x6423,2024-10-01,10,4,10000,1000.0,1000.0,0.0,6000.0,2025-02-01
CUS_0x6423_2024_10_01,CUS_0x6423,2024-10-01,10,5,10000,1000.0,1000.0,0.0,5000.0,2025-03-01
CUS_0x6423_2024_10_01,CUS_0x6423,2024-10-01,10,6,10000,1000.0,1000.0,0.0,4000.0,2025-04-01
CUS_0x6423_2024_10_01,CUS_0x6423,2024-10-01,10,7,10000,1000.0,1000.0,0.0,3000.0,2025-05-01
CUS_0x6423_2024_10_01,CUS_0x6423,2024-10-01,10,8,10000,1000.0,1000.0,0.0,2000.0,2025-06-01
CUS_0x6423_2024_10_01,CUS_0x6423,2024-10-01,10,9,10000,1000.0,1000.0,0.0,1000.0,2025-07-01
CUS_0x6423_2024_10_01,CUS_0x6423,2024-10-01,10,10,10000,1000.0,1000.0,0.0,0.0,2025-08-01
CUS_0x6427_2023_09_01,CUS_0x6427,2023-09-01,10,0,10000,0.0,0.0,0.0,10000.0,2023-09-01
CUS_0x6427_2023_09_01,CUS_0x6427,2023-09-01,10,1,10000,1000.0,1000.0,0.0,9000.0,2023-10-01
CUS_0x6427_2023_09_01,CUS_0x6427,2023-09-01,10,2,10000,1000.0,1000.0,0.0,8000.0,2023-11-01
CUS_0x6427_2023_09_01,CUS_0x6427,2023-09-01,10,3,10000,1000.0,1000.0,0.0,7000.0,2023-12-01
CUS_0x6427_2023_09_01,CUS_0x6427,2023-09-01,10,4,10000,1000.0,1000.0,0.0,6000.0,2024-01-01
CUS_0x6427_2023_09_01,CUS_0x6427,2023-09-01,10,5,10000,1000.0,1000.0,0.0,5000.0,2024-02-01
CUS_0x6427_2023_09_01,CUS_0x6427,2023-09-01,10,6,10000,1000.0,1000.0,0.0,4000.0,2024-03-01
CUS_0x6427_2023_09_01,CUS_0x6427,2023-09-01,10,7,10000,1000.0,1000.0,0.0,3000.0,2024-04-01
CUS_0x6427_2023_09_01,CUS_0x6427,2023-09-01,10,8,10000,1000.0,1000.0,0.0,2000.0,2024-05-01
CUS_0x6427_2023_09_01,CUS_0x6427,2023-09-01,10,9,10000,1000.0,1000.0,0.0,1000.0,2024-06-01
CUS_0x6427_2023_09_01,CUS_0x6427,2023-09-01,10,10,10000,1000.0,1000.0,0.0,0.0,2024-07-01
CUS_0x6435_2023_03_01,CUS_0x6435,2023-03-01,10,0,10000,0.0,0.0,0.0,10000.0,2023-03-01
CUS_0x6435_2023_03_01,CUS_0x6435,2023-03-01,10,1,10000,1000.0,1000.0,0.0,9000.0,2023-04-01
CUS_0x6435_2023_03_01,CUS_0x6435,2023-03-01,10,2,10000,1000.0,1000.0,0.0,8000.0,2023-05-01
CUS_0x6435_2023_03_01,CUS_0x6435,2023-03-01,10,3,10000,1000.0,1000.0,0.0,7000.0,2023-06-01
CUS_0x6435_2023_03_01,CUS_0x6435,2023-03-01,10,4,10000,1000.0,1000.0,0.0,6000.0,2023-07-01
CUS_0x6435_2023_03_01,CUS_0x6435,2023-03-01,10,5,10000,1000.0,1000.0,0.0,5000.0,2023-08-01
CUS_0x6435_2023_03_01,CUS_0x6435,2023-03-01,10,6,10000,1000.0,1000.0,0.0,4000.0,2023-09-01
CUS_0x6435_2023_03_01,CUS_0x6435,2023-03-01,10,7,10000,1000.0,1000.0,0.0,3000.0,2023-10-01
CUS_0x6435_2023_03_01,CUS_0x6435,2023-03-01,10,8,10000,1000.0,1000.0,0.0,2000.0,2023-11-01
CUS_0x6435_2023_03_01,CUS_0x6435,2023-03-01,10,9,10000,1000.0,1000.0,0.0,1000.0,2023-12-01
CUS_0x6435_2023_03_01,CUS_0x6435,2023-03-01,10,10,10000,1000.0,1000.0,0.0,0.0,2024-01-01
CUS_0x645e_2023_03_01,CUS_0x645e,2023-03-01,10,0,10000,0.0,0.0,0.0,10000.0,2023-03-01
CUS_0x645e_2023_03_01,CUS_0x645e,2023-03-01,10,1,10000,1000.0,1000.0,0.0,9000.0,2023-04-01
CUS_0x645e_2023_03_01,CUS_0x645e,2023-03-01,10,2,10000,1000.0,0.0,1000.0,9000.0,2023-05-01
CUS_0x645e_2023_03_01,CUS_0x645e,2023-03-01,10,3,10000,1000.0,2000.0,0.0,7000.0,2023-06-01
CUS_0x645e_2023_03_01,CUS_0x645e,2023-03-01,10,4,10000,1000.0,0.0,1000.0,7000.0,2023-07-01
CUS_0x645e_2023_03_01,CUS_0x645e,2023-03-01,10,5,10000,1000.0,0.0,2000.0,7000.0,2023-08-01
CUS_0x645e_2023_03_01,CUS_0x645e,2023-03-01,10,6,10000,1000.0,0.0,3000.0,7000.0,2023-09-01
CUS_0x645e_2023_03_01,CUS_0x645e,2023-03-01,10,7,10000,1000.0,0.0,4000.0,7000.0,2023-10-01
CUS_0x645e_2023_03_01,CUS_0x645e,2023-03-01,10,8,10000,1000.0,0.0,5000.0,7000.0,2023-11-01
CUS_0x645e_2023_03_01,CUS_0x645e,2023-03-01,10,9,10000,1000.0,0.0,6000.0,7000.0,2023-12-01
CUS_0x645e_2023_03_01,CUS_0x645e,2023-03-01,10,10,10000,1000.0,0.0,7000.0,7000.0,2024-01-01
CUS_0x645f_2023_08_01,CUS_0x645f,2023-08-01,10,0,10000,0.0,0.0,0.0,10000.0,2023-08-01
CUS_0x645f_2023_08_01,CUS_0x645f,2023-08-01,10,1,10000,1000.0,1000.0,0.0,9000.0,2023-09-01
CUS_0x645f_2023_08_01,CUS_0x645f,2023-08-01,10,2,10000,1000.0,1000.0,0.0,8000.0,2023-10-01
CUS_0x645f_2023_08_01,CUS_0x645f,2023-08-01,10,3,10000,1000.0,1000.0,0.0,7000.0,2023-11-01
CUS_0x645f_2023_08_01,CUS_0x645f,2023-08-01,10,4,10000,1000.0,1000.0,0.0,6000.0,2023-12-01
CUS_0x645f_2023_08_01,CUS_0x645f,2023-08-01,10,5,10000,1000.0,1000.0,0.0,5000.0,2024-01-01
CUS_0x645f_2023_08_01,CUS_0x645f,2023-08-01,10,6,10000,1000.0,1000.0,0.0,4000.0,2024-02-01
CUS_0x645f_2023_08_01,CUS_0x645f,2023-08-01,10,7,10000,1000.0,1000.0,0.0,3000.0,2024-03-01
CUS_0x645f_2023_08_01,CUS_0x645f,2023-08-01,10,8,10000,1000.0,1000.0,0.0,2000.0,2024-04-01
CUS_0x645f_2023_08_01,CUS_0x645f,2023-08-01,10,9,10000,1000.0,1000.0,0.0,1000.0,2024-05-01
CUS_0x645f_2023_08_01,CUS_0x645f,2023-08-01,10,10,10000,1000.0,1000.0,0.0,0.0,2024-06-01
CUS_0x64d4_2023_09_01,CUS_0x64d4,2023-09-01,10,0,10000,0.0,0.0,0.0,10000.0,2023-09-01
CUS_0x64d4_2023_09_01,CUS_0x64d4,2023-09-01,10,1,10000,1000.0,1000.0,0.0,9000.0,2023-10-01
CUS_0x64d4_2023_09_01,CUS_0x64d4,2023-09-01,10,2,10000,1000.0,1000.0,0.0,8000.0,2023-11-01
CUS_0x64d4_2023_09_01,CUS_0x64d4,2023-09-01,10,3,10000,1000.0,1000.0,0.0,7000.0,2023-12-01
CUS_0x64d4_2023_09_01,CUS_0x64d4,2023-09-01,10,4,10000,1000.0,1000.0,0.0,6000.0,2024-01-01
CUS_0x64d4_2023_09_01,CUS_0x64d4,2023-09-01,10,5,10000,1000.0,1000.0,0.0,5000.0,2024-02-01
CUS_0x64d4_2023_09_01,CUS_0x64d4,2023-09-01,10,6,10000,1000.0,1000.0,0.0,4000.0,2024-03-01
CUS_0x64d4_2023_09_01,CUS_0x64d4,2023-09-01,10,7,10000,1000.0,1000.0,0.0,3000.0,2024-04-01
CUS_0x64d4_2023_09_01,CUS_0x64d4,2023-09-01,10,8,10000,1000.0,1000.0,0.0,2000.0,2024-05-01
CUS_0x64d4_2023_09_01,CUS_0x64d4,2023-09-01,10,9,10000,1000.0,1000.0,0.0,1000.0,2024-06-01
CUS_0x64d4_2023_09_01,CUS_0x64d4,2023-09-01,10,10,10000,1000.0,1000.0,0.0,0.0,2024-07-01
CUS_0x64e7_2024_04_01,CUS_0x64e7,2024-04-01,10,0,10000,0.0,0.0,0.0,10000.0,2024-04-01
CUS_0x64e7_2024_04_01,CUS_0x64e7,2024-04-01,10,1,10000,1000.0,1000.0,0.0,9000.0,2024-05-01
CUS_0x64e7_2024_04_01,CUS_0x64e7,2024-04-01,10,2,10000,1000.0,1000.0,0.0,8000.0,2024-06-01
CUS_0x64e7_2024_04_01,CUS_0x64e7,2024-04-01,10,3,10000,1000.0,1000.0,0.0,7000.0,2024-07-01
CUS_0x64e7_2024_04_01,CUS_0x64e7,2024-04-01,10,4,10000,1000.0,1000.0,0.0,6000.0,2024-08-01
CUS_0x64e7_2024_04_01,CUS_0x64e7,2024-04-01,10,5,10000,1000.0,1000.0,0.0,5000.0,2024-09-01
CUS_0x64e7_2024_04_01,CUS_0x64e7,2024-04-01,10,6,10000,1000.0,1000.0,0.0,4000.0,2024-10-01
CUS_0x64e7_2024_04_01,CUS_0x64e7,2024-04-01,10,7,10000,1000.0,1000.0,0.0,3000.0,2024-11-01
CUS_0x64e7_2024_04_01,CUS_0x64e7,2024-04-01,10,8,10000,1000.0,1000.0,0.0,2000.0,2024-12-01
CUS_0x64e7_2024_04_01,CUS_0x64e7,2024-04-01,10,9,10000,1000.0,1000.0,0.0,1000.0,2025-01-01
CUS_0x64e7_2024_04_01,CUS_0x64e7,2024-04-01,10,10,10000,1000.0,1000.0,0.0,0.0,2025-02-01
CUS_0x6504_2025_01_01,CUS_0x6504,2025-01-01,10,0,10000,0.0,0.0,0.0,10000.0,2025-01-01
CUS_0x6504_2025_01_01,CUS_0x6504,2025-01-01,10,1,10000,1000.0,1000.0,0.0,9000.0,2025-02-01
CUS_0x6504_2025_01_01,CUS_0x6504,2025-01-01,10,2,10000,1000.0,1000.0,0.0,8000.0,2025-03-01
CUS_0x6504_2025_01_01,CUS_0x6504,2025-01-01,10,3,10000,1000.0,0.0,1000.0,8000.0,2025-04-01
CUS_0x6504_2025_01_01,CUS_0x6504,2025-01-01,10,4,10000,1000.0,0.0,2000.0,8000.0,2025-05-01
CUS_0x6504_2025_01_01,CUS_0x6504,2025-01-01,10,5,10000,1000.0,0.0,3000.0,8000.0,2025-06-01
CUS_0x6504_2025_01_01,CUS_0x6504,2025-01-01,10,6,10000,1000.0,0.0,4000.0,8000.0,2025-07-01
CUS_0x6504_2025_01_01,CUS_0x6504,2025-01-01,10,7,10000,1000.0,0.0,5000.0,8000.0,2025-08-01
CUS_0x6504_2025_01_01,CUS_0x6504,2025-01-01,10,8,10000,1000.0,0.0,6000.0,8000.0,2025-09-01
CUS_0x6504_2025_01_01,CUS_0x6504,2025-01-01,10,9,10000,1000.0,0.0,7000.0,8000.0,2025-10-01
CUS_0x6504_2025_01_01,CUS_0x6504,2025-01-01,10,10,10000,1000.0,0.0,8000.0,8000.0,2025-11-01
CUS_0x6569_2023_09_01,CUS_0x6569,2023-09-01,10,0,10000,0.0,0.0,0.0,10000.0,2023-09-01
CUS_0x6569_2023_09_01,CUS_0x6569,2023-09-01,10,1,10000,1000.0,1000.0,0.0,9000.0,2023-10-01
CUS_0x6569_2023_09_01,CUS_0x6569,2023-09-01,10,2,10000,1000.0,1000.0,0.0,8000.0,2023-11-01
CUS_0x6569_2023_09_01,CUS_0x6569,2023-09-01,10,3,10000,1000.0,1000.0,0.0,7000.0,2023-12-01
CUS_0x6569_2023_09_01,CUS_0x6569,2023-09-01,10,4,10000,1000.0,1000.0,0.0,6000.0,2024-01-01
CUS_0x6569_2023_09_01,CUS_0x6569,2023-09-01,10,5,10000,1000.0,1000.0,0.0,5000.0,2024-02-01
CUS_0x6569_2023_09_01,CUS_0x6569,2023-09-01,10,6,10000,1000.0,1000.0,0.0,4000.0,2024-03-01
CUS_0x6569_2023_09_01,CUS_0x6569,2023-09-01,10,7,10000,1000.0,1000.0,0.0,3000.0,2024-04-01
CUS_0x6569_2023_09_01,CUS_0x6569,2023-09-01,10,8,10000,1000.0,1000.0,0.0,2000.0,2024-05-01
CUS_0x6569_2023_09_01,CUS_0x6569,2023-09-01,10,9,10000,1000.0,1000.0,0.0,1000.0,2024-06-01
CUS_0x6569_2023_09_01,CUS_0x6569,2023-09-01,10,10,10000,1000.0,1000.0,0.0,0.0,2024-07-01
CUS_0x6575_2024_06_01,CUS_0x6575,2024-06-01,10,0,10000,0.0,0.0,0.0,10000.0,2024-06-01
CUS_0x6575_2024_06_01,CUS_0x6575,2024-06-01,10,1,10000,1000.0,1000.0,0.0,9000.0,2024-07-01
CUS_0x6575_2024_06_01,CUS_0x6575,2024-06-01,10,2,10000,1000.0,1000.0,0.0,8000.0,2024-08-01
CUS_0x6575_2024_06_01,CUS_0x6575,2024-06-01,10,3,10000,1000.0,1000.0,0.0,7000.0,2024-09-01
CUS_0x6575_2024_06_01,CUS_0x6575,2024-06-01,10,4,10000,1000.0,1000.0,0.0,6000.0,2024-10-01
CUS_0x6575_2024_06_01,CUS_0x6575,2024-06-01,10,5,10000,1000.0,1000.0,0.0,5000.0,2024-11-01
CUS_0x6575_2024_06_01,CUS_0x6575,2024-06-01,10,6,10000,1000.0,1000.0,0.0,4000.0,2024-12-01
CUS_0x6575_2024_06_01,CUS_0x6575,2024-06-01,10,7,10000,1000.0,1000.0,0.0,3000.0,2025-01-01
CUS_0x6575_2024_06_01,CUS_0x6575,2024-06-01,10,8,10000,1000.0,1000.0,0.0,2000.0,2025-02-01
CUS_0x6575_2024_06_01,CUS_0x6575,2024-06-01,10,9,10000,1000.0,1000.0,0.0,1000.0,2025-03-01
CUS_0x6575_2024_06_01,CUS_0x6575,2024-06-01,10,10,10000,1000.0,1000.0,0.0,0.0,2025-04-01
CUS_0x65aa_2023_02_01,CUS_0x65aa,2023-02-01,10,0,10000,0.0,0.0,0.0,10000.0,2023-02-01
CUS_0x65aa_2023_02_01,CUS_0x65aa,2023-02-01,10,1,10000,1000.0,1000.0,0.0,9000.0,2023-03-01
CUS_0x65aa_2023_02_01,CUS_0x65aa,2023-02-01,10,2,10000,1000.0,1000.0,0.0,8000.0,2023-04-01
CUS_0x65aa_2023_02_01,CUS_0x65aa,2023-02-01,10,3,10000,1000.0,1000.0,0.0,7000.0,2023-05-01
CUS_0x65aa_2023_02_01,CUS_0x65aa,2023-02-01,10,4,10000,1000.0,1000.0,0.0,6000.0,2023-06-01
CUS_0x65aa_2023_02_01,CUS_0x65aa,2023-02-01,10,5,10000,1000.0,1000.0,0.0,5000.0,2023-07-01
CUS_0x65aa_2023_02_01,CUS_0x65aa,2023-02-01,10,6,10000,1000.0,1000.0,0.0,4000.0,2023-08-01
CUS_0x65aa_2023_02_01,CUS_0x65aa,2023-02-01,10,7,10000,1000.0,1000.0,0.0,3000.0,2023-09-01
CUS_0x65aa_2023_02_01,CUS_0x65aa,2023-02-01,10,8,10000,1000.0,1000.0,0.0,2000.0,2023-10-01
CUS_0x65aa_2023_02_01,CUS_0x65aa,2023-02-01,10,9,10000,1000.0,1000.0,0.0,1000.0,2023-11-01
CUS_0x65aa_2023_02_01,CUS_0x65aa,2023-02-01,10,10,10000,1000.0,1000.0,0.0,0.0,2023-12-01
CUS_0x65dc_2024_09_01,CUS_0x65dc,2024-09-01,10,0,10000,0.0,0.0,0.0,10000.0,2024-09-01
CUS_0x65dc_2024_09_01,CUS_0x65dc,2024-09-01,10,1,10000,1000.0,1000.0,0.0,9000.0,2024-10-01
CUS_0x65dc_2024_09_01,CUS_0x65dc,2024-09-01,10,2,10000,1000.0,1000.0,0.0,8000.0,2024-11-01
CUS_0x65dc_2024_09_01,CUS_0x65dc,2024-09-01,10,3,10000,1000.0,1000.0,0.0,7000.0,2024-12-01
CUS_0x65dc_2024_09_01,CUS_0x65dc,2024-09-01,10,4,10000,1000.0,0.0,1000.0,7000.0,2025-01-01
CUS_0x65dc_2024_09_01,CUS_0x65dc,2024-09-01,10,5,10000,1000.0,0.0,2000.0,7000.0,2025-02-01
CUS_0x65dc_2024_09_01,CUS_0x65dc,2024-09-01,10,6,10000,1000.0,0.0,3000.0,7000.0,2025-03-01
CUS_0x65dc_2024_09_01,CUS_0x65dc,2024-09-01,10,7,10000,1000.0,0.0,4000.0,7000.0,2025-04-01
CUS_0x65dc_2024_09_01,CUS_0x65dc,2024-09-01,10,8,10000,1000.0,0.0,5000.0,7000.0,2025-05-01
CUS_0x65dc_2024_09_01,CUS_0x65dc,2024-09-01,10,9,10000,1000.0,0.0,6000.0,7000.0,2025-06-01
CUS_0x65dc_2024_09_01,CUS_0x65dc,2024-09-01,10,10,10000,1000.0,0.0,7000.0,7000.0,2025-07-01
CUS_0x661d_2023_07_01,CUS_0x661d,2023-07-01,10,0,10000,0.0,0.0,0.0,10000.0,2023-07-01
CUS_0x661d_2023_07_01,CUS_0x661d,2023-07-01,10,1,10000,1000.0,1000.0,0.0,9000.0,2023-08-01
CUS_0x661d_2023_07_01,CUS_0x661d,2023-07-01,10,2,10000,1000.0,0.0,1000.0,9000.0,2023-09-01
CUS_0x661d_2023_07_01,CUS_0x661d,2023-07-01,10,3,10000,1000.0,0.0,2000.0,9000.0,2023-10-01
CUS_0x661d_2023_07_01,CUS_0x661d,2023-07-01,10,4,10000,1000.0,0.0,3000.0,9000.0,2023-11-01
CUS_0x661d_2023_07_01,CUS_0x661d,2023-07-01,10,5,10000,1000.0,0.0,4000.0,9000.0,2023-12-01
CUS_0x661d_2023_07_01,CUS_0x661d,2023-07-01,10,6,10000,1000.0,0.0,5000.0,9000.0,2024-01-01
CUS_0x661d_2023_07_01,CUS_0x661d,2023-07-01,10,7,10000,1000.0,0.0,6000.0,9000.0,2024-02-01
CUS_0x661d_2023_07_01,CUS_0x661d,2023-07-01,10,8,10000,1000.0,0.0,7000.0,9000.0,2024-03-01
CUS_0x661d_2023_07_01,CUS_0x661d,2023-07-01,10,9,10000,1000.0,0.0,8000.0,9000.0,2024-04-01
CUS_0x661d_2023_07_01,CUS_0x661d,2023-07-01,10,10,10000,1000.0,0.0,9000.0,9000.0,2024-05-01
CUS_0x6623_2024_09_01,CUS_0x6623,2024-09-01,10,0,10000,0.0,0.0,0.0,10000.0,2024-09-01
CUS_0x6623_2024_09_01,CUS_0x6623,2024-09-01,10,1,10000,1000.0,1000.0,0.0,9000.0,2024-10-01
CUS_0x6623_2024_09_01,CUS_0x6623,2024-09-01,10,2,10000,1000.0,1000.0,0.0,8000.0,2024-11-01
CUS_0x6623_2024_09_01,CUS_0x6623,2024-09-01,10,3,10000,1000.0,0.0,1000.0,8000.0,2024-12-01
CUS_0x6623_2024_09_01,CUS_0x6623,2024-09-01,10,4,10000,1000.0,2000.0,0.0,6000.0,2025-01-01
CUS_0x6623_2024_09_01,CUS_0x6623,2024-09-01,10,5,10000,1000.0,0.0,1000.0,6000.0,2025-02-01
CUS_0x6623_2024_09_01,CUS_0x6623,2024-09-01,10,6,10000,1000.0,0.0,2000.0,6000.0,2025-03-01
CUS_0x6623_2024_09_01,CUS_0x6623,2024-09-01,10,7,10000,1000.0,0.0,3000.0,6000.0,2025-04-01
CUS_0x6623_2024_09_01,CUS_0x6623,2024-09-01,10,8,10000,1000.0,0.0,4000.0,6000.0,2025-05-01
CUS_0x6623_2024_09_01,CUS_0x6623,2024-09-01,10,9,10000,1000.0,0.0,5000.0,6000.0,2025-06-01
CUS_0x6623_2024_09_01,CUS_0x6623,2024-09-01,10,10,10000,1000.0,0.0,6000.0,6000.0,2025-07-01
CUS_0x6630_2024_02_01,CUS_0x6630,2024-02-01,10,0,10000,0.0,0.0,0.0,10000.0,2024-02-01
CUS_0x6630_2024_02_01,CUS_0x6630,2024-02-01,10,1,10000,1000.0,1000.0,0.0,9000.0,2024-03-01
CUS_0x6630_2024_02_01,CUS_0x6630,2024-02-01,10,2,10000,1000.0,1000.0,0.0,8000.0,2024-04-01
CUS_0x6630_2024_02_01,CUS_0x6630,2024-02-01,10,3,10000,1000.0,1000.0,0.0,7000.0,2024-05-01
CUS_0x6630_2024_02_01,CUS_0x6630,2024-02-01,10,4,10000,1000.0,1000.0,0.0,6000.0,2024-06-01
CUS_0x6630_2024_02_01,CUS_0x6630,2024-02-01,10,5,10000,1000.0,1000.0,0.0,5000.0,2024-07-01
CUS_0x6630_2024_02_01,CUS_0x6630,2024-02-01,10,6,10000,1000.0,1000.0,0.0,4000.0,2024-08-01
CUS_0x6630_2024_02_01,CUS_0x6630,2024-02-01,10,7,10000,1000.0,1000.0,0.0,3000.0,2024-09-01
CUS_0x6630_2024_02_01,CUS_0x6630,2024-02-01,10,8,10000,1000.0,1000.0,0.0,2000.0,2024-10-01
CUS_0x6630_2024_02_01,CUS_0x6630,2024-02-01,10,9,10000,1000.0,1000.0,0.0,1000.0,2024-11-01
CUS_0x6630_2024_02_01,CUS_0x6630,2024-02-01,10,10,10000,1000.0,1000.0,0.0,0.0,2024-12-01
CUS_0x66a1_2023_12_01,CUS_0x66a1,2023-12-01,10,0,10000,0.0,0.0,0.0,10000.0,2023-12-01
CUS_0x66a1_2023_12_01,CUS_0x66a1,2023-12-01,10,1,10000,1000.0,1000.0,0.0,9000.0,2024-01-01
CUS_0x66a1_2023_12_01,CUS_0x66a1,2023-12-01,10,2,10000,1000.0,1000.0,0.0,8000.0,2024-02-01
CUS_0x66a1_2023_12_01,CUS_0x66a1,2023-12-01,10,3,10000,1000.0,1000.0,0.0,7000.0,2024-03-01
CUS_0x66a1_2023_12_01,CUS_0x66a1,2023-12-01,10,4,10000,1000.0,1000.0,0.0,6000.0,2024-04-01
CUS_0x66a1_2023_12_01,CUS_0x66a1,2023-12-01,10,5,10000,1000.0,1000.0,0.0,5000.0,2024-05-01
CUS_0x66a1_2023_12_01,CUS_0x66a1,2023-12-01,10,6,10000,1000.0,1000.0,0.0,4000.0,2024-06-01
CUS_0x66a1_2023_12_01,CUS_0x66a1,2023-12-01,10,7,10000,1000.0,1000.0,0.0,3000.0,2024-07-01
CUS_0x66a1_2023_12_01,CUS_0x66a1,2023-12-01,10,8,10000,1000.0,1000.0,0.0,2000.0,2024-08-01
CUS_0x66a1_2023_12_01,CUS_0x66a1,2023-12-01,10,9,10000,1000.0,1000.0,0.0,1000.0,2024-09-01
CUS_0x66a1_2023_12_01,CUS_0x66a1,2023-12-01,10,10,10000,1000.0,1000.0,0.0,0.0,2024-10-01
CUS_0x66c3_2024_07_01,CUS_0x66c3,2024-07-01,10,0,10000,0.0,0.0,0.0,10000.0,2024-07-01
CUS_0x66c3_2024_07_01,CUS_0x66c3,2024-07-01,10,1,10000,1000.0,0.0,1000.0,10000.0,2024-08-01
CUS_0x66c3_2024_07_01,CUS_0x66c3,2024-07-01,10,2,10000,1000.0,2000.0,0.0,8000.0,2024-09-01
CUS_0x66c3_2024_07_01,CUS_0x66c3,2024-07-01,10,3,10000,1000.0,1000.0,0.0,7000.0,2024-10-01
CUS_0x66c3_2024_07_01,CUS_0x66c3,2024-07-01,10,4,10000,1000.0,0.0,1000.0,7000.0,2024-11-01
CUS_0x66c3_2024_07_01,CUS_0x66c3,2024-07-01,10,5,10000,1000.0,0.0,2000.0,7000.0,2024-12-01
CUS_0x66c3_2024_07_01,CUS_0x66c3,2024-07-01,10,6,10000,1000.0,0.0,3000.0,7000.0,2025-01-01
CUS_0x66c3_2024_07_01,CUS_0x66c3,2024-07-01,10,7,10000,1000.0,0.0,4000.0,7000.0,2025-02-01
CUS_0x66c3_2024_07_01,CUS_0x66c3,2024-07-01,10,8,10000,1000.0,0.0,5000.0,7000.0,2025-03-01
CUS_0x66c3_2024_07_01,CUS_0x66c3,2024-07-01,10,9,10000,1000.0,0.0,6000.0,7000.0,2025-04-01
CUS_0x66c3_2024_07_01,CUS_0x66c3,2024-07-01,10,10,10000,1000.0,0.0,7000.0,7000.0,2025-05-01
CUS_0x6736_2023_03_01,CUS_0x6736,2023-03-01,10,0,10000,0.0,0.0,0.0,10000.0,2023-03-01
CUS_0x6736_2023_03_01,CUS_0x6736,2023-03-01,10,1,10000,1000.0,1000.0,0.0,9000.0,2023-04-01
CUS_0x6736_2023_03_01,CUS_0x6736,2023-03-01,10,2,10000,1000.0,1000.0,0.0,8000.0,2023-05-01
CUS_0x6736_2023_03_01,CUS_0x6736,2023-03-01,10,3,10000,1000.0,1000.0,0.0,7000.0,2023-06-01
CUS_0x6736_2023_03_01,CUS_0x6736,2023-03-01,10,4,10000,1000.0,1000.0,0.0,6000.0,2023-07-01
CUS_0x6736_2023_03_01,CUS_0x6736,2023-03-01,10,5,10000,1000.0,1000.0,0.0,5000.0,2023-08-01
CUS_0x6736_2023_03_01,CUS_0x6736,2023-03-01,10,6,10000,1000.0,1000.0,0.0,4000.0,2023-09-01
CUS_0x6736_2023_03_01,CUS_0x6736,2023-03-01,10,7,10000,1000.0,1000.0,0.0,3000.0,2023-10-01
CUS_0x6736_2023_03_01,CUS_0x6736,2023-03-01,10,8,10000,1000.0,1000.0,0.0,2000.0,2023-11-01
CUS_0x6736_2023_03_01,CUS_0x6736,2023-03-01,10,9,10000,1000.0,1000.0,0.0,1000.0,2023-12-01
CUS_0x6736_2023_03_01,CUS_0x6736,2023-03-01,10,10,10000,1000.0,1000.0,0.0,0.0,2024-01-01
CUS_0x67cb_2023_02_01,CUS_0x67cb,2023-02-01,10,0,10000,0.0,0.0,0.0,10000.0,2023-02-01
CUS_0x67cb_2023_02_01,CUS_0x67cb,2023-02-01,10,1,10000,1000.0,1000.0,0.0,9000.0,2023-03-01
CUS_0x67cb_2023_02_01,CUS_0x67cb,2023-02-01,10,2,10000,1000.0,1000.0,0.0,8000.0,2023-04-01
CUS_0x67cb_2023_02_01,CUS_0x67cb,2023-02-01,10,3,10000,1000.0,1000.0,0.0,7000.0,2023-05-01
CUS_0x67cb_2023_02_01,CUS_0x67cb,2023-02-01,10,4,10000,1000.0,1000.0,0.0,6000.0,2023-06-01
CUS_0x67cb_2023_02_01,CUS_0x67cb,2023-02-01,10,5,10000,1000.0,1000.0,0.0,5000.0,2023-07-01
CUS_0x67cb_2023_02_01,CUS_0x67cb,2023-02-01,10,6,10000,1000.0,1000.0,0.0,4000.0,2023-08-01
CUS_0x67cb_2023_02_01,CUS_0x67cb,2023-02-01,10,7,10000,1000.0,1000.0,0.0,3000.0,2023-09-01
CUS_0x67cb_2023_02_01,CUS_0x67cb,2023-02-01,10,8,10000,1000.0,1000.0,0.0,2000.0,2023-10-01
CUS_0x67cb_2023_02_01,CUS_0x67cb,2023-02-01,10,9,10000,1000.0,1000.0,0.0,1000.0,2023-11-01
CUS_0x67cb_2023_02_01,CUS_0x67cb,2023-02-01,10,10,10000,1000.0,1000.0,0.0,0.0,2023-12-01
CUS_0x67eb_2023_06_01,CUS_0x67eb,2023-06-01,10,0,10000,0.0,0.0,0.0,10000.0,2023-06-01
CUS_0x67eb_2023_06_01,CUS_0x67eb,2023-06-01,10,1,10000,1000.0,1000.0,0.0,9000.0,2023-07-01
CUS_0x67eb_2023_06_01,CUS_0x67eb,2023-06-01,10,2,10000,1000.0,0.0,1000.0,9000.0,2023-08-01
CUS_0x67eb_2023_06_01,CUS_0x67eb,2023-06-01,10,3,10000,1000.0,2000.0,0.0,7000.0,2023-09-01
CUS_0x67eb_2023_06_01,CUS_0x67eb,2023-06-01,10,4,10000,1000.0,0.0,1000.0,7000.0,2023-10-01
CUS_0x67eb_2023_06_01,CUS_0x67eb,2023-06-01,10,5,10000,1000.0,0.0,2000.0,7000.0,2023-11-01
CUS_0x67eb_2023_06_01,CUS_0x67eb,2023-06-01,10,6,10000,1000.0,0.0,3000.0,7000.0,2023-12-01
CUS_0x67eb_2023_06_01,CUS_0x67eb,2023-06-01,10,7,10000,1000.0,0.0,4000.0,7000.0,2024-01-01
CUS_0x67eb_2023_06_01,CUS_0x67eb,2023-06-01,10,8,10000,1000.0,0.0,5000.0,7000.0,2024-02-01
CUS_0x67eb_2023_06_01,CUS_0x67eb,2023-06-01,10,9,10000,1000.0,0.0,6000.0,7000.0,2024-03-01
CUS_0x67eb_2023_06_01,CUS_0x67eb,2023-06-01,10,10,10000,1000.0,0.0,7000.0,7000.0,2024-04-01
CUS_0x67f9_2023_03_01,CUS_0x67f9,2023-03-01,10,0,10000,0.0,0.0,0.0,10000.0,2023-03-01
CUS_0x67f9_2023_03_01,CUS_0x67f9,2023-03-01,10,1,10000,1000.0,1000.0,0.0,9000.0,2023-04-01
CUS_0x67f9_2023_03_01,CUS_0x67f9,2023-03-01,10,2,10000,1000.0,0.0,1000.0,9000.0,2023-05-01
CUS_0x67f9_2023_03_01,CUS_0x67f9,2023-03-01,10,3,10000,1000.0,2000.0,0.0,7000.0,2023-06-01
CUS_0x67f9_2023_03_01,CUS_0x67f9,2023-03-01,10,4,10000,1000.0,0.0,1000.0,7000.0,2023-07-01
CUS_0x67f9_2023_03_01,CUS_0x67f9,2023-03-01,10,5,10000,1000.0,0.0,2000.0,7000.0,2023-08-01
CUS_0x67f9_2023_03_01,CUS_0x67f9,2023-03-01,10,6,10000,1000.0,0.0,3000.0,7000.0,2023-09-01
CUS_0x67f9_2023_03_01,CUS_0x67f9,2023-03-01,10,7,10000,1000.0,0.0,4000.0,7000.0,2023-10-01
CUS_0x67f9_2023_03_01,CUS_0x67f9,2023-03-01,10,8,10000,1000.0,0.0,5000.0,7000.0,2023-11-01
CUS_0x67f9_2023_03_01,CUS_0x67f9,2023-03-01,10,9,10000,1000.0,0.0,6000.0,7000.0,2023-12-01
CUS_0x67f9_2023_03_01,CUS_0x67f9,2023-03-01,10,10,10000,1000.0,0.0,7000.0,7000.0,2024-01-01
CUS_0x6894_2023_12_01,CUS_0x6894,2023-12-01,10,0,10000,0.0,0.0,0.0,10000.0,2023-12-01
CUS_0x6894_2023_12_01,CUS_0x6894,2023-12-01,10,1,10000,1000.0,1000.0,0.0,9000.0,2024-01-01
CUS_0x6894_2023_12_01,CUS_0x6894,2023-12-01,10,2,10000,1000.0,1000.0,0.0,8000.0,2024-02-01
CUS_0x6894_2023_12_01,CUS_0x6894,2023-12-01,10,3,10000,1000.0,1000.0,0.0,7000.0,2024-03-01
CUS_0x6894_2023_12_01,CUS_0x6894,2023-12-01,10,4,10000,1000.0,1000.0,0.0,6000.0,2024-04-01
CUS_0x6894_2023_12_01,CUS_0x6894,2023-12-01,10,5,10000,1000.0,1000.0,0.0,5000.0,2024-05-01
CUS_0x6894_2023_12_01,CUS_0x6894,2023-12-01,10,6,10000,1000.0,1000.0,0.0,4000.0,2024-06-01
CUS_0x6894_2023_12_01,CUS_0x6894,2023-12-01,10,7,10000,1000.0,1000.0,0.0,3000.0,2024-07-01
CUS_0x6894_2023_12_01,CUS_0x6894,2023-12-01,10,8,10000,1000.0,1000.0,0.0,2000.0,2024-08-01
CUS_0x6894_2023_12_01,CUS_0x6894,2023-12-01,10,9,10000,1000.0,1000.0,0.0,1000.0,2024-09-01
CUS_0x6894_2023_12_01,CUS_0x6894,2023-12-01,10,10,10000,1000.0,1000.0,0.0,0.0,2024-10-01
CUS_0x68a7_2023_11_01,CUS_0x68a7,2023-11-01,10,0,10000,0.0,0.0,0.0,10000.0,2023-11-01
CUS_0x68a7_2023_11_01,CUS_0x68a7,2023-11-01,10,1,10000,1000.0,1000.0,0.0,9000.0,2023-12-01
CUS_0x68a7_2023_11_01,CUS_0x68a7,2023-11-01,10,2,10000,1000.0,1000.0,0.0,8000.0,2024-01-01
CUS_0x68a7_2023_11_01,CUS_0x68a7,2023-11-01,10,3,10000,1000.0,0.0,1000.0,8000.0,2024-02-01
CUS_0x68a7_2023_11_01,CUS_0x68a7,2023-11-01,10,4,10000,1000.0,0.0,2000.0,8000.0,2024-03-01
CUS_0x68a7_2023_11_01,CUS_0x68a7,2023-11-01,10,5,10000,1000.0,0.0,3000.0,8000.0,2024-04-01
CUS_0x68a7_2023_11_01,CUS_0x68a7,2023-11-01,10,6,10000,1000.0,0.0,4000.0,8000.0,2024-05-01
CUS_0x68a7_2023_11_01,CUS_0x68a7,2023-11-01,10,7,10000,1000.0,0.0,5000.0,8000.0,2024-06-01
CUS_0x68a7_2023_11_01,CUS_0x68a7,2023-11-01,10,8,10000,1000.0,0.0,6000.0,8000.0,2024-07-01
CUS_0x68a7_2023_11_01,CUS_0x68a7,2023-11-01,10,9,10000,1000.0,0.0,7000.0,8000.0,2024-08-01
CUS_0x68a7_2023_11_01,CUS_0x68a7,2023-11-01,10,10,10000,1000.0,0.0,8000.0,8000.0,2024-09-01
CUS_0x68b5_2023_06_01,CUS_0x68b5,2023-06-01,10,0,10000,0.0,0.0,0.0,10000.0,2023-06-01
CUS_0x68b5_2023_06_01,CUS_0x68b5,2023-06-01,10,1,10000,1000.0,1000.0,0.0,9000.0,2023-07-01
CUS_0x68b5_2023_06_01,CUS_0x68b5,2023-06-01,10,2,10000,1000.0,1000.0,0.0,8000.0,2023-08-01
CUS_0x68b5_2023_06_01,CUS_0x68b5,2023-06-01,10,3,10000,1000.0,1000.0,0.0,7000.0,2023-09-01
CUS_0x68b5_2023_06_01,CUS_0x68b5,2023-06-01,10,4,10000,1000.0,1000.0,0.0,6000.0,2023-10-01
CUS_0x68b5_2023_06_01,CUS_0x68b5,2023-06-01,10,5,10000,1000.0,1000.0,0.0,5000.0,2023-11-01
CUS_0x68b5_2023_06_01,CUS_0x68b5,2023-06-01,10,6,10000,1000.0,1000.0,0.0,4000.0,2023-12-01
CUS_0x68b5_2023_06_01,CUS_0x68b5,2023-06-01,10,7,10000,1000.0,1000.0,0.0,3000.0,2024-01-01
CUS_0x68b5_2023_06_01,CUS_0x68b5,2023-06-01,10,8,10000,1000.0,1000.0,0.0,2000.0,2024-02-01
CUS_0x68b5_2023_06_01,CUS_0x68b5,2023-06-01,10,9,10000,1000.0,1000.0,0.0,1000.0,2024-03-01
CUS_0x68b5_2023_06_01,CUS_0x68b5,2023-06-01,10,10,10000,1000.0,1000.0,0.0,0.0,2024-04-01
CUS_0x68d1_2024_03_01,CUS_0x68d1,2024-03-01,10,0,10000,0.0,0.0,0.0,10000.0,2024-03-01
CUS_0x68d1_2024_03_01,CUS_0x68d1,2024-03-01,10,1,10000,1000.0,1000.0,0.0,9000.0,2024-04-01
CUS_0x68d1_2024_03_01,CUS_0x68d1,2024-03-01,10,2,10000,1000.0,1000.0,0.0,8000.0,2024-05-01
CUS_0x68d1_2024_03_01,CUS_0x68d1,2024-03-01,10,3,10000,1000.0,0.0,1000.0,8000.0,2024-06-01
CUS_0x68d1_2024_03_01,CUS_0x68d1,2024-03-01,10,4,10000,1000.0,0.0,2000.0,8000.0,2024-07-01
CUS_0x68d1_2024_03_01,CUS_0x68d1,2024-03-01,10,5,10000,1000.0,0.0,3000.0,8000.0,2024-08-01
CUS_0x68d1_2024_03_01,CUS_0x68d1,2024-03-01,10,6,10000,1000.0,0.0,4000.0,8000.0,2024-09-01
CUS_0x68d1_2024_03_01,CUS_0x68d1,2024-03-01,10,7,10000,1000.0,0.0,5000.0,8000.0,2024-10-01
CUS_0x68d1_2024_03_01,CUS_0x68d1,2024-03-01,10,8,10000,1000.0,0.0,6000.0,8000.0,2024-11-01
CUS_0x68d1_2024_03_01,CUS_0x68d1,2024-03-01,10,9,10000,1000.0,0.0,7000.0,8000.0,2024-12-01
CUS_0x68d1_2024_03_01,CUS_0x68d1,2024-03-01,10,10,10000,1000.0,0.0,8000.0,8000.0,2025-01-01
CUS_0x68d5_2024_08_01,CUS_0x68d5,2024-08-01,10,0,10000,0.0,0.0,0.0,10000.0,2024-08-01
CUS_0x68d5_2024_08_01,CUS_0x68d5,2024-08-01,10,1,10000,1000.0,1000.0,0.0,9000.0,2024-09-01
CUS_0x68d5_2024_08_01,CUS_0x68d5,2024-08-01,10,2,10000,1000.0,1000.0,0.0,8000.0,2024-10-01
CUS_0x68d5_2024_08_01,CUS_0x68d5,2024-08-01,10,3,10000,1000.0,1000.0,0.0,7000.0,2024-11-01
CUS_0x68d5_2024_08_01,CUS_0x68d5,2024-08-01,10,4,10000,1000.0,1000.0,0.0,6000.0,2024-12-01
CUS_0x68d5_2024_08_01,CUS_0x68d5,2024-08-01,10,5,10000,1000.0,1000.0,0.0,5000.0,2025-01-01
CUS_0x68d5_2024_08_01,CUS_0x68d5,2024-08-01,10,6,10000,1000.0,1000.0,0.0,4000.0,2025-02-01
CUS_0x68d5_2024_08_01,CUS_0x68d5,2024-08-01,10,7,10000,1000.0,1000.0,0.0,3000.0,2025-03-01
CUS_0x68d5_2024_08_01,CUS_0x68d5,2024-08-01,10,8,10000,1000.0,1000.0,0.0,2000.0,2025-04-01
CUS_0x68d5_2024_08_01,CUS_0x68d5,2024-08-01,10,9,10000,1000.0,1000.0,0.0,1000.0,2025-05-01
CUS_0x68d5_2024_08_01,CUS_0x68d5,2024-08-01,10,10,10000,1000.0,1000.0,0.0,0.0,2025-06-01
CUS_0x68df_2023_03_01,CUS_0x68df,2023-03-01,10,0,10000,0.0,0.0,0.0,10000.0,2023-03-01
CUS_0x68df_2023_03_01,CUS_0x68df,2023-03-01,10,1,10000,1000.0,1000.0,0.0,9000.0,2023-04-01
CUS_0x68df_2023_03_01,CUS_0x68df,2023-03-01,10,2,10000,1000.0,1000.0,0.0,8000.0,2023-05-01
CUS_0x68df_2023_03_01,CUS_0x68df,2023-03-01,10,3,10000,1000.0,1000.0,0.0,7000.0,2023-06-01
CUS_0x68df_2023_03_01,CUS_0x68df,2023-03-01,10,4,10000,1000.0,1000.0,0.0,6000.0,2023-07-01
CUS_0x68df_2023_03_01,CUS_0x68df,2023-03-01,10,5,10000,1000.0,1000.0,0.0,5000.0,2023-08-01
CUS_0x68df_2023_03_01,CUS_0x68df,2023-03-01,10,6,10000,1000.0,1000.0,0.0,4000.0,2023-09-01
CUS_0x68df_2023_03_01,CUS_0x68df,2023-03-01,10,7,10000,1000.0,1000.0,0.0,3000.0,2023-10-01
CUS_0x68df_2023_03_01,CUS_0x68df,2023-03-01,10,8,10000,1000.0,1000.0,0.0,2000.0,2023-11-01
CUS_0x68df_2023_03_01,CUS_0x68df,2023-03-01,10,9,10000,1000.0,1000.0,0.0,1000.0,2023-12-01
CUS_0x68df_2023_03_01,CUS_0x68df,2023-03-01,10,10,10000,1000.0,1000.0,0.0,0.0,2024-01-01
CUS_0x68f6_2025_01_01,CUS_0x68f6,2025-01-01,10,0,10000,0.0,0.0,0.0,10000.0,2025-01-01
CUS_0x68f6_2025_01_01,CUS_0x68f6,2025-01-01,10,1,10000,1000.0,1000.0,0.0,9000.0,2025-02-01
CUS_0x68f6_2025_01_01,CUS_0x68f6,2025-01-01,10,2,10000,1000.0,0.0,1000.0,9000.0,2025-03-01
CUS_0x68f6_2025_01_01,CUS_0x68f6,2025-01-01,10,3,10000,1000.0,2000.0,0.0,7000.0,2025-04-01
CUS_0x68f6_2025_01_01,CUS_0x68f6,2025-01-01,10,4,10000,1000.0,0.0,1000.0,7000.0,2025-05-01
CUS_0x68f6_2025_01_01,CUS_0x68f6,2025-01-01,10,5,10000,1000.0,0.0,2000.0,7000.0,2025-06-01
CUS_0x68f6_2025_01_01,CUS_0x68f6,2025-01-01,10,6,10000,1000.0,0.0,3000.0,7000.0,2025-07-01
CUS_0x68f6_2025_01_01,CUS_0x68f6,2025-01-01,10,7,10000,1000.0,0.0,4000.0,7000.0,2025-08-01
CUS_0x68f6_2025_01_01,CUS_0x68f6,2025-01-01,10,8,10000,1000.0,0.0,5000.0,7000.0,2025-09-01
CUS_0x68f6_2025_01_01,CUS_0x68f6,2025-01-01,10,9,10000,1000.0,0.0,6000.0,7000.0,2025-10-01
CUS_0x68f6_2025_01_01,CUS_0x68f6,2025-01-01,10,10,10000,1000.0,0.0,7000.0,7000.0,2025-11-01
CUS_0x6960_2024_07_01,CUS_0x6960,2024-07-01,10,0,10000,0.0,0.0,0.0,10000.0,2024-07-01
CUS_0x6960_2024_07_01,CUS_0x6960,2024-07-01,10,1,10000,1000.0,1000.0,0.0,9000.0,2024-08-01
CUS_0x6960_2024_07_01,CUS_0x6960,2024-07-01,10,2,10000,1000.0,1000.0,0.0,8000.0,2024-09-01
CUS_0x6960_2024_07_01,CUS_0x6960,2024-07-01,10,3,10000,1000.0,1000.0,0.0,7000.0,2024-10-01
CUS_0x6960_2024_07_01,CUS_0x6960,2024-07-01,10,4,10000,1000.0,1000.0,0.0,6000.0,2024-11-01
CUS_0x6960_2024_07_01,CUS_0x6960,2024-07-01,10,5,10000,1000.0,1000.0,0.0,5000.0,2024-12-01
CUS_0x6960_2024_07_01,CUS_0x6960,2024-07-01,10,6,10000,1000.0,1000.0,0.0,4000.0,2025-01-01
CUS_0x6960_2024_07_01,CUS_0x6960,2024-07-01,10,7,10000,1000.0,1000.0,0.0,3000.0,2025-02-01
CUS_0x6960_2024_07_01,CUS_0x6960,2024-07-01,10,8,10000,1000.0,1000.0,0.0,2000.0,2025-03-01
CUS_0x6960_2024_07_01,CUS_0x6960,2024-07-01,10,9,10000,1000.0,1000.0,0.0,1000.0,2025-04-01
CUS_0x6960_2024_07_01,CUS_0x6960,2024-07-01,10,10,10000,1000.0,1000.0,0.0,0.0,2025-05-01
CUS_0x698_2024_09_01,CUS_0x698,2024-09-01,10,0,10000,0.0,0.0,0.0,10000.0,2024-09-01
CUS_0x698_2024_09_01,CUS_0x698,2024-09-01,10,1,10000,1000.0,1000.0,0.0,9000.0,2024-10-01
CUS_0x698_2024_09_01,CUS_0x698,2024-09-01,10,2,10000,1000.0,1000.0,0.0,8000.0,2024-11-01
CUS_0x698_2024_09_01,CUS_0x698,2024-09-01,10,3,10000,1000.0,1000.0,0.0,7000.0,2024-12-01
CUS_0x698_2024_09_01,CUS_0x698,2024-09-01,10,4,10000,1000.0,1000.0,0.0,6000.0,2025-01-01
CUS_0x698_2024_09_01,CUS_0x698,2024-09-01,10,5,10000,1000.0,1000.0,0.0,5000.0,2025-02-01
CUS_0x698_2024_09_01,CUS_0x698,2024-09-01,10,6,10000,1000.0,1000.0,0.0,4000.0,2025-03-01
CUS_0x698_2024_09_01,CUS_0x698,2024-09-01,10,7,10000,1000.0,1000.0,0.0,3000.0,2025-04-01
CUS_0x698_2024_09_01,CUS_0x698,2024-09-01,10,8,10000,1000.0,1000.0,0.0,2000.0,2025-05-01
CUS_0x698_2024_09_01,CUS_0x698,2024-09-01,10,9,10000,1000.0,1000.0,0.0,1000.0,2025-06-01
CUS_0x698_2024_09_01,CUS_0x698,2024-09-01,10,10,10000,1000.0,1000.0,0.0,0.0,2025-07-01
CUS_0x69b1_2023_06_01,CUS_0x69b1,2023-06-01,10,0,10000,0.0,0.0,0.0,10000.0,2023-06-01
CUS_0x69b1_2023_06_01,CUS_0x69b1,2023-06-01,10,1,10000,1000.0,1000.0,0.0,9000.0,2023-07-01
CUS_0x69b1_2023_06_01,CUS_0x69b1,2023-06-01,10,2,10000,1000.0,1000.0,0.0,8000.0,2023-08-01
CUS_0x69b1_2023_06_01,CUS_0x69b1,2023-06-01,10,3,10000,1000.0,1000.0,0.0,7000.0,2023-09-01
CUS_0x69b1_2023_06_01,CUS_0x69b1,2023-06-01,10,4,10000,1000.0,1000.0,0.0,6000.0,2023-10-01
CUS_0x69b1_2023_06_01,CUS_0x69b1,2023-06-01,10,5,10000,1000.0,1000.0,0.0,5000.0,2023-11-01
CUS_0x69b1_2023_06_01,CUS_0x69b1,2023-06-01,10,6,10000,1000.0,1000.0,0.0,4000.0,2023-12-01
CUS_0x69b1_2023_06_01,CUS_0x69b1,2023-06-01,10,7,10000,1000.0,1000.0,0.0,3000.0,2024-01-01
CUS_0x69b1_2023_06_01,CUS_0x69b1,2023-06-01,10,8,10000,1000.0,1000.0,0.0,2000.0,2024-02-01
CUS_0x69b1_2023_06_01,CUS_0x69b1,2023-06-01,10,9,10000,1000.0,1000.0,0.0,1000.0,2024-03-01
CUS_0x69b1_2023_06_01,CUS_0x69b1,2023-06-01,10,10,10000,1000.0,1000.0,0.0,0.0,2024-04-01
CUS_0x69ea_2024_12_01,CUS_0x69ea,2024-12-01,10,0,10000,0.0,0.0,0.0,10000.0,2024-12-01
CUS_0x69ea_2024_12_01,CUS_0x69ea,2024-12-01,10,1,10000,1000.0,1000.0,0.0,9000.0,2025-01-01
CUS_0x69ea_2024_12_01,CUS_0x69ea,2024-12-01,10,2,10000,1000.0,1000.0,0.0,8000.0,2025-02-01
CUS_0x69ea_2024_12_01,CUS_0x69ea,2024-12-01,10,3,10000,1000.0,1000.0,0.0,7000.0,2025-03-01
CUS_0x69ea_2024_12_01,CUS_0x69ea,2024-12-01,10,4,10000,1000.0,1000.0,0.0,6000.0,2025-04-01
CUS_0x69ea_2024_12_01,CUS_0x69ea,2024-12-01,10,5,10000,1000.0,1000.0,0.0,5000.0,2025-05-01
CUS_0x69ea_2024_12_01,CUS_0x69ea,2024-12-01,10,6,10000,1000.0,1000.0,0.0,4000.0,2025-06-01
CUS_0x69ea_2024_12_01,CUS_0x69ea,2024-12-01,10,7,10000,1000.0,1000.0,0.0,3000.0,2025-07-01
CUS_0x69ea_2024_12_01,CUS_0x69ea,2024-12-01,10,8,10000,1000.0,1000.0,0.0,2000.0,2025-08-01
CUS_0x69ea_2024_12_01,CUS_0x69ea,2024-12-01,10,9,10000,1000.0,1000.0,0.0,1000.0,2025-09-01
CUS_0x69ea_2024_12_01,CUS_0x69ea,2024-12-01,10,10,10000,1000.0,1000.0,0.0,0.0,2025-10-01
CUS_0x6a0b_2025_01_01,CUS_0x6a0b,2025-01-01,10,0,10000,0.0,0.0,0.0,10000.0,2025-01-01
CUS_0x6a0b_2025_01_01,CUS_0x6a0b,2025-01-01,10,1,10000,1000.0,0.0,1000.0,10000.0,2025-02-01
CUS_0x6a0b_2025_01_01,CUS_0x6a0b,2025-01-01,10,2,10000,1000.0,2000.0,0.0,8000.0,2025-03-01
CUS_0x6a0b_2025_01_01,CUS_0x6a0b,2025-01-01,10,3,10000,1000.0,1000.0,0.0,7000.0,2025-04-01
CUS_0x6a0b_2025_01_01,CUS_0x6a0b,2025-01-01,10,4,10000,1000.0,0.0,1000.0,7000.0,2025-05-01
CUS_0x6a0b_2025_01_01,CUS_0x6a0b,2025-01-01,10,5,10000,1000.0,0.0,2000.0,7000.0,2025-06-01
CUS_0x6a0b_2025_01_01,CUS_0x6a0b,2025-01-01,10,6,10000,1000.0,0.0,3000.0,7000.0,2025-07-01
CUS_0x6a0b_2025_01_01,CUS_0x6a0b,2025-01-01,10,7,10000,1000.0,0.0,4000.0,7000.0,2025-08-01
CUS_0x6a0b_2025_01_01,CUS_0x6a0b,2025-01-01,10,8,10000,1000.0,0.0,5000.0,7000.0,2025-09-01
CUS_0x6a0b_2025_01_01,CUS_0x6a0b,2025-01-01,10,9,10000,1000.0,0.0,6000.0,7000.0,2025-10-01
CUS_0x6a0b_2025_01_01,CUS_0x6a0b,2025-01-01,10,10,10000,1000.0,0.0,7000.0,7000.0,2025-11-01
CUS_0x6a1b_2023_04_01,CUS_0x6a1b,2023-04-01,10,0,10000,0.0,0.0,0.0,10000.0,2023-04-01
CUS_0x6a1b_2023_04_01,CUS_0x6a1b,2023-04-01,10,1,10000,1000.0,1000.0,0.0,9000.0,2023-05-01
CUS_0x6a1b_2023_04_01,CUS_0x6a1b,2023-04-01,10,2,10000,1000.0,1000.0,0.0,8000.0,2023-06-01
CUS_0x6a1b_2023_04_01,CUS_0x6a1b,2023-04-01,10,3,10000,1000.0,1000.0,0.0,7000.0,2023-07-01
CUS_0x6a1b_2023_04_01,CUS_0x6a1b,2023-04-01,10,4,10000,1000.0,1000.0,0.0,6000.0,2023-08-01
CUS_0x6a1b_2023_04_01,CUS_0x6a1b,2023-04-01,10,5,10000,1000.0,1000.0,0.0,5000.0,2023-09-01
CUS_0x6a1b_2023_04_01,CUS_0x6a1b,2023-04-01,10,6,10000,1000.0,1000.0,0.0,4000.0,2023-10-01
CUS_0x6a1b_2023_04_01,CUS_0x6a1b,2023-04-01,10,7,10000,1000.0,1000.0,0.0,3000.0,2023-11-01
CUS_0x6a1b_2023_04_01,CUS_0x6a1b,2023-04-01,10,8,10000,1000.0,1000.0,0.0,2000.0,2023-12-01
CUS_0x6a1b_2023_04_01,CUS_0x6a1b,2023-04-01,10,9,10000,1000.0,1000.0,0.0,1000.0,2024-01-01
CUS_0x6a1b_2023_04_01,CUS_0x6a1b,2023-04-01,10,10,10000,1000.0,1000.0,0.0,0.0,2024-02-01
CUS_0x6a66_2023_04_01,CUS_0x6a66,2023-04-01,10,0,10000,0.0,0.0,0.0,10000.0,2023-04-01
CUS_0x6a66_2023_04_01,CUS_0x6a66,2023-04-01,10,1,10000,1000.0,1000.0,0.0,9000.0,2023-05-01
CUS_0x6a66_2023_04_01,CUS_0x6a66,2023-04-01,10,2,10000,1000.0,1000.0,0.0,8000.0,2023-06-01
CUS_0x6a66_2023_04_01,CUS_0x6a66,2023-04-01,10,3,10000,1000.0,1000.0,0.0,7000.0,2023-07-01
CUS_0x6a66_2023_04_01,CUS_0x6a66,2023-04-01,10,4,10000,1000.0,1000.0,0.0,6000.0,2023-08-01
CUS_0x6a66_2023_04_01,CUS_0x6a66,2023-04-01,10,5,10000,1000.0,1000.0,0.0,5000.0,2023-09-01
CUS_0x6a66_2023_04_01,CUS_0x6a66,2023-04-01,10,6,10000,1000.0,1000.0,0.0,4000.0,2023-10-01
CUS_0x6a66_2023_04_01,CUS_0x6a66,2023-04-01,10,7,10000,1000.0,1000.0,0.0,3000.0,2023-11-01
CUS_0x6a66_2023_04_01,CUS_0x6a66,2023-04-01,10,8,10000,1000.0,1000.0,0.0,2000.0,2023-12-01
CUS_0x6a66_2023_04_01,CUS_0x6a66,2023-04-01,10,9,10000,1000.0,1000.0,0.0,1000.0,2024-01-01
CUS_0x6a66_2023_04_01,CUS_0x6a66,2023-04-01,10,10,10000,1000.0,1000.0,0.0,0.0,2024-02-01
CUS_0x6a74_2023_11_01,CUS_0x6a74,2023-11-01,10,0,10000,0.0,0.0,0.0,10000.0,2023-11-01
CUS_0x6a74_2023_11_01,CUS_0x6a74,2023-11-01,10,1,10000,1000.0,1000.0,0.0,9000.0,2023-12-01
CUS_0x6a74_2023_11_01,CUS_0x6a74,2023-11-01,10,2,10000,1000.0,1000.0,0.0,8000.0,2024-01-01
CUS_0x6a74_2023_11_01,CUS_0x6a74,2023-11-01,10,3,10000,1000.0,1000.0,0.0,7000.0,2024-02-01
CUS_0x6a74_2023_11_01,CUS_0x6a74,2023-11-01,10,4,10000,1000.0,1000.0,0.0,6000.0,2024-03-01
CUS_0x6a74_2023_11_01,CUS_0x6a74,2023-11-01,10,5,10000,1000.0,1000.0,0.0,5000.0,2024-04-01
CUS_0x6a74_2023_11_01,CUS_0x6a74,2023-11-01,10,6,10000,1000.0,1000.0,0.0,4000.0,2024-05-01
CUS_0x6a74_2023_11_01,CUS_0x6a74,2023-11-01,10,7,10000,1000.0,1000.0,0.0,3000.0,2024-06-01
CUS_0x6a74_2023_11_01,CUS_0x6a74,2023-11-01,10,8,10000,1000.0,1000.0,0.0,2000.0,2024-07-01
CUS_0x6a74_2023_11_01,CUS_0x6a74,2023-11-01,10,9,10000,1000.0,1000.0,0.0,1000.0,2024-08-01
CUS_0x6a74_2023_11_01,CUS_0x6a74,2023-11-01,10,10,10000,1000.0,1000.0,0.0,0.0,2024-09-01
CUS_0x6ad2_2023_06_01,CUS_0x6ad2,2023-06-01,10,0,10000,0.0,0.0,0.0,10000.0,2023-06-01
CUS_0x6ad2_2023_06_01,CUS_0x6ad2,2023-06-01,10,1,10000,1000.0,1000.0,0.0,9000.0,2023-07-01
CUS_0x6ad2_2023_06_01,CUS_0x6ad2,2023-06-01,10,2,10000,1000.0,1000.0,0.0,8000.0,2023-08-01
CUS_0x6ad2_2023_06_01,CUS_0x6ad2,2023-06-01,10,3,10000,1000.0,1000.0,0.0,7000.0,2023-09-01
CUS_0x6ad2_2023_06_01,CUS_0x6ad2,2023-06-01,10,4,10000,1000.0,1000.0,0.0,6000.0,2023-10-01
CUS_0x6ad2_2023_06_01,CUS_0x6ad2,2023-06-01,10,5,10000,1000.0,1000.0,0.0,5000.0,2023-11-01
CUS_0x6ad2_2023_06_01,CUS_0x6ad2,2023-06-01,10,6,10000,1000.0,1000.0,0.0,4000.0,2023-12-01
CUS_0x6ad2_2023_06_01,CUS_0x6ad2,2023-06-01,10,7,10000,1000.0,1000.0,0.0,3000.0,2024-01-01
CUS_0x6ad2_2023_06_01,CUS_0x6ad2,2023-06-01,10,8,10000,1000.0,1000.0,0.0,2000.0,2024-02-01
CUS_0x6ad2_2023_06_01,CUS_0x6ad2,2023-06-01,10,9,10000,1000.0,1000.0,0.0,1000.0,2024-03-01
CUS_0x6ad2_2023_06_01,CUS_0x6ad2,2023-06-01,10,10,10000,1000.0,1000.0,0.0,0.0,2024-04-01
CUS_0x6ae2_2024_06_01,CUS_0x6ae2,2024-06-01,10,0,10000,0.0,0.0,0.0,10000.0,2024-06-01
CUS_0x6ae2_2024_06_01,CUS_0x6ae2,2024-06-01,10,1,10000,1000.0,1000.0,0.0,9000.0,2024-07-01
CUS_0x6ae2_2024_06_01,CUS_0x6ae2,2024-06-01,10,2,10000,1000.0,1000.0,0.0,8000.0,2024-08-01
CUS_0x6ae2_2024_06_01,CUS_0x6ae2,2024-06-01,10,3,10000,1000.0,1000.0,0.0,7000.0,2024-09-01
CUS_0x6ae2_2024_06_01,CUS_0x6ae2,2024-06-01,10,4,10000,1000.0,1000.0,0.0,6000.0,2024-10-01
CUS_0x6ae2_2024_06_01,CUS_0x6ae2,2024-06-01,10,5,10000,1000.0,1000.0,0.0,5000.0,2024-11-01
CUS_0x6ae2_2024_06_01,CUS_0x6ae2,2024-06-01,10,6,10000,1000.0,1000.0,0.0,4000.0,2024-12-01
CUS_0x6ae2_2024_06_01,CUS_0x6ae2,2024-06-01,10,7,10000,1000.0,1000.0,0.0,3000.0,2025-01-01
CUS_0x6ae2_2024_06_01,CUS_0x6ae2,2024-06-01,10,8,10000,1000.0,1000.0,0.0,2000.0,2025-02-01
CUS_0x6ae2_2024_06_01,CUS_0x6ae2,2024-06-01,10,9,10000,1000.0,1000.0,0.0,1000.0,2025-03-01
CUS_0x6ae2_2024_06_01,CUS_0x6ae2,2024-06-01,10,10,10000,1000.0,1000.0,0.0,0.0,2025-04-01
CUS_0x6aec_2024_02_01,CUS_0x6aec,2024-02-01,10,0,10000,0.0,0.0,0.0,10000.0,2024-02-01
CUS_0x6aec_2024_02_01,CUS_0x6aec,2024-02-01,10,1,10000,1000.0,0.0,1000.0,10000.0,2024-03-01
CUS_0x6aec_2024_02_01,CUS_0x6aec,2024-02-01,10,2,10000,1000.0,2000.0,0.0,8000.0,2024-04-01
CUS_0x6aec_2024_02_01,CUS_0x6aec,2024-02-01,10,3,10000,1000.0,0.0,1000.0,8000.0,2024-05-01
CUS_0x6aec_2024_02_01,CUS_0x6aec,2024-02-01,10,4,10000,1000.0,0.0,2000.0,8000.0,2024-06-01
CUS_0x6aec_2024_02_01,CUS_0x6aec,2024-02-01,10,5,10000,1000.0,0.0,3000.0,8000.0,2024-07-01
CUS_0x6aec_2024_02_01,CUS_0x6aec,2024-02-01,10,6,10000,1000.0,0.0,4000.0,8000.0,2024-08-01
CUS_0x6aec_2024_02_01,CUS_0x6aec,2024-02-01,10,7,10000,1000.0,0.0,5000.0,8000.0,2024-09-01
CUS_0x6aec_2024_02_01,CUS_0x6aec,2024-02-01,10,8,10000,1000.0,0.0,6000.0,8000.0,2024-10-01
CUS_0x6aec_2024_02_01,CUS_0x6aec,2024-02-01,10,9,10000,1000.0,0.0,7000.0,8000.0,2024-11-01
CUS_0x6aec_2024_02_01,CUS_0x6aec,2024-02-01,10,10,10000,1000.0,0.0,8000.0,8000.0,2024-12-01
CUS_0x6aed_2024_09_01,CUS_0x6aed,2024-09-01,10,0,10000,0.0,0.0,0.0,10000.0,2024-09-01
CUS_0x6aed_2024_09_01,CUS_0x6aed,2024-09-01,10,1,10000,1000.0,1000.0,0.0,9000.0,2024-10-01
CUS_0x6aed_2024_09_01,CUS_0x6aed,2024-09-01,10,2,10000,1000.0,1000.0,0.0,8000.0,2024-11-01
CUS_0x6aed_2024_09_01,CUS_0x6aed,2024-09-01,10,3,10000,1000.0,1000.0,0.0,7000.0,2024-12-01
CUS_0x6aed_2024_09_01,CUS_0x6aed,2024-09-01,10,4,10000,1000.0,1000.0,0.0,6000.0,2025-01-01
CUS_0x6aed_2024_09_01,CUS_0x6aed,2024-09-01,10,5,10000,1000.0,1000.0,0.0,5000.0,2025-02-01
CUS_0x6aed_2024_09_01,CUS_0x6aed,2024-09-01,10,6,10000,1000.0,1000.0,0.0,4000.0,2025-03-01
CUS_0x6aed_2024_09_01,CUS_0x6aed,2024-09-01,10,7,10000,1000.0,1000.0,0.0,3000.0,2025-04-01
CUS_0x6aed_2024_09_01,CUS_0x6aed,2024-09-01,10,8,10000,1000.0,1000.0,0.0,2000.0,2025-05-01
CUS_0x6aed_2024_09_01,CUS_0x6aed,2024-09-01,10,9,10000,1000.0,1000.0,0.0,1000.0,2025-06-01
CUS_0x6aed_2024_09_01,CUS_0x6aed,2024-09-01,10,10,10000,1000.0,1000.0,0.0,0.0,2025-07-01
CUS_0x6b89_2024_04_01,CUS_0x6b89,2024-04-01,10,0,10000,0.0,0.0,0.0,10000.0,2024-04-01
CUS_0x6b89_2024_04_01,CUS_0x6b89,2024-04-01,10,1,10000,1000.0,1000.0,0.0,9000.0,2024-05-01
CUS_0x6b89_2024_04_01,CUS_0x6b89,2024-04-01,10,2,10000,1000.0,1000.0,0.0,8000.0,2024-06-01
CUS_0x6b89_2024_04_01,CUS_0x6b89,2024-04-01,10,3,10000,1000.0,1000.0,0.0,7000.0,2024-07-01
CUS_0x6b89_2024_04_01,CUS_0x6b89,2024-04-01,10,4,10000,1000.0,1000.0,0.0,6000.0,2024-08-01
CUS_0x6b89_2024_04_01,CUS_0x6b89,2024-04-01,10,5,10000,1000.0,1000.0,0.0,5000.0,2024-09-01
CUS_0x6b89_2024_04_01,CUS_0x6b89,2024-04-01,10,6,10000,1000.0,1000.0,0.0,4000.0,2024-10-01
CUS_0x6b89_2024_04_01,CUS_0x6b89,2024-04-01,10,7,10000,1000.0,1000.0,0.0,3000.0,2024-11-01
CUS_0x6b89_2024_04_01,CUS_0x6b89,2024-04-01,10,8,10000,1000.0,1000.0,0.0,2000.0,2024-12-01
CUS_0x6b89_2024_04_01,CUS_0x6b89,2024-04-01,10,9,10000,1000.0,1000.0,0.0,1000.0,2025-01-01
CUS_0x6b89_2024_04_01,CUS_0x6b89,2024-04-01,10,10,10000,1000.0,1000.0,0.0,0.0,2025-02-01
CUS_0x6ba3_2024_06_01,CUS_0x6ba3,2024-06-01,10,0,10000,0.0,0.0,0.0,10000.0,2024-06-01
CUS_0x6ba3_2024_06_01,CUS_0x6ba3,2024-06-01,10,1,10000,1000.0,1000.0,0.0,9000.0,2024-07-01
CUS_0x6ba3_2024_06_01,CUS_0x6ba3,2024-06-01,10,2,10000,1000.0,1000.0,0.0,8000.0,2024-08-01
CUS_0x6ba3_2024_06_01,CUS_0x6ba3,2024-06-01,10,3,10000,1000.0,1000.0,0.0,7000.0,2024-09-01
CUS_0x6ba3_2024_06_01,CUS_0x6ba3,2024-06-01,10,4,10000,1000.0,1000.0,0.0,6000.0,2024-10-01
CUS_0x6ba3_2024_06_01,CUS_0x6ba3,2024-06-01,10,5,10000,1000.0,1000.0,0.0,5000.0,2024-11-01
CUS_0x6ba3_2024_06_01,CUS_0x6ba3,2024-06-01,10,6,10000,1000.0,1000.0,0.0,4000.0,2024-12-01
CUS_0x6ba3_2024_06_01,CUS_0x6ba3,2024-06-01,10,7,10000,1000.0,1000.0,0.0,3000.0,2025-01-01
CUS_0x6ba3_2024_06_01,CUS_0x6ba3,2024-06-01,10,8,10000,1000.0,1000.0,0.0,2000.0,2025-02-01
CUS_0x6ba3_2024_06_01,CUS_0x6ba3,2024-06-01,10,9,10000,1000.0,1000.0,0.0,1000.0,2025-03-01
CUS_0x6ba3_2024_06_01,CUS_0x6ba3,2024-06-01,10,10,10000,1000.0,1000.0,0.0,0.0,2025-04-01
CUS_0x6bcf_2025_01_01,CUS_0x6bcf,2025-01-01,10,0,10000,0.0,0.0,0.0,10000.0,2025-01-01
CUS_0x6bcf_2025_01_01,CUS_0x6bcf,2025-01-01,10,1,10000,1000.0,1000.0,0.0,9000.0,2025-02-01
CUS_0x6bcf_2025_01_01,CUS_0x6bcf,2025-01-01,10,2,10000,1000.0,1000.0,0.0,8000.0,2025-03-01
CUS_0x6bcf_2025_01_01,CUS_0x6bcf,2025-01-01,10,3,10000,1000.0,1000.0,0.0,7000.0,2025-04-01
CUS_0x6bcf_2025_01_01,CUS_0x6bcf,2025-01-01,10,4,10000,1000.0,1000.0,0.0,6000.0,2025-05-01
CUS_0x6bcf_2025_01_01,CUS_0x6bcf,2025-01-01,10,5,10000,1000.0,1000.0,0.0,5000.0,2025-06-01
CUS_0x6bcf_2025_01_01,CUS_0x6bcf,2025-01-01,10,6,10000,1000.0,1000.0,0.0,4000.0,2025-07-01
CUS_0x6bcf_2025_01_01,CUS_0x6bcf,2025-01-01,10,7,10000,1000.0,1000.0,0.0,3000.0,2025-08-01
CUS_0x6bcf_2025_01_01,CUS_0x6bcf,2025-01-01,10,8,10000,1000.0,1000.0,0.0,2000.0,2025-09-01
CUS_0x6bcf_2025_01_01,CUS_0x6bcf,2025-01-01,10,9,10000,1000.0,1000.0,0.0,1000.0,2025-10-01
CUS_0x6bcf_2025_01_01,CUS_0x6bcf,2025-01-01,10,10,10000,1000.0,1000.0,0.0,0.0,2025-11-01
CUS_0x6c4c_2023_06_01,CUS_0x6c4c,2023-06-01,10,0,10000,0.0,0.0,0.0,10000.0,2023-06-01
CUS_0x6c4c_2023_06_01,CUS_0x6c4c,2023-06-01,10,1,10000,1000.0,1000.0,0.0,9000.0,2023-07-01
CUS_0x6c4c_2023_06_01,CUS_0x6c4c,2023-06-01,10,2,10000,1000.0,1000.0,0.0,8000.0,2023-08-01
CUS_0x6c4c_2023_06_01,CUS_0x6c4c,2023-06-01,10,3,10000,1000.0,1000.0,0.0,7000.0,2023-09-01
CUS_0x6c4c_2023_06_01,CUS_0x6c4c,2023-06-01,10,4,10000,1000.0,1000.0,0.0,6000.0,2023-10-01
CUS_0x6c4c_2023_06_01,CUS_0x6c4c,2023-06-01,10,5,10000,1000.0,1000.0,0.0,5000.0,2023-11-01
CUS_0x6c4c_2023_06_01,CUS_0x6c4c,2023-06-01,10,6,10000,1000.0,1000.0,0.0,4000.0,2023-12-01
CUS_0x6c4c_2023_06_01,CUS_0x6c4c,2023-06-01,10,7,10000,1000.0,1000.0,0.0,3000.0,2024-01-01
CUS_0x6c4c_2023_06_01,CUS_0x6c4c,2023-06-01,10,8,10000,1000.0,1000.0,0.0,2000.0,2024-02-01
CUS_0x6c4c_2023_06_01,CUS_0x6c4c,2023-06-01,10,9,10000,1000.0,1000.0,0.0,1000.0,2024-03-01
CUS_0x6c4c_2023_06_01,CUS_0x6c4c,2023-06-01,10,10,10000,1000.0,1000.0,0.0,0.0,2024-04-01
CUS_0x6c4e_2024_03_01,CUS_0x6c4e,2024-03-01,10,0,10000,0.0,0.0,0.0,10000.0,2024-03-01
CUS_0x6c4e_2024_03_01,CUS_0x6c4e,2024-03-01,10,1,10000,1000.0,1000.0,0.0,9000.0,2024-04-01
CUS_0x6c4e_2024_03_01,CUS_0x6c4e,2024-03-01,10,2,10000,1000.0,1000.0,0.0,8000.0,2024-05-01
CUS_0x6c4e_2024_03_01,CUS_0x6c4e,2024-03-01,10,3,10000,1000.0,1000.0,0.0,7000.0,2024-06-01
CUS_0x6c4e_2024_03_01,CUS_0x6c4e,2024-03-01,10,4,10000,1000.0,1000.0,0.0,6000.0,2024-07-01
CUS_0x6c4e_2024_03_01,CUS_0x6c4e,2024-03-01,10,5,10000,1000.0,1000.0,0.0,5000.0,2024-08-01
CUS_0x6c4e_2024_03_01,CUS_0x6c4e,2024-03-01,10,6,10000,1000.0,1000.0,0.0,4000.0,2024-09-01
CUS_0x6c4e_2024_03_01,CUS_0x6c4e,2024-03-01,10,7,10000,1000.0,1000.0,0.0,3000.0,2024-10-01
CUS_0x6c4e_2024_03_01,CUS_0x6c4e,2024-03-01,10,8,10000,1000.0,1000.0,0.0,2000.0,2024-11-01
CUS_0x6c4e_2024_03_01,CUS_0x6c4e,2024-03-01,10,9,10000,1000.0,1000.0,0.0,1000.0,2024-12-01
CUS_0x6c4e_2024_03_01,CUS_0x6c4e,2024-03-01,10,10,10000,1000.0,1000.0,0.0,0.0,2025-01-01
CUS_0x6c85_2023_06_01,CUS_0x6c85,2023-06-01,10,0,10000,0.0,0.0,0.0,10000.0,2023-06-01
CUS_0x6c85_2023_06_01,CUS_0x6c85,2023-06-01,10,1,10000,1000.0,1000.0,0.0,9000.0,2023-07-01
CUS_0x6c85_2023_06_01,CUS_0x6c85,2023-06-01,10,2,10000,1000.0,1000.0,0.0,8000.0,2023-08-01
CUS_0x6c85_2023_06_01,CUS_0x6c85,2023-06-01,10,3,10000,1000.0,1000.0,0.0,7000.0,2023-09-01
CUS_0x6c85_2023_06_01,CUS_0x6c85,2023-06-01,10,4,10000,1000.0,1000.0,0.0,6000.0,2023-10-01
CUS_0x6c85_2023_06_01,CUS_0x6c85,2023-06-01,10,5,10000,1000.0,1000.0,0.0,5000.0,2023-11-01
CUS_0x6c85_2023_06_01,CUS_0x6c85,2023-06-01,10,6,10000,1000.0,1000.0,0.0,4000.0,2023-12-01
CUS_0x6c85_2023_06_01,CUS_0x6c85,2023-06-01,10,7,10000,1000.0,1000.0,0.0,3000.0,2024-01-01
CUS_0x6c85_2023_06_01,CUS_0x6c85,2023-06-01,10,8,10000,1000.0,1000.0,0.0,2000.0,2024-02-01
CUS_0x6c85_2023_06_01,CUS_0x6c85,2023-06-01,10,9,10000,1000.0,1000.0,0.0,1000.0,2024-03-01
CUS_0x6c85_2023_06_01,CUS_0x6c85,2023-06-01,10,10,10000,1000.0,1000.0,0.0,0.0,2024-04-01
CUS_0x6e64_2024_04_01,CUS_0x6e64,2024-04-01,10,0,10000,0.0,0.0,0.0,10000.0,2024-04-01
CUS_0x6e64_2024_04_01,CUS_0x6e64,2024-04-01,10,1,10000,1000.0,1000.0,0.0,9000.0,2024-05-01
CUS_0x6e64_2024_04_01,CUS_0x6e64,2024-04-01,10,2,10000,1000.0,1000.0,0.0,8000.0,2024-06-01
CUS_0x6e64_2024_04_01,CUS_0x6e64,2024-04-01,10,3,10000,1000.0,1000.0,0.0,7000.0,2024-07-01
CUS_0x6e64_2024_04_01,CUS_0x6e64,2024-04-01,10,4,10000,1000.0,1000.0,0.0,6000.0,2024-08-01
CUS_0x6e64_2024_04_01,CUS_0x6e64,2024-04-01,10,5,10000,1000.0,1000.0,0.0,5000.0,2024-09-01
CUS_0x6e64_2024_04_01,CUS_0x6e64,2024-04-01,10,6,10000,1000.0,1000.0,0.0,4000.0,2024-10-01
CUS_0x6e64_2024_04_01,CUS_0x6e64,2024-04-01,10,7,10000,1000.0,1000.0,0.0,3000.0,2024-11-01
CUS_0x6e64_2024_04_01,CUS_0x6e64,2024-04-01,10,8,10000,1000.0,1000.0,0.0,2000.0,2024-12-01
CUS_0x6e64_2024_04_01,CUS_0x6e64,2024-04-01,10,9,10000,1000.0,1000.0,0.0,1000.0,2025-01-01
CUS_0x6e64_2024_04_01,CUS_0x6e64,2024-04-01,10,10,10000,1000.0,1000.0,0.0,0.0,2025-02-01
CUS_0x6e7_2024_05_01,CUS_0x6e7,2024-05-01,10,0,10000,0.0,0.0,0.0,10000.0,2024-05-01
CUS_0x6e7_2024_05_01,CUS_0x6e7,2024-05-01,10,1,10000,1000.0,1000.0,0.0,9000.0,2024-06-01
CUS_0x6e7_2024_05_01,CUS_0x6e7,2024-05-01,10,2,10000,1000.0,1000.0,0.0,8000.0,2024-07-01
CUS_0x6e7_2024_05_01,CUS_0x6e7,2024-05-01,10,3,10000,1000.0,1000.0,0.0,7000.0,2024-08-01
CUS_0x6e7_2024_05_01,CUS_0x6e7,2024-05-01,10,4,10000,1000.0,1000.0,0.0,6000.0,2024-09-01
CUS_0x6e7_2024_05_01,CUS_0x6e7,2024-05-01,10,5,10000,1000.0,1000.0,0.0,5000.0,2024-10-01
CUS_0x6e7_2024_05_01,CUS_0x6e7,2024-05-01,10,6,10000,1000.0,1000.0,0.0,4000.0,2024-11-01
CUS_0x6e7_2024_05_01,CUS_0x6e7,2024-05-01,10,7,10000,1000.0,1000.0,0.0,3000.0,2024-12-01
CUS_0x6e7_2024_05_01,CUS_0x6e7,2024-05-01,10,8,10000,1000.0,1000.0,0.0,2000.0,2025-01-01
CUS_0x6e7_2024_05_01,CUS_0x6e7,2024-05-01,10,9,10000,1000.0,1000.0,0.0,1000.0,2025-02-01
CUS_0x6e7_2024_05_01,CUS_0x6e7,2024-05-01,10,10,10000,1000.0,1000.0,0.0,0.0,2025-03-01
CUS_0x6e8_2023_03_01,CUS_0x6e8,2023-03-01,10,0,10000,0.0,0.0,0.0,10000.0,2023-03-01
CUS_0x6e8_2023_03_01,CUS_0x6e8,2023-03-01,10,1,10000,1000.0,1000.0,0.0,9000.0,2023-04-01
CUS_0x6e8_2023_03_01,CUS_0x6e8,2023-03-01,10,2,10000,1000.0,1000.0,0.0,8000.0,2023-05-01
CUS_0x6e8_2023_03_01,CUS_0x6e8,2023-03-01,10,3,10000,1000.0,1000.0,0.0,7000.0,2023-06-01
CUS_0x6e8_2023_03_01,CUS_0x6e8,2023-03-01,10,4,10000,1000.0,1000.0,0.0,6000.0,2023-07-01
CUS_0x6e8_2023_03_01,CUS_0x6e8,2023-03-01,10,5,10000,1000.0,1000.0,0.0,5000.0,2023-08-01
CUS_0x6e8_2023_03_01,CUS_0x6e8,2023-03-01,10,6,10000,1000.0,1000.0,0.0,4000.0,2023-09-01
CUS_0x6e8_2023_03_01,CUS_0x6e8,2023-03-01,10,7,10000,1000.0,1000.0,0.0,3000.0,2023-10-01
CUS_0x6e8_2023_03_01,CUS_0x6e8,2023-03-01,10,8,10000,1000.0,1000.0,0.0,2000.0,2023-11-01
CUS_0x6e8_2023_03_01,CUS_0x6e8,2023-03-01,10,9,10000,1000.0,1000.0,0.0,1000.0,2023-12-01
CUS_0x6e8_2023_03_01,CUS_0x6e8,2023-03-01,10,10,10000,1000.0,1000.0,0.0,0.0,2024-01-01
CUS_0x6ed7_2024_12_01,CUS_0x6ed7,2024-12-01,10,0,10000,0.0,0.0,0.0,10000.0,2024-12-01
CUS_0x6ed7_2024_12_01,CUS_0x6ed7,2024-12-01,10,1,10000,1000.0,0.0,1000.0,10000.0,2025-01-01
CUS_0x6ed7_2024_12_01,CUS_0x6ed7,2024-12-01,10,2,10000,1000.0,0.0,2000.0,10000.0,2025-02-01
CUS_0x6ed7_2024_12_01,CUS_0x6ed7,2024-12-01,10,3,10000,1000.0,0.0,3000.0,10000.0,2025-03-01
CUS_0x6ed7_2024_12_01,CUS_0x6ed7,2024-12-01,10,4,10000,1000.0,0.0,4000.0,10000.0,2025-04-01
CUS_0x6ed7_2024_12_01,CUS_0x6ed7,2024-12-01,10,5,10000,1000.0,0.0,5000.0,10000.0,2025-05-01
CUS_0x6ed7_2024_12_01,CUS_0x6ed7,2024-12-01,10,6,10000,1000.0,0.0,6000.0,10000.0,2025-06-01
CUS_0x6ed7_2024_12_01,CUS_0x6ed7,2024-12-01,10,7,10000,1000.0,0.0,7000.0,10000.0,2025-07-01
CUS_0x6ed7_2024_12_01,CUS_0x6ed7,2024-12-01,10,8,10000,1000.0,0.0,8000.0,10000.0,2025-08-01
CUS_0x6ed7_2024_12_01,CUS_0x6ed7,2024-12-01,10,9,10000,1000.0,0.0,9000.0,10000.0,2025-09-01
CUS_0x6ed7_2024_12_01,CUS_0x6ed7,2024-12-01,10,10,10000,1000.0,0.0,10000.0,10000.0,2025-10-01
CUS_0x6edb_2024_02_01,CUS_0x6edb,2024-02-01,10,0,10000,0.0,0.0,0.0,10000.0,2024-02-01
CUS_0x6edb_2024_02_01,CUS_0x6edb,2024-02-01,10,1,10000,1000.0,1000.0,0.0,9000.0,2024-03-01
CUS_0x6edb_2024_02_01,CUS_0x6edb,2024-02-01,10,2,10000,1000.0,1000.0,0.0,8000.0,2024-04-01
CUS_0x6edb_2024_02_01,CUS_0x6edb,2024-02-01,10,3,10000,1000.0,1000.0,0.0,7000.0,2024-05-01
CUS_0x6edb_2024_02_01,CUS_0x6edb,2024-02-01,10,4,10000,1000.0,1000.0,0.0,6000.0,2024-06-01
CUS_0x6edb_2024_02_01,CUS_0x6edb,2024-02-01,10,5,10000,1000.0,1000.0,0.0,5000.0,2024-07-01
CUS_0x6edb_2024_02_01,CUS_0x6edb,2024-02-01,10,6,10000,1000.0,1000.0,0.0,4000.0,2024-08-01
CUS_0x6edb_2024_02_01,CUS_0x6edb,2024-02-01,10,7,10000,1000.0,1000.0,0.0,3000.0,2024-09-01
CUS_0x6edb_2024_02_01,CUS_0x6edb,2024-02-01,10,8,10000,1000.0,1000.0,0.0,2000.0,2024-10-01
CUS_0x6edb_2024_02_01,CUS_0x6edb,2024-02-01,10,9,10000,1000.0,1000.0,0.0,1000.0,2024-11-01
CUS_0x6edb_2024_02_01,CUS_0x6edb,2024-02-01,10,10,10000,1000.0,1000.0,0.0,0.0,2024-12-01
CUS_0x6f09_2023_03_01,CUS_0x6f09,2023-03-01,10,0,10000,0.0,0.0,0.0,10000.0,2023-03-01
CUS_0x6f09_2023_03_01,CUS_0x6f09,2023-03-01,10,1,10000,1000.0,1000.0,0.0,9000.0,2023-04-01
CUS_0x6f09_2023_03_01,CUS_0x6f09,2023-03-01,10,2,10000,1000.0,0.0,1000.0,9000.0,2023-05-01
CUS_0x6f09_2023_03_01,CUS_0x6f09,2023-03-01,10,3,10000,1000.0,0.0,2000.0,9000.0,2023-06-01
CUS_0x6f09_2023_03_01,CUS_0x6f09,2023-03-01,10,4,10000,1000.0,0.0,3000.0,9000.0,2023-07-01
CUS_0x6f09_2023_03_01,CUS_0x6f09,2023-03-01,10,5,10000,1000.0,0.0,4000.0,9000.0,2023-08-01
CUS_0x6f09_2023_03_01,CUS_0x6f09,2023-03-01,10,6,10000,1000.0,0.0,5000.0,9000.0,2023-09-01
CUS_0x6f09_2023_03_01,CUS_0x6f09,2023-03-01,10,7,10000,1000.0,0.0,6000.0,9000.0,2023-10-01
CUS_0x6f09_2023_03_01,CUS_0x6f09,2023-03-01,10,8,10000,1000.0,0.0,7000.0,9000.0,2023-11-01
CUS_0x6f09_2023_03_01,CUS_0x6f09,2023-03-01,10,9,10000,1000.0,0.0,8000.0,9000.0,2023-12-01
CUS_0x6f09_2023_03_01,CUS_0x6f09,2023-03-01,10,10,10000,1000.0,0.0,9000.0,9000.0,2024-01-01
CUS_0x6f71_2024_10_01,CUS_0x6f71,2024-10-01,10,0,10000,0.0,0.0,0.0,10000.0,2024-10-01
CUS_0x6f71_2024_10_01,CUS_0x6f71,2024-10-01,10,1,10000,1000.0,1000.0,0.0,9000.0,2024-11-01
CUS_0x6f71_2024_10_01,CUS_0x6f71,2024-10-01,10,2,10000,1000.0,1000.0,0.0,8000.0,2024-12-01
CUS_0x6f71_2024_10_01,CUS_0x6f71,2024-10-01,10,3,10000,1000.0,1000.0,0.0,7000.0,2025-01-01
CUS_0x6f71_2024_10_01,CUS_0x6f71,2024-10-01,10,4,10000,1000.0,1000.0,0.0,6000.0,2025-02-01
CUS_0x6f71_2024_10_01,CUS_0x6f71,2024-10-01,10,5,10000,1000.0,1000.0,0.0,5000.0,2025-03-01
CUS_0x6f71_2024_10_01,CUS_0x6f71,2024-10-01,10,6,10000,1000.0,1000.0,0.0,4000.0,2025-04-01
CUS_0x6f71_2024_10_01,CUS_0x6f71,2024-10-01,10,7,10000,1000.0,1000.0,0.0,3000.0,2025-05-01
CUS_0x6f71_2024_10_01,CUS_0x6f71,2024-10-01,10,8,10000,1000.0,1000.0,0.0,2000.0,2025-06-01
CUS_0x6f71_2024_10_01,CUS_0x6f71,2024-10-01,10,9,10000,1000.0,1000.0,0.0,1000.0,2025-07-01
CUS_0x6f71_2024_10_01,CUS_0x6f71,2024-10-01,10,10,10000,1000.0,1000.0,0.0,0.0,2025-08-01
CUS_0x6f78_2023_07_01,CUS_0x6f78,2023-07-01,10,0,10000,0.0,0.0,0.0,10000.0,2023-07-01
CUS_0x6f78_2023_07_01,CUS_0x6f78,2023-07-01,10,1,10000,1000.0,1000.0,0.0,9000.0,2023-08-01
CUS_0x6f78_2023_07_01,CUS_0x6f78,2023-07-01,10,2,10000,1000.0,1000.0,0.0,8000.0,2023-09-01
CUS_0x6f78_2023_07_01,CUS_0x6f78,2023-07-01,10,3,10000,1000.0,1000.0,0.0,7000.0,2023-10-01
CUS_0x6f78_2023_07_01,CUS_0x6f78,2023-07-01,10,4,10000,1000.0,1000.0,0.0,6000.0,2023-11-01
CUS_0x6f78_2023_07_01,CUS_0x6f78,2023-07-01,10,5,10000,1000.0,1000.0,0.0,5000.0,2023-12-01
CUS_0x6f78_2023_07_01,CUS_0x6f78,2023-07-01,10,6,10000,1000.0,1000.0,0.0,4000.0,2024-01-01
CUS_0x6f78_2023_07_01,CUS_0x6f78,2023-07-01,10,7,10000,1000.0,1000.0,0.0,3000.0,2024-02-01
CUS_0x6f78_2023_07_01,CUS_0x6f78,2023-07-01,10,8,10000,1000.0,1000.0,0.0,2000.0,2024-03-01
CUS_0x6f78_2023_07_01,CUS_0x6f78,2023-07-01,10,9,10000,1000.0,1000.0,0.0,1000.0,2024-04-01
CUS_0x6f78_2023_07_01,CUS_0x6f78,2023-07-01,10,10,10000,1000.0,1000.0,0.0,0.0,2024-05-01
CUS_0x703f_2023_01_01,CUS_0x703f,2023-01-01,10,0,10000,0.0,0.0,0.0,10000.0,2023-01-01
CUS_0x703f_2023_01_01,CUS_0x703f,2023-01-01,10,1,10000,1000.0,1000.0,0.0,9000.0,2023-02-01
CUS_0x703f_2023_01_01,CUS_0x703f,2023-01-01,10,2,10000,1000.0,1000.0,0.0,8000.0,2023-03-01
CUS_0x703f_2023_01_01,CUS_0x703f,2023-01-01,10,3,10000,1000.0,1000.0,0.0,7000.0,2023-04-01
CUS_0x703f_2023_01_01,CUS_0x703f,2023-01-01,10,4,10000,1000.0,1000.0,0.0,6000.0,2023-05-01
CUS_0x703f_2023_01_01,CUS_0x703f,2023-01-01,10,5,10000,1000.0,1000.0,0.0,5000.0,2023-06-01
CUS_0x703f_2023_01_01,CUS_0x703f,2023-01-01,10,6,10000,1000.0,1000.0,0.0,4000.0,2023-07-01
CUS_0x703f_2023_01_01,CUS_0x703f,2023-01-01,10,7,10000,1000.0,1000.0,0.0,3000.0,2023-08-01
CUS_0x703f_2023_01_01,CUS_0x703f,2023-01-01,10,8,10000,1000.0,1000.0,0.0,2000.0,2023-09-01
CUS_0x703f_2023_01_01,CUS_0x703f,2023-01-01,10,9,10000,1000.0,1000.0,0.0,1000.0,2023-10-01
CUS_0x703f_2023_01_01,CUS_0x703f,2023-01-01,10,10,10000,1000.0,1000.0,0.0,0.0,2023-11-01
CUS_0x70d6_2023_06_01,CUS_0x70d6,2023-06-01,10,0,10000,0.0,0.0,0.0,10000.0,2023-06-01
CUS_0x70d6_2023_06_01,CUS_0x70d6,2023-06-01,10,1,10000,1000.0,1000.0,0.0,9000.0,2023-07-01
CUS_0x70d6_2023_06_01,CUS_0x70d6,2023-06-01,10,2,10000,1000.0,1000.0,0.0,8000.0,2023-08-01
CUS_0x70d6_2023_06_01,CUS_0x70d6,2023-06-01,10,3,10000,1000.0,1000.0,0.0,7000.0,2023-09-01
CUS_0x70d6_2023_06_01,CUS_0x70d6,2023-06-01,10,4,10000,1000.0,1000.0,0.0,6000.0,2023-10-01
CUS_0x70d6_2023_06_01,CUS_0x70d6,2023-06-01,10,5,10000,1000.0,1000.0,0.0,5000.0,2023-11-01
CUS_0x70d6_2023_06_01,CUS_0x70d6,2023-06-01,10,6,10000,1000.0,1000.0,0.0,4000.0,2023-12-01
CUS_0x70d6_2023_06_01,CUS_0x70d6,2023-06-01,10,7,10000,1000.0,1000.0,0.0,3000.0,2024-01-01
CUS_0x70d6_2023_06_01,CUS_0x70d6,2023-06-01,10,8,10000,1000.0,1000.0,0.0,2000.0,2024-02-01
CUS_0x70d6_2023_06_01,CUS_0x70d6,2023-06-01,10,9,10000,1000.0,1000.0,0.0,1000.0,2024-03-01
CUS_0x70d6_2023_06_01,CUS_0x70d6,2023-06-01,10,10,10000,1000.0,1000.0,0.0,0.0,2024-04-01
CUS_0x7110_2024_09_01,CUS_0x7110,2024-09-01,10,0,10000,0.0,0.0,0.0,10000.0,2024-09-01
CUS_0x7110_2024_09_01,CUS_0x7110,2024-09-01,10,1,10000,1000.0,1000.0,0.0,9000.0,2024-10-01
CUS_0x7110_2024_09_01,CUS_0x7110,2024-09-01,10,2,10000,1000.0,1000.0,0.0,8000.0,2024-11-01
CUS_0x7110_2024_09_01,CUS_0x7110,2024-09-01,10,3,10000,1000.0,1000.0,0.0,7000.0,2024-12-01
CUS_0x7110_2024_09_01,CUS_0x7110,2024-09-01,10,4,10000,1000.0,1000.0,0.0,6000.0,2025-01-01
CUS_0x7110_2024_09_01,CUS_0x7110,2024-09-01,10,5,10000,1000.0,1000.0,0.0,5000.0,2025-02-01
CUS_0x7110_2024_09_01,CUS_0x7110,2024-09-01,10,6,10000,1000.0,1000.0,0.0,4000.0,2025-03-01
CUS_0x7110_2024_09_01,CUS_0x7110,2024-09-01,10,7,10000,1000.0,1000.0,0.0,3000.0,2025-04-01
CUS_0x7110_2024_09_01,CUS_0x7110,2024-09-01,10,8,10000,1000.0,1000.0,0.0,2000.0,2025-05-01
CUS_0x7110_2024_09_01,CUS_0x7110,2024-09-01,10,9,10000,1000.0,1000.0,0.0,1000.0,2025-06-01
CUS_0x7110_2024_09_01,CUS_0x7110,2024-09-01,10,10,10000,1000.0,1000.0,0.0,0.0,2025-07-01
CUS_0x717d_2024_09_01,CUS_0x717d,2024-09-01,10,0,10000,0.0,0.0,0.0,10000.0,2024-09-01
CUS_0x717d_2024_09_01,CUS_0x717d,2024-09-01,10,1,10000,1000.0,1000.0,0.0,9000.0,2024-10-01
CUS_0x717d_2024_09_01,CUS_0x717d,2024-09-01,10,2,10000,1000.0,1000.0,0.0,8000.0,2024-11-01
CUS_0x717d_2024_09_01,CUS_0x717d,2024-09-01,10,3,10000,1000.0,1000.0,0.0,7000.0,2024-12-01
CUS_0x717d_2024_09_01,CUS_0x717d,2024-09-01,10,4,10000,1000.0,1000.0,0.0,6000.0,2025-01-01
CUS_0x717d_2024_09_01,CUS_0x717d,2024-09-01,10,5,10000,1000.0,1000.0,0.0,5000.0,2025-02-01
CUS_0x717d_2024_09_01,CUS_0x717d,2024-09-01,10,6,10000,1000.0,1000.0,0.0,4000.0,2025-03-01
CUS_0x717d_2024_09_01,CUS_0x717d,2024-09-01,10,7,10000,1000.0,1000.0,0.0,3000.0,2025-04-01
CUS_0x717d_2024_09_01,CUS_0x717d,2024-09-01,10,8,10000,1000.0,1000.0,0.0,2000.0,2025-05-01
CUS_0x717d_2024_09_01,CUS_0x717d,2024-09-01,10,9,10000,1000.0,1000.0,0.0,1000.0,2025-06-01
CUS_0x717d_2024_09_01,CUS_0x717d,2024-09-01,10,10,10000,1000.0,1000.0,0.0,0.0,2025-07-01
CUS_0x7189_2024_10_01,CUS_0x7189,2024-10-01,10,0,10000,0.0,0.0,0.0,10000.0,2024-10-01
CUS_0x7189_2024_10_01,CUS_0x7189,2024-10-01,10,1,10000,1000.0,1000.0,0.0,9000.0,2024-11-01
CUS_0x7189_2024_10_01,CUS_0x7189,2024-10-01,10,2,10000,1000.0,1000.0,0.0,8000.0,2024-12-01
CUS_0x7189_2024_10_01,CUS_0x7189,2024-10-01,10,3,10000,1000.0,1000.0,0.0,7000.0,2025-01-01
CUS_0x7189_2024_10_01,CUS_0x7189,2024-10-01,10,4,10000,1000.0,1000.0,0.0,6000.0,2025-02-01
CUS_0x7189_2024_10_01,CUS_0x7189,2024-10-01,10,5,10000,1000.0,1000.0,0.0,5000.0,2025-03-01
CUS_0x7189_2024_10_01,CUS_0x7189,2024-10-01,10,6,10000,1000.0,1000.0,0.0,4000.0,2025-04-01
CUS_0x7189_2024_10_01,CUS_0x7189,2024-10-01,10,7,10000,1000.0,1000.0,0.0,3000.0,2025-05-01
CUS_0x7189_2024_10_01,CUS_0x7189,2024-10-01,10,8,10000,1000.0,1000.0,0.0,2000.0,2025-06-01
CUS_0x7189_2024_10_01,CUS_0x7189,2024-10-01,10,9,10000,1000.0,1000.0,0.0,1000.0,2025-07-01
CUS_0x7189_2024_10_01,CUS_0x7189,2024-10-01,10,10,10000,1000.0,1000.0,0.0,0.0,2025-08-01
CUS_0x7198_2023_07_01,CUS_0x7198,2023-07-01,10,0,10000,0.0,0.0,0.0,10000.0,2023-07-01
CUS_0x7198_2023_07_01,CUS_0x7198,2023-07-01,10,1,10000,1000.0,1000.0,0.0,9000.0,2023-08-01
CUS_0x7198_2023_07_01,CUS_0x7198,2023-07-01,10,2,10000,1000.0,1000.0,0.0,8000.0,2023-09-01
CUS_0x7198_2023_07_01,CUS_0x7198,2023-07-01,10,3,10000,1000.0,1000.0,0.0,7000.0,2023-10-01
CUS_0x7198_2023_07_01,CUS_0x7198,2023-07-01,10,4,10000,1000.0,1000.0,0.0,6000.0,2023-11-01
CUS_0x7198_2023_07_01,CUS_0x7198,2023-07-01,10,5,10000,1000.0,1000.0,0.0,5000.0,2023-12-01
CUS_0x7198_2023_07_01,CUS_0x7198,2023-07-01,10,6,10000,1000.0,1000.0,0.0,4000.0,2024-01-01
CUS_0x7198_2023_07_01,CUS_0x7198,2023-07-01,10,7,10000,1000.0,1000.0,0.0,3000.0,2024-02-01
CUS_0x7198_2023_07_01,CUS_0x7198,2023-07-01,10,8,10000,1000.0,1000.0,0.0,2000.0,2024-03-01
CUS_0x7198_2023_07_01,CUS_0x7198,2023-07-01,10,9,10000,1000.0,1000.0,0.0,1000.0,2024-04-01
CUS_0x7198_2023_07_01,CUS_0x7198,2023-07-01,10,10,10000,1000.0,1000.0,0.0,0.0,2024-05-01
CUS_0x71e0_2023_09_01,CUS_0x71e0,2023-09-01,10,0,10000,0.0,0.0,0.0,10000.0,2023-09-01
CUS_0x71e0_2023_09_01,CUS_0x71e0,2023-09-01,10,1,10000,1000.0,1000.0,0.0,9000.0,2023-10-01
CUS_0x71e0_2023_09_01,CUS_0x71e0,2023-09-01,10,2,10000,1000.0,1000.0,0.0,8000.0,2023-11-01
CUS_0x71e0_2023_09_01,CUS_0x71e0,2023-09-01,10,3,10000,1000.0,1000.0,0.0,7000.0,2023-12-01
CUS_0x71e0_2023_09_01,CUS_0x71e0,2023-09-01,10,4,10000,1000.0,1000.0,0.0,6000.0,2024-01-01
CUS_0x71e0_2023_09_01,CUS_0x71e0,2023-09-01,10,5,10000,1000.0,1000.0,0.0,5000.0,2024-02-01
CUS_0x71e0_2023_09_01,CUS_0x71e0,2023-09-01,10,6,10000,1000.0,1000.0,0.0,4000.0,2024-03-01
CUS_0x71e0_2023_09_01,CUS_0x71e0,2023-09-01,10,7,10000,1000.0,1000.0,0.0,3000.0,2024-04-01
CUS_0x71e0_2023_09_01,CUS_0x71e0,2023-09-01,10,8,10000,1000.0,1000.0,0.0,2000.0,2024-05-01
CUS_0x71e0_2023_09_01,CUS_0x71e0,2023-09-01,10,9,10000,1000.0,1000.0,0.0,1000.0,2024-06-01
CUS_0x71e0_2023_09_01,CUS_0x71e0,2023-09-01,10,10,10000,1000.0,1000.0,0.0,0.0,2024-07-01
CUS_0x7210_2024_11_01,CUS_0x7210,2024-11-01,10,0,10000,0.0,0.0,0.0,10000.0,2024-11-01
CUS_0x7210_2024_11_01,CUS_0x7210,2024-11-01,10,1,10000,1000.0,1000.0,0.0,9000.0,2024-12-01
CUS_0x7210_2024_11_01,CUS_0x7210,2024-11-01,10,2,10000,1000.0,1000.0,0.0,8000.0,2025-01-01
CUS_0x7210_2024_11_01,CUS_0x7210,2024-11-01,10,3,10000,1000.0,1000.0,0.0,7000.0,2025-02-01
CUS_0x7210_2024_11_01,CUS_0x7210,2024-11-01,10,4,10000,1000.0,1000.0,0.0,6000.0,2025-03-01
CUS_0x7210_2024_11_01,CUS_0x7210,2024-11-01,10,5,10000,1000.0,1000.0,0.0,5000.0,2025-04-01
CUS_0x7210_2024_11_01,CUS_0x7210,2024-11-01,10,6,10000,1000.0,1000.0,0.0,4000.0,2025-05-01
CUS_0x7210_2024_11_01,CUS_0x7210,2024-11-01,10,7,10000,1000.0,1000.0,0.0,3000.0,2025-06-01
CUS_0x7210_2024_11_01,CUS_0x7210,2024-11-01,10,8,10000,1000.0,1000.0,0.0,2000.0,2025-07-01
CUS_0x7210_2024_11_01,CUS_0x7210,2024-11-01,10,9,10000,1000.0,1000.0,0.0,1000.0,2025-08-01
CUS_0x7210_2024_11_01,CUS_0x7210,2024-11-01,10,10,10000,1000.0,1000.0,0.0,0.0,2025-09-01
CUS_0x7250_2024_06_01,CUS_0x7250,2024-06-01,10,0,10000,0.0,0.0,0.0,10000.0,2024-06-01
CUS_0x7250_2024_06_01,CUS_0x7250,2024-06-01,10,1,10000,1000.0,1000.0,0.0,9000.0,2024-07-01
CUS_0x7250_2024_06_01,CUS_0x7250,2024-06-01,10,2,10000,1000.0,1000.0,0.0,8000.0,2024-08-01
CUS_0x7250_2024_06_01,CUS_0x7250,2024-06-01,10,3,10000,1000.0,1000.0,0.0,7000.0,2024-09-01
CUS_0x7250_2024_06_01,CUS_0x7250,2024-06-01,10,4,10000,1000.0,1000.0,0.0,6000.0,2024-10-01
CUS_0x7250_2024_06_01,CUS_0x7250,2024-06-01,10,5,10000,1000.0,1000.0,0.0,5000.0,2024-11-01
CUS_0x7250_2024_06_01,CUS_0x7250,2024-06-01,10,6,10000,1000.0,1000.0,0.0,4000.0,2024-12-01
CUS_0x7250_2024_06_01,CUS_0x7250,2024-06-01,10,7,10000,1000.0,1000.0,0.0,3000.0,2025-01-01
CUS_0x7250_2024_06_01,CUS_0x7250,2024-06-01,10,8,10000,1000.0,1000.0,0.0,2000.0,2025-02-01
CUS_0x7250_2024_06_01,CUS_0x7250,2024-06-01,10,9,10000,1000.0,1000.0,0.0,1000.0,2025-03-01
CUS_0x7250_2024_06_01,CUS_0x7250,2024-06-01,10,10,10000,1000.0,1000.0,0.0,0.0,2025-04-01
CUS_0x7258_2024_01_01,CUS_0x7258,2024-01-01,10,0,10000,0.0,0.0,0.0,10000.0,2024-01-01
CUS_0x7258_2024_01_01,CUS_0x7258,2024-01-01,10,1,10000,1000.0,1000.0,0.0,9000.0,2024-02-01
CUS_0x7258_2024_01_01,CUS_0x7258,2024-01-01,10,2,10000,1000.0,1000.0,0.0,8000.0,2024-03-01
CUS_0x7258_2024_01_01,CUS_0x7258,2024-01-01,10,3,10000,1000.0,0.0,1000.0,8000.0,2024-04-01
CUS_0x7258_2024_01_01,CUS_0x7258,2024-01-01,10,4,10000,1000.0,0.0,2000.0,8000.0,2024-05-01
CUS_0x7258_2024_01_01,CUS_0x7258,2024-01-01,10,5,10000,1000.0,0.0,3000.0,8000.0,2024-06-01
CUS_0x7258_2024_01_01,CUS_0x7258,2024-01-01,10,6,10000,1000.0,0.0,4000.0,8000.0,2024-07-01
CUS_0x7258_2024_01_01,CUS_0x7258,2024-01-01,10,7,10000,1000.0,0.0,5000.0,8000.0,2024-08-01
CUS_0x7258_2024_01_01,CUS_0x7258,2024-01-01,10,8,10000,1000.0,0.0,6000.0,8000.0,2024-09-01
CUS_0x7258_2024_01_01,CUS_0x7258,2024-01-01,10,9,10000,1000.0,0.0,7000.0,8000.0,2024-10-01
CUS_0x7258_2024_01_01,CUS_0x7258,2024-01-01,10,10,10000,1000.0,0.0,8000.0,8000.0,2024-11-01
CUS_0x72c0_2024_07_01,CUS_0x72c0,2024-07-01,10,0,10000,0.0,0.0,0.0,10000.0,2024-07-01
CUS_0x72c0_2024_07_01,CUS_0x72c0,2024-07-01,10,1,10000,1000.0,1000.0,0.0,9000.0,2024-08-01
CUS_0x72c0_2024_07_01,CUS_0x72c0,2024-07-01,10,2,10000,1000.0,1000.0,0.0,8000.0,2024-09-01
CUS_0x72c0_2024_07_01,CUS_0x72c0,2024-07-01,10,3,10000,1000.0,1000.0,0.0,7000.0,2024-10-01
CUS_0x72c0_2024_07_01,CUS_0x72c0,2024-07-01,10,4,10000,1000.0,1000.0,0.0,6000.0,2024-11-01
CUS_0x72c0_2024_07_01,CUS_0x72c0,2024-07-01,10,5,10000,1000.0,1000.0,0.0,5000.0,2024-12-01
CUS_0x72c0_2024_07_01,CUS_0x72c0,2024-07-01,10,6,10000,1000.0,1000.0,0.0,4000.0,2025-01-01
CUS_0x72c0_2024_07_01,CUS_0x72c0,2024-07-01,10,7,10000,1000.0,1000.0,0.0,3000.0,2025-02-01
CUS_0x72c0_2024_07_01,CUS_0x72c0,2024-07-01,10,8,10000,1000.0,1000.0,0.0,2000.0,2025-03-01
CUS_0x72c0_2024_07_01,CUS_0x72c0,2024-07-01,10,9,10000,1000.0,1000.0,0.0,1000.0,2025-04-01
CUS_0x72c0_2024_07_01,CUS_0x72c0,2024-07-01,10,10,10000,1000.0,1000.0,0.0,0.0,2025-05-01
CUS_0x7327_2025_01_01,CUS_0x7327,2025-01-01,10,0,10000,0.0,0.0,0.0,10000.0,2025-01-01
CUS_0x7327_2025_01_01,CUS_0x7327,2025-01-01,10,1,10000,1000.0,1000.0,0.0,9000.0,2025-02-01
CUS_0x7327_2025_01_01,CUS_0x7327,2025-01-01,10,2,10000,1000.0,1000.0,0.0,8000.0,2025-03-01
CUS_0x7327_2025_01_01,CUS_0x7327,2025-01-01,10,3,10000,1000.0,1000.0,0.0,7000.0,2025-04-01
CUS_0x7327_2025_01_01,CUS_0x7327,2025-01-01,10,4,10000,1000.0,1000.0,0.0,6000.0,2025-05-01
CUS_0x7327_2025_01_01,CUS_0x7327,2025-01-01,10,5,10000,1000.0,1000.0,0.0,5000.0,2025-06-01
CUS_0x7327_2025_01_01,CUS_0x7327,2025-01-01,10,6,10000,1000.0,1000.0,0.0,4000.0,2025-07-01
CUS_0x7327_2025_01_01,CUS_0x7327,2025-01-01,10,7,10000,1000.0,1000.0,0.0,3000.0,2025-08-01
CUS_0x7327_2025_01_01,CUS_0x7327,2025-01-01,10,8,10000,1000.0,1000.0,0.0,2000.0,2025-09-01
CUS_0x7327_2025_01_01,CUS_0x7327,2025-01-01,10,9,10000,1000.0,1000.0,0.0,1000.0,2025-10-01
CUS_0x7327_2025_01_01,CUS_0x7327,2025-01-01,10,10,10000,1000.0,1000.0,0.0,0.0,2025-11-01
CUS_0x7341_2024_12_01,CUS_0x7341,2024-12-01,10,0,10000,0.0,0.0,0.0,10000.0,2024-12-01
CUS_0x7341_2024_12_01,CUS_0x7341,2024-12-01,10,1,10000,1000.0,1000.0,0.0,9000.0,2025-01-01
CUS_0x7341_2024_12_01,CUS_0x7341,2024-12-01,10,2,10000,1000.0,1000.0,0.0,8000.0,2025-02-01
CUS_0x7341_2024_12_01,CUS_0x7341,2024-12-01,10,3,10000,1000.0,1000.0,0.0,7000.0,2025-03-01
CUS_0x7341_2024_12_01,CUS_0x7341,2024-12-01,10,4,10000,1000.0,1000.0,0.0,6000.0,2025-04-01
CUS_0x7341_2024_12_01,CUS_0x7341,2024-12-01,10,5,10000,1000.0,1000.0,0.0,5000.0,2025-05-01
CUS_0x7341_2024_12_01,CUS_0x7341,2024-12-01,10,6,10000,1000.0,1000.0,0.0,4000.0,2025-06-01
CUS_0x7341_2024_12_01,CUS_0x7341,2024-12-01,10,7,10000,1000.0,1000.0,0.0,3000.0,2025-07-01
CUS_0x7341_2024_12_01,CUS_0x7341,2024-12-01,10,8,10000,1000.0,1000.0,0.0,2000.0,2025-08-01
CUS_0x7341_2024_12_01,CUS_0x7341,2024-12-01,10,9,10000,1000.0,1000.0,0.0,1000.0,2025-09-01
CUS_0x7341_2024_12_01,CUS_0x7341,2024-12-01,10,10,10000,1000.0,1000.0,0.0,0.0,2025-10-01
CUS_0x7354_2023_05_01,CUS_0x7354,2023-05-01,10,0,10000,0.0,0.0,0.0,10000.0,2023-05-01
CUS_0x7354_2023_05_01,CUS_0x7354,2023-05-01,10,1,10000,1000.0,1000.0,0.0,9000.0,2023-06-01
CUS_0x7354_2023_05_01,CUS_0x7354,2023-05-01,10,2,10000,1000.0,1000.0,0.0,8000.0,2023-07-01
CUS_0x7354_2023_05_01,CUS_0x7354,2023-05-01,10,3,10000,1000.0,1000.0,0.0,7000.0,2023-08-01
CUS_0x7354_2023_05_01,CUS_0x7354,2023-05-01,10,4,10000,1000.0,1000.0,0.0,6000.0,2023-09-01
CUS_0x7354_2023_05_01,CUS_0x7354,2023-05-01,10,5,10000,1000.0,1000.0,0.0,5000.0,2023-10-01
CUS_0x7354_2023_05_01,CUS_0x7354,2023-05-01,10,6,10000,1000.0,1000.0,0.0,4000.0,2023-11-01
CUS_0x7354_2023_05_01,CUS_0x7354,2023-05-01,10,7,10000,1000.0,1000.0,0.0,3000.0,2023-12-01
CUS_0x7354_2023_05_01,CUS_0x7354,2023-05-01,10,8,10000,1000.0,1000.0,0.0,2000.0,2024-01-01
CUS_0x7354_2023_05_01,CUS_0x7354,2023-05-01,10,9,10000,1000.0,1000.0,0.0,1000.0,2024-02-01
CUS_0x7354_2023_05_01,CUS_0x7354,2023-05-01,10,10,10000,1000.0,1000.0,0.0,0.0,2024-03-01
CUS_0x7373_2023_01_01,CUS_0x7373,2023-01-01,10,0,10000,0.0,0.0,0.0,10000.0,2023-01-01
CUS_0x7373_2023_01_01,CUS_0x7373,2023-01-01,10,1,10000,1000.0,1000.0,0.0,9000.0,2023-02-01
CUS_0x7373_2023_01_01,CUS_0x7373,2023-01-01,10,2,10000,1000.0,0.0,1000.0,9000.0,2023-03-01
CUS_0x7373_2023_01_01,CUS_0x7373,2023-01-01,10,3,10000,1000.0,2000.0,0.0,7000.0,2023-04-01
CUS_0x7373_2023_01_01,CUS_0x7373,2023-01-01,10,4,10000,1000.0,0.0,1000.0,7000.0,2023-05-01
CUS_0x7373_2023_01_01,CUS_0x7373,2023-01-01,10,5,10000,1000.0,0.0,2000.0,7000.0,2023-06-01
CUS_0x7373_2023_01_01,CUS_0x7373,2023-01-01,10,6,10000,1000.0,0.0,3000.0,7000.0,2023-07-01
CUS_0x7373_2023_01_01,CUS_0x7373,2023-01-01,10,7,10000,1000.0,0.0,4000.0,7000.0,2023-08-01
CUS_0x7373_2023_01_01,CUS_0x7373,2023-01-01,10,8,10000,1000.0,0.0,5000.0,7000.0,2023-09-01
CUS_0x7373_2023_01_01,CUS_0x7373,2023-01-01,10,9,10000,1000.0,0.0,6000.0,7000.0,2023-10-01
CUS_0x7373_2023_01_01,CUS_0x7373,2023-01-01,10,10,10000,1000.0,0.0,7000.0,7000.0,2023-11-01
CUS_0x73a5_2024_01_01,CUS_0x73a5,2024-01-01,10,0,10000,0.0,0.0,0.0,10000.0,2024-01-01
CUS_0x73a5_2024_01_01,CUS_0x73a5,2024-01-01,10,1,10000,1000.0,1000.0,0.0,9000.0,2024-02-01
CUS_0x73a5_2024_01_01,CUS_0x73a5,2024-01-01,10,2,10000,1000.0,1000.0,0.0,8000.0,2024-03-01
CUS_0x73a5_2024_01_01,CUS_0x73a5,2024-01-01,10,3,10000,1000.0,0.0,1000.0,8000.0,2024-04-01
CUS_0x73a5_2024_01_01,CUS_0x73a5,2024-01-01,10,4,10000,1000.0,0.0,2000.0,8000.0,2024-05-01
CUS_0x73a5_2024_01_01,CUS_0x73a5,2024-01-01,10,5,10000,1000.0,0.0,3000.0,8000.0,2024-06-01
CUS_0x73a5_2024_01_01,CUS_0x73a5,2024-01-01,10,6,10000,1000.0,0.0,4000.0,8000.0,2024-07-01
CUS_0x73a5_2024_01_01,CUS_0x73a5,2024-01-01,10,7,10000,1000.0,0.0,5000.0,8000.0,2024-08-01
CUS_0x73a5_2024_01_01,CUS_0x73a5,2024-01-01,10,8,10000,1000.0,0.0,6000.0,8000.0,2024-09-01
CUS_0x73a5_2024_01_01,CUS_0x73a5,2024-01-01,10,9,10000,1000.0,0.0,7000.0,8000.0,2024-10-01
CUS_0x73a5_2024_01_01,CUS_0x73a5,2024-01-01,10,10,10000,1000.0,0.0,8000.0,8000.0,2024-11-01
CUS_0x73b1_2024_02_01,CUS_0x73b1,2024-02-01,10,0,10000,0.0,0.0,0.0,10000.0,2024-02-01
CUS_0x73b1_2024_02_01,CUS_0x73b1,2024-02-01,10,1,10000,1000.0,1000.0,0.0,9000.0,2024-03-01
CUS_0x73b1_2024_02_01,CUS_0x73b1,2024-02-01,10,2,10000,1000.0,1000.0,0.0,8000.0,2024-04-01
CUS_0x73b1_2024_02_01,CUS_0x73b1,2024-02-01,10,3,10000,1000.0,1000.0,0.0,7000.0,2024-05-01
CUS_0x73b1_2024_02_01,CUS_0x73b1,2024-02-01,10,4,10000,1000.0,1000.0,0.0,6000.0,2024-06-01
CUS_0x73b1_2024_02_01,CUS_0x73b1,2024-02-01,10,5,10000,1000.0,1000.0,0.0,5000.0,2024-07-01
CUS_0x73b1_2024_02_01,CUS_0x73b1,2024-02-01,10,6,10000,1000.0,1000.0,0.0,4000.0,2024-08-01
CUS_0x73b1_2024_02_01,CUS_0x73b1,2024-02-01,10,7,10000,1000.0,1000.0,0.0,3000.0,2024-09-01
CUS_0x73b1_2024_02_01,CUS_0x73b1,2024-02-01,10,8,10000,1000.0,1000.0,0.0,2000.0,2024-10-01
CUS_0x73b1_2024_02_01,CUS_0x73b1,2024-02-01,10,9,10000,1000.0,1000.0,0.0,1000.0,2024-11-01
CUS_0x73b1_2024_02_01,CUS_0x73b1,2024-02-01,10,10,10000,1000.0,1000.0,0.0,0.0,2024-12-01
CUS_0x73e6_2023_03_01,CUS_0x73e6,2023-03-01,10,0,10000,0.0,0.0,0.0,10000.0,2023-03-01
CUS_0x73e6_2023_03_01,CUS_0x73e6,2023-03-01,10,1,10000,1000.0,1000.0,0.0,9000.0,2023-04-01
CUS_0x73e6_2023_03_01,CUS_0x73e6,2023-03-01,10,2,10000,1000.0,1000.0,0.0,8000.0,2023-05-01
CUS_0x73e6_2023_03_01,CUS_0x73e6,2023-03-01,10,3,10000,1000.0,1000.0,0.0,7000.0,2023-06-01
CUS_0x73e6_2023_03_01,CUS_0x73e6,2023-03-01,10,4,10000,1000.0,1000.0,0.0,6000.0,2023-07-01
CUS_0x73e6_2023_03_01,CUS_0x73e6,2023-03-01,10,5,10000,1000.0,1000.0,0.0,5000.0,2023-08-01
CUS_0x73e6_2023_03_01,CUS_0x73e6,2023-03-01,10,6,10000,1000.0,1000.0,0.0,4000.0,2023-09-01
CUS_0x73e6_2023_03_01,CUS_0x73e6,2023-03-01,10,7,10000,1000.0,1000.0,0.0,3000.0,2023-10-01
CUS_0x73e6_2023_03_01,CUS_0x73e6,2023-03-01,10,8,10000,1000.0,1000.0,0.0,2000.0,2023-11-01
CUS_0x73e6_2023_03_01,CUS_0x73e6,2023-03-01,10,9,10000,1000.0,1000.0,0.0,1000.0,2023-12-01
CUS_0x73e6_2023_03_01,CUS_0x73e6,2023-03-01,10,10,10000,1000.0,1000.0,0.0,0.0,2024-01-01
CUS_0x7430_2023_02_01,CUS_0x7430,2023-02-01,10,0,10000,0.0,0.0,0.0,10000.0,2023-02-01
CUS_0x7430_2023_02_01,CUS_0x7430,2023-02-01,10,1,10000,1000.0,1000.0,0.0,9000.0,2023-03-01
CUS_0x7430_2023_02_01,CUS_0x7430,2023-02-01,10,2,10000,1000.0,1000.0,0.0,8000.0,2023-04-01
CUS_0x7430_2023_02_01,CUS_0x7430,2023-02-01,10,3,10000,1000.0,1000.0,0.0,7000.0,2023-05-01
CUS_0x7430_2023_02_01,CUS_0x7430,2023-02-01,10,4,10000,1000.0,1000.0,0.0,6000.0,2023-06-01
CUS_0x7430_2023_02_01,CUS_0x7430,2023-02-01,10,5,10000,1000.0,1000.0,0.0,5000.0,2023-07-01
CUS_0x7430_2023_02_01,CUS_0x7430,2023-02-01,10,6,10000,1000.0,1000.0,0.0,4000.0,2023-08-01
CUS_0x7430_2023_02_01,CUS_0x7430,2023-02-01,10,7,10000,1000.0,1000.0,0.0,3000.0,2023-09-01
CUS_0x7430_2023_02_01,CUS_0x7430,2023-02-01,10,8,10000,1000.0,1000.0,0.0,2000.0,2023-10-01
CUS_0x7430_2023_02_01,CUS_0x7430,2023-02-01,10,9,10000,1000.0,1000.0,0.0,1000.0,2023-11-01
CUS_0x7430_2023_02_01,CUS_0x7430,2023-02-01,10,10,10000,1000.0,1000.0,0.0,0.0,2023-12-01
CUS_0x74e5_2024_04_01,CUS_0x74e5,2024-04-01,10,0,10000,0.0,0.0,0.0,10000.0,2024-04-01
CUS_0x74e5_2024_04_01,CUS_0x74e5,2024-04-01,10,1,10000,1000.0,1000.0,0.0,9000.0,2024-05-01
CUS_0x74e5_2024_04_01,CUS_0x74e5,2024-04-01,10,2,10000,1000.0,1000.0,0.0,8000.0,2024-06-01
CUS_0x74e5_2024_04_01,CUS_0x74e5,2024-04-01,10,3,10000,1000.0,1000.0,0.0,7000.0,2024-07-01
CUS_0x74e5_2024_04_01,CUS_0x74e5,2024-04-01,10,4,10000,1000.0,1000.0,0.0,6000.0,2024-08-01
CUS_0x74e5_2024_04_01,CUS_0x74e5,2024-04-01,10,5,10000,1000.0,1000.0,0.0,5000.0,2024-09-01
CUS_0x74e5_2024_04_01,CUS_0x74e5,2024-04-01,10,6,10000,1000.0,1000.0,0.0,4000.0,2024-10-01
CUS_0x74e5_2024_04_01,CUS_0x74e5,2024-04-01,10,7,10000,1000.0,1000.0,0.0,3000.0,2024-11-01
CUS_0x74e5_2024_04_01,CUS_0x74e5,2024-04-01,10,8,10000,1000.0,1000.0,0.0,2000.0,2024-12-01
CUS_0x74e5_2024_04_01,CUS_0x74e5,2024-04-01,10,9,10000,1000.0,1000.0,0.0,1000.0,2025-01-01
CUS_0x74e5_2024_04_01,CUS_0x74e5,2024-04-01,10,10,10000,1000.0,1000.0,0.0,0.0,2025-02-01
CUS_0x753_2024_05_01,CUS_0x753,2024-05-01,10,0,10000,0.0,0.0,0.0,10000.0,2024-05-01
CUS_0x753_2024_05_01,CUS_0x753,2024-05-01,10,1,10000,1000.0,1000.0,0.0,9000.0,2024-06-01
CUS_0x753_2024_05_01,CUS_0x753,2024-05-01,10,2,10000,1000.0,1000.0,0.0,8000.0,2024-07-01
CUS_0x753_2024_05_01,CUS_0x753,2024-05-01,10,3,10000,1000.0,0.0,1000.0,8000.0,2024-08-01
CUS_0x753_2024_05_01,CUS_0x753,2024-05-01,10,4,10000,1000.0,0.0,2000.0,8000.0,2024-09-01
CUS_0x753_2024_05_01,CUS_0x753,2024-05-01,10,5,10000,1000.0,0.0,3000.0,8000.0,2024-10-01
CUS_0x753_2024_05_01,CUS_0x753,2024-05-01,10,6,10000,1000.0,0.0,4000.0,8000.0,2024-11-01
CUS_0x753_2024_05_01,CUS_0x753,2024-05-01,10,7,10000,1000.0,0.0,5000.0,8000.0,2024-12-01
CUS_0x753_2024_05_01,CUS_0x753,2024-05-01,10,8,10000,1000.0,0.0,6000.0,8000.0,2025-01-01
CUS_0x753_2024_05_01,CUS_0x753,2024-05-01,10,9,10000,1000.0,0.0,7000.0,8000.0,2025-02-01
CUS_0x753_2024_05_01,CUS_0x753,2024-05-01,10,10,10000,1000.0,0.0,8000.0,8000.0,2025-03-01
CUS_0x756d_2023_02_01,CUS_0x756d,2023-02-01,10,0,10000,0.0,0.0,0.0,10000.0,2023-02-01
CUS_0x756d_2023_02_01,CUS_0x756d,2023-02-01,10,1,10000,1000.0,1000.0,0.0,9000.0,2023-03-01
CUS_0x756d_2023_02_01,CUS_0x756d,2023-02-01,10,2,10000,1000.0,1000.0,0.0,8000.0,2023-04-01
CUS_0x756d_2023_02_01,CUS_0x756d,2023-02-01,10,3,10000,1000.0,1000.0,0.0,7000.0,2023-05-01
CUS_0x756d_2023_02_01,CUS_0x756d,2023-02-01,10,4,10000,1000.0,1000.0,0.0,6000.0,2023-06-01
CUS_0x756d_2023_02_01,CUS_0x756d,2023-02-01,10,5,10000,1000.0,1000.0,0.0,5000.0,2023-07-01
CUS_0x756d_2023_02_01,CUS_0x756d,2023-02-01,10,6,10000,1000.0,1000.0,0.0,4000.0,2023-08-01
CUS_0x756d_2023_02_01,CUS_0x756d,2023-02-01,10,7,10000,1000.0,1000.0,0.0,3000.0,2023-09-01
CUS_0x756d_2023_02_01,CUS_0x756d,2023-02-01,10,8,10000,1000.0,1000.0,0.0,2000.0,2023-10-01
CUS_0x756d_2023_02_01,CUS_0x756d,2023-02-01,10,9,10000,1000.0,1000.0,0.0,1000.0,2023-11-01
CUS_0x756d_2023_02_01,CUS_0x756d,2023-02-01,10,10,10000,1000.0,1000.0,0.0,0.0,2023-12-01
CUS_0x757d_2024_06_01,CUS_0x757d,2024-06-01,10,0,10000,0.0,0.0,0.0,10000.0,2024-06-01
CUS_0x757d_2024_06_01,CUS_0x757d,2024-06-01,10,1,10000,1000.0,1000.0,0.0,9000.0,2024-07-01
CUS_0x757d_2024_06_01,CUS_0x757d,2024-06-01,10,2,10000,1000.0,1000.0,0.0,8000.0,2024-08-01
CUS_0x757d_2024_06_01,CUS_0x757d,2024-06-01,10,3,10000,1000.0,0.0,1000.0,8000.0,2024-09-01
CUS_0x757d_2024_06_01,CUS_0x757d,2024-06-01,10,4,10000,1000.0,0.0,2000.0,8000.0,2024-10-01
CUS_0x757d_2024_06_01,CUS_0x757d,2024-06-01,10,5,10000,1000.0,0.0,3000.0,8000.0,2024-11-01
CUS_0x757d_2024_06_01,CUS_0x757d,2024-06-01,10,6,10000,1000.0,0.0,4000.0,8000.0,2024-12-01
CUS_0x757d_2024_06_01,CUS_0x757d,2024-06-01,10,7,10000,1000.0,0.0,5000.0,8000.0,2025-01-01
CUS_0x757d_2024_06_01,CUS_0x757d,2024-06-01,10,8,10000,1000.0,0.0,6000.0,8000.0,2025-02-01
CUS_0x757d_2024_06_01,CUS_0x757d,2024-06-01,10,9,10000,1000.0,0.0,7000.0,8000.0,2025-03-01
CUS_0x757d_2024_06_01,CUS_0x757d,2024-06-01,10,10,10000,1000.0,0.0,8000.0,8000.0,2025-04-01
CUS_0x758f_2023_12_01,CUS_0x758f,2023-12-01,10,0,10000,0.0,0.0,0.0,10000.0,2023-12-01
CUS_0x758f_2023_12_01,CUS_0x758f,2023-12-01,10,1,10000,1000.0,1000.0,0.0,9000.0,2024-01-01
CUS_0x758f_2023_12_01,CUS_0x758f,2023-12-01,10,2,10000,1000.0,1000.0,0.0,8000.0,2024-02-01
CUS_0x758f_2023_12_01,CUS_0x758f,2023-12-01,10,3,10000,1000.0,1000.0,0.0,7000.0,2024-03-01
CUS_0x758f_2023_12_01,CUS_0x758f,2023-12-01,10,4,10000,1000.0,1000.0,0.0,6000.0,2024-04-01
CUS_0x758f_2023_12_01,CUS_0x758f,2023-12-01,10,5,10000,1000.0,1000.0,0.0,5000.0,2024-05-01
CUS_0x758f_2023_12_01,CUS_0x758f,2023-12-01,10,6,10000,1000.0,1000.0,0.0,4000.0,2024-06-01
CUS_0x758f_2023_12_01,CUS_0x758f,2023-12-01,10,7,10000,1000.0,1000.0,0.0,3000.0,2024-07-01
CUS_0x758f_2023_12_01,CUS_0x758f,2023-12-01,10,8,10000,1000.0,1000.0,0.0,2000.0,2024-08-01
CUS_0x758f_2023_12_01,CUS_0x758f,2023-12-01,10,9,10000,1000.0,1000.0,0.0,1000.0,2024-09-01
CUS_0x758f_2023_12_01,CUS_0x758f,2023-12-01,10,10,10000,1000.0,1000.0,0.0,0.0,2024-10-01
CUS_0x7623_2023_11_01,CUS_0x7623,2023-11-01,10,0,10000,0.0,0.0,0.0,10000.0,2023-11-01
CUS_0x7623_2023_11_01,CUS_0x7623,2023-11-01,10,1,10000,1000.0,1000.0,0.0,9000.0,2023-12-01
CUS_0x7623_2023_11_01,CUS_0x7623,2023-11-01,10,2,10000,1000.0,1000.0,0.0,8000.0,2024-01-01
CUS_0x7623_2023_11_01,CUS_0x7623,2023-11-01,10,3,10000,1000.0,1000.0,0.0,7000.0,2024-02-01
CUS_0x7623_2023_11_01,CUS_0x7623,2023-11-01,10,4,10000,1000.0,1000.0,0.0,6000.0,2024-03-01
CUS_0x7623_2023_11_01,CUS_0x7623,2023-11-01,10,5,10000,1000.0,1000.0,0.0,5000.0,2024-04-01
CUS_0x7623_2023_11_01,CUS_0x7623,2023-11-01,10,6,10000,1000.0,1000.0,0.0,4000.0,2024-05-01
CUS_0x7623_2023_11_01,CUS_0x7623,2023-11-01,10,7,10000,1000.0,1000.0,0.0,3000.0,2024-06-01
CUS_0x7623_2023_11_01,CUS_0x7623,2023-11-01,10,8,10000,1000.0,1000.0,0.0,2000.0,2024-07-01
CUS_0x7623_2023_11_01,CUS_0x7623,2023-11-01,10,9,10000,1000.0,1000.0,0.0,1000.0,2024-08-01
CUS_0x7623_2023_11_01,CUS_0x7623,2023-11-01,10,10,10000,1000.0,1000.0,0.0,0.0,2024-09-01
CUS_0x7659_2023_02_01,CUS_0x7659,2023-02-01,10,0,10000,0.0,0.0,0.0,10000.0,2023-02-01
CUS_0x7659_2023_02_01,CUS_0x7659,2023-02-01,10,1,10000,1000.0,1000.0,0.0,9000.0,2023-03-01
CUS_0x7659_2023_02_01,CUS_0x7659,2023-02-01,10,2,10000,1000.0,1000.0,0.0,8000.0,2023-04-01
CUS_0x7659_2023_02_01,CUS_0x7659,2023-02-01,10,3,10000,1000.0,1000.0,0.0,7000.0,2023-05-01
CUS_0x7659_2023_02_01,CUS_0x7659,2023-02-01,10,4,10000,1000.0,1000.0,0.0,6000.0,2023-06-01
CUS_0x7659_2023_02_01,CUS_0x7659,2023-02-01,10,5,10000,1000.0,1000.0,0.0,5000.0,2023-07-01
CUS_0x7659_2023_02_01,CUS_0x7659,2023-02-01,10,6,10000,1000.0,1000.0,0.0,4000.0,2023-08-01
CUS_0x7659_2023_02_01,CUS_0x7659,2023-02-01,10,7,10000,1000.0,1000.0,0.0,3000.0,2023-09-01
CUS_0x7659_2023_02_01,CUS_0x7659,2023-02-01,10,8,10000,1000.0,1000.0,0.0,2000.0,2023-10-01
CUS_0x7659_2023_02_01,CUS_0x7659,2023-02-01,10,9,10000,1000.0,1000.0,0.0,1000.0,2023-11-01
CUS_0x7659_2023_02_01,CUS_0x7659,2023-02-01,10,10,10000,1000.0,1000.0,0.0,0.0,2023-12-01
CUS_0x7666_2024_11_01,CUS_0x7666,2024-11-01,10,0,10000,0.0,0.0,0.0,10000.0,2024-11-01
CUS_0x7666_2024_11_01,CUS_0x7666,2024-11-01,10,1,10000,1000.0,0.0,1000.0,10000.0,2024-12-01
CUS_0x7666_2024_11_01,CUS_0x7666,2024-11-01,10,2,10000,1000.0,2000.0,0.0,8000.0,2025-01-01
CUS_0x7666_2024_11_01,CUS_0x7666,2024-11-01,10,3,10000,1000.0,0.0,1000.0,8000.0,2025-02-01
CUS_0x7666_2024_11_01,CUS_0x7666,2024-11-01,10,4,10000,1000.0,0.0,2000.0,8000.0,2025-03-01
CUS_0x7666_2024_11_01,CUS_0x7666,2024-11-01,10,5,10000,1000.0,0.0,3000.0,8000.0,2025-04-01
CUS_0x7666_2024_11_01,CUS_0x7666,2024-11-01,10,6,10000,1000.0,0.0,4000.0,8000.0,2025-05-01
CUS_0x7666_2024_11_01,CUS_0x7666,2024-11-01,10,7,10000,1000.0,0.0,5000.0,8000.0,2025-06-01
CUS_0x7666_2024_11_01,CUS_0x7666,2024-11-01,10,8,10000,1000.0,0.0,6000.0,8000.0,2025-07-01
CUS_0x7666_2024_11_01,CUS_0x7666,2024-11-01,10,9,10000,1000.0,0.0,7000.0,8000.0,2025-08-01
CUS_0x7666_2024_11_01,CUS_0x7666,2024-11-01,10,10,10000,1000.0,0.0,8000.0,8000.0,2025-09-01
CUS_0x7671_2023_12_01,CUS_0x7671,2023-12-01,10,0,10000,0.0,0.0,0.0,10000.0,2023-12-01
CUS_0x7671_2023_12_01,CUS_0x7671,2023-12-01,10,1,10000,1000.0,1000.0,0.0,9000.0,2024-01-01
CUS_0x7671_2023_12_01,CUS_0x7671,2023-12-01,10,2,10000,1000.0,0.0,1000.0,9000.0,2024-02-01
CUS_0x7671_2023_12_01,CUS_0x7671,2023-12-01,10,3,10000,1000.0,2000.0,0.0,7000.0,2024-03-01
CUS_0x7671_2023_12_01,CUS_0x7671,2023-12-01,10,4,10000,1000.0,0.0,1000.0,7000.0,2024-04-01
CUS_0x7671_2023_12_01,CUS_0x7671,2023-12-01,10,5,10000,1000.0,0.0,2000.0,7000.0,2024-05-01
CUS_0x7671_2023_12_01,CUS_0x7671,2023-12-01,10,6,10000,1000.0,0.0,3000.0,7000.0,2024-06-01
CUS_0x7671_2023_12_01,CUS_0x7671,2023-12-01,10,7,10000,1000.0,0.0,4000.0,7000.0,2024-07-01
CUS_0x7671_2023_12_01,CUS_0x7671,2023-12-01,10,8,10000,1000.0,0.0,5000.0,7000.0,2024-08-01
CUS_0x7671_2023_12_01,CUS_0x7671,2023-12-01,10,9,10000,1000.0,0.0,6000.0,7000.0,2024-09-01
CUS_0x7671_2023_12_01,CUS_0x7671,2023-12-01,10,10,10000,1000.0,0.0,7000.0,7000.0,2024-10-01
CUS_0x7694_2023_09_01,CUS_0x7694,2023-09-01,10,0,10000,0.0,0.0,0.0,10000.0,2023-09-01
CUS_0x7694_2023_09_01,CUS_0x7694,2023-09-01,10,1,10000,1000.0,1000.0,0.0,9000.0,2023-10-01
CUS_0x7694_2023_09_01,CUS_0x7694,2023-09-01,10,2,10000,1000.0,1000.0,0.0,8000.0,2023-11-01
CUS_0x7694_2023_09_01,CUS_0x7694,2023-09-01,10,3,10000,1000.0,0.0,1000.0,8000.0,2023-12-01
CUS_0x7694_2023_09_01,CUS_0x7694,2023-09-01,10,4,10000,1000.0,2000.0,0.0,6000.0,2024-01-01
CUS_0x7694_2023_09_01,CUS_0x7694,2023-09-01,10,5,10000,1000.0,0.0,1000.0,6000.0,2024-02-01
CUS_0x7694_2023_09_01,CUS_0x7694,2023-09-01,10,6,10000,1000.0,0.0,2000.0,6000.0,2024-03-01
CUS_0x7694_2023_09_01,CUS_0x7694,2023-09-01,10,7,10000,1000.0,0.0,3000.0,6000.0,2024-04-01
CUS_0x7694_2023_09_01,CUS_0x7694,2023-09-01,10,8,10000,1000.0,0.0,4000.0,6000.0,2024-05-01
CUS_0x7694_2023_09_01,CUS_0x7694,2023-09-01,10,9,10000,1000.0,0.0,5000.0,6000.0,2024-06-01
CUS_0x7694_2023_09_01,CUS_0x7694,2023-09-01,10,10,10000,1000.0,0.0,6000.0,6000.0,2024-07-01
CUS_0x7699_2023_10_01,CUS_0x7699,2023-10-01,10,0,10000,0.0,0.0,0.0,10000.0,2023-10-01
CUS_0x7699_2023_10_01,CUS_0x7699,2023-10-01,10,1,10000,1000.0,1000.0,0.0,9000.0,2023-11-01
CUS_0x7699_2023_10_01,CUS_0x7699,2023-10-01,10,2,10000,1000.0,1000.0,0.0,8000.0,2023-12-01
CUS_0x7699_2023_10_01,CUS_0x7699,2023-10-01,10,3,10000,1000.0,1000.0,0.0,7000.0,2024-01-01
CUS_0x7699_2023_10_01,CUS_0x7699,2023-10-01,10,4,10000,1000.0,1000.0,0.0,6000.0,2024-02-01
CUS_0x7699_2023_10_01,CUS_0x7699,2023-10-01,10,5,10000,1000.0,1000.0,0.0,5000.0,2024-03-01
CUS_0x7699_2023_10_01,CUS_0x7699,2023-10-01,10,6,10000,1000.0,1000.0,0.0,4000.0,2024-04-01
CUS_0x7699_2023_10_01,CUS_0x7699,2023-10-01,10,7,10000,1000.0,1000.0,0.0,3000.0,2024-05-01
CUS_0x7699_2023_10_01,CUS_0x7699,2023-10-01,10,8,10000,1000.0,1000.0,0.0,2000.0,2024-06-01
CUS_0x7699_2023_10_01,CUS_0x7699,2023-10-01,10,9,10000,1000.0,1000.0,0.0,1000.0,2024-07-01
CUS_0x7699_2023_10_01,CUS_0x7699,2023-10-01,10,10,10000,1000.0,1000.0,0.0,0.0,2024-08-01
CUS_0x76d4_2023_06_01,CUS_0x76d4,2023-06-01,10,0,10000,0.0,0.0,0.0,10000.0,2023-06-01
CUS_0x76d4_2023_06_01,CUS_0x76d4,2023-06-01,10,1,10000,1000.0,1000.0,0.0,9000.0,2023-07-01
CUS_0x76d4_2023_06_01,CUS_0x76d4,2023-06-01,10,2,10000,1000.0,1000.0,0.0,8000.0,2023-08-01
CUS_0x76d4_2023_06_01,CUS_0x76d4,2023-06-01,10,3,10000,1000.0,1000.0,0.0,7000.0,2023-09-01
CUS_0x76d4_2023_06_01,CUS_0x76d4,2023-06-01,10,4,10000,1000.0,1000.0,0.0,6000.0,2023-10-01
CUS_0x76d4_2023_06_01,CUS_0x76d4,2023-06-01,10,5,10000,1000.0,1000.0,0.0,5000.0,2023-11-01
CUS_0x76d4_2023_06_01,CUS_0x76d4,2023-06-01,10,6,10000,1000.0,1000.0,0.0,4000.0,2023-12-01
CUS_0x76d4_2023_06_01,CUS_0x76d4,2023-06-01,10,7,10000,1000.0,1000.0,0.0,3000.0,2024-01-01
CUS_0x76d4_2023_06_01,CUS_0x76d4,2023-06-01,10,8,10000,1000.0,1000.0,0.0,2000.0,2024-02-01
CUS_0x76d4_2023_06_01,CUS_0x76d4,2023-06-01,10,9,10000,1000.0,1000.0,0.0,1000.0,2024-03-01
CUS_0x76d4_2023_06_01,CUS_0x76d4,2023-06-01,10,10,10000,1000.0,1000.0,0.0,0.0,2024-04-01
CUS_0x7711_2024_03_01,CUS_0x7711,2024-03-01,10,0,10000,0.0,0.0,0.0,10000.0,2024-03-01
CUS_0x7711_2024_03_01,CUS_0x7711,2024-03-01,10,1,10000,1000.0,1000.0,0.0,9000.0,2024-04-01
CUS_0x7711_2024_03_01,CUS_0x7711,2024-03-01,10,2,10000,1000.0,1000.0,0.0,8000.0,2024-05-01
CUS_0x7711_2024_03_01,CUS_0x7711,2024-03-01,10,3,10000,1000.0,1000.0,0.0,7000.0,2024-06-01
CUS_0x7711_2024_03_01,CUS_0x7711,2024-03-01,10,4,10000,1000.0,1000.0,0.0,6000.0,2024-07-01
CUS_0x7711_2024_03_01,CUS_0x7711,2024-03-01,10,5,10000,1000.0,1000.0,0.0,5000.0,2024-08-01
CUS_0x7711_2024_03_01,CUS_0x7711,2024-03-01,10,6,10000,1000.0,1000.0,0.0,4000.0,2024-09-01
CUS_0x7711_2024_03_01,CUS_0x7711,2024-03-01,10,7,10000,1000.0,1000.0,0.0,3000.0,2024-10-01
CUS_0x7711_2024_03_01,CUS_0x7711,2024-03-01,10,8,10000,1000.0,1000.0,0.0,2000.0,2024-11-01
CUS_0x7711_2024_03_01,CUS_0x7711,2024-03-01,10,9,10000,1000.0,1000.0,0.0,1000.0,2024-12-01
CUS_0x7711_2024_03_01,CUS_0x7711,2024-03-01,10,10,10000,1000.0,1000.0,0.0,0.0,2025-01-01
CUS_0x7738_2024_09_01,CUS_0x7738,2024-09-01,10,0,10000,0.0,0.0,0.0,10000.0,2024-09-01
CUS_0x7738_2024_09_01,CUS_0x7738,2024-09-01,10,1,10000,1000.0,1000.0,0.0,9000.0,2024-10-01
CUS_0x7738_2024_09_01,CUS_0x7738,2024-09-01,10,2,10000,1000.0,1000.0,0.0,8000.0,2024-11-01
CUS_0x7738_2024_09_01,CUS_0x7738,2024-09-01,10,3,10000,1000.0,1000.0,0.0,7000.0,2024-12-01
CUS_0x7738_2024_09_01,CUS_0x7738,2024-09-01,10,4,10000,1000.0,1000.0,0.0,6000.0,2025-01-01
CUS_0x7738_2024_09_01,CUS_0x7738,2024-09-01,10,5,10000,1000.0,1000.0,0.0,5000.0,2025-02-01
CUS_0x7738_2024_09_01,CUS_0x7738,2024-09-01,10,6,10000,1000.0,1000.0,0.0,4000.0,2025-03-01
CUS_0x7738_2024_09_01,CUS_0x7738,2024-09-01,10,7,10000,1000.0,1000.0,0.0,3000.0,2025-04-01
CUS_0x7738_2024_09_01,CUS_0x7738,2024-09-01,10,8,10000,1000.0,1000.0,0.0,2000.0,2025-05-01
CUS_0x7738_2024_09_01,CUS_0x7738,2024-09-01,10,9,10000,1000.0,1000.0,0.0,1000.0,2025-06-01
CUS_0x7738_2024_09_01,CUS_0x7738,2024-09-01,10,10,10000,1000.0,1000.0,0.0,0.0,2025-07-01
CUS_0x77de_2023_04_01,CUS_0x77de,2023-04-01,10,0,10000,0.0,0.0,0.0,10000.0,2023-04-01
CUS_0x77de_2023_04_01,CUS_0x77de,2023-04-01,10,1,10000,1000.0,1000.0,0.0,9000.0,2023-05-01
CUS_0x77de_2023_04_01,CUS_0x77de,2023-04-01,10,2,10000,1000.0,1000.0,0.0,8000.0,2023-06-01
CUS_0x77de_2023_04_01,CUS_0x77de,2023-04-01,10,3,10000,1000.0,1000.0,0.0,7000.0,2023-07-01
CUS_0x77de_2023_04_01,CUS_0x77de,2023-04-01,10,4,10000,1000.0,1000.0,0.0,6000.0,2023-08-01
CUS_0x77de_2023_04_01,CUS_0x77de,2023-04-01,10,5,10000,1000.0,1000.0,0.0,5000.0,2023-09-01
CUS_0x77de_2023_04_01,CUS_0x77de,2023-04-01,10,6,10000,1000.0,1000.0,0.0,4000.0,2023-10-01
CUS_0x77de_2023_04_01,CUS_0x77de,2023-04-01,10,7,10000,1000.0,1000.0,0.0,3000.0,2023-11-01
CUS_0x77de_2023_04_01,CUS_0x77de,2023-04-01,10,8,10000,1000.0,1000.0,0.0,2000.0,2023-12-01
CUS_0x77de_2023_04_01,CUS_0x77de,2023-04-01,10,9,10000,1000.0,1000.0,0.0,1000.0,2024-01-01
CUS_0x77de_2023_04_01,CUS_0x77de,2023-04-01,10,10,10000,1000.0,1000.0,0.0,0.0,2024-02-01
CUS_0x78a7_2023_01_01,CUS_0x78a7,2023-01-01,10,0,10000,0.0,0.0,0.0,10000.0,2023-01-01
CUS_0x78a7_2023_01_01,CUS_0x78a7,2023-01-01,10,1,10000,1000.0,1000.0,0.0,9000.0,2023-02-01
CUS_0x78a7_2023_01_01,CUS_0x78a7,2023-01-01,10,2,10000,1000.0,0.0,1000.0,9000.0,2023-03-01
CUS_0x78a7_2023_01_01,CUS_0x78a7,2023-01-01,10,3,10000,1000.0,2000.0,0.0,7000.0,2023-04-01
CUS_0x78a7_2023_01_01,CUS_0x78a7,2023-01-01,10,4,10000,1000.0,0.0,1000.0,7000.0,2023-05-01
CUS_0x78a7_2023_01_01,CUS_0x78a7,2023-01-01,10,5,10000,1000.0,0.0,2000.0,7000.0,2023-06-01
CUS_0x78a7_2023_01_01,CUS_0x78a7,2023-01-01,10,6,10000,1000.0,0.0,3000.0,7000.0,2023-07-01
CUS_0x78a7_2023_01_01,CUS_0x78a7,2023-01-01,10,7,10000,1000.0,0.0,4000.0,7000.0,2023-08-01
CUS_0x78a7_2023_01_01,CUS_0x78a7,2023-01-01,10,8,10000,1000.0,0.0,5000.0,7000.0,2023-09-01
CUS_0x78a7_2023_01_01,CUS_0x78a7,2023-01-01,10,9,10000,1000.0,0.0,6000.0,7000.0,2023-10-01
CUS_0x78a7_2023_01_01,CUS_0x78a7,2023-01-01,10,10,10000,1000.0,0.0,7000.0,7000.0,2023-11-01
CUS_0x78ce_2024_03_01,CUS_0x78ce,2024-03-01,10,0,10000,0.0,0.0,0.0,10000.0,2024-03-01
CUS_0x78ce_2024_03_01,CUS_0x78ce,2024-03-01,10,1,10000,1000.0,1000.0,0.0,9000.0,2024-04-01
CUS_0x78ce_2024_03_01,CUS_0x78ce,2024-03-01,10,2,10000,1000.0,1000.0,0.0,8000.0,2024-05-01
CUS_0x78ce_2024_03_01,CUS_0x78ce,2024-03-01,10,3,10000,1000.0,1000.0,0.0,7000.0,2024-06-01
CUS_0x78ce_2024_03_01,CUS_0x78ce,2024-03-01,10,4,10000,1000.0,1000.0,0.0,6000.0,2024-07-01
CUS_0x78ce_2024_03_01,CUS_0x78ce,2024-03-01,10,5,10000,1000.0,1000.0,0.0,5000.0,2024-08-01
CUS_0x78ce_2024_03_01,CUS_0x78ce,2024-03-01,10,6,10000,1000.0,1000.0,0.0,4000.0,2024-09-01
CUS_0x78ce_2024_03_01,CUS_0x78ce,2024-03-01,10,7,10000,1000.0,1000.0,0.0,3000.0,2024-10-01
CUS_0x78ce_2024_03_01,CUS_0x78ce,2024-03-01,10,8,10000,1000.0,1000.0,0.0,2000.0,2024-11-01
CUS_0x78ce_2024_03_01,CUS_0x78ce,2024-03-01,10,9,10000,1000.0,1000.0,0.0,1000.0,2024-12-01
CUS_0x78ce_2024_03_01,CUS_0x78ce,2024-03-01,10,10,10000,1000.0,1000.0,0.0,0.0,2025-01-01
CUS_0x78e8_2023_12_01,CUS_0x78e8,2023-12-01,10,0,10000,0.0,0.0,0.0,10000.0,2023-12-01
CUS_0x78e8_2023_12_01,CUS_0x78e8,2023-12-01,10,1,10000,1000.0,0.0,1000.0,10000.0,2024-01-01
CUS_0x78e8_2023_12_01,CUS_0x78e8,2023-12-01,10,2,10000,1000.0,0.0,2000.0,10000.0,2024-02-01
CUS_0x78e8_2023_12_01,CUS_0x78e8,2023-12-01,10,3,10000,1000.0,0.0,3000.0,10000.0,2024-03-01
CUS_0x78e8_2023_12_01,CUS_0x78e8,2023-12-01,10,4,10000,1000.0,0.0,4000.0,10000.0,2024-04-01
CUS_0x78e8_2023_12_01,CUS_0x78e8,2023-12-01,10,5,10000,1000.0,0.0,5000.0,10000.0,2024-05-01
CUS_0x78e8_2023_12_01,CUS_0x78e8,2023-12-01,10,6,10000,1000.0,0.0,6000.0,10000.0,2024-06-01
CUS_0x78e8_2023_12_01,CUS_0x78e8,2023-12-01,10,7,10000,1000.0,0.0,7000.0,10000.0,2024-07-01
CUS_0x78e8_2023_12_01,CUS_0x78e8,2023-12-01,10,8,10000,1000.0,0.0,8000.0,10000.0,2024-08-01
CUS_0x78e8_2023_12_01,CUS_0x78e8,2023-12-01,10,9,10000,1000.0,0.0,9000.0,10000.0,2024-09-01
CUS_0x78e8_2023_12_01,CUS_0x78e8,2023-12-01,10,10,10000,1000.0,0.0,10000.0,10000.0,2024-10-01
CUS_0x7955_2024_09_01,CUS_0x7955,2024-09-01,10,0,10000,0.0,0.0,0.0,10000.0,2024-09-01
CUS_0x7955_2024_09_01,CUS_0x7955,2024-09-01,10,1,10000,1000.0,1000.0,0.0,9000.0,2024-10-01
CUS_0x7955_2024_09_01,CUS_0x7955,2024-09-01,10,2,10000,1000.0,1000.0,0.0,8000.0,2024-11-01
CUS_0x7955_2024_09_01,CUS_0x7955,2024-09-01,10,3,10000,1000.0,1000.0,0.0,7000.0,2024-12-01
CUS_0x7955_2024_09_01,CUS_0x7955,2024-09-01,10,4,10000,1000.0,1000.0,0.0,6000.0,2025-01-01
CUS_0x7955_2024_09_01,CUS_0x7955,2024-09-01,10,5,10000,1000.0,1000.0,0.0,5000.0,2025-02-01
CUS_0x7955_2024_09_01,CUS_0x7955,2024-09-01,10,6,10000,1000.0,1000.0,0.0,4000.0,2025-03-01
CUS_0x7955_2024_09_01,CUS_0x7955,2024-09-01,10,7,10000,1000.0,1000.0,0.0,3000.0,2025-04-01
CUS_0x7955_2024_09_01,CUS_0x7955,2024-09-01,10,8,10000,1000.0,1000.0,0.0,2000.0,2025-05-01
CUS_0x7955_2024_09_01,CUS_0x7955,2024-09-01,10,9,10000,1000.0,1000.0,0.0,1000.0,2025-06-01
CUS_0x7955_2024_09_01,CUS_0x7955,2024-09-01,10,10,10000,1000.0,1000.0,0.0,0.0,2025-07-01
CUS_0x7977_2023_02_01,CUS_0x7977,2023-02-01,10,0,10000,0.0,0.0,0.0,10000.0,2023-02-01
CUS_0x7977_2023_02_01,CUS_0x7977,2023-02-01,10,1,10000,1000.0,1000.0,0.0,9000.0,2023-03-01
CUS_0x7977_2023_02_01,CUS_0x7977,2023-02-01,10,2,10000,1000.0,1000.0,0.0,8000.0,2023-04-01
CUS_0x7977_2023_02_01,CUS_0x7977,2023-02-01,10,3,10000,1000.0,1000.0,0.0,7000.0,2023-05-01
CUS_0x7977_2023_02_01,CUS_0x7977,2023-02-01,10,4,10000,1000.0,1000.0,0.0,6000.0,2023-06-01
CUS_0x7977_2023_02_01,CUS_0x7977,2023-02-01,10,5,10000,1000.0,1000.0,0.0,5000.0,2023-07-01
CUS_0x7977_2023_02_01,CUS_0x7977,2023-02-01,10,6,10000,1000.0,1000.0,0.0,4000.0,2023-08-01
CUS_0x7977_2023_02_01,CUS_0x7977,2023-02-01,10,7,10000,1000.0,1000.0,0.0,3000.0,2023-09-01
CUS_0x7977_2023_02_01,CUS_0x7977,2023-02-01,10,8,10000,1000.0,1000.0,0.0,2000.0,2023-10-01
CUS_0x7977_2023_02_01,CUS_0x7977,2023-02-01,10,9,10000,1000.0,1000.0,0.0,1000.0,2023-11-01
CUS_0x7977_2023_02_01,CUS_0x7977,2023-02-01,10,10,10000,1000.0,1000.0,0.0,0.0,2023-12-01
CUS_0x7982_2024_05_01,CUS_0x7982,2024-05-01,10,0,10000,0.0,0.0,0.0,10000.0,2024-05-01
CUS_0x7982_2024_05_01,CUS_0x7982,2024-05-01,10,1,10000,1000.0,1000.0,0.0,9000.0,2024-06-01
CUS_0x7982_2024_05_01,CUS_0x7982,2024-05-01,10,2,10000,1000.0,1000.0,0.0,8000.0,2024-07-01
CUS_0x7982_2024_05_01,CUS_0x7982,2024-05-01,10,3,10000,1000.0,1000.0,0.0,7000.0,2024-08-01
CUS_0x7982_2024_05_01,CUS_0x7982,2024-05-01,10,4,10000,1000.0,1000.0,0.0,6000.0,2024-09-01
CUS_0x7982_2024_05_01,CUS_0x7982,2024-05-01,10,5,10000,1000.0,1000.0,0.0,5000.0,2024-10-01
CUS_0x7982_2024_05_01,CUS_0x7982,2024-05-01,10,6,10000,1000.0,1000.0,0.0,4000.0,2024-11-01
CUS_0x7982_2024_05_01,CUS_0x7982,2024-05-01,10,7,10000,1000.0,1000.0,0.0,3000.0,2024-12-01
CUS_0x7982_2024_05_01,CUS_0x7982,2024-05-01,10,8,10000,1000.0,1000.0,0.0,2000.0,2025-01-01
CUS_0x7982_2024_05_01,CUS_0x7982,2024-05-01,10,9,10000,1000.0,1000.0,0.0,1000.0,2025-02-01
CUS_0x7982_2024_05_01,CUS_0x7982,2024-05-01,10,10,10000,1000.0,1000.0,0.0,0.0,2025-03-01
CUS_0x79aa_2023_01_01,CUS_0x79aa,2023-01-01,10,0,10000,0.0,0.0,0.0,10000.0,2023-01-01
CUS_0x79aa_2023_01_01,CUS_0x79aa,2023-01-01,10,1,10000,1000.0,1000.0,0.0,9000.0,2023-02-01
CUS_0x79aa_2023_01_01,CUS_0x79aa,2023-01-01,10,2,10000,1000.0,1000.0,0.0,8000.0,2023-03-01
CUS_0x79aa_2023_01_01,CUS_0x79aa,2023-01-01,10,3,10000,1000.0,1000.0,0.0,7000.0,2023-04-01
CUS_0x79aa_2023_01_01,CUS_0x79aa,2023-01-01,10,4,10000,1000.0,1000.0,0.0,6000.0,2023-05-01
CUS_0x79aa_2023_01_01,CUS_0x79aa,2023-01-01,10,5,10000,1000.0,1000.0,0.0,5000.0,2023-06-01
CUS_0x79aa_2023_01_01,CUS_0x79aa,2023-01-01,10,6,10000,1000.0,1000.0,0.0,4000.0,2023-07-01
CUS_0x79aa_2023_01_01,CUS_0x79aa,2023-01-01,10,7,10000,1000.0,1000.0,0.0,3000.0,2023-08-01
CUS_0x79aa_2023_01_01,CUS_0x79aa,2023-01-01,10,8,10000,1000.0,1000.0,0.0,2000.0,2023-09-01
CUS_0x79aa_2023_01_01,CUS_0x79aa,2023-01-01,10,9,10000,1000.0,1000.0,0.0,1000.0,2023-10-01
CUS_0x79aa_2023_01_01,CUS_0x79aa,2023-01-01,10,10,10000,1000.0,1000.0,0.0,0.0,2023-11-01
CUS_0x79bd_2024_10_01,CUS_0x79bd,2024-10-01,10,0,10000,0.0,0.0,0.0,10000.0,2024-10-01
CUS_0x79bd_2024_10_01,CUS_0x79bd,2024-10-01,10,1,10000,1000.0,1000.0,0.0,9000.0,2024-11-01
CUS_0x79bd_2024_10_01,CUS_0x79bd,2024-10-01,10,2,10000,1000.0,1000.0,0.0,8000.0,2024-12-01
CUS_0x79bd_2024_10_01,CUS_0x79bd,2024-10-01,10,3,10000,1000.0,1000.0,0.0,7000.0,2025-01-01
CUS_0x79bd_2024_10_01,CUS_0x79bd,2024-10-01,10,4,10000,1000.0,1000.0,0.0,6000.0,2025-02-01
CUS_0x79bd_2024_10_01,CUS_0x79bd,2024-10-01,10,5,10000,1000.0,1000.0,0.0,5000.0,2025-03-01
CUS_0x79bd_2024_10_01,CUS_0x79bd,2024-10-01,10,6,10000,1000.0,1000.0,0.0,4000.0,2025-04-01
CUS_0x79bd_2024_10_01,CUS_0x79bd,2024-10-01,10,7,10000,1000.0,1000.0,0.0,3000.0,2025-05-01
CUS_0x79bd_2024_10_01,CUS_0x79bd,2024-10-01,10,8,10000,1000.0,1000.0,0.0,2000.0,2025-06-01
CUS_0x79bd_2024_10_01,CUS_0x79bd,2024-10-01,10,9,10000,1000.0,1000.0,0.0,1000.0,2025-07-01
CUS_0x79bd_2024_10_01,CUS_0x79bd,2024-10-01,10,10,10000,1000.0,1000.0,0.0,0.0,2025-08-01
CUS_0x79f7_2024_01_01,CUS_0x79f7,2024-01-01,10,0,10000,0.0,0.0,0.0,10000.0,2024-01-01
CUS_0x79f7_2024_01_01,CUS_0x79f7,2024-01-01,10,1,10000,1000.0,1000.0,0.0,9000.0,2024-02-01
CUS_0x79f7_2024_01_01,CUS_0x79f7,2024-01-01,10,2,10000,1000.0,1000.0,0.0,8000.0,2024-03-01
CUS_0x79f7_2024_01_01,CUS_0x79f7,2024-01-01,10,3,10000,1000.0,1000.0,0.0,7000.0,2024-04-01
CUS_0x79f7_2024_01_01,CUS_0x79f7,2024-01-01,10,4,10000,1000.0,1000.0,0.0,6000.0,2024-05-01
CUS_0x79f7_2024_01_01,CUS_0x79f7,2024-01-01,10,5,10000,1000.0,1000.0,0.0,5000.0,2024-06-01
CUS_0x79f7_2024_01_01,CUS_0x79f7,2024-01-01,10,6,10000,1000.0,1000.0,0.0,4000.0,2024-07-01
CUS_0x79f7_2024_01_01,CUS_0x79f7,2024-01-01,10,7,10000,1000.0,1000.0,0.0,3000.0,2024-08-01
CUS_0x79f7_2024_01_01,CUS_0x79f7,2024-01-01,10,8,10000,1000.0,1000.0,0.0,2000.0,2024-09-01
CUS_0x79f7_2024_01_01,CUS_0x79f7,2024-01-01,10,9,10000,1000.0,1000.0,0.0,1000.0,2024-10-01
CUS_0x79f7_2024_01_01,CUS_0x79f7,2024-01-01,10,10,10000,1000.0,1000.0,0.0,0.0,2024-11-01
CUS_0x7a01_2024_03_01,CUS_0x7a01,2024-03-01,10,0,10000,0.0,0.0,0.0,10000.0,2024-03-01
CUS_0x7a01_2024_03_01,CUS_0x7a01,2024-03-01,10,1,10000,1000.0,1000.0,0.0,9000.0,2024-04-01
CUS_0x7a01_2024_03_01,CUS_0x7a01,2024-03-01,10,2,10000,1000.0,1000.0,0.0,8000.0,2024-05-01
CUS_0x7a01_2024_03_01,CUS_0x7a01,2024-03-01,10,3,10000,1000.0,1000.0,0.0,7000.0,2024-06-01
CUS_0x7a01_2024_03_01,CUS_0x7a01,2024-03-01,10,4,10000,1000.0,1000.0,0.0,6000.0,2024-07-01
CUS_0x7a01_2024_03_01,CUS_0x7a01,2024-03-01,10,5,10000,1000.0,1000.0,0.0,5000.0,2024-08-01
CUS_0x7a01_2024_03_01,CUS_0x7a01,2024-03-01,10,6,10000,1000.0,1000.0,0.0,4000.0,2024-09-01
CUS_0x7a01_2024_03_01,CUS_0x7a01,2024-03-01,10,7,10000,1000.0,1000.0,0.0,3000.0,2024-10-01
CUS_0x7a01_2024_03_01,CUS_0x7a01,2024-03-01,10,8,10000,1000.0,1000.0,0.0,2000.0,2024-11-01
CUS_0x7a01_2024_03_01,CUS_0x7a01,2024-03-01,10,9,10000,1000.0,1000.0,0.0,1000.0,2024-12-01
CUS_0x7a01_2024_03_01,CUS_0x7a01,2024-03-01,10,10,10000,1000.0,1000.0,0.0,0.0,2025-01-01
CUS_0x7a2d_2023_01_01,CUS_0x7a2d,2023-01-01,10,0,10000,0.0,0.0,0.0,10000.0,2023-01-01
CUS_0x7a2d_2023_01_01,CUS_0x7a2d,2023-01-01,10,1,10000,1000.0,1000.0,0.0,9000.0,2023-02-01
CUS_0x7a2d_2023_01_01,CUS_0x7a2d,2023-01-01,10,2,10000,1000.0,1000.0,0.0,8000.0,2023-03-01
CUS_0x7a2d_2023_01_01,CUS_0x7a2d,2023-01-01,10,3,10000,1000.0,1000.0,0.0,7000.0,2023-04-01
CUS_0x7a2d_2023_01_01,CUS_0x7a2d,2023-01-01,10,4,10000,1000.0,1000.0,0.0,6000.0,2023-05-01
CUS_0x7a2d_2023_01_01,CUS_0x7a2d,2023-01-01,10,5,10000,1000.0,1000.0,0.0,5000.0,2023-06-01
CUS_0x7a2d_2023_01_01,CUS_0x7a2d,2023-01-01,10,6,10000,1000.0,1000.0,0.0,4000.0,2023-07-01
CUS_0x7a2d_2023_01_01,CUS_0x7a2d,2023-01-01,10,7,10000,1000.0,1000.0,0.0,3000.0,2023-08-01
CUS_0x7a2d_2023_01_01,CUS_0x7a2d,2023-01-01,10,8,10000,1000.0,1000.0,0.0,2000.0,2023-09-01
CUS_0x7a2d_2023_01_01,CUS_0x7a2d,2023-01-01,10,9,10000,1000.0,1000.0,0.0,1000.0,2023-10-01
CUS_0x7a2d_2023_01_01,CUS_0x7a2d,2023-01-01,10,10,10000,1000.0,1000.0,0.0,0.0,2023-11-01
CUS_0x7a50_2024_05_01,CUS_0x7a50,2024-05-01,10,0,10000,0.0,0.0,0.0,10000.0,2024-05-01
CUS_0x7a50_2024_05_01,CUS_0x7a50,2024-05-01,10,1,10000,1000.0,1000.0,0.0,9000.0,2024-06-01
CUS_0x7a50_2024_05_01,CUS_0x7a50,2024-05-01,10,2,10000,1000.0,1000.0,0.0,8000.0,2024-07-01
CUS_0x7a50_2024_05_01,CUS_0x7a50,2024-05-01,10,3,10000,1000.0,1000.0,0.0,7000.0,2024-08-01
CUS_0x7a50_2024_05_01,CUS_0x7a50,2024-05-01,10,4,10000,1000.0,1000.0,0.0,6000.0,2024-09-01
CUS_0x7a50_2024_05_01,CUS_0x7a50,2024-05-01,10,5,10000,1000.0,1000.0,0.0,5000.0,2024-10-01
CUS_0x7a50_2024_05_01,CUS_0x7a50,2024-05-01,10,6,10000,1000.0,1000.0,0.0,4000.0,2024-11-01
CUS_0x7a50_2024_05_01,CUS_0x7a50,2024-05-01,10,7,10000,1000.0,1000.0,0.0,3000.0,2024-12-01
CUS_0x7a50_2024_05_01,CUS_0x7a50,2024-05-01,10,8,10000,1000.0,1000.0,0.0,2000.0,2025-01-01
CUS_0x7a50_2024_05_01,CUS_0x7a50,2024-05-01,10,9,10000,1000.0,1000.0,0.0,1000.0,2025-02-01
CUS_0x7a50_2024_05_01,CUS_0x7a50,2024-05-01,10,10,10000,1000.0,1000.0,0.0,0.0,2025-03-01
CUS_0x7a56_2023_08_01,CUS_0x7a56,2023-08-01,10,0,10000,0.0,0.0,0.0,10000.0,2023-08-01
CUS_0x7a56_2023_08_01,CUS_0x7a56,2023-08-01,10,1,10000,1000.0,1000.0,0.0,9000.0,2023-09-01
CUS_0x7a56_2023_08_01,CUS_0x7a56,2023-08-01,10,2,10000,1000.0,0.0,1000.0,9000.0,2023-10-01
CUS_0x7a56_2023_08_01,CUS_0x7a56,2023-08-01,10,3,10000,1000.0,0.0,2000.0,9000.0,2023-11-01
CUS_0x7a56_2023_08_01,CUS_0x7a56,2023-08-01,10,4,10000,1000.0,0.0,3000.0,9000.0,2023-12-01
CUS_0x7a56_2023_08_01,CUS_0x7a56,2023-08-01,10,5,10000,1000.0,0.0,4000.0,9000.0,2024-01-01
CUS_0x7a56_2023_08_01,CUS_0x7a56,2023-08-01,10,6,10000,1000.0,0.0,5000.0,9000.0,2024-02-01
CUS_0x7a56_2023_08_01,CUS_0x7a56,2023-08-01,10,7,10000,1000.0,0.0,6000.0,9000.0,2024-03-01
CUS_0x7a56_2023_08_01,CUS_0x7a56,2023-08-01,10,8,10000,1000.0,0.0,7000.0,9000.0,2024-04-01
CUS_0x7a56_2023_08_01,CUS_0x7a56,2023-08-01,10,9,10000,1000.0,0.0,8000.0,9000.0,2024-05-01
CUS_0x7a56_2023_08_01,CUS_0x7a56,2023-08-01,10,10,10000,1000.0,0.0,9000.0,9000.0,2024-06-01
CUS_0x7a59_2023_04_01,CUS_0x7a59,2023-04-01,10,0,10000,0.0,0.0,0.0,10000.0,2023-04-01
CUS_0x7a59_2023_04_01,CUS_0x7a59,2023-04-01,10,1,10000,1000.0,1000.0,0.0,9000.0,2023-05-01
CUS_0x7a59_2023_04_01,CUS_0x7a59,2023-04-01,10,2,10000,1000.0,1000.0,0.0,8000.0,2023-06-01
CUS_0x7a59_2023_04_01,CUS_0x7a59,2023-04-01,10,3,10000,1000.0,1000.0,0.0,7000.0,2023-07-01
CUS_0x7a59_2023_04_01,CUS_0x7a59,2023-04-01,10,4,10000,1000.0,1000.0,0.0,6000.0,2023-08-01
CUS_0x7a59_2023_04_01,CUS_0x7a59,2023-04-01,10,5,10000,1000.0,1000.0,0.0,5000.0,2023-09-01
CUS_0x7a59_2023_04_01,CUS_0x7a59,2023-04-01,10,6,10000,1000.0,1000.0,0.0,4000.0,2023-10-01
CUS_0x7a59_2023_04_01,CUS_0x7a59,2023-04-01,10,7,10000,1000.0,1000.0,0.0,3000.0,2023-11-01
CUS_0x7a59_2023_04_01,CUS_0x7a59,2023-04-01,10,8,10000,1000.0,1000.0,0.0,2000.0,2023-12-01
CUS_0x7a59_2023_04_01,CUS_0x7a59,2023-04-01,10,9,10000,1000.0,1000.0,0.0,1000.0,2024-01-01
CUS_0x7a59_2023_04_01,CUS_0x7a59,2023-04-01,10,10,10000,1000.0,1000.0,0.0,0.0,2024-02-01
CUS_0x7b15_2024_06_01,CUS_0x7b15,2024-06-01,10,0,10000,0.0,0.0,0.0,10000.0,2024-06-01
CUS_0x7b15_2024_06_01,CUS_0x7b15,2024-06-01,10,1,10000,1000.0,1000.0,0.0,9000.0,2024-07-01
CUS_0x7b15_2024_06_01,CUS_0x7b15,2024-06-01,10,2,10000,1000.0,1000.0,0.0,8000.0,2024-08-01
CUS_0x7b15_2024_06_01,CUS_0x7b15,2024-06-01,10,3,10000,1000.0,1000.0,0.0,7000.0,2024-09-01
CUS_0x7b15_2024_06_01,CUS_0x7b15,2024-06-01,10,4,10000,1000.0,1000.0,0.0,6000.0,2024-10-01
CUS_0x7b15_2024_06_01,CUS_0x7b15,2024-06-01,10,5,10000,1000.0,1000.0,0.0,5000.0,2024-11-01
CUS_0x7b15_2024_06_01,CUS_0x7b15,2024-06-01,10,6,10000,1000.0,1000.0,0.0,4000.0,2024-12-01
CUS_0x7b15_2024_06_01,CUS_0x7b15,2024-06-01,10,7,10000,1000.0,1000.0,0.0,3000.0,2025-01-01
CUS_0x7b15_2024_06_01,CUS_0x7b15,2024-06-01,10,8,10000,1000.0,1000.0,0.0,2000.0,2025-02-01
CUS_0x7b15_2024_06_01,CUS_0x7b15,2024-06-01,10,9,10000,1000.0,1000.0,0.0,1000.0,2025-03-01
CUS_0x7b15_2024_06_01,CUS_0x7b15,2024-06-01,10,10,10000,1000.0,1000.0,0.0,0.0,2025-04-01
CUS_0x7b4b_2025_01_01,CUS_0x7b4b,2025-01-01,10,0,10000,0.0,0.0,0.0,10000.0,2025-01-01
CUS_0x7b4b_2025_01_01,CUS_0x7b4b,2025-01-01,10,1,10000,1000.0,1000.0,0.0,9000.0,2025-02-01
CUS_0x7b4b_2025_01_01,CUS_0x7b4b,2025-01-01,10,2,10000,1000.0,1000.0,0.0,8000.0,2025-03-01
CUS_0x7b4b_2025_01_01,CUS_0x7b4b,2025-01-01,10,3,10000,1000.0,1000.0,0.0,7000.0,2025-04-01
CUS_0x7b4b_2025_01_01,CUS_0x7b4b,2025-01-01,10,4,10000,1000.0,1000.0,0.0,6000.0,2025-05-01
CUS_0x7b4b_2025_01_01,CUS_0x7b4b,2025-01-01,10,5,10000,1000.0,1000.0,0.0,5000.0,2025-06-01
CUS_0x7b4b_2025_01_01,CUS_0x7b4b,2025-01-01,10,6,10000,1000.0,1000.0,0.0,4000.0,2025-07-01
CUS_0x7b4b_2025_01_01,CUS_0x7b4b,2025-01-01,10,7,10000,1000.0,1000.0,0.0,3000.0,2025-08-01
CUS_0x7b4b_2025_01_01,CUS_0x7b4b,2025-01-01,10,8,10000,1000.0,1000.0,0.0,2000.0,2025-09-01
CUS_0x7b4b_2025_01_01,CUS_0x7b4b,2025-01-01,10,9,10000,1000.0,1000.0,0.0,1000.0,2025-10-01
CUS_0x7b4b_2025_01_01,CUS_0x7b4b,2025-01-01,10,10,10000,1000.0,1000.0,0.0,0.0,2025-11-01
CUS_0x7b52_2023_01_01,CUS_0x7b52,2023-01-01,10,0,10000,0.0,0.0,0.0,10000.0,2023-01-01
CUS_0x7b52_2023_01_01,CUS_0x7b52,2023-01-01,10,1,10000,1000.0,1000.0,0.0,9000.0,2023-02-01
CUS_0x7b52_2023_01_01,CUS_0x7b52,2023-01-01,10,2,10000,1000.0,1000.0,0.0,8000.0,2023-03-01
CUS_0x7b52_2023_01_01,CUS_0x7b52,2023-01-01,10,3,10000,1000.0,0.0,1000.0,8000.0,2023-04-01
CUS_0x7b52_2023_01_01,CUS_0x7b52,2023-01-01,10,4,10000,1000.0,0.0,2000.0,8000.0,2023-05-01
CUS_0x7b52_2023_01_01,CUS_0x7b52,2023-01-01,10,5,10000,1000.0,0.0,3000.0,8000.0,2023-06-01
CUS_0x7b52_2023_01_01,CUS_0x7b52,2023-01-01,10,6,10000,1000.0,0.0,4000.0,8000.0,2023-07-01
CUS_0x7b52_2023_01_01,CUS_0x7b52,2023-01-01,10,7,10000,1000.0,0.0,5000.0,8000.0,2023-08-01
CUS_0x7b52_2023_01_01,CUS_0x7b52,2023-01-01,10,8,10000,1000.0,0.0,6000.0,8000.0,2023-09-01
CUS_0x7b52_2023_01_01,CUS_0x7b52,2023-01-01,10,9,10000,1000.0,0.0,7000.0,8000.0,2023-10-01
CUS_0x7b52_2023_01_01,CUS_0x7b52,2023-01-01,10,10,10000,1000.0,0.0,8000.0,8000.0,2023-11-01
CUS_0x7b66_2023_06_01,CUS_0x7b66,2023-06-01,10,0,10000,0.0,0.0,0.0,10000.0,2023-06-01
CUS_0x7b66_2023_06_01,CUS_0x7b66,2023-06-01,10,1,10000,1000.0,0.0,1000.0,10000.0,2023-07-01
CUS_0x7b66_2023_06_01,CUS_0x7b66,2023-06-01,10,2,10000,1000.0,2000.0,0.0,8000.0,2023-08-01
CUS_0x7b66_2023_06_01,CUS_0x7b66,2023-06-01,10,3,10000,1000.0,1000.0,0.0,7000.0,2023-09-01
CUS_0x7b66_2023_06_01,CUS_0x7b66,2023-06-01,10,4,10000,1000.0,0.0,1000.0,7000.0,2023-10-01
CUS_0x7b66_2023_06_01,CUS_0x7b66,2023-06-01,10,5,10000,1000.0,0.0,2000.0,7000.0,2023-11-01
CUS_0x7b66_2023_06_01,CUS_0x7b66,2023-06-01,10,6,10000,1000.0,0.0,3000.0,7000.0,2023-12-01
CUS_0x7b66_2023_06_01,CUS_0x7b66,2023-06-01,10,7,10000,1000.0,0.0,4000.0,7000.0,2024-01-01
CUS_0x7b66_2023_06_01,CUS_0x7b66,2023-06-01,10,8,10000,1000.0,0.0,5000.0,7000.0,2024-02-01
CUS_0x7b66_2023_06_01,CUS_0x7b66,2023-06-01,10,9,10000,1000.0,0.0,6000.0,7000.0,2024-03-01
CUS_0x7b66_2023_06_01,CUS_0x7b66,2023-06-01,10,10,10000,1000.0,0.0,7000.0,7000.0,2024-04-01
CUS_0x7b94_2024_07_01,CUS_0x7b94,2024-07-01,10,0,10000,0.0,0.0,0.0,10000.0,2024-07-01
CUS_0x7b94_2024_07_01,CUS_0x7b94,2024-07-01,10,1,10000,1000.0,1000.0,0.0,9000.0,2024-08-01
CUS_0x7b94_2024_07_01,CUS_0x7b94,2024-07-01,10,2,10000,1000.0,1000.0,0.0,8000.0,2024-09-01
CUS_0x7b94_2024_07_01,CUS_0x7b94,2024-07-01,10,3,10000,1000.0,1000.0,0.0,7000.0,2024-10-01
CUS_0x7b94_2024_07_01,CUS_0x7b94,2024-07-01,10,4,10000,1000.0,1000.0,0.0,6000.0,2024-11-01
CUS_0x7b94_2024_07_01,CUS_0x7b94,2024-07-01,10,5,10000,1000.0,1000.0,0.0,5000.0,2024-12-01
CUS_0x7b94_2024_07_01,CUS_0x7b94,2024-07-01,10,6,10000,1000.0,1000.0,0.0,4000.0,2025-01-01
CUS_0x7b94_2024_07_01,CUS_0x7b94,2024-07-01,10,7,10000,1000.0,1000.0,0.0,3000.0,2025-02-01
CUS_0x7b94_2024_07_01,CUS_0x7b94,2024-07-01,10,8,10000,1000.0,1000.0,0.0,2000.0,2025-03-01
CUS_0x7b94_2024_07_01,CUS_0x7b94,2024-07-01,10,9,10000,1000.0,1000.0,0.0,1000.0,2025-04-01
CUS_0x7b94_2024_07_01,CUS_0x7b94,2024-07-01,10,10,10000,1000.0,1000.0,0.0,0.0,2025-05-01
CUS_0x7ba9_2023_05_01,CUS_0x7ba9,2023-05-01,10,0,10000,0.0,0.0,0.0,10000.0,2023-05-01
CUS_0x7ba9_2023_05_01,CUS_0x7ba9,2023-05-01,10,1,10000,1000.0,1000.0,0.0,9000.0,2023-06-01
CUS_0x7ba9_2023_05_01,CUS_0x7ba9,2023-05-01,10,2,10000,1000.0,1000.0,0.0,8000.0,2023-07-01
CUS_0x7ba9_2023_05_01,CUS_0x7ba9,2023-05-01,10,3,10000,1000.0,1000.0,0.0,7000.0,2023-08-01
CUS_0x7ba9_2023_05_01,CUS_0x7ba9,2023-05-01,10,4,10000,1000.0,1000.0,0.0,6000.0,2023-09-01
CUS_0x7ba9_2023_05_01,CUS_0x7ba9,2023-05-01,10,5,10000,1000.0,1000.0,0.0,5000.0,2023-10-01
CUS_0x7ba9_2023_05_01,CUS_0x7ba9,2023-05-01,10,6,10000,1000.0,1000.0,0.0,4000.0,2023-11-01
CUS_0x7ba9_2023_05_01,CUS_0x7ba9,2023-05-01,10,7,10000,1000.0,1000.0,0.0,3000.0,2023-12-01
CUS_0x7ba9_2023_05_01,CUS_0x7ba9,2023-05-01,10,8,10000,1000.0,1000.0,0.0,2000.0,2024-01-01
CUS_0x7ba9_2023_05_01,CUS_0x7ba9,2023-05-01,10,9,10000,1000.0,1000.0,0.0,1000.0,2024-02-01
CUS_0x7ba9_2023_05_01,CUS_0x7ba9,2023-05-01,10,10,10000,1000.0,1000.0,0.0,0.0,2024-03-01
CUS_0x7baf_2023_07_01,CUS_0x7baf,2023-07-01,10,0,10000,0.0,0.0,0.0,10000.0,2023-07-01
CUS_0x7baf_2023_07_01,CUS_0x7baf,2023-07-01,10,1,10000,1000.0,1000.0,0.0,9000.0,2023-08-01
CUS_0x7baf_2023_07_01,CUS_0x7baf,2023-07-01,10,2,10000,1000.0,1000.0,0.0,8000.0,2023-09-01
CUS_0x7baf_2023_07_01,CUS_0x7baf,2023-07-01,10,3,10000,1000.0,1000.0,0.0,7000.0,2023-10-01
CUS_0x7baf_2023_07_01,CUS_0x7baf,2023-07-01,10,4,10000,1000.0,1000.0,0.0,6000.0,2023-11-01
CUS_0x7baf_2023_07_01,CUS_0x7baf,2023-07-01,10,5,10000,1000.0,1000.0,0.0,5000.0,2023-12-01
CUS_0x7baf_2023_07_01,CUS_0x7baf,2023-07-01,10,6,10000,1000.0,1000.0,0.0,4000.0,2024-01-01
CUS_0x7baf_2023_07_01,CUS_0x7baf,2023-07-01,10,7,10000,1000.0,1000.0,0.0,3000.0,2024-02-01
CUS_0x7baf_2023_07_01,CUS_0x7baf,2023-07-01,10,8,10000,1000.0,1000.0,0.0,2000.0,2024-03-01
CUS_0x7baf_2023_07_01,CUS_0x7baf,2023-07-01,10,9,10000,1000.0,1000.0,0.0,1000.0,2024-04-01
CUS_0x7baf_2023_07_01,CUS_0x7baf,2023-07-01,10,10,10000,1000.0,1000.0,0.0,0.0,2024-05-01
CUS_0x7c00_2023_01_01,CUS_0x7c00,2023-01-01,10,0,10000,0.0,0.0,0.0,10000.0,2023-01-01
CUS_0x7c00_2023_01_01,CUS_0x7c00,2023-01-01,10,1,10000,1000.0,1000.0,0.0,9000.0,2023-02-01
CUS_0x7c00_2023_01_01,CUS_0x7c00,2023-01-01,10,2,10000,1000.0,1000.0,0.0,8000.0,2023-03-01
CUS_0x7c00_2023_01_01,CUS_0x7c00,2023-01-01,10,3,10000,1000.0,1000.0,0.0,7000.0,2023-04-01
CUS_0x7c00_2023_01_01,CUS_0x7c00,2023-01-01,10,4,10000,1000.0,1000.0,0.0,6000.0,2023-05-01
CUS_0x7c00_2023_01_01,CUS_0x7c00,2023-01-01,10,5,10000,1000.0,1000.0,0.0,5000.0,2023-06-01
CUS_0x7c00_2023_01_01,CUS_0x7c00,2023-01-01,10,6,10000,1000.0,1000.0,0.0,4000.0,2023-07-01
CUS_0x7c00_2023_01_01,CUS_0x7c00,2023-01-01,10,7,10000,1000.0,1000.0,0.0,3000.0,2023-08-01
CUS_0x7c00_2023_01_01,CUS_0x7c00,2023-01-01,10,8,10000,1000.0,1000.0,0.0,2000.0,2023-09-01
CUS_0x7c00_2023_01_01,CUS_0x7c00,2023-01-01,10,9,10000,1000.0,1000.0,0.0,1000.0,2023-10-01
CUS_0x7c00_2023_01_01,CUS_0x7c00,2023-01-01,10,10,10000,1000.0,1000.0,0.0,0.0,2023-11-01
CUS_0x7c2a_2024_06_01,CUS_0x7c2a,2024-06-01,10,0,10000,0.0,0.0,0.0,10000.0,2024-06-01
CUS_0x7c2a_2024_06_01,CUS_0x7c2a,2024-06-01,10,1,10000,1000.0,1000.0,0.0,9000.0,2024-07-01
CUS_0x7c2a_2024_06_01,CUS_0x7c2a,2024-06-01,10,2,10000,1000.0,1000.0,0.0,8000.0,2024-08-01
CUS_0x7c2a_2024_06_01,CUS_0x7c2a,2024-06-01,10,3,10000,1000.0,1000.0,0.0,7000.0,2024-09-01
CUS_0x7c2a_2024_06_01,CUS_0x7c2a,2024-06-01,10,4,10000,1000.0,0.0,1000.0,7000.0,2024-10-01
CUS_0x7c2a_2024_06_01,CUS_0x7c2a,2024-06-01,10,5,10000,1000.0,0.0,2000.0,7000.0,2024-11-01
CUS_0x7c2a_2024_06_01,CUS_0x7c2a,2024-06-01,10,6,10000,1000.0,0.0,3000.0,7000.0,2024-12-01
CUS_0x7c2a_2024_06_01,CUS_0x7c2a,2024-06-01,10,7,10000,1000.0,0.0,4000.0,7000.0,2025-01-01
CUS_0x7c2a_2024_06_01,CUS_0x7c2a,2024-06-01,10,8,10000,1000.0,0.0,5000.0,7000.0,2025-02-01
CUS_0x7c2a_2024_06_01,CUS_0x7c2a,2024-06-01,10,9,10000,1000.0,0.0,6000.0,7000.0,2025-03-01
CUS_0x7c2a_2024_06_01,CUS_0x7c2a,2024-06-01,10,10,10000,1000.0,0.0,7000.0,7000.0,2025-04-01
CUS_0x7c4a_2023_07_01,CUS_0x7c4a,2023-07-01,10,0,10000,0.0,0.0,0.0,10000.0,2023-07-01
CUS_0x7c4a_2023_07_01,CUS_0x7c4a,2023-07-01,10,1,10000,1000.0,0.0,1000.0,10000.0,2023-08-01
CUS_0x7c4a_2023_07_01,CUS_0x7c4a,2023-07-01,10,2,10000,1000.0,0.0,2000.0,10000.0,2023-09-01
CUS_0x7c4a_2023_07_01,CUS_0x7c4a,2023-07-01,10,3,10000,1000.0,0.0,3000.0,10000.0,2023-10-01
CUS_0x7c4a_2023_07_01,CUS_0x7c4a,2023-07-01,10,4,10000,1000.0,0.0,4000.0,10000.0,2023-11-01
CUS_0x7c4a_2023_07_01,CUS_0x7c4a,2023-07-01,10,5,10000,1000.0,0.0,5000.0,10000.0,2023-12-01
CUS_0x7c4a_2023_07_01,CUS_0x7c4a,2023-07-01,10,6,10000,1000.0,0.0,6000.0,10000.0,2024-01-01
CUS_0x7c4a_2023_07_01,CUS_0x7c4a,2023-07-01,10,7,10000,1000.0,0.0,7000.0,10000.0,2024-02-01
CUS_0x7c4a_2023_07_01,CUS_0x7c4a,2023-07-01,10,8,10000,1000.0,0.0,8000.0,10000.0,2024-03-01
CUS_0x7c4a_2023_07_01,CUS_0x7c4a,2023-07-01,10,9,10000,1000.0,0.0,9000.0,10000.0,2024-04-01
CUS_0x7c4a_2023_07_01,CUS_0x7c4a,2023-07-01,10,10,10000,1000.0,0.0,10000.0,10000.0,2024-05-01
CUS_0x7c60_2023_02_01,CUS_0x7c60,2023-02-01,10,0,10000,0.0,0.0,0.0,10000.0,2023-02-01
CUS_0x7c60_2023_02_01,CUS_0x7c60,2023-02-01,10,1,10000,1000.0,1000.0,0.0,9000.0,2023-03-01
CUS_0x7c60_2023_02_01,CUS_0x7c60,2023-02-01,10,2,10000,1000.0,1000.0,0.0,8000.0,2023-04-01
CUS_0x7c60_2023_02_01,CUS_0x7c60,2023-02-01,10,3,10000,1000.0,1000.0,0.0,7000.0,2023-05-01
CUS_0x7c60_2023_02_01,CUS_0x7c60,2023-02-01,10,4,10000,1000.0,1000.0,0.0,6000.0,2023-06-01
CUS_0x7c60_2023_02_01,CUS_0x7c60,2023-02-01,10,5,10000,1000.0,1000.0,0.0,5000.0,2023-07-01
CUS_0x7c60_2023_02_01,CUS_0x7c60,2023-02-01,10,6,10000,1000.0,1000.0,0.0,4000.0,2023-08-01
CUS_0x7c60_2023_02_01,CUS_0x7c60,2023-02-01,10,7,10000,1000.0,1000.0,0.0,3000.0,2023-09-01
CUS_0x7c60_2023_02_01,CUS_0x7c60,2023-02-01,10,8,10000,1000.0,1000.0,0.0,2000.0,2023-10-01
CUS_0x7c60_2023_02_01,CUS_0x7c60,2023-02-01,10,9,10000,1000.0,1000.0,0.0,1000.0,2023-11-01
CUS_0x7c60_2023_02_01,CUS_0x7c60,2023-02-01,10,10,10000,1000.0,1000.0,0.0,0.0,2023-12-01
CUS_0x7cb9_2023_01_01,CUS_0x7cb9,2023-01-01,10,0,10000,0.0,0.0,0.0,10000.0,2023-01-01
CUS_0x7cb9_2023_01_01,CUS_0x7cb9,2023-01-01,10,1,10000,1000.0,1000.0,0.0,9000.0,2023-02-01
CUS_0x7cb9_2023_01_01,CUS_0x7cb9,2023-01-01,10,2,10000,1000.0,1000.0,0.0,8000.0,2023-03-01
CUS_0x7cb9_2023_01_01,CUS_0x7cb9,2023-01-01,10,3,10000,1000.0,0.0,1000.0,8000.0,2023-04-01
CUS_0x7cb9_2023_01_01,CUS_0x7cb9,2023-01-01,10,4,10000,1000.0,2000.0,0.0,6000.0,2023-05-01
CUS_0x7cb9_2023_01_01,CUS_0x7cb9,2023-01-01,10,5,10000,1000.0,0.0,1000.0,6000.0,2023-06-01
CUS_0x7cb9_2023_01_01,CUS_0x7cb9,2023-01-01,10,6,10000,1000.0,0.0,2000.0,6000.0,2023-07-01
CUS_0x7cb9_2023_01_01,CUS_0x7cb9,2023-01-01,10,7,10000,1000.0,0.0,3000.0,6000.0,2023-08-01
CUS_0x7cb9_2023_01_01,CUS_0x7cb9,2023-01-01,10,8,10000,1000.0,0.0,4000.0,6000.0,2023-09-01
CUS_0x7cb9_2023_01_01,CUS_0x7cb9,2023-01-01,10,9,10000,1000.0,0.0,5000.0,6000.0,2023-10-01
CUS_0x7cb9_2023_01_01,CUS_0x7cb9,2023-01-01,10,10,10000,1000.0,0.0,6000.0,6000.0,2023-11-01
CUS_0x7cc1_2024_08_01,CUS_0x7cc1,2024-08-01,10,0,10000,0.0,0.0,0.0,10000.0,2024-08-01
CUS_0x7cc1_2024_08_01,CUS_0x7cc1,2024-08-01,10,1,10000,1000.0,1000.0,0.0,9000.0,2024-09-01
CUS_0x7cc1_2024_08_01,CUS_0x7cc1,2024-08-01,10,2,10000,1000.0,1000.0,0.0,8000.0,2024-10-01
CUS_0x7cc1_2024_08_01,CUS_0x7cc1,2024-08-01,10,3,10000,1000.0,1000.0,0.0,7000.0,2024-11-01
CUS_0x7cc1_2024_08_01,CUS_0x7cc1,2024-08-01,10,4,10000,1000.0,1000.0,0.0,6000.0,2024-12-01
CUS_0x7cc1_2024_08_01,CUS_0x7cc1,2024-08-01,10,5,10000,1000.0,1000.0,0.0,5000.0,2025-01-01
CUS_0x7cc1_2024_08_01,CUS_0x7cc1,2024-08-01,10,6,10000,1000.0,1000.0,0.0,4000.0,2025-02-01
CUS_0x7cc1_2024_08_01,CUS_0x7cc1,2024-08-01,10,7,10000,1000.0,1000.0,0.0,3000.0,2025-03-01
CUS_0x7cc1_2024_08_01,CUS_0x7cc1,2024-08-01,10,8,10000,1000.0,1000.0,0.0,2000.0,2025-04-01
CUS_0x7cc1_2024_08_01,CUS_0x7cc1,2024-08-01,10,9,10000,1000.0,1000.0,0.0,1000.0,2025-05-01
CUS_0x7cc1_2024_08_01,CUS_0x7cc1,2024-08-01,10,10,10000,1000.0,1000.0,0.0,0.0,2025-06-01
CUS_0x7cd8_2023_04_01,CUS_0x7cd8,2023-04-01,10,0,10000,0.0,0.0,0.0,10000.0,2023-04-01
CUS_0x7cd8_2023_04_01,CUS_0x7cd8,2023-04-01,10,1,10000,1000.0,1000.0,0.0,9000.0,2023-05-01
CUS_0x7cd8_2023_04_01,CUS_0x7cd8,2023-04-01,10,2,10000,1000.0,1000.0,0.0,8000.0,2023-06-01
CUS_0x7cd8_2023_04_01,CUS_0x7cd8,2023-04-01,10,3,10000,1000.0,1000.0,0.0,7000.0,2023-07-01
CUS_0x7cd8_2023_04_01,CUS_0x7cd8,2023-04-01,10,4,10000,1000.0,1000.0,0.0,6000.0,2023-08-01
CUS_0x7cd8_2023_04_01,CUS_0x7cd8,2023-04-01,10,5,10000,1000.0,1000.0,0.0,5000.0,2023-09-01
CUS_0x7cd8_2023_04_01,CUS_0x7cd8,2023-04-01,10,6,10000,1000.0,1000.0,0.0,4000.0,2023-10-01
CUS_0x7cd8_2023_04_01,CUS_0x7cd8,2023-04-01,10,7,10000,1000.0,1000.0,0.0,3000.0,2023-11-01
CUS_0x7cd8_2023_04_01,CUS_0x7cd8,2023-04-01,10,8,10000,1000.0,1000.0,0.0,2000.0,2023-12-01
CUS_0x7cd8_2023_04_01,CUS_0x7cd8,2023-04-01,10,9,10000,1000.0,1000.0,0.0,1000.0,2024-01-01
CUS_0x7cd8_2023_04_01,CUS_0x7cd8,2023-04-01,10,10,10000,1000.0,1000.0,0.0,0.0,2024-02-01
CUS_0x7cdc_2025_01_01,CUS_0x7cdc,2025-01-01,10,0,10000,0.0,0.0,0.0,10000.0,2025-01-01
CUS_0x7cdc_2025_01_01,CUS_0x7cdc,2025-01-01,10,1,10000,1000.0,1000.0,0.0,9000.0,2025-02-01
CUS_0x7cdc_2025_01_01,CUS_0x7cdc,2025-01-01,10,2,10000,1000.0,1000.0,0.0,8000.0,2025-03-01
CUS_0x7cdc_2025_01_01,CUS_0x7cdc,2025-01-01,10,3,10000,1000.0,1000.0,0.0,7000.0,2025-04-01
CUS_0x7cdc_2025_01_01,CUS_0x7cdc,2025-01-01,10,4,10000,1000.0,1000.0,0.0,6000.0,2025-05-01
CUS_0x7cdc_2025_01_01,CUS_0x7cdc,2025-01-01,10,5,10000,1000.0,1000.0,0.0,5000.0,2025-06-01
CUS_0x7cdc_2025_01_01,CUS_0x7cdc,2025-01-01,10,6,10000,1000.0,1000.0,0.0,4000.0,2025-07-01
CUS_0x7cdc_2025_01_01,CUS_0x7cdc,2025-01-01,10,7,10000,1000.0,1000.0,0.0,3000.0,2025-08-01
CUS_0x7cdc_2025_01_01,CUS_0x7cdc,2025-01-01,10,8,10000,1000.0,1000.0,0.0,2000.0,2025-09-01
CUS_0x7cdc_2025_01_01,CUS_0x7cdc,2025-01-01,10,9,10000,1000.0,1000.0,0.0,1000.0,2025-10-01
CUS_0x7cdc_2025_01_01,CUS_0x7cdc,2025-01-01,10,10,10000,1000.0,1000.0,0.0,0.0,2025-11-01
CUS_0x7cfb_2023_07_01,CUS_0x7cfb,2023-07-01,10,0,10000,0.0,0.0,0.0,10000.0,2023-07-01
CUS_0x7cfb_2023_07_01,CUS_0x7cfb,2023-07-01,10,1,10000,1000.0,1000.0,0.0,9000.0,2023-08-01
CUS_0x7cfb_2023_07_01,CUS_0x7cfb,2023-07-01,10,2,10000,1000.0,1000.0,0.0,8000.0,2023-09-01
CUS_0x7cfb_2023_07_01,CUS_0x7cfb,2023-07-01,10,3,10000,1000.0,1000.0,0.0,7000.0,2023-10-01
CUS_0x7cfb_2023_07_01,CUS_0x7cfb,2023-07-01,10,4,10000,1000.0,1000.0,0.0,6000.0,2023-11-01
CUS_0x7cfb_2023_07_01,CUS_0x7cfb,2023-07-01,10,5,10000,1000.0,1000.0,0.0,5000.0,2023-12-01
CUS_0x7cfb_2023_07_01,CUS_0x7cfb,2023-07-01,10,6,10000,1000.0,1000.0,0.0,4000.0,2024-01-01
CUS_0x7cfb_2023_07_01,CUS_0x7cfb,2023-07-01,10,7,10000,1000.0,1000.0,0.0,3000.0,2024-02-01
CUS_0x7cfb_2023_07_01,CUS_0x7cfb,2023-07-01,10,8,10000,1000.0,1000.0,0.0,2000.0,2024-03-01
CUS_0x7cfb_2023_07_01,CUS_0x7cfb,2023-07-01,10,9,10000,1000.0,1000.0,0.0,1000.0,2024-04-01
CUS_0x7cfb_2023_07_01,CUS_0x7cfb,2023-07-01,10,10,10000,1000.0,1000.0,0.0,0.0,2024-05-01
CUS_0x7d05_2023_11_01,CUS_0x7d05,2023-11-01,10,0,10000,0.0,0.0,0.0,10000.0,2023-11-01
CUS_0x7d05_2023_11_01,CUS_0x7d05,2023-11-01,10,1,10000,1000.0,1000.0,0.0,9000.0,2023-12-01
CUS_0x7d05_2023_11_01,CUS_0x7d05,2023-11-01,10,2,10000,1000.0,1000.0,0.0,8000.0,2024-01-01
CUS_0x7d05_2023_11_01,CUS_0x7d05,2023-11-01,10,3,10000,1000.0,1000.0,0.0,7000.0,2024-02-01
CUS_0x7d05_2023_11_01,CUS_0x7d05,2023-11-01,10,4,10000,1000.0,1000.0,0.0,6000.0,2024-03-01
CUS_0x7d05_2023_11_01,CUS_0x7d05,2023-11-01,10,5,10000,1000.0,1000.0,0.0,5000.0,2024-04-01
CUS_0x7d05_2023_11_01,CUS_0x7d05,2023-11-01,10,6,10000,1000.0,1000.0,0.0,4000.0,2024-05-01
CUS_0x7d05_2023_11_01,CUS_0x7d05,2023-11-01,10,7,10000,1000.0,1000.0,0.0,3000.0,2024-06-01
CUS_0x7d05_2023_11_01,CUS_0x7d05,2023-11-01,10,8,10000,1000.0,1000.0,0.0,2000.0,2024-07-01
CUS_0x7d05_2023_11_01,CUS_0x7d05,2023-11-01,10,9,10000,1000.0,1000.0,0.0,1000.0,2024-08-01
CUS_0x7d05_2023_11_01,CUS_0x7d05,2023-11-01,10,10,10000,1000.0,1000.0,0.0,0.0,2024-09-01
CUS_0x7d1e_2024_01_01,CUS_0x7d1e,2024-01-01,10,0,10000,0.0,0.0,0.0,10000.0,2024-01-01
CUS_0x7d1e_2024_01_01,CUS_0x7d1e,2024-01-01,10,1,10000,1000.0,1000.0,0.0,9000.0,2024-02-01
CUS_0x7d1e_2024_01_01,CUS_0x7d1e,2024-01-01,10,2,10000,1000.0,0.0,1000.0,9000.0,2024-03-01
CUS_0x7d1e_2024_01_01,CUS_0x7d1e,2024-01-01,10,3,10000,1000.0,0.0,2000.0,9000.0,2024-04-01
CUS_0x7d1e_2024_01_01,CUS_0x7d1e,2024-01-01,10,4,10000,1000.0,0.0,3000.0,9000.0,2024-05-01
CUS_0x7d1e_2024_01_01,CUS_0x7d1e,2024-01-01,10,5,10000,1000.0,0.0,4000.0,9000.0,2024-06-01
CUS_0x7d1e_2024_01_01,CUS_0x7d1e,2024-01-01,10,6,10000,1000.0,0.0,5000.0,9000.0,2024-07-01
CUS_0x7d1e_2024_01_01,CUS_0x7d1e,2024-01-01,10,7,10000,1000.0,0.0,6000.0,9000.0,2024-08-01
CUS_0x7d1e_2024_01_01,CUS_0x7d1e,2024-01-01,10,8,10000,1000.0,0.0,7000.0,9000.0,2024-09-01
CUS_0x7d1e_2024_01_01,CUS_0x7d1e,2024-01-01,10,9,10000,1000.0,0.0,8000.0,9000.0,2024-10-01
CUS_0x7d1e_2024_01_01,CUS_0x7d1e,2024-01-01,10,10,10000,1000.0,0.0,9000.0,9000.0,2024-11-01
CUS_0x7da4_2024_11_01,CUS_0x7da4,2024-11-01,10,0,10000,0.0,0.0,0.0,10000.0,2024-11-01
CUS_0x7da4_2024_11_01,CUS_0x7da4,2024-11-01,10,1,10000,1000.0,0.0,1000.0,10000.0,2024-12-01
CUS_0x7da4_2024_11_01,CUS_0x7da4,2024-11-01,10,2,10000,1000.0,2000.0,0.0,8000.0,2025-01-01
CUS_0x7da4_2024_11_01,CUS_0x7da4,2024-11-01,10,3,10000,1000.0,1000.0,0.0,7000.0,2025-02-01
CUS_0x7da4_2024_11_01,CUS_0x7da4,2024-11-01,10,4,10000,1000.0,0.0,1000.0,7000.0,2025-03-01
CUS_0x7da4_2024_11_01,CUS_0x7da4,2024-11-01,10,5,10000,1000.0,0.0,2000.0,7000.0,2025-04-01
CUS_0x7da4_2024_11_01,CUS_0x7da4,2024-11-01,10,6,10000,1000.0,0.0,3000.0,7000.0,2025-05-01
CUS_0x7da4_2024_11_01,CUS_0x7da4,2024-11-01,10,7,10000,1000.0,0.0,4000.0,7000.0,2025-06-01
CUS_0x7da4_2024_11_01,CUS_0x7da4,2024-11-01,10,8,10000,1000.0,0.0,5000.0,7000.0,2025-07-01
CUS_0x7da4_2024_11_01,CUS_0x7da4,2024-11-01,10,9,10000,1000.0,0.0,6000.0,7000.0,2025-08-01
CUS_0x7da4_2024_11_01,CUS_0x7da4,2024-11-01,10,10,10000,1000.0,0.0,7000.0,7000.0,2025-09-01
CUS_0x7dfc_2024_12_01,CUS_0x7dfc,2024-12-01,10,0,10000,0.0,0.0,0.0,10000.0,2024-12-01
CUS_0x7dfc_2024_12_01,CUS_0x7dfc,2024-12-01,10,1,10000,1000.0,1000.0,0.0,9000.0,2025-01-01
CUS_0x7dfc_2024_12_01,CUS_0x7dfc,2024-12-01,10,2,10000,1000.0,1000.0,0.0,8000.0,2025-02-01
CUS_0x7dfc_2024_12_01,CUS_0x7dfc,2024-12-01,10,3,10000,1000.0,1000.0,0.0,7000.0,2025-03-01
CUS_0x7dfc_2024_12_01,CUS_0x7dfc,2024-12-01,10,4,10000,1000.0,1000.0,0.0,6000.0,2025-04-01
CUS_0x7dfc_2024_12_01,CUS_0x7dfc,2024-12-01,10,5,10000,1000.0,1000.0,0.0,5000.0,2025-05-01
CUS_0x7dfc_2024_12_01,CUS_0x7dfc,2024-12-01,10,6,10000,1000.0,1000.0,0.0,4000.0,2025-06-01
CUS_0x7dfc_2024_12_01,CUS_0x7dfc,2024-12-01,10,7,10000,1000.0,1000.0,0.0,3000.0,2025-07-01
CUS_0x7dfc_2024_12_01,CUS_0x7dfc,2024-12-01,10,8,10000,1000.0,1000.0,0.0,2000.0,2025-08-01
CUS_0x7dfc_2024_12_01,CUS_0x7dfc,2024-12-01,10,9,10000,1000.0,1000.0,0.0,1000.0,2025-09-01
CUS_0x7dfc_2024_12_01,CUS_0x7dfc,2024-12-01,10,10,10000,1000.0,1000.0,0.0,0.0,2025-10-01
CUS_0x7e0e_2023_02_01,CUS_0x7e0e,2023-02-01,10,0,10000,0.0,0.0,0.0,10000.0,2023-02-01
CUS_0x7e0e_2023_02_01,CUS_0x7e0e,2023-02-01,10,1,10000,1000.0,1000.0,0.0,9000.0,2023-03-01
CUS_0x7e0e_2023_02_01,CUS_0x7e0e,2023-02-01,10,2,10000,1000.0,1000.0,0.0,8000.0,2023-04-01
CUS_0x7e0e_2023_02_01,CUS_0x7e0e,2023-02-01,10,3,10000,1000.0,1000.0,0.0,7000.0,2023-05-01
CUS_0x7e0e_2023_02_01,CUS_0x7e0e,2023-02-01,10,4,10000,1000.0,1000.0,0.0,6000.0,2023-06-01
CUS_0x7e0e_2023_02_01,CUS_0x7e0e,2023-02-01,10,5,10000,1000.0,1000.0,0.0,5000.0,2023-07-01
CUS_0x7e0e_2023_02_01,CUS_0x7e0e,2023-02-01,10,6,10000,1000.0,1000.0,0.0,4000.0,2023-08-01
CUS_0x7e0e_2023_02_01,CUS_0x7e0e,2023-02-01,10,7,10000,1000.0,1000.0,0.0,3000.0,2023-09-01
CUS_0x7e0e_2023_02_01,CUS_0x7e0e,2023-02-01,10,8,10000,1000.0,1000.0,0.0,2000.0,2023-10-01
CUS_0x7e0e_2023_02_01,CUS_0x7e0e,2023-02-01,10,9,10000,1000.0,1000.0,0.0,1000.0,2023-11-01
CUS_0x7e0e_2023_02_01,CUS_0x7e0e,2023-02-01,10,10,10000,1000.0,1000.0,0.0,0.0,2023-12-01
CUS_0x7e1a_2024_11_01,CUS_0x7e1a,2024-11-01,10,0,10000,0.0,0.0,0.0,10000.0,2024-11-01
CUS_0x7e1a_2024_11_01,CUS_0x7e1a,2024-11-01,10,1,10000,1000.0,1000.0,0.0,9000.0,2024-12-01
CUS_0x7e1a_2024_11_01,CUS_0x7e1a,2024-11-01,10,2,10000,1000.0,1000.0,0.0,8000.0,2025-01-01
CUS_0x7e1a_2024_11_01,CUS_0x7e1a,2024-11-01,10,3,10000,1000.0,1000.0,0.0,7000.0,2025-02-01
CUS_0x7e1a_2024_11_01,CUS_0x7e1a,2024-11-01,10,4,10000,1000.0,1000.0,0.0,6000.0,2025-03-01
CUS_0x7e1a_2024_11_01,CUS_0x7e1a,2024-11-01,10,5,10000,1000.0,1000.0,0.0,5000.0,2025-04-01
CUS_0x7e1a_2024_11_01,CUS_0x7e1a,2024-11-01,10,6,10000,1000.0,1000.0,0.0,4000.0,2025-05-01
CUS_0x7e1a_2024_11_01,CUS_0x7e1a,2024-11-01,10,7,10000,1000.0,1000.0,0.0,3000.0,2025-06-01
CUS_0x7e1a_2024_11_01,CUS_0x7e1a,2024-11-01,10,8,10000,1000.0,1000.0,0.0,2000.0,2025-07-01
CUS_0x7e1a_2024_11_01,CUS_0x7e1a,2024-11-01,10,9,10000,1000.0,1000.0,0.0,1000.0,2025-08-01
CUS_0x7e1a_2024_11_01,CUS_0x7e1a,2024-11-01,10,10,10000,1000.0,1000.0,0.0,0.0,2025-09-01
CUS_0x7e24_2023_06_01,CUS_0x7e24,2023-06-01,10,0,10000,0.0,0.0,0.0,10000.0,2023-06-01
CUS_0x7e24_2023_06_01,CUS_0x7e24,2023-06-01,10,1,10000,1000.0,1000.0,0.0,9000.0,2023-07-01
CUS_0x7e24_2023_06_01,CUS_0x7e24,2023-06-01,10,2,10000,1000.0,1000.0,0.0,8000.0,2023-08-01
CUS_0x7e24_2023_06_01,CUS_0x7e24,2023-06-01,10,3,10000,1000.0,1000.0,0.0,7000.0,2023-09-01
CUS_0x7e24_2023_06_01,CUS_0x7e24,2023-06-01,10,4,10000,1000.0,1000.0,0.0,6000.0,2023-10-01
CUS_0x7e24_2023_06_01,CUS_0x7e24,2023-06-01,10,5,10000,1000.0,1000.0,0.0,5000.0,2023-11-01
CUS_0x7e24_2023_06_01,CUS_0x7e24,2023-06-01,10,6,10000,1000.0,1000.0,0.0,4000.0,2023-12-01
CUS_0x7e24_2023_06_01,CUS_0x7e24,2023-06-01,10,7,10000,1000.0,1000.0,0.0,3000.0,2024-01-01
CUS_0x7e24_2023_06_01,CUS_0x7e24,2023-06-01,10,8,10000,1000.0,1000.0,0.0,2000.0,2024-02-01
CUS_0x7e24_2023_06_01,CUS_0x7e24,2023-06-01,10,9,10000,1000.0,1000.0,0.0,1000.0,2024-03-01
CUS_0x7e24_2023_06_01,CUS_0x7e24,2023-06-01,10,10,10000,1000.0,1000.0,0.0,0.0,2024-04-01
CUS_0x7e28_2023_02_01,CUS_0x7e28,2023-02-01,10,0,10000,0.0,0.0,0.0,10000.0,2023-02-01
CUS_0x7e28_2023_02_01,CUS_0x7e28,2023-02-01,10,1,10000,1000.0,1000.0,0.0,9000.0,2023-03-01
CUS_0x7e28_2023_02_01,CUS_0x7e28,2023-02-01,10,2,10000,1000.0,1000.0,0.0,8000.0,2023-04-01
CUS_0x7e28_2023_02_01,CUS_0x7e28,2023-02-01,10,3,10000,1000.0,1000.0,0.0,7000.0,2023-05-01
CUS_0x7e28_2023_02_01,CUS_0x7e28,2023-02-01,10,4,10000,1000.0,1000.0,0.0,6000.0,2023-06-01
CUS_0x7e28_2023_02_01,CUS_0x7e28,2023-02-01,10,5,10000,1000.0,1000.0,0.0,5000.0,2023-07-01
CUS_0x7e28_2023_02_01,CUS_0x7e28,2023-02-01,10,6,10000,1000.0,1000.0,0.0,4000.0,2023-08-01
CUS_0x7e28_2023_02_01,CUS_0x7e28,2023-02-01,10,7,10000,1000.0,1000.0,0.0,3000.0,2023-09-01
CUS_0x7e28_2023_02_01,CUS_0x7e28,2023-02-01,10,8,10000,1000.0,1000.0,0.0,2000.0,2023-10-01
CUS_0x7e28_2023_02_01,CUS_0x7e28,2023-02-01,10,9,10000,1000.0,1000.0,0.0,1000.0,2023-11-01
CUS_0x7e28_2023_02_01,CUS_0x7e28,2023-02-01,10,10,10000,1000.0,1000.0,0.0,0.0,2023-12-01
CUS_0x7e3e_2023_10_01,CUS_0x7e3e,2023-10-01,10,0,10000,0.0,0.0,0.0,10000.0,2023-10-01
CUS_0x7e3e_2023_10_01,CUS_0x7e3e,2023-10-01,10,1,10000,1000.0,1000.0,0.0,9000.0,2023-11-01
CUS_0x7e3e_2023_10_01,CUS_0x7e3e,2023-10-01,10,2,10000,1000.0,0.0,1000.0,9000.0,2023-12-01
CUS_0x7e3e_2023_10_01,CUS_0x7e3e,2023-10-01,10,3,10000,1000.0,2000.0,0.0,7000.0,2024-01-01
CUS_0x7e3e_2023_10_01,CUS_0x7e3e,2023-10-01,10,4,10000,1000.0,0.0,1000.0,7000.0,2024-02-01
CUS_0x7e3e_2023_10_01,CUS_0x7e3e,2023-10-01,10,5,10000,1000.0,0.0,2000.0,7000.0,2024-03-01
CUS_0x7e3e_2023_10_01,CUS_0x7e3e,2023-10-01,10,6,10000,1000.0,0.0,3000.0,7000.0,2024-04-01
CUS_0x7e3e_2023_10_01,CUS_0x7e3e,2023-10-01,10,7,10000,1000.0,0.0,4000.0,7000.0,2024-05-01
CUS_0x7e3e_2023_10_01,CUS_0x7e3e,2023-10-01,10,8,10000,1000.0,0.0,5000.0,7000.0,2024-06-01
CUS_0x7e3e_2023_10_01,CUS_0x7e3e,2023-10-01,10,9,10000,1000.0,0.0,6000.0,7000.0,2024-07-01
CUS_0x7e3e_2023_10_01,CUS_0x7e3e,2023-10-01,10,10,10000,1000.0,0.0,7000.0,7000.0,2024-08-01
CUS_0x7e3f_2023_09_01,CUS_0x7e3f,2023-09-01,10,0,10000,0.0,0.0,0.0,10000.0,2023-09-01
CUS_0x7e3f_2023_09_01,CUS_0x7e3f,2023-09-01,10,1,10000,1000.0,1000.0,0.0,9000.0,2023-10-01
CUS_0x7e3f_2023_09_01,CUS_0x7e3f,2023-09-01,10,2,10000,1000.0,1000.0,0.0,8000.0,2023-11-01
CUS_0x7e3f_2023_09_01,CUS_0x7e3f,2023-09-01,10,3,10000,1000.0,1000.0,0.0,7000.0,2023-12-01
CUS_0x7e3f_2023_09_01,CUS_0x7e3f,2023-09-01,10,4,10000,1000.0,1000.0,0.0,6000.0,2024-01-01
CUS_0x7e3f_2023_09_01,CUS_0x7e3f,2023-09-01,10,5,10000,1000.0,1000.0,0.0,5000.0,2024-02-01
CUS_0x7e3f_2023_09_01,CUS_0x7e3f,2023-09-01,10,6,10000,1000.0,1000.0,0.0,4000.0,2024-03-01
CUS_0x7e3f_2023_09_01,CUS_0x7e3f,2023-09-01,10,7,10000,1000.0,1000.0,0.0,3000.0,2024-04-01
CUS_0x7e3f_2023_09_01,CUS_0x7e3f,2023-09-01,10,8,10000,1000.0,1000.0,0.0,2000.0,2024-05-01
CUS_0x7e3f_2023_09_01,CUS_0x7e3f,2023-09-01,10,9,10000,1000.0,1000.0,0.0,1000.0,2024-06-01
CUS_0x7e3f_2023_09_01,CUS_0x7e3f,2023-09-01,10,10,10000,1000.0,1000.0,0.0,0.0,2024-07-01
CUS_0x7e5b_2024_07_01,CUS_0x7e5b,2024-07-01,10,0,10000,0.0,0.0,0.0,10000.0,2024-07-01
CUS_0x7e5b_2024_07_01,CUS_0x7e5b,2024-07-01,10,1,10000,1000.0,1000.0,0.0,9000.0,2024-08-01
CUS_0x7e5b_2024_07_01,CUS_0x7e5b,2024-07-01,10,2,10000,1000.0,1000.0,0.0,8000.0,2024-09-01
CUS_0x7e5b_2024_07_01,CUS_0x7e5b,2024-07-01,10,3,10000,1000.0,1000.0,0.0,7000.0,2024-10-01
CUS_0x7e5b_2024_07_01,CUS_0x7e5b,2024-07-01,10,4,10000,1000.0,1000.0,0.0,6000.0,2024-11-01
CUS_0x7e5b_2024_07_01,CUS_0x7e5b,2024-07-01,10,5,10000,1000.0,1000.0,0.0,5000.0,2024-12-01
CUS_0x7e5b_2024_07_01,CUS_0x7e5b,2024-07-01,10,6,10000,1000.0,1000.0,0.0,4000.0,2025-01-01
CUS_0x7e5b_2024_07_01,CUS_0x7e5b,2024-07-01,10,7,10000,1000.0,1000.0,0.0,3000.0,2025-02-01
CUS_0x7e5b_2024_07_01,CUS_0x7e5b,2024-07-01,10,8,10000,1000.0,1000.0,0.0,2000.0,2025-03-01
CUS_0x7e5b_2024_07_01,CUS_0x7e5b,2024-07-01,10,9,10000,1000.0,1000.0,0.0,1000.0,2025-04-01
CUS_0x7e5b_2024_07_01,CUS_0x7e5b,2024-07-01,10,10,10000,1000.0,1000.0,0.0,0.0,2025-05-01
CUS_0x7e8a_2023_02_01,CUS_0x7e8a,2023-02-01,10,0,10000,0.0,0.0,0.0,10000.0,2023-02-01
CUS_0x7e8a_2023_02_01,CUS_0x7e8a,2023-02-01,10,1,10000,1000.0,1000.0,0.0,9000.0,2023-03-01
CUS_0x7e8a_2023_02_01,CUS_0x7e8a,2023-02-01,10,2,10000,1000.0,1000.0,0.0,8000.0,2023-04-01
CUS_0x7e8a_2023_02_01,CUS_0x7e8a,2023-02-01,10,3,10000,1000.0,1000.0,0.0,7000.0,2023-05-01
CUS_0x7e8a_2023_02_01,CUS_0x7e8a,2023-02-01,10,4,10000,1000.0,1000.0,0.0,6000.0,2023-06-01
CUS_0x7e8a_2023_02_01,CUS_0x7e8a,2023-02-01,10,5,10000,1000.0,1000.0,0.0,5000.0,2023-07-01
CUS_0x7e8a_2023_02_01,CUS_0x7e8a,2023-02-01,10,6,10000,1000.0,1000.0,0.0,4000.0,2023-08-01
CUS_0x7e8a_2023_02_01,CUS_0x7e8a,2023-02-01,10,7,10000,1000.0,1000.0,0.0,3000.0,2023-09-01
CUS_0x7e8a_2023_02_01,CUS_0x7e8a,2023-02-01,10,8,10000,1000.0,1000.0,0.0,2000.0,2023-10-01
CUS_0x7e8a_2023_02_01,CUS_0x7e8a,2023-02-01,10,9,10000,1000.0,1000.0,0.0,1000.0,2023-11-01
CUS_0x7e8a_2023_02_01,CUS_0x7e8a,2023-02-01,10,10,10000,1000.0,1000.0,0.0,0.0,2023-12-01
CUS_0x7ee_2024_07_01,CUS_0x7ee,2024-07-01,10,0,10000,0.0,0.0,0.0,10000.0,2024-07-01
CUS_0x7ee_2024_07_01,CUS_0x7ee,2024-07-01,10,1,10000,1000.0,1000.0,0.0,9000.0,2024-08-01
CUS_0x7ee_2024_07_01,CUS_0x7ee,2024-07-01,10,2,10000,1000.0,1000.0,0.0,8000.0,2024-09-01
CUS_0x7ee_2024_07_01,CUS_0x7ee,2024-07-01,10,3,10000,1000.0,1000.0,0.0,7000.0,2024-10-01
CUS_0x7ee_2024_07_01,CUS_0x7ee,2024-07-01,10,4,10000,1000.0,1000.0,0.0,6000.0,2024-11-01
CUS_0x7ee_2024_07_01,CUS_0x7ee,2024-07-01,10,5,10000,1000.0,1000.0,0.0,5000.0,2024-12-01
CUS_0x7ee_2024_07_01,CUS_0x7ee,2024-07-01,10,6,10000,1000.0,1000.0,0.0,4000.0,2025-01-01
CUS_0x7ee_2024_07_01,CUS_0x7ee,2024-07-01,10,7,10000,1000.0,1000.0,0.0,3000.0,2025-02-01
CUS_0x7ee_2024_07_01,CUS_0x7ee,2024-07-01,10,8,10000,1000.0,1000.0,0.0,2000.0,2025-03-01
CUS_0x7ee_2024_07_01,CUS_0x7ee,2024-07-01,10,9,10000,1000.0,1000.0,0.0,1000.0,2025-04-01
CUS_0x7ee_2024_07_01,CUS_0x7ee,2024-07-01,10,10,10000,1000.0,1000.0,0.0,0.0,2025-05-01
CUS_0x7f27_2024_07_01,CUS_0x7f27,2024-07-01,10,0,10000,0.0,0.0,0.0,10000.0,2024-07-01
CUS_0x7f27_2024_07_01,CUS_0x7f27,2024-07-01,10,1,10000,1000.0,1000.0,0.0,9000.0,2024-08-01
CUS_0x7f27_2024_07_01,CUS_0x7f27,2024-07-01,10,2,10000,1000.0,1000.0,0.0,8000.0,2024-09-01
CUS_0x7f27_2024_07_01,CUS_0x7f27,2024-07-01,10,3,10000,1000.0,1000.0,0.0,7000.0,2024-10-01
CUS_0x7f27_2024_07_01,CUS_0x7f27,2024-07-01,10,4,10000,1000.0,1000.0,0.0,6000.0,2024-11-01
CUS_0x7f27_2024_07_01,CUS_0x7f27,2024-07-01,10,5,10000,1000.0,1000.0,0.0,5000.0,2024-12-01
CUS_0x7f27_2024_07_01,CUS_0x7f27,2024-07-01,10,6,10000,1000.0,1000.0,0.0,4000.0,2025-01-01
CUS_0x7f27_2024_07_01,CUS_0x7f27,2024-07-01,10,7,10000,1000.0,1000.0,0.0,3000.0,2025-02-01
CUS_0x7f27_2024_07_01,CUS_0x7f27,2024-07-01,10,8,10000,1000.0,1000.0,0.0,2000.0,2025-03-01
CUS_0x7f27_2024_07_01,CUS_0x7f27,2024-07-01,10,9,10000,1000.0,1000.0,0.0,1000.0,2025-04-01
CUS_0x7f27_2024_07_01,CUS_0x7f27,2024-07-01,10,10,10000,1000.0,1000.0,0.0,0.0,2025-05-01
CUS_0x7f32_2024_08_01,CUS_0x7f32,2024-08-01,10,0,10000,0.0,0.0,0.0,10000.0,2024-08-01
CUS_0x7f32_2024_08_01,CUS_0x7f32,2024-08-01,10,1,10000,1000.0,0.0,1000.0,10000.0,2024-09-01
CUS_0x7f32_2024_08_01,CUS_0x7f32,2024-08-01,10,2,10000,1000.0,0.0,2000.0,10000.0,2024-10-01
CUS_0x7f32_2024_08_01,CUS_0x7f32,2024-08-01,10,3,10000,1000.0,0.0,3000.0,10000.0,2024-11-01
CUS_0x7f32_2024_08_01,CUS_0x7f32,2024-08-01,10,4,10000,1000.0,4000.0,0.0,6000.0,2024-12-01
CUS_0x7f32_2024_08_01,CUS_0x7f32,2024-08-01,10,5,10000,1000.0,0.0,1000.0,6000.0,2025-01-01
CUS_0x7f32_2024_08_01,CUS_0x7f32,2024-08-01,10,6,10000,1000.0,0.0,2000.0,6000.0,2025-02-01
CUS_0x7f32_2024_08_01,CUS_0x7f32,2024-08-01,10,7,10000,1000.0,0.0,3000.0,6000.0,2025-03-01
CUS_0x7f32_2024_08_01,CUS_0x7f32,2024-08-01,10,8,10000,1000.0,0.0,4000.0,6000.0,2025-04-01
CUS_0x7f32_2024_08_01,CUS_0x7f32,2024-08-01,10,9,10000,1000.0,0.0,5000.0,6000.0,2025-05-01
CUS_0x7f32_2024_08_01,CUS_0x7f32,2024-08-01,10,10,10000,1000.0,0.0,6000.0,6000.0,2025-06-01
CUS_0x7f3c_2024_11_01,CUS_0x7f3c,2024-11-01,10,0,10000,0.0,0.0,0.0,10000.0,2024-11-01
CUS_0x7f3c_2024_11_01,CUS_0x7f3c,2024-11-01,10,1,10000,1000.0,1000.0,0.0,9000.0,2024-12-01
CUS_0x7f3c_2024_11_01,CUS_0x7f3c,2024-11-01,10,2,10000,1000.0,0.0,1000.0,9000.0,2025-01-01
CUS_0x7f3c_2024_11_01,CUS_0x7f3c,2024-11-01,10,3,10000,1000.0,0.0,2000.0,9000.0,2025-02-01
CUS_0x7f3c_2024_11_01,CUS_0x7f3c,2024-11-01,10,4,10000,1000.0,0.0,3000.0,9000.0,2025-03-01
CUS_0x7f3c_2024_11_01,CUS_0x7f3c,2024-11-01,10,5,10000,1000.0,0.0,4000.0,9000.0,2025-04-01
CUS_0x7f3c_2024_11_01,CUS_0x7f3c,2024-11-01,10,6,10000,1000.0,0.0,5000.0,9000.0,2025-05-01
CUS_0x7f3c_2024_11_01,CUS_0x7f3c,2024-11-01,10,7,10000,1000.0,0.0,6000.0,9000.0,2025-06-01
CUS_0x7f3c_2024_11_01,CUS_0x7f3c,2024-11-01,10,8,10000,1000.0,0.0,7000.0,9000.0,2025-07-01
CUS_0x7f3c_2024_11_01,CUS_0x7f3c,2024-11-01,10,9,10000,1000.0,0.0,8000.0,9000.0,2025-08-01
CUS_0x7f3c_2024_11_01,CUS_0x7f3c,2024-11-01,10,10,10000,1000.0,0.0,9000.0,9000.0,2025-09-01
CUS_0x7fe2_2023_01_01,CUS_0x7fe2,2023-01-01,10,0,10000,0.0,0.0,0.0,10000.0,2023-01-01
CUS_0x7fe2_2023_01_01,CUS_0x7fe2,2023-01-01,10,1,10000,1000.0,1000.0,0.0,9000.0,2023-02-01
CUS_0x7fe2_2023_01_01,CUS_0x7fe2,2023-01-01,10,2,10000,1000.0,1000.0,0.0,8000.0,2023-03-01
CUS_0x7fe2_2023_01_01,CUS_0x7fe2,2023-01-01,10,3,10000,1000.0,1000.0,0.0,7000.0,2023-04-01
CUS_0x7fe2_2023_01_01,CUS_0x7fe2,2023-01-01,10,4,10000,1000.0,1000.0,0.0,6000.0,2023-05-01
CUS_0x7fe2_2023_01_01,CUS_0x7fe2,2023-01-01,10,5,10000,1000.0,1000.0,0.0,5000.0,2023-06-01
CUS_0x7fe2_2023_01_01,CUS_0x7fe2,2023-01-01,10,6,10000,1000.0,1000.0,0.0,4000.0,2023-07-01
CUS_0x7fe2_2023_01_01,CUS_0x7fe2,2023-01-01,10,7,10000,1000.0,1000.0,0.0,3000.0,2023-08-01
CUS_0x7fe2_2023_01_01,CUS_0x7fe2,2023-01-01,10,8,10000,1000.0,1000.0,0.0,2000.0,2023-09-01
CUS_0x7fe2_2023_01_01,CUS_0x7fe2,2023-01-01,10,9,10000,1000.0,1000.0,0.0,1000.0,2023-10-01
CUS_0x7fe2_2023_01_01,CUS_0x7fe2,2023-01-01,10,10,10000,1000.0,1000.0,0.0,0.0,2023-11-01
CUS_0x804e_2025_01_01,CUS_0x804e,2025-01-01,10,0,10000,0.0,0.0,0.0,10000.0,2025-01-01
CUS_0x804e_2025_01_01,CUS_0x804e,2025-01-01,10,1,10000,1000.0,1000.0,0.0,9000.0,2025-02-01
CUS_0x804e_2025_01_01,CUS_0x804e,2025-01-01,10,2,10000,1000.0,1000.0,0.0,8000.0,2025-03-01
CUS_0x804e_2025_01_01,CUS_0x804e,2025-01-01,10,3,10000,1000.0,1000.0,0.0,7000.0,2025-04-01
CUS_0x804e_2025_01_01,CUS_0x804e,2025-01-01,10,4,10000,1000.0,1000.0,0.0,6000.0,2025-05-01
CUS_0x804e_2025_01_01,CUS_0x804e,2025-01-01,10,5,10000,1000.0,1000.0,0.0,5000.0,2025-06-01
CUS_0x804e_2025_01_01,CUS_0x804e,2025-01-01,10,6,10000,1000.0,1000.0,0.0,4000.0,2025-07-01
CUS_0x804e_2025_01_01,CUS_0x804e,2025-01-01,10,7,10000,1000.0,1000.0,0.0,3000.0,2025-08-01
CUS_0x804e_2025_01_01,CUS_0x804e,2025-01-01,10,8,10000,1000.0,1000.0,0.0,2000.0,2025-09-01
CUS_0x804e_2025_01_01,CUS_0x804e,2025-01-01,10,9,10000,1000.0,1000.0,0.0,1000.0,2025-10-01
CUS_0x804e_2025_01_01,CUS_0x804e,2025-01-01,10,10,10000,1000.0,1000.0,0.0,0.0,2025-11-01
CUS_0x808d_2024_11_01,CUS_0x808d,2024-11-01,10,0,10000,0.0,0.0,0.0,10000.0,2024-11-01
CUS_0x808d_2024_11_01,CUS_0x808d,2024-11-01,10,1,10000,1000.0,1000.0,0.0,9000.0,2024-12-01
CUS_0x808d_2024_11_01,CUS_0x808d,2024-11-01,10,2,10000,1000.0,1000.0,0.0,8000.0,2025-01-01
CUS_0x808d_2024_11_01,CUS_0x808d,2024-11-01,10,3,10000,1000.0,1000.0,0.0,7000.0,2025-02-01
CUS_0x808d_2024_11_01,CUS_0x808d,2024-11-01,10,4,10000,1000.0,1000.0,0.0,6000.0,2025-03-01
CUS_0x808d_2024_11_01,CUS_0x808d,2024-11-01,10,5,10000,1000.0,1000.0,0.0,5000.0,2025-04-01
CUS_0x808d_2024_11_01,CUS_0x808d,2024-11-01,10,6,10000,1000.0,1000.0,0.0,4000.0,2025-05-01
CUS_0x808d_2024_11_01,CUS_0x808d,2024-11-01,10,7,10000,1000.0,1000.0,0.0,3000.0,2025-06-01
CUS_0x808d_2024_11_01,CUS_0x808d,2024-11-01,10,8,10000,1000.0,1000.0,0.0,2000.0,2025-07-01
CUS_0x808d_2024_11_01,CUS_0x808d,2024-11-01,10,9,10000,1000.0,1000.0,0.0,1000.0,2025-08-01
CUS_0x808d_2024_11_01,CUS_0x808d,2024-11-01,10,10,10000,1000.0,1000.0,0.0,0.0,2025-09-01
CUS_0x8125_2024_01_01,CUS_0x8125,2024-01-01,10,0,10000,0.0,0.0,0.0,10000.0,2024-01-01
CUS_0x8125_2024_01_01,CUS_0x8125,2024-01-01,10,1,10000,1000.0,1000.0,0.0,9000.0,2024-02-01
CUS_0x8125_2024_01_01,CUS_0x8125,2024-01-01,10,2,10000,1000.0,1000.0,0.0,8000.0,2024-03-01
CUS_0x8125_2024_01_01,CUS_0x8125,2024-01-01,10,3,10000,1000.0,1000.0,0.0,7000.0,2024-04-01
CUS_0x8125_2024_01_01,CUS_0x8125,2024-01-01,10,4,10000,1000.0,1000.0,0.0,6000.0,2024-05-01
CUS_0x8125_2024_01_01,CUS_0x8125,2024-01-01,10,5,10000,1000.0,1000.0,0.0,5000.0,2024-06-01
CUS_0x8125_2024_01_01,CUS_0x8125,2024-01-01,10,6,10000,1000.0,1000.0,0.0,4000.0,2024-07-01
CUS_0x8125_2024_01_01,CUS_0x8125,2024-01-01,10,7,10000,1000.0,1000.0,0.0,3000.0,2024-08-01
CUS_0x8125_2024_01_01,CUS_0x8125,2024-01-01,10,8,10000,1000.0,1000.0,0.0,2000.0,2024-09-01
CUS_0x8125_2024_01_01,CUS_0x8125,2024-01-01,10,9,10000,1000.0,1000.0,0.0,1000.0,2024-10-01
CUS_0x8125_2024_01_01,CUS_0x8125,2024-01-01,10,10,10000,1000.0,1000.0,0.0,0.0,2024-11-01
CUS_0x8132_2023_10_01,CUS_0x8132,2023-10-01,10,0,10000,0.0,0.0,0.0,10000.0,2023-10-01
CUS_0x8132_2023_10_01,CUS_0x8132,2023-10-01,10,1,10000,1000.0,1000.0,0.0,9000.0,2023-11-01
CUS_0x8132_2023_10_01,CUS_0x8132,2023-10-01,10,2,10000,1000.0,1000.0,0.0,8000.0,2023-12-01
CUS_0x8132_2023_10_01,CUS_0x8132,2023-10-01,10,3,10000,1000.0,1000.0,0.0,7000.0,2024-01-01
CUS_0x8132_2023_10_01,CUS_0x8132,2023-10-01,10,4,10000,1000.0,1000.0,0.0,6000.0,2024-02-01
CUS_0x8132_2023_10_01,CUS_0x8132,2023-10-01,10,5,10000,1000.0,1000.0,0.0,5000.0,2024-03-01
CUS_0x8132_2023_10_01,CUS_0x8132,2023-10-01,10,6,10000,1000.0,1000.0,0.0,4000.0,2024-04-01
CUS_0x8132_2023_10_01,CUS_0x8132,2023-10-01,10,7,10000,1000.0,1000.0,0.0,3000.0,2024-05-01
CUS_0x8132_2023_10_01,CUS_0x8132,2023-10-01,10,8,10000,1000.0,1000.0,0.0,2000.0,2024-06-01
CUS_0x8132_2023_10_01,CUS_0x8132,2023-10-01,10,9,10000,1000.0,1000.0,0.0,1000.0,2024-07-01
CUS_0x8132_2023_10_01,CUS_0x8132,2023-10-01,10,10,10000,1000.0,1000.0,0.0,0.0,2024-08-01
CUS_0x81d_2023_12_01,CUS_0x81d,2023-12-01,10,0,10000,0.0,0.0,0.0,10000.0,2023-12-01
CUS_0x81d_2023_12_01,CUS_0x81d,2023-12-01,10,1,10000,1000.0,1000.0,0.0,9000.0,2024-01-01
CUS_0x81d_2023_12_01,CUS_0x81d,2023-12-01,10,2,10000,1000.0,1000.0,0.0,8000.0,2024-02-01
CUS_0x81d_2023_12_01,CUS_0x81d,2023-12-01,10,3,10000,1000.0,1000.0,0.0,7000.0,2024-03-01
CUS_0x81d_2023_12_01,CUS_0x81d,2023-12-01,10,4,10000,1000.0,1000.0,0.0,6000.0,2024-04-01
CUS_0x81d_2023_12_01,CUS_0x81d,2023-12-01,10,5,10000,1000.0,1000.0,0.0,5000.0,2024-05-01
CUS_0x81d_2023_12_01,CUS_0x81d,2023-12-01,10,6,10000,1000.0,1000.0,0.0,4000.0,2024-06-01
CUS_0x81d_2023_12_01,CUS_0x81d,2023-12-01,10,7,10000,1000.0,1000.0,0.0,3000.0,2024-07-01
CUS_0x81d_2023_12_01,CUS_0x81d,2023-12-01,10,8,10000,1000.0,1000.0,0.0,2000.0,2024-08-01
CUS_0x81d_2023_12_01,CUS_0x81d,2023-12-01,10,9,10000,1000.0,1000.0,0.0,1000.0,2024-09-01
CUS_0x81d_2023_12_01,CUS_0x81d,2023-12-01,10,10,10000,1000.0,1000.0,0.0,0.0,2024-10-01
CUS_0x81e4_2023_05_01,CUS_0x81e4,2023-05-01,10,0,10000,0.0,0.0,0.0,10000.0,2023-05-01
CUS_0x81e4_2023_05_01,CUS_0x81e4,2023-05-01,10,1,10000,1000.0,1000.0,0.0,9000.0,2023-06-01
CUS_0x81e4_2023_05_01,CUS_0x81e4,2023-05-01,10,2,10000,1000.0,1000.0,0.0,8000.0,2023-07-01
CUS_0x81e4_2023_05_01,CUS_0x81e4,2023-05-01,10,3,10000,1000.0,0.0,1000.0,8000.0,2023-08-01
CUS_0x81e4_2023_05_01,CUS_0x81e4,2023-05-01,10,4,10000,1000.0,0.0,2000.0,8000.0,2023-09-01
CUS_0x81e4_2023_05_01,CUS_0x81e4,2023-05-01,10,5,10000,1000.0,0.0,3000.0,8000.0,2023-10-01
CUS_0x81e4_2023_05_01,CUS_0x81e4,2023-05-01,10,6,10000,1000.0,0.0,4000.0,8000.0,2023-11-01
CUS_0x81e4_2023_05_01,CUS_0x81e4,2023-05-01,10,7,10000,1000.0,0.0,5000.0,8000.0,2023-12-01
CUS_0x81e4_2023_05_01,CUS_0x81e4,2023-05-01,10,8,10000,1000.0,0.0,6000.0,8000.0,2024-01-01
CUS_0x81e4_2023_05_01,CUS_0x81e4,2023-05-01,10,9,10000,1000.0,0.0,7000.0,8000.0,2024-02-01
CUS_0x81e4_2023_05_01,CUS_0x81e4,2023-05-01,10,10,10000,1000.0,0.0,8000.0,8000.0,2024-03-01
CUS_0x8204_2024_11_01,CUS_0x8204,2024-11-01,10,0,10000,0.0,0.0,0.0,10000.0,2024-11-01
CUS_0x8204_2024_11_01,CUS_0x8204,2024-11-01,10,1,10000,1000.0,1000.0,0.0,9000.0,2024-12-01
CUS_0x8204_2024_11_01,CUS_0x8204,2024-11-01,10,2,10000,1000.0,1000.0,0.0,8000.0,2025-01-01
CUS_0x8204_2024_11_01,CUS_0x8204,2024-11-01,10,3,10000,1000.0,1000.0,0.0,7000.0,2025-02-01
CUS_0x8204_2024_11_01,CUS_0x8204,2024-11-01,10,4,10000,1000.0,1000.0,0.0,6000.0,2025-03-01
CUS_0x8204_2024_11_01,CUS_0x8204,2024-11-01,10,5,10000,1000.0,1000.0,0.0,5000.0,2025-04-01
CUS_0x8204_2024_11_01,CUS_0x8204,2024-11-01,10,6,10000,1000.0,1000.0,0.0,4000.0,2025-05-01
CUS_0x8204_2024_11_01,CUS_0x8204,2024-11-01,10,7,10000,1000.0,1000.0,0.0,3000.0,2025-06-01
CUS_0x8204_2024_11_01,CUS_0x8204,2024-11-01,10,8,10000,1000.0,1000.0,0.0,2000.0,2025-07-01
CUS_0x8204_2024_11_01,CUS_0x8204,2024-11-01,10,9,10000,1000.0,1000.0,0.0,1000.0,2025-08-01
CUS_0x8204_2024_11_01,CUS_0x8204,2024-11-01,10,10,10000,1000.0,1000.0,0.0,0.0,2025-09-01
CUS_0x820c_2023_11_01,CUS_0x820c,2023-11-01,10,0,10000,0.0,0.0,0.0,10000.0,2023-11-01
CUS_0x820c_2023_11_01,CUS_0x820c,2023-11-01,10,1,10000,1000.0,1000.0,0.0,9000.0,2023-12-01
CUS_0x820c_2023_11_01,CUS_0x820c,2023-11-01,10,2,10000,1000.0,1000.0,0.0,8000.0,2024-01-01
CUS_0x820c_2023_11_01,CUS_0x820c,2023-11-01,10,3,10000,1000.0,1000.0,0.0,7000.0,2024-02-01
CUS_0x820c_2023_11_01,CUS_0x820c,2023-11-01,10,4,10000,1000.0,1000.0,0.0,6000.0,2024-03-01
CUS_0x820c_2023_11_01,CUS_0x820c,2023-11-01,10,5,10000,1000.0,1000.0,0.0,5000.0,2024-04-01
CUS_0x820c_2023_11_01,CUS_0x820c,2023-11-01,10,6,10000,1000.0,1000.0,0.0,4000.0,2024-05-01
CUS_0x820c_2023_11_01,CUS_0x820c,2023-11-01,10,7,10000,1000.0,1000.0,0.0,3000.0,2024-06-01
CUS_0x820c_2023_11_01,CUS_0x820c,2023-11-01,10,8,10000,1000.0,1000.0,0.0,2000.0,2024-07-01
CUS_0x820c_2023_11_01,CUS_0x820c,2023-11-01,10,9,10000,1000.0,1000.0,0.0,1000.0,2024-08-01
CUS_0x820c_2023_11_01,CUS_0x820c,2023-11-01,10,10,10000,1000.0,1000.0,0.0,0.0,2024-09-01
CUS_0x8216_2023_05_01,CUS_0x8216,2023-05-01,10,0,10000,0.0,0.0,0.0,10000.0,2023-05-01
CUS_0x8216_2023_05_01,CUS_0x8216,2023-05-01,10,1,10000,1000.0,1000.0,0.0,9000.0,2023-06-01
CUS_0x8216_2023_05_01,CUS_0x8216,2023-05-01,10,2,10000,1000.0,1000.0,0.0,8000.0,2023-07-01
CUS_0x8216_2023_05_01,CUS_0x8216,2023-05-01,10,3,10000,1000.0,0.0,1000.0,8000.0,2023-08-01
CUS_0x8216_2023_05_01,CUS_0x8216,2023-05-01,10,4,10000,1000.0,0.0,2000.0,8000.0,2023-09-01
CUS_0x8216_2023_05_01,CUS_0x8216,2023-05-01,10,5,10000,1000.0,0.0,3000.0,8000.0,2023-10-01
CUS_0x8216_2023_05_01,CUS_0x8216,2023-05-01,10,6,10000,1000.0,0.0,4000.0,8000.0,2023-11-01
CUS_0x8216_2023_05_01,CUS_0x8216,2023-05-01,10,7,10000,1000.0,0.0,5000.0,8000.0,2023-12-01
CUS_0x8216_2023_05_01,CUS_0x8216,2023-05-01,10,8,10000,1000.0,0.0,6000.0,8000.0,2024-01-01
CUS_0x8216_2023_05_01,CUS_0x8216,2023-05-01,10,9,10000,1000.0,0.0,7000.0,8000.0,2024-02-01
CUS_0x8216_2023_05_01,CUS_0x8216,2023-05-01,10,10,10000,1000.0,0.0,8000.0,8000.0,2024-03-01
CUS_0x8232_2024_03_01,CUS_0x8232,2024-03-01,10,0,10000,0.0,0.0,0.0,10000.0,2024-03-01
CUS_0x8232_2024_03_01,CUS_0x8232,2024-03-01,10,1,10000,1000.0,1000.0,0.0,9000.0,2024-04-01
CUS_0x8232_2024_03_01,CUS_0x8232,2024-03-01,10,2,10000,1000.0,1000.0,0.0,8000.0,2024-05-01
CUS_0x8232_2024_03_01,CUS_0x8232,2024-03-01,10,3,10000,1000.0,1000.0,0.0,7000.0,2024-06-01
CUS_0x8232_2024_03_01,CUS_0x8232,2024-03-01,10,4,10000,1000.0,1000.0,0.0,6000.0,2024-07-01
CUS_0x8232_2024_03_01,CUS_0x8232,2024-03-01,10,5,10000,1000.0,1000.0,0.0,5000.0,2024-08-01
CUS_0x8232_2024_03_01,CUS_0x8232,2024-03-01,10,6,10000,1000.0,1000.0,0.0,4000.0,2024-09-01
CUS_0x8232_2024_03_01,CUS_0x8232,2024-03-01,10,7,10000,1000.0,1000.0,0.0,3000.0,2024-10-01
CUS_0x8232_2024_03_01,CUS_0x8232,2024-03-01,10,8,10000,1000.0,1000.0,0.0,2000.0,2024-11-01
CUS_0x8232_2024_03_01,CUS_0x8232,2024-03-01,10,9,10000,1000.0,1000.0,0.0,1000.0,2024-12-01
CUS_0x8232_2024_03_01,CUS_0x8232,2024-03-01,10,10,10000,1000.0,1000.0,0.0,0.0,2025-01-01
CUS_0x8234_2024_01_01,CUS_0x8234,2024-01-01,10,0,10000,0.0,0.0,0.0,10000.0,2024-01-01
CUS_0x8234_2024_01_01,CUS_0x8234,2024-01-01,10,1,10000,1000.0,1000.0,0.0,9000.0,2024-02-01
CUS_0x8234_2024_01_01,CUS_0x8234,2024-01-01,10,2,10000,1000.0,1000.0,0.0,8000.0,2024-03-01
CUS_0x8234_2024_01_01,CUS_0x8234,2024-01-01,10,3,10000,1000.0,0.0,1000.0,8000.0,2024-04-01
CUS_0x8234_2024_01_01,CUS_0x8234,2024-01-01,10,4,10000,1000.0,0.0,2000.0,8000.0,2024-05-01
CUS_0x8234_2024_01_01,CUS_0x8234,2024-01-01,10,5,10000,1000.0,0.0,3000.0,8000.0,2024-06-01
CUS_0x8234_2024_01_01,CUS_0x8234,2024-01-01,10,6,10000,1000.0,0.0,4000.0,8000.0,2024-07-01
CUS_0x8234_2024_01_01,CUS_0x8234,2024-01-01,10,7,10000,1000.0,0.0,5000.0,8000.0,2024-08-01
CUS_0x8234_2024_01_01,CUS_0x8234,2024-01-01,10,8,10000,1000.0,0.0,6000.0,8000.0,2024-09-01
CUS_0x8234_2024_01_01,CUS_0x8234,2024-01-01,10,9,10000,1000.0,0.0,7000.0,8000.0,2024-10-01
CUS_0x8234_2024_01_01,CUS_0x8234,2024-01-01,10,10,10000,1000.0,0.0,8000.0,8000.0,2024-11-01
CUS_0x825d_2023_04_01,CUS_0x825d,2023-04-01,10,0,10000,0.0,0.0,0.0,10000.0,2023-04-01
CUS_0x825d_2023_04_01,CUS_0x825d,2023-04-01,10,1,10000,1000.0,1000.0,0.0,9000.0,2023-05-01
CUS_0x825d_2023_04_01,CUS_0x825d,2023-04-01,10,2,10000,1000.0,1000.0,0.0,8000.0,2023-06-01
CUS_0x825d_2023_04_01,CUS_0x825d,2023-04-01,10,3,10000,1000.0,1000.0,0.0,7000.0,2023-07-01
CUS_0x825d_2023_04_01,CUS_0x825d,2023-04-01,10,4,10000,1000.0,1000.0,0.0,6000.0,2023-08-01
CUS_0x825d_2023_04_01,CUS_0x825d,2023-04-01,10,5,10000,1000.0,1000.0,0.0,5000.0,2023-09-01
CUS_0x825d_2023_04_01,CUS_0x825d,2023-04-01,10,6,10000,1000.0,1000.0,0.0,4000.0,2023-10-01
CUS_0x825d_2023_04_01,CUS_0x825d,2023-04-01,10,7,10000,1000.0,1000.0,0.0,3000.0,2023-11-01
CUS_0x825d_2023_04_01,CUS_0x825d,2023-04-01,10,8,10000,1000.0,1000.0,0.0,2000.0,2023-12-01
CUS_0x825d_2023_04_01,CUS_0x825d,2023-04-01,10,9,10000,1000.0,1000.0,0.0,1000.0,2024-01-01
CUS_0x825d_2023_04_01,CUS_0x825d,2023-04-01,10,10,10000,1000.0,1000.0,0.0,0.0,2024-02-01
CUS_0x8271_2024_07_01,CUS_0x8271,2024-07-01,10,0,10000,0.0,0.0,0.0,10000.0,2024-07-01
CUS_0x8271_2024_07_01,CUS_0x8271,2024-07-01,10,1,10000,1000.0,1000.0,0.0,9000.0,2024-08-01
CUS_0x8271_2024_07_01,CUS_0x8271,2024-07-01,10,2,10000,1000.0,1000.0,0.0,8000.0,2024-09-01
CUS_0x8271_2024_07_01,CUS_0x8271,2024-07-01,10,3,10000,1000.0,1000.0,0.0,7000.0,2024-10-01
CUS_0x8271_2024_07_01,CUS_0x8271,2024-07-01,10,4,10000,1000.0,1000.0,0.0,6000.0,2024-11-01
CUS_0x8271_2024_07_01,CUS_0x8271,2024-07-01,10,5,10000,1000.0,1000.0,0.0,5000.0,2024-12-01
CUS_0x8271_2024_07_01,CUS_0x8271,2024-07-01,10,6,10000,1000.0,1000.0,0.0,4000.0,2025-01-01
CUS_0x8271_2024_07_01,CUS_0x8271,2024-07-01,10,7,10000,1000.0,1000.0,0.0,3000.0,2025-02-01
CUS_0x8271_2024_07_01,CUS_0x8271,2024-07-01,10,8,10000,1000.0,1000.0,0.0,2000.0,2025-03-01
CUS_0x8271_2024_07_01,CUS_0x8271,2024-07-01,10,9,10000,1000.0,1000.0,0.0,1000.0,2025-04-01
CUS_0x8271_2024_07_01,CUS_0x8271,2024-07-01,10,10,10000,1000.0,1000.0,0.0,0.0,2025-05-01
CUS_0x82dd_2024_05_01,CUS_0x82dd,2024-05-01,10,0,10000,0.0,0.0,0.0,10000.0,2024-05-01
CUS_0x82dd_2024_05_01,CUS_0x82dd,2024-05-01,10,1,10000,1000.0,1000.0,0.0,9000.0,2024-06-01
CUS_0x82dd_2024_05_01,CUS_0x82dd,2024-05-01,10,2,10000,1000.0,1000.0,0.0,8000.0,2024-07-01
CUS_0x82dd_2024_05_01,CUS_0x82dd,2024-05-01,10,3,10000,1000.0,1000.0,0.0,7000.0,2024-08-01
CUS_0x82dd_2024_05_01,CUS_0x82dd,2024-05-01,10,4,10000,1000.0,1000.0,0.0,6000.0,2024-09-01
CUS_0x82dd_2024_05_01,CUS_0x82dd,2024-05-01,10,5,10000,1000.0,1000.0,0.0,5000.0,2024-10-01
CUS_0x82dd_2024_05_01,CUS_0x82dd,2024-05-01,10,6,10000,1000.0,1000.0,0.0,4000.0,2024-11-01
CUS_0x82dd_2024_05_01,CUS_0x82dd,2024-05-01,10,7,10000,1000.0,1000.0,0.0,3000.0,2024-12-01
CUS_0x82dd_2024_05_01,CUS_0x82dd,2024-05-01,10,8,10000,1000.0,1000.0,0.0,2000.0,2025-01-01
CUS_0x82dd_2024_05_01,CUS_0x82dd,2024-05-01,10,9,10000,1000.0,1000.0,0.0,1000.0,2025-02-01
CUS_0x82dd_2024_05_01,CUS_0x82dd,2024-05-01,10,10,10000,1000.0,1000.0,0.0,0.0,2025-03-01
CUS_0x82fa_2024_06_01,CUS_0x82fa,2024-06-01,10,0,10000,0.0,0.0,0.0,10000.0,2024-06-01
CUS_0x82fa_2024_06_01,CUS_0x82fa,2024-06-01,10,1,10000,1000.0,1000.0,0.0,9000.0,2024-07-01
CUS_0x82fa_2024_06_01,CUS_0x82fa,2024-06-01,10,2,10000,1000.0,1000.0,0.0,8000.0,2024-08-01
CUS_0x82fa_2024_06_01,CUS_0x82fa,2024-06-01,10,3,10000,1000.0,1000.0,0.0,7000.0,2024-09-01
CUS_0x82fa_2024_06_01,CUS_0x82fa,2024-06-01,10,4,10000,1000.0,1000.0,0.0,6000.0,2024-10-01
CUS_0x82fa_2024_06_01,CUS_0x82fa,2024-06-01,10,5,10000,1000.0,1000.0,0.0,5000.0,2024-11-01
CUS_0x82fa_2024_06_01,CUS_0x82fa,2024-06-01,10,6,10000,1000.0,1000.0,0.0,4000.0,2024-12-01
CUS_0x82fa_2024_06_01,CUS_0x82fa,2024-06-01,10,7,10000,1000.0,1000.0,0.0,3000.0,2025-01-01
CUS_0x82fa_2024_06_01,CUS_0x82fa,2024-06-01,10,8,10000,1000.0,1000.0,0.0,2000.0,2025-02-01
CUS_0x82fa_2024_06_01,CUS_0x82fa,2024-06-01,10,9,10000,1000.0,1000.0,0.0,1000.0,2025-03-01
CUS_0x82fa_2024_06_01,CUS_0x82fa,2024-06-01,10,10,10000,1000.0,1000.0,0.0,0.0,2025-04-01
CUS_0x8327_2023_03_01,CUS_0x8327,2023-03-01,10,0,10000,0.0,0.0,0.0,10000.0,2023-03-01
CUS_0x8327_2023_03_01,CUS_0x8327,2023-03-01,10,1,10000,1000.0,1000.0,0.0,9000.0,2023-04-01
CUS_0x8327_2023_03_01,CUS_0x8327,2023-03-01,10,2,10000,1000.0,1000.0,0.0,8000.0,2023-05-01
CUS_0x8327_2023_03_01,CUS_0x8327,2023-03-01,10,3,10000,1000.0,1000.0,0.0,7000.0,2023-06-01
CUS_0x8327_2023_03_01,CUS_0x8327,2023-03-01,10,4,10000,1000.0,1000.0,0.0,6000.0,2023-07-01
CUS_0x8327_2023_03_01,CUS_0x8327,2023-03-01,10,5,10000,1000.0,1000.0,0.0,5000.0,2023-08-01
CUS_0x8327_2023_03_01,CUS_0x8327,2023-03-01,10,6,10000,1000.0,1000.0,0.0,4000.0,2023-09-01
CUS_0x8327_2023_03_01,CUS_0x8327,2023-03-01,10,7,10000,1000.0,1000.0,0.0,3000.0,2023-10-01
CUS_0x8327_2023_03_01,CUS_0x8327,2023-03-01,10,8,10000,1000.0,1000.0,0.0,2000.0,2023-11-01
CUS_0x8327_2023_03_01,CUS_0x8327,2023-03-01,10,9,10000,1000.0,1000.0,0.0,1000.0,2023-12-01
CUS_0x8327_2023_03_01,CUS_0x8327,2023-03-01,10,10,10000,1000.0,1000.0,0.0,0.0,2024-01-01
CUS_0x8388_2024_07_01,CUS_0x8388,2024-07-01,10,0,10000,0.0,0.0,0.0,10000.0,2024-07-01
CUS_0x8388_2024_07_01,CUS_0x8388,2024-07-01,10,1,10000,1000.0,1000.0,0.0,9000.0,2024-08-01
CUS_0x8388_2024_07_01,CUS_0x8388,2024-07-01,10,2,10000,1000.0,1000.0,0.0,8000.0,2024-09-01
CUS_0x8388_2024_07_01,CUS_0x8388,2024-07-01,10,3,10000,1000.0,1000.0,0.0,7000.0,2024-10-01
CUS_0x8388_2024_07_01,CUS_0x8388,2024-07-01,10,4,10000,1000.0,1000.0,0.0,6000.0,2024-11-01
CUS_0x8388_2024_07_01,CUS_0x8388,2024-07-01,10,5,10000,1000.0,1000.0,0.0,5000.0,2024-12-01
CUS_0x8388_2024_07_01,CUS_0x8388,2024-07-01,10,6,10000,1000.0,1000.0,0.0,4000.0,2025-01-01
CUS_0x8388_2024_07_01,CUS_0x8388,2024-07-01,10,7,10000,1000.0,1000.0,0.0,3000.0,2025-02-01
CUS_0x8388_2024_07_01,CUS_0x8388,2024-07-01,10,8,10000,1000.0,1000.0,0.0,2000.0,2025-03-01
CUS_0x8388_2024_07_01,CUS_0x8388,2024-07-01,10,9,10000,1000.0,1000.0,0.0,1000.0,2025-04-01
CUS_0x8388_2024_07_01,CUS_0x8388,2024-07-01,10,10,10000,1000.0,1000.0,0.0,0.0,2025-05-01
CUS_0x8399_2023_06_01,CUS_0x8399,2023-06-01,10,0,10000,0.0,0.0,0.0,10000.0,2023-06-01
CUS_0x8399_2023_06_01,CUS_0x8399,2023-06-01,10,1,10000,1000.0,1000.0,0.0,9000.0,2023-07-01
CUS_0x8399_2023_06_01,CUS_0x8399,2023-06-01,10,2,10000,1000.0,1000.0,0.0,8000.0,2023-08-01
CUS_0x8399_2023_06_01,CUS_0x8399,2023-06-01,10,3,10000,1000.0,1000.0,0.0,7000.0,2023-09-01
CUS_0x8399_2023_06_01,CUS_0x8399,2023-06-01,10,4,10000,1000.0,1000.0,0.0,6000.0,2023-10-01
CUS_0x8399_2023_06_01,CUS_0x8399,2023-06-01,10,5,10000,1000.0,1000.0,0.0,5000.0,2023-11-01
CUS_0x8399_2023_06_01,CUS_0x8399,2023-06-01,10,6,10000,1000.0,1000.0,0.0,4000.0,2023-12-01
CUS_0x8399_2023_06_01,CUS_0x8399,2023-06-01,10,7,10000,1000.0,1000.0,0.0,3000.0,2024-01-01
CUS_0x8399_2023_06_01,CUS_0x8399,2023-06-01,10,8,10000,1000.0,1000.0,0.0,2000.0,2024-02-01
CUS_0x8399_2023_06_01,CUS_0x8399,2023-06-01,10,9,10000,1000.0,1000.0,0.0,1000.0,2024-03-01
CUS_0x8399_2023_06_01,CUS_0x8399,2023-06-01,10,10,10000,1000.0,1000.0,0.0,0.0,2024-04-01
CUS_0x83a0_2024_08_01,CUS_0x83a0,2024-08-01,10,0,10000,0.0,0.0,0.0,10000.0,2024-08-01
CUS_0x83a0_2024_08_01,CUS_0x83a0,2024-08-01,10,1,10000,1000.0,1000.0,0.0,9000.0,2024-09-01
CUS_0x83a0_2024_08_01,CUS_0x83a0,2024-08-01,10,2,10000,1000.0,1000.0,0.0,8000.0,2024-10-01
CUS_0x83a0_2024_08_01,CUS_0x83a0,2024-08-01,10,3,10000,1000.0,1000.0,0.0,7000.0,2024-11-01
CUS_0x83a0_2024_08_01,CUS_0x83a0,2024-08-01,10,4,10000,1000.0,1000.0,0.0,6000.0,2024-12-01
CUS_0x83a0_2024_08_01,CUS_0x83a0,2024-08-01,10,5,10000,1000.0,1000.0,0.0,5000.0,2025-01-01
CUS_0x83a0_2024_08_01,CUS_0x83a0,2024-08-01,10,6,10000,1000.0,1000.0,0.0,4000.0,2025-02-01
CUS_0x83a0_2024_08_01,CUS_0x83a0,2024-08-01,10,7,10000,1000.0,1000.0,0.0,3000.0,2025-03-01
CUS_0x83a0_2024_08_01,CUS_0x83a0,2024-08-01,10,8,10000,1000.0,1000.0,0.0,2000.0,2025-04-01
CUS_0x83a0_2024_08_01,CUS_0x83a0,2024-08-01,10,9,10000,1000.0,1000.0,0.0,1000.0,2025-05-01
CUS_0x83a0_2024_08_01,CUS_0x83a0,2024-08-01,10,10,10000,1000.0,1000.0,0.0,0.0,2025-06-01
CUS_0x83f_2024_12_01,CUS_0x83f,2024-12-01,10,0,10000,0.0,0.0,0.0,10000.0,2024-12-01
CUS_0x83f_2024_12_01,CUS_0x83f,2024-12-01,10,1,10000,1000.0,1000.0,0.0,9000.0,2025-01-01
CUS_0x83f_2024_12_01,CUS_0x83f,2024-12-01,10,2,10000,1000.0,1000.0,0.0,8000.0,2025-02-01
CUS_0x83f_2024_12_01,CUS_0x83f,2024-12-01,10,3,10000,1000.0,1000.0,0.0,7000.0,2025-03-01
CUS_0x83f_2024_12_01,CUS_0x83f,2024-12-01,10,4,10000,1000.0,1000.0,0.0,6000.0,2025-04-01
CUS_0x83f_2024_12_01,CUS_0x83f,2024-12-01,10,5,10000,1000.0,1000.0,0.0,5000.0,2025-05-01
CUS_0x83f_2024_12_01,CUS_0x83f,2024-12-01,10,6,10000,1000.0,1000.0,0.0,4000.0,2025-06-01
CUS_0x83f_2024_12_01,CUS_0x83f,2024-12-01,10,7,10000,1000.0,1000.0,0.0,3000.0,2025-07-01
CUS_0x83f_2024_12_01,CUS_0x83f,2024-12-01,10,8,10000,1000.0,1000.0,0.0,2000.0,2025-08-01
CUS_0x83f_2024_12_01,CUS_0x83f,2024-12-01,10,9,10000,1000.0,1000.0,0.0,1000.0,2025-09-01
CUS_0x83f_2024_12_01,CUS_0x83f,2024-12-01,10,10,10000,1000.0,1000.0,0.0,0.0,2025-10-01
CUS_0x840f_2024_12_01,CUS_0x840f,2024-12-01,10,0,10000,0.0,0.0,0.0,10000.0,2024-12-01
CUS_0x840f_2024_12_01,CUS_0x840f,2024-12-01,10,1,10000,1000.0,1000.0,0.0,9000.0,2025-01-01
CUS_0x840f_2024_12_01,CUS_0x840f,2024-12-01,10,2,10000,1000.0,1000.0,0.0,8000.0,2025-02-01
CUS_0x840f_2024_12_01,CUS_0x840f,2024-12-01,10,3,10000,1000.0,1000.0,0.0,7000.0,2025-03-01
CUS_0x840f_2024_12_01,CUS_0x840f,2024-12-01,10,4,10000,1000.0,1000.0,0.0,6000.0,2025-04-01
CUS_0x840f_2024_12_01,CUS_0x840f,2024-12-01,10,5,10000,1000.0,1000.0,0.0,5000.0,2025-05-01
CUS_0x840f_2024_12_01,CUS_0x840f,2024-12-01,10,6,10000,1000.0,1000.0,0.0,4000.0,2025-06-01
CUS_0x840f_2024_12_01,CUS_0x840f,2024-12-01,10,7,10000,1000.0,1000.0,0.0,3000.0,2025-07-01
CUS_0x840f_2024_12_01,CUS_0x840f,2024-12-01,10,8,10000,1000.0,1000.0,0.0,2000.0,2025-08-01
CUS_0x840f_2024_12_01,CUS_0x840f,2024-12-01,10,9,10000,1000.0,1000.0,0.0,1000.0,2025-09-01
CUS_0x840f_2024_12_01,CUS_0x840f,2024-12-01,10,10,10000,1000.0,1000.0,0.0,0.0,2025-10-01
CUS_0x8417_2024_05_01,CUS_0x8417,2024-05-01,10,0,10000,0.0,0.0,0.0,10000.0,2024-05-01
CUS_0x8417_2024_05_01,CUS_0x8417,2024-05-01,10,1,10000,1000.0,1000.0,0.0,9000.0,2024-06-01
CUS_0x8417_2024_05_01,CUS_0x8417,2024-05-01,10,2,10000,1000.0,1000.0,0.0,8000.0,2024-07-01
CUS_0x8417_2024_05_01,CUS_0x8417,2024-05-01,10,3,10000,1000.0,1000.0,0.0,7000.0,2024-08-01
CUS_0x8417_2024_05_01,CUS_0x8417,2024-05-01,10,4,10000,1000.0,1000.0,0.0,6000.0,2024-09-01
CUS_0x8417_2024_05_01,CUS_0x8417,2024-05-01,10,5,10000,1000.0,1000.0,0.0,5000.0,2024-10-01
CUS_0x8417_2024_05_01,CUS_0x8417,2024-05-01,10,6,10000,1000.0,1000.0,0.0,4000.0,2024-11-01
CUS_0x8417_2024_05_01,CUS_0x8417,2024-05-01,10,7,10000,1000.0,1000.0,0.0,3000.0,2024-12-01
CUS_0x8417_2024_05_01,CUS_0x8417,2024-05-01,10,8,10000,1000.0,1000.0,0.0,2000.0,2025-01-01
CUS_0x8417_2024_05_01,CUS_0x8417,2024-05-01,10,9,10000,1000.0,1000.0,0.0,1000.0,2025-02-01
CUS_0x8417_2024_05_01,CUS_0x8417,2024-05-01,10,10,10000,1000.0,1000.0,0.0,0.0,2025-03-01
CUS_0x844b_2024_08_01,CUS_0x844b,2024-08-01,10,0,10000,0.0,0.0,0.0,10000.0,2024-08-01
CUS_0x844b_2024_08_01,CUS_0x844b,2024-08-01,10,1,10000,1000.0,1000.0,0.0,9000.0,2024-09-01
CUS_0x844b_2024_08_01,CUS_0x844b,2024-08-01,10,2,10000,1000.0,1000.0,0.0,8000.0,2024-10-01
CUS_0x844b_2024_08_01,CUS_0x844b,2024-08-01,10,3,10000,1000.0,1000.0,0.0,7000.0,2024-11-01
CUS_0x844b_2024_08_01,CUS_0x844b,2024-08-01,10,4,10000,1000.0,1000.0,0.0,6000.0,2024-12-01
CUS_0x844b_2024_08_01,CUS_0x844b,2024-08-01,10,5,10000,1000.0,1000.0,0.0,5000.0,2025-01-01
CUS_0x844b_2024_08_01,CUS_0x844b,2024-08-01,10,6,10000,1000.0,1000.0,0.0,4000.0,2025-02-01
CUS_0x844b_2024_08_01,CUS_0x844b,2024-08-01,10,7,10000,1000.0,1000.0,0.0,3000.0,2025-03-01
CUS_0x844b_2024_08_01,CUS_0x844b,2024-08-01,10,8,10000,1000.0,1000.0,0.0,2000.0,2025-04-01
CUS_0x844b_2024_08_01,CUS_0x844b,2024-08-01,10,9,10000,1000.0,1000.0,0.0,1000.0,2025-05-01
CUS_0x844b_2024_08_01,CUS_0x844b,2024-08-01,10,10,10000,1000.0,1000.0,0.0,0.0,2025-06-01
CUS_0x844d_2024_03_01,CUS_0x844d,2024-03-01,10,0,10000,0.0,0.0,0.0,10000.0,2024-03-01
CUS_0x844d_2024_03_01,CUS_0x844d,2024-03-01,10,1,10000,1000.0,1000.0,0.0,9000.0,2024-04-01
CUS_0x844d_2024_03_01,CUS_0x844d,2024-03-01,10,2,10000,1000.0,1000.0,0.0,8000.0,2024-05-01
CUS_0x844d_2024_03_01,CUS_0x844d,2024-03-01,10,3,10000,1000.0,1000.0,0.0,7000.0,2024-06-01
CUS_0x844d_2024_03_01,CUS_0x844d,2024-03-01,10,4,10000,1000.0,1000.0,0.0,6000.0,2024-07-01
CUS_0x844d_2024_03_01,CUS_0x844d,2024-03-01,10,5,10000,1000.0,1000.0,0.0,5000.0,2024-08-01
CUS_0x844d_2024_03_01,CUS_0x844d,2024-03-01,10,6,10000,1000.0,1000.0,0.0,4000.0,2024-09-01
CUS_0x844d_2024_03_01,CUS_0x844d,2024-03-01,10,7,10000,1000.0,1000.0,0.0,3000.0,2024-10-01
CUS_0x844d_2024_03_01,CUS_0x844d,2024-03-01,10,8,10000,1000.0,1000.0,0.0,2000.0,2024-11-01
CUS_0x844d_2024_03_01,CUS_0x844d,2024-03-01,10,9,10000,1000.0,1000.0,0.0,1000.0,2024-12-01
CUS_0x844d_2024_03_01,CUS_0x844d,2024-03-01,10,10,10000,1000.0,1000.0,0.0,0.0,2025-01-01
CUS_0x846e_2023_05_01,CUS_0x846e,2023-05-01,10,0,10000,0.0,0.0,0.0,10000.0,2023-05-01
CUS_0x846e_2023_05_01,CUS_0x846e,2023-05-01,10,1,10000,1000.0,1000.0,0.0,9000.0,2023-06-01
CUS_0x846e_2023_05_01,CUS_0x846e,2023-05-01,10,2,10000,1000.0,0.0,1000.0,9000.0,2023-07-01
CUS_0x846e_2023_05_01,CUS_0x846e,2023-05-01,10,3,10000,1000.0,2000.0,0.0,7000.0,2023-08-01
CUS_0x846e_2023_05_01,CUS_0x846e,2023-05-01,10,4,10000,1000.0,0.0,1000.0,7000.0,2023-09-01
CUS_0x846e_2023_05_01,CUS_0x846e,2023-05-01,10,5,10000,1000.0,0.0,2000.0,7000.0,2023-10-01
CUS_0x846e_2023_05_01,CUS_0x846e,2023-05-01,10,6,10000,1000.0,0.0,3000.0,7000.0,2023-11-01
CUS_0x846e_2023_05_01,CUS_0x846e,2023-05-01,10,7,10000,1000.0,0.0,4000.0,7000.0,2023-12-01
CUS_0x846e_2023_05_01,CUS_0x846e,2023-05-01,10,8,10000,1000.0,0.0,5000.0,7000.0,2024-01-01
CUS_0x846e_2023_05_01,CUS_0x846e,2023-05-01,10,9,10000,1000.0,0.0,6000.0,7000.0,2024-02-01
CUS_0x846e_2023_05_01,CUS_0x846e,2023-05-01,10,10,10000,1000.0,0.0,7000.0,7000.0,2024-03-01
CUS_0x848d_2024_05_01,CUS_0x848d,2024-05-01,10,0,10000,0.0,0.0,0.0,10000.0,2024-05-01
CUS_0x848d_2024_05_01,CUS_0x848d,2024-05-01,10,1,10000,1000.0,1000.0,0.0,9000.0,2024-06-01
CUS_0x848d_2024_05_01,CUS_0x848d,2024-05-01,10,2,10000,1000.0,0.0,1000.0,9000.0,2024-07-01
CUS_0x848d_2024_05_01,CUS_0x848d,2024-05-01,10,3,10000,1000.0,2000.0,0.0,7000.0,2024-08-01
CUS_0x848d_2024_05_01,CUS_0x848d,2024-05-01,10,4,10000,1000.0,0.0,1000.0,7000.0,2024-09-01
CUS_0x848d_2024_05_01,CUS_0x848d,2024-05-01,10,5,10000,1000.0,0.0,2000.0,7000.0,2024-10-01
CUS_0x848d_2024_05_01,CUS_0x848d,2024-05-01,10,6,10000,1000.0,0.0,3000.0,7000.0,2024-11-01
CUS_0x848d_2024_05_01,CUS_0x848d,2024-05-01,10,7,10000,1000.0,0.0,4000.0,7000.0,2024-12-01
CUS_0x848d_2024_05_01,CUS_0x848d,2024-05-01,10,8,10000,1000.0,0.0,5000.0,7000.0,2025-01-01
CUS_0x848d_2024_05_01,CUS_0x848d,2024-05-01,10,9,10000,1000.0,0.0,6000.0,7000.0,2025-02-01
CUS_0x848d_2024_05_01,CUS_0x848d,2024-05-01,10,10,10000,1000.0,0.0,7000.0,7000.0,2025-03-01
CUS_0x84ae_2023_05_01,CUS_0x84ae,2023-05-01,10,0,10000,0.0,0.0,0.0,10000.0,2023-05-01
CUS_0x84ae_2023_05_01,CUS_0x84ae,2023-05-01,10,1,10000,1000.0,1000.0,0.0,9000.0,2023-06-01
CUS_0x84ae_2023_05_01,CUS_0x84ae,2023-05-01,10,2,10000,1000.0,1000.0,0.0,8000.0,2023-07-01
CUS_0x84ae_2023_05_01,CUS_0x84ae,2023-05-01,10,3,10000,1000.0,1000.0,0.0,7000.0,2023-08-01
CUS_0x84ae_2023_05_01,CUS_0x84ae,2023-05-01,10,4,10000,1000.0,1000.0,0.0,6000.0,2023-09-01
CUS_0x84ae_2023_05_01,CUS_0x84ae,2023-05-01,10,5,10000,1000.0,1000.0,0.0,5000.0,2023-10-01
CUS_0x84ae_2023_05_01,CUS_0x84ae,2023-05-01,10,6,10000,1000.0,1000.0,0.0,4000.0,2023-11-01
CUS_0x84ae_2023_05_01,CUS_0x84ae,2023-05-01,10,7,10000,1000.0,1000.0,0.0,3000.0,2023-12-01
CUS_0x84ae_2023_05_01,CUS_0x84ae,2023-05-01,10,8,10000,1000.0,1000.0,0.0,2000.0,2024-01-01
CUS_0x84ae_2023_05_01,CUS_0x84ae,2023-05-01,10,9,10000,1000.0,1000.0,0.0,1000.0,2024-02-01
CUS_0x84ae_2023_05_01,CUS_0x84ae,2023-05-01,10,10,10000,1000.0,1000.0,0.0,0.0,2024-03-01
CUS_0x84fe_2023_05_01,CUS_0x84fe,2023-05-01,10,0,10000,0.0,0.0,0.0,10000.0,2023-05-01
CUS_0x84fe_2023_05_01,CUS_0x84fe,2023-05-01,10,1,10000,1000.0,1000.0,0.0,9000.0,2023-06-01
CUS_0x84fe_2023_05_01,CUS_0x84fe,2023-05-01,10,2,10000,1000.0,0.0,1000.0,9000.0,2023-07-01
CUS_0x84fe_2023_05_01,CUS_0x84fe,2023-05-01,10,3,10000,1000.0,2000.0,0.0,7000.0,2023-08-01
CUS_0x84fe_2023_05_01,CUS_0x84fe,2023-05-01,10,4,10000,1000.0,0.0,1000.0,7000.0,2023-09-01
CUS_0x84fe_2023_05_01,CUS_0x84fe,2023-05-01,10,5,10000,1000.0,0.0,2000.0,7000.0,2023-10-01
CUS_0x84fe_2023_05_01,CUS_0x84fe,2023-05-01,10,6,10000,1000.0,0.0,3000.0,7000.0,2023-11-01
CUS_0x84fe_2023_05_01,CUS_0x84fe,2023-05-01,10,7,10000,1000.0,0.0,4000.0,7000.0,2023-12-01
CUS_0x84fe_2023_05_01,CUS_0x84fe,2023-05-01,10,8,10000,1000.0,0.0,5000.0,7000.0,2024-01-01
CUS_0x84fe_2023_05_01,CUS_0x84fe,2023-05-01,10,9,10000,1000.0,0.0,6000.0,7000.0,2024-02-01
CUS_0x84fe_2023_05_01,CUS_0x84fe,2023-05-01,10,10,10000,1000.0,0.0,7000.0,7000.0,2024-03-01
CUS_0x8519_2024_11_01,CUS_0x8519,2024-11-01,10,0,10000,0.0,0.0,0.0,10000.0,2024-11-01
CUS_0x8519_2024_11_01,CUS_0x8519,2024-11-01,10,1,10000,1000.0,1000.0,0.0,9000.0,2024-12-01
CUS_0x8519_2024_11_01,CUS_0x8519,2024-11-01,10,2,10000,1000.0,1000.0,0.0,8000.0,2025-01-01
CUS_0x8519_2024_11_01,CUS_0x8519,2024-11-01,10,3,10000,1000.0,1000.0,0.0,7000.0,2025-02-01
CUS_0x8519_2024_11_01,CUS_0x8519,2024-11-01,10,4,10000,1000.0,1000.0,0.0,6000.0,2025-03-01
CUS_0x8519_2024_11_01,CUS_0x8519,2024-11-01,10,5,10000,1000.0,1000.0,0.0,5000.0,2025-04-01
CUS_0x8519_2024_11_01,CUS_0x8519,2024-11-01,10,6,10000,1000.0,1000.0,0.0,4000.0,2025-05-01
CUS_0x8519_2024_11_01,CUS_0x8519,2024-11-01,10,7,10000,1000.0,1000.0,0.0,3000.0,2025-06-01
CUS_0x8519_2024_11_01,CUS_0x8519,2024-11-01,10,8,10000,1000.0,1000.0,0.0,2000.0,2025-07-01
CUS_0x8519_2024_11_01,CUS_0x8519,2024-11-01,10,9,10000,1000.0,1000.0,0.0,1000.0,2025-08-01
CUS_0x8519_2024_11_01,CUS_0x8519,2024-11-01,10,10,10000,1000.0,1000.0,0.0,0.0,2025-09-01
CUS_0x8559_2024_01_01,CUS_0x8559,2024-01-01,10,0,10000,0.0,0.0,0.0,10000.0,2024-01-01
CUS_0x8559_2024_01_01,CUS_0x8559,2024-01-01,10,1,10000,1000.0,1000.0,0.0,9000.0,2024-02-01
CUS_0x8559_2024_01_01,CUS_0x8559,2024-01-01,10,2,10000,1000.0,0.0,1000.0,9000.0,2024-03-01
CUS_0x8559_2024_01_01,CUS_0x8559,2024-01-01,10,3,10000,1000.0,2000.0,0.0,7000.0,2024-04-01
CUS_0x8559_2024_01_01,CUS_0x8559,2024-01-01,10,4,10000,1000.0,0.0,1000.0,7000.0,2024-05-01
CUS_0x8559_2024_01_01,CUS_0x8559,2024-01-01,10,5,10000,1000.0,0.0,2000.0,7000.0,2024-06-01
CUS_0x8559_2024_01_01,CUS_0x8559,2024-01-01,10,6,10000,1000.0,0.0,3000.0,7000.0,2024-07-01
CUS_0x8559_2024_01_01,CUS_0x8559,2024-01-01,10,7,10000,1000.0,0.0,4000.0,7000.0,2024-08-01
CUS_0x8559_2024_01_01,CUS_0x8559,2024-01-01,10,8,10000,1000.0,0.0,5000.0,7000.0,2024-09-01
CUS_0x8559_2024_01_01,CUS_0x8559,2024-01-01,10,9,10000,1000.0,0.0,6000.0,7000.0,2024-10-01
CUS_0x8559_2024_01_01,CUS_0x8559,2024-01-01,10,10,10000,1000.0,0.0,7000.0,7000.0,2024-11-01
CUS_0x85bb_2023_05_01,CUS_0x85bb,2023-05-01,10,0,10000,0.0,0.0,0.0,10000.0,2023-05-01
CUS_0x85bb_2023_05_01,CUS_0x85bb,2023-05-01,10,1,10000,1000.0,1000.0,0.0,9000.0,2023-06-01
CUS_0x85bb_2023_05_01,CUS_0x85bb,2023-05-01,10,2,10000,1000.0,1000.0,0.0,8000.0,2023-07-01
CUS_0x85bb_2023_05_01,CUS_0x85bb,2023-05-01,10,3,10000,1000.0,1000.0,0.0,7000.0,2023-08-01
CUS_0x85bb_2023_05_01,CUS_0x85bb,2023-05-01,10,4,10000,1000.0,1000.0,0.0,6000.0,2023-09-01
CUS_0x85bb_2023_05_01,CUS_0x85bb,2023-05-01,10,5,10000,1000.0,1000.0,0.0,5000.0,2023-10-01
CUS_0x85bb_2023_05_01,CUS_0x85bb,2023-05-01,10,6,10000,1000.0,1000.0,0.0,4000.0,2023-11-01
CUS_0x85bb_2023_05_01,CUS_0x85bb,2023-05-01,10,7,10000,1000.0,1000.0,0.0,3000.0,2023-12-01
CUS_0x85bb_2023_05_01,CUS_0x85bb,2023-05-01,10,8,10000,1000.0,1000.0,0.0,2000.0,2024-01-01
CUS_0x85bb_2023_05_01,CUS_0x85bb,2023-05-01,10,9,10000,1000.0,1000.0,0.0,1000.0,2024-02-01
CUS_0x85bb_2023_05_01,CUS_0x85bb,2023-05-01,10,10,10000,1000.0,1000.0,0.0,0.0,2024-03-01
CUS_0x85c0_2024_02_01,CUS_0x85c0,2024-02-01,10,0,10000,0.0,0.0,0.0,10000.0,2024-02-01
CUS_0x85c0_2024_02_01,CUS_0x85c0,2024-02-01,10,1,10000,1000.0,1000.0,0.0,9000.0,2024-03-01
CUS_0x85c0_2024_02_01,CUS_0x85c0,2024-02-01,10,2,10000,1000.0,1000.0,0.0,8000.0,2024-04-01
CUS_0x85c0_2024_02_01,CUS_0x85c0,2024-02-01,10,3,10000,1000.0,1000.0,0.0,7000.0,2024-05-01
CUS_0x85c0_2024_02_01,CUS_0x85c0,2024-02-01,10,4,10000,1000.0,1000.0,0.0,6000.0,2024-06-01
CUS_0x85c0_2024_02_01,CUS_0x85c0,2024-02-01,10,5,10000,1000.0,1000.0,0.0,5000.0,2024-07-01
CUS_0x85c0_2024_02_01,CUS_0x85c0,2024-02-01,10,6,10000,1000.0,1000.0,0.0,4000.0,2024-08-01
CUS_0x85c0_2024_02_01,CUS_0x85c0,2024-02-01,10,7,10000,1000.0,1000.0,0.0,3000.0,2024-09-01
CUS_0x85c0_2024_02_01,CUS_0x85c0,2024-02-01,10,8,10000,1000.0,1000.0,0.0,2000.0,2024-10-01
CUS_0x85c0_2024_02_01,CUS_0x85c0,2024-02-01,10,9,10000,1000.0,1000.0,0.0,1000.0,2024-11-01
CUS_0x85c0_2024_02_01,CUS_0x85c0,2024-02-01,10,10,10000,1000.0,1000.0,0.0,0.0,2024-12-01
CUS_0x864a_2024_08_01,CUS_0x864a,2024-08-01,10,0,10000,0.0,0.0,0.0,10000.0,2024-08-01
CUS_0x864a_2024_08_01,CUS_0x864a,2024-08-01,10,1,10000,1000.0,1000.0,0.0,9000.0,2024-09-01
CUS_0x864a_2024_08_01,CUS_0x864a,2024-08-01,10,2,10000,1000.0,1000.0,0.0,8000.0,2024-10-01
CUS_0x864a_2024_08_01,CUS_0x864a,2024-08-01,10,3,10000,1000.0,1000.0,0.0,7000.0,2024-11-01
CUS_0x864a_2024_08_01,CUS_0x864a,2024-08-01,10,4,10000,1000.0,1000.0,0.0,6000.0,2024-12-01
CUS_0x864a_2024_08_01,CUS_0x864a,2024-08-01,10,5,10000,1000.0,1000.0,0.0,5000.0,2025-01-01
CUS_0x864a_2024_08_01,CUS_0x864a,2024-08-01,10,6,10000,1000.0,1000.0,0.0,4000.0,2025-02-01
CUS_0x864a_2024_08_01,CUS_0x864a,2024-08-01,10,7,10000,1000.0,1000.0,0.0,3000.0,2025-03-01
CUS_0x864a_2024_08_01,CUS_0x864a,2024-08-01,10,8,10000,1000.0,1000.0,0.0,2000.0,2025-04-01
CUS_0x864a_2024_08_01,CUS_0x864a,2024-08-01,10,9,10000,1000.0,1000.0,0.0,1000.0,2025-05-01
CUS_0x864a_2024_08_01,CUS_0x864a,2024-08-01,10,10,10000,1000.0,1000.0,0.0,0.0,2025-06-01
CUS_0x864e_2024_08_01,CUS_0x864e,2024-08-01,10,0,10000,0.0,0.0,0.0,10000.0,2024-08-01
CUS_0x864e_2024_08_01,CUS_0x864e,2024-08-01,10,1,10000,1000.0,1000.0,0.0,9000.0,2024-09-01
CUS_0x864e_2024_08_01,CUS_0x864e,2024-08-01,10,2,10000,1000.0,1000.0,0.0,8000.0,2024-10-01
CUS_0x864e_2024_08_01,CUS_0x864e,2024-08-01,10,3,10000,1000.0,1000.0,0.0,7000.0,2024-11-01
CUS_0x864e_2024_08_01,CUS_0x864e,2024-08-01,10,4,10000,1000.0,1000.0,0.0,6000.0,2024-12-01
CUS_0x864e_2024_08_01,CUS_0x864e,2024-08-01,10,5,10000,1000.0,1000.0,0.0,5000.0,2025-01-01
CUS_0x864e_2024_08_01,CUS_0x864e,2024-08-01,10,6,10000,1000.0,1000.0,0.0,4000.0,2025-02-01
CUS_0x864e_2024_08_01,CUS_0x864e,2024-08-01,10,7,10000,1000.0,1000.0,0.0,3000.0,2025-03-01
CUS_0x864e_2024_08_01,CUS_0x864e,2024-08-01,10,8,10000,1000.0,1000.0,0.0,2000.0,2025-04-01
CUS_0x864e_2024_08_01,CUS_0x864e,2024-08-01,10,9,10000,1000.0,1000.0,0.0,1000.0,2025-05-01
CUS_0x864e_2024_08_01,CUS_0x864e,2024-08-01,10,10,10000,1000.0,1000.0,0.0,0.0,2025-06-01
CUS_0x8658_2023_01_01,CUS_0x8658,2023-01-01,10,0,10000,0.0,0.0,0.0,10000.0,2023-01-01
CUS_0x8658_2023_01_01,CUS_0x8658,2023-01-01,10,1,10000,1000.0,1000.0,0.0,9000.0,2023-02-01
CUS_0x8658_2023_01_01,CUS_0x8658,2023-01-01,10,2,10000,1000.0,1000.0,0.0,8000.0,2023-03-01
CUS_0x8658_2023_01_01,CUS_0x8658,2023-01-01,10,3,10000,1000.0,1000.0,0.0,7000.0,2023-04-01
CUS_0x8658_2023_01_01,CUS_0x8658,2023-01-01,10,4,10000,1000.0,1000.0,0.0,6000.0,2023-05-01
CUS_0x8658_2023_01_01,CUS_0x8658,2023-01-01,10,5,10000,1000.0,1000.0,0.0,5000.0,2023-06-01
CUS_0x8658_2023_01_01,CUS_0x8658,2023-01-01,10,6,10000,1000.0,1000.0,0.0,4000.0,2023-07-01
CUS_0x8658_2023_01_01,CUS_0x8658,2023-01-01,10,7,10000,1000.0,1000.0,0.0,3000.0,2023-08-01
CUS_0x8658_2023_01_01,CUS_0x8658,2023-01-01,10,8,10000,1000.0,1000.0,0.0,2000.0,2023-09-01
CUS_0x8658_2023_01_01,CUS_0x8658,2023-01-01,10,9,10000,1000.0,1000.0,0.0,1000.0,2023-10-01
CUS_0x8658_2023_01_01,CUS_0x8658,2023-01-01,10,10,10000,1000.0,1000.0,0.0,0.0,2023-11-01
CUS_0x8694_2023_05_01,CUS_0x8694,2023-05-01,10,0,10000,0.0,0.0,0.0,10000.0,2023-05-01
CUS_0x8694_2023_05_01,CUS_0x8694,2023-05-01,10,1,10000,1000.0,1000.0,0.0,9000.0,2023-06-01
CUS_0x8694_2023_05_01,CUS_0x8694,2023-05-01,10,2,10000,1000.0,1000.0,0.0,8000.0,2023-07-01
CUS_0x8694_2023_05_01,CUS_0x8694,2023-05-01,10,3,10000,1000.0,1000.0,0.0,7000.0,2023-08-01
CUS_0x8694_2023_05_01,CUS_0x8694,2023-05-01,10,4,10000,1000.0,1000.0,0.0,6000.0,2023-09-01
CUS_0x8694_2023_05_01,CUS_0x8694,2023-05-01,10,5,10000,1000.0,1000.0,0.0,5000.0,2023-10-01
CUS_0x8694_2023_05_01,CUS_0x8694,2023-05-01,10,6,10000,1000.0,1000.0,0.0,4000.0,2023-11-01
CUS_0x8694_2023_05_01,CUS_0x8694,2023-05-01,10,7,10000,1000.0,1000.0,0.0,3000.0,2023-12-01
CUS_0x8694_2023_05_01,CUS_0x8694,2023-05-01,10,8,10000,1000.0,1000.0,0.0,2000.0,2024-01-01
CUS_0x8694_2023_05_01,CUS_0x8694,2023-05-01,10,9,10000,1000.0,1000.0,0.0,1000.0,2024-02-01
CUS_0x8694_2023_05_01,CUS_0x8694,2023-05-01,10,10,10000,1000.0,1000.0,0.0,0.0,2024-03-01
CUS_0x8702_2024_08_01,CUS_0x8702,2024-08-01,10,0,10000,0.0,0.0,0.0,10000.0,2024-08-01
CUS_0x8702_2024_08_01,CUS_0x8702,2024-08-01,10,1,10000,1000.0,1000.0,0.0,9000.0,2024-09-01
CUS_0x8702_2024_08_01,CUS_0x8702,2024-08-01,10,2,10000,1000.0,1000.0,0.0,8000.0,2024-10-01
CUS_0x8702_2024_08_01,CUS_0x8702,2024-08-01,10,3,10000,1000.0,1000.0,0.0,7000.0,2024-11-01
CUS_0x8702_2024_08_01,CUS_0x8702,2024-08-01,10,4,10000,1000.0,1000.0,0.0,6000.0,2024-12-01
CUS_0x8702_2024_08_01,CUS_0x8702,2024-08-01,10,5,10000,1000.0,1000.0,0.0,5000.0,2025-01-01
CUS_0x8702_2024_08_01,CUS_0x8702,2024-08-01,10,6,10000,1000.0,1000.0,0.0,4000.0,2025-02-01
CUS_0x8702_2024_08_01,CUS_0x8702,2024-08-01,10,7,10000,1000.0,1000.0,0.0,3000.0,2025-03-01
CUS_0x8702_2024_08_01,CUS_0x8702,2024-08-01,10,8,10000,1000.0,1000.0,0.0,2000.0,2025-04-01
CUS_0x8702_2024_08_01,CUS_0x8702,2024-08-01,10,9,10000,1000.0,1000.0,0.0,1000.0,2025-05-01
CUS_0x8702_2024_08_01,CUS_0x8702,2024-08-01,10,10,10000,1000.0,1000.0,0.0,0.0,2025-06-01
CUS_0x8716_2024_12_01,CUS_0x8716,2024-12-01,10,0,10000,0.0,0.0,0.0,10000.0,2024-12-01
CUS_0x8716_2024_12_01,CUS_0x8716,2024-12-01,10,1,10000,1000.0,1000.0,0.0,9000.0,2025-01-01
CUS_0x8716_2024_12_01,CUS_0x8716,2024-12-01,10,2,10000,1000.0,1000.0,0.0,8000.0,2025-02-01
CUS_0x8716_2024_12_01,CUS_0x8716,2024-12-01,10,3,10000,1000.0,0.0,1000.0,8000.0,2025-03-01
CUS_0x8716_2024_12_01,CUS_0x8716,2024-12-01,10,4,10000,1000.0,0.0,2000.0,8000.0,2025-04-01
CUS_0x8716_2024_12_01,CUS_0x8716,2024-12-01,10,5,10000,1000.0,0.0,3000.0,8000.0,2025-05-01
CUS_0x8716_2024_12_01,CUS_0x8716,2024-12-01,10,6,10000,1000.0,0.0,4000.0,8000.0,2025-06-01
CUS_0x8716_2024_12_01,CUS_0x8716,2024-12-01,10,7,10000,1000.0,0.0,5000.0,8000.0,2025-07-01
CUS_0x8716_2024_12_01,CUS_0x8716,2024-12-01,10,8,10000,1000.0,0.0,6000.0,8000.0,2025-08-01
CUS_0x8716_2024_12_01,CUS_0x8716,2024-12-01,10,9,10000,1000.0,0.0,7000.0,8000.0,2025-09-01
CUS_0x8716_2024_12_01,CUS_0x8716,2024-12-01,10,10,10000,1000.0,0.0,8000.0,8000.0,2025-10-01
CUS_0x872d_2024_02_01,CUS_0x872d,2024-02-01,10,0,10000,0.0,0.0,0.0,10000.0,2024-02-01
CUS_0x872d_2024_02_01,CUS_0x872d,2024-02-01,10,1,10000,1000.0,0.0,1000.0,10000.0,2024-03-01
CUS_0x872d_2024_02_01,CUS_0x872d,2024-02-01,10,2,10000,1000.0,0.0,2000.0,10000.0,2024-04-01
CUS_0x872d_2024_02_01,CUS_0x872d,2024-02-01,10,3,10000,1000.0,0.0,3000.0,10000.0,2024-05-01
CUS_0x872d_2024_02_01,CUS_0x872d,2024-02-01,10,4,10000,1000.0,0.0,4000.0,10000.0,2024-06-01
CUS_0x872d_2024_02_01,CUS_0x872d,2024-02-01,10,5,10000,1000.0,0.0,5000.0,10000.0,2024-07-01
CUS_0x872d_2024_02_01,CUS_0x872d,2024-02-01,10,6,10000,1000.0,0.0,6000.0,10000.0,2024-08-01
CUS_0x872d_2024_02_01,CUS_0x872d,2024-02-01,10,7,10000,1000.0,0.0,7000.0,10000.0,2024-09-01
CUS_0x872d_2024_02_01,CUS_0x872d,2024-02-01,10,8,10000,1000.0,0.0,8000.0,10000.0,2024-10-01
CUS_0x872d_2024_02_01,CUS_0x872d,2024-02-01,10,9,10000,1000.0,0.0,9000.0,10000.0,2024-11-01
CUS_0x872d_2024_02_01,CUS_0x872d,2024-02-01,10,10,10000,1000.0,0.0,10000.0,10000.0,2024-12-01
CUS_0x8785_2024_07_01,CUS_0x8785,2024-07-01,10,0,10000,0.0,0.0,0.0,10000.0,2024-07-01
CUS_0x8785_2024_07_01,CUS_0x8785,2024-07-01,10,1,10000,1000.0,1000.0,0.0,9000.0,2024-08-01
CUS_0x8785_2024_07_01,CUS_0x8785,2024-07-01,10,2,10000,1000.0,1000.0,0.0,8000.0,2024-09-01
CUS_0x8785_2024_07_01,CUS_0x8785,2024-07-01,10,3,10000,1000.0,1000.0,0.0,7000.0,2024-10-01
CUS_0x8785_2024_07_01,CUS_0x8785,2024-07-01,10,4,10000,1000.0,1000.0,0.0,6000.0,2024-11-01
CUS_0x8785_2024_07_01,CUS_0x8785,2024-07-01,10,5,10000,1000.0,1000.0,0.0,5000.0,2024-12-01
CUS_0x8785_2024_07_01,CUS_0x8785,2024-07-01,10,6,10000,1000.0,1000.0,0.0,4000.0,2025-01-01
CUS_0x8785_2024_07_01,CUS_0x8785,2024-07-01,10,7,10000,1000.0,1000.0,0.0,3000.0,2025-02-01
CUS_0x8785_2024_07_01,CUS_0x8785,2024-07-01,10,8,10000,1000.0,1000.0,0.0,2000.0,2025-03-01
CUS_0x8785_2024_07_01,CUS_0x8785,2024-07-01,10,9,10000,1000.0,1000.0,0.0,1000.0,2025-04-01
CUS_0x8785_2024_07_01,CUS_0x8785,2024-07-01,10,10,10000,1000.0,1000.0,0.0,0.0,2025-05-01
CUS_0x879d_2024_01_01,CUS_0x879d,2024-01-01,10,0,10000,0.0,0.0,0.0,10000.0,2024-01-01
CUS_0x879d_2024_01_01,CUS_0x879d,2024-01-01,10,1,10000,1000.0,1000.0,0.0,9000.0,2024-02-01
CUS_0x879d_2024_01_01,CUS_0x879d,2024-01-01,10,2,10000,1000.0,1000.0,0.0,8000.0,2024-03-01
CUS_0x879d_2024_01_01,CUS_0x879d,2024-01-01,10,3,10000,1000.0,0.0,1000.0,8000.0,2024-04-01
CUS_0x879d_2024_01_01,CUS_0x879d,2024-01-01,10,4,10000,1000.0,0.0,2000.0,8000.0,2024-05-01
CUS_0x879d_2024_01_01,CUS_0x879d,2024-01-01,10,5,10000,1000.0,0.0,3000.0,8000.0,2024-06-01
CUS_0x879d_2024_01_01,CUS_0x879d,2024-01-01,10,6,10000,1000.0,0.0,4000.0,8000.0,2024-07-01
CUS_0x879d_2024_01_01,CUS_0x879d,2024-01-01,10,7,10000,1000.0,0.0,5000.0,8000.0,2024-08-01
CUS_0x879d_2024_01_01,CUS_0x879d,2024-01-01,10,8,10000,1000.0,0.0,6000.0,8000.0,2024-09-01
CUS_0x879d_2024_01_01,CUS_0x879d,2024-01-01,10,9,10000,1000.0,0.0,7000.0,8000.0,2024-10-01
CUS_0x879d_2024_01_01,CUS_0x879d,2024-01-01,10,10,10000,1000.0,0.0,8000.0,8000.0,2024-11-01
CUS_0x87c5_2024_10_01,CUS_0x87c5,2024-10-01,10,0,10000,0.0,0.0,0.0,10000.0,2024-10-01
CUS_0x87c5_2024_10_01,CUS_0x87c5,2024-10-01,10,1,10000,1000.0,1000.0,0.0,9000.0,2024-11-01
CUS_0x87c5_2024_10_01,CUS_0x87c5,2024-10-01,10,2,10000,1000.0,1000.0,0.0,8000.0,2024-12-01
CUS_0x87c5_2024_10_01,CUS_0x87c5,2024-10-01,10,3,10000,1000.0,1000.0,0.0,7000.0,2025-01-01
CUS_0x87c5_2024_10_01,CUS_0x87c5,2024-10-01,10,4,10000,1000.0,1000.0,0.0,6000.0,2025-02-01
CUS_0x87c5_2024_10_01,CUS_0x87c5,2024-10-01,10,5,10000,1000.0,1000.0,0.0,5000.0,2025-03-01
CUS_0x87c5_2024_10_01,CUS_0x87c5,2024-10-01,10,6,10000,1000.0,1000.0,0.0,4000.0,2025-04-01
CUS_0x87c5_2024_10_01,CUS_0x87c5,2024-10-01,10,7,10000,1000.0,1000.0,0.0,3000.0,2025-05-01
CUS_0x87c5_2024_10_01,CUS_0x87c5,2024-10-01,10,8,10000,1000.0,1000.0,0.0,2000.0,2025-06-01
CUS_0x87c5_2024_10_01,CUS_0x87c5,2024-10-01,10,9,10000,1000.0,1000.0,0.0,1000.0,2025-07-01
CUS_0x87c5_2024_10_01,CUS_0x87c5,2024-10-01,10,10,10000,1000.0,1000.0,0.0,0.0,2025-08-01
CUS_0x87e2_2024_04_01,CUS_0x87e2,2024-04-01,10,0,10000,0.0,0.0,0.0,10000.0,2024-04-01
CUS_0x87e2_2024_04_01,CUS_0x87e2,2024-04-01,10,1,10000,1000.0,1000.0,0.0,9000.0,2024-05-01
CUS_0x87e2_2024_04_01,CUS_0x87e2,2024-04-01,10,2,10000,1000.0,1000.0,0.0,8000.0,2024-06-01
CUS_0x87e2_2024_04_01,CUS_0x87e2,2024-04-01,10,3,10000,1000.0,1000.0,0.0,7000.0,2024-07-01
CUS_0x87e2_2024_04_01,CUS_0x87e2,2024-04-01,10,4,10000,1000.0,1000.0,0.0,6000.0,2024-08-01
CUS_0x87e2_2024_04_01,CUS_0x87e2,2024-04-01,10,5,10000,1000.0,1000.0,0.0,5000.0,2024-09-01
CUS_0x87e2_2024_04_01,CUS_0x87e2,2024-04-01,10,6,10000,1000.0,1000.0,0.0,4000.0,2024-10-01
CUS_0x87e2_2024_04_01,CUS_0x87e2,2024-04-01,10,7,10000,1000.0,1000.0,0.0,3000.0,2024-11-01
CUS_0x87e2_2024_04_01,CUS_0x87e2,2024-04-01,10,8,10000,1000.0,1000.0,0.0,2000.0,2024-12-01
CUS_0x87e2_2024_04_01,CUS_0x87e2,2024-04-01,10,9,10000,1000.0,1000.0,0.0,1000.0,2025-01-01
CUS_0x87e2_2024_04_01,CUS_0x87e2,2024-04-01,10,10,10000,1000.0,1000.0,0.0,0.0,2025-02-01
CUS_0x87ec_2023_03_01,CUS_0x87ec,2023-03-01,10,0,10000,0.0,0.0,0.0,10000.0,2023-03-01
CUS_0x87ec_2023_03_01,CUS_0x87ec,2023-03-01,10,1,10000,1000.0,1000.0,0.0,9000.0,2023-04-01
CUS_0x87ec_2023_03_01,CUS_0x87ec,2023-03-01,10,2,10000,1000.0,1000.0,0.0,8000.0,2023-05-01
CUS_0x87ec_2023_03_01,CUS_0x87ec,2023-03-01,10,3,10000,1000.0,1000.0,0.0,7000.0,2023-06-01
CUS_0x87ec_2023_03_01,CUS_0x87ec,2023-03-01,10,4,10000,1000.0,1000.0,0.0,6000.0,2023-07-01
CUS_0x87ec_2023_03_01,CUS_0x87ec,2023-03-01,10,5,10000,1000.0,1000.0,0.0,5000.0,2023-08-01
CUS_0x87ec_2023_03_01,CUS_0x87ec,2023-03-01,10,6,10000,1000.0,1000.0,0.0,4000.0,2023-09-01
CUS_0x87ec_2023_03_01,CUS_0x87ec,2023-03-01,10,7,10000,1000.0,1000.0,0.0,3000.0,2023-10-01
CUS_0x87ec_2023_03_01,CUS_0x87ec,2023-03-01,10,8,10000,1000.0,1000.0,0.0,2000.0,2023-11-01
CUS_0x87ec_2023_03_01,CUS_0x87ec,2023-03-01,10,9,10000,1000.0,1000.0,0.0,1000.0,2023-12-01
CUS_0x87ec_2023_03_01,CUS_0x87ec,2023-03-01,10,10,10000,1000.0,1000.0,0.0,0.0,2024-01-01
CUS_0x87f_2024_03_01,CUS_0x87f,2024-03-01,10,0,10000,0.0,0.0,0.0,10000.0,2024-03-01
CUS_0x87f_2024_03_01,CUS_0x87f,2024-03-01,10,1,10000,1000.0,1000.0,0.0,9000.0,2024-04-01
CUS_0x87f_2024_03_01,CUS_0x87f,2024-03-01,10,2,10000,1000.0,1000.0,0.0,8000.0,2024-05-01
CUS_0x87f_2024_03_01,CUS_0x87f,2024-03-01,10,3,10000,1000.0,1000.0,0.0,7000.0,2024-06-01
CUS_0x87f_2024_03_01,CUS_0x87f,2024-03-01,10,4,10000,1000.0,1000.0,0.0,6000.0,2024-07-01
CUS_0x87f_2024_03_01,CUS_0x87f,2024-03-01,10,5,10000,1000.0,1000.0,0.0,5000.0,2024-08-01
CUS_0x87f_2024_03_01,CUS_0x87f,2024-03-01,10,6,10000,1000.0,1000.0,0.0,4000.0,2024-09-01
CUS_0x87f_2024_03_01,CUS_0x87f,2024-03-01,10,7,10000,1000.0,1000.0,0.0,3000.0,2024-10-01
CUS_0x87f_2024_03_01,CUS_0x87f,2024-03-01,10,8,10000,1000.0,1000.0,0.0,2000.0,2024-11-01
CUS_0x87f_2024_03_01,CUS_0x87f,2024-03-01,10,9,10000,1000.0,1000.0,0.0,1000.0,2024-12-01
CUS_0x87f_2024_03_01,CUS_0x87f,2024-03-01,10,10,10000,1000.0,1000.0,0.0,0.0,2025-01-01
CUS_0x880_2025_01_01,CUS_0x880,2025-01-01,10,0,10000,0.0,0.0,0.0,10000.0,2025-01-01
CUS_0x880_2025_01_01,CUS_0x880,2025-01-01,10,1,10000,1000.0,0.0,1000.0,10000.0,2025-02-01
CUS_0x880_2025_01_01,CUS_0x880,2025-01-01,10,2,10000,1000.0,2000.0,0.0,8000.0,2025-03-01
CUS_0x880_2025_01_01,CUS_0x880,2025-01-01,10,3,10000,1000.0,0.0,1000.0,8000.0,2025-04-01
CUS_0x880_2025_01_01,CUS_0x880,2025-01-01,10,4,10000,1000.0,0.0,2000.0,8000.0,2025-05-01
CUS_0x880_2025_01_01,CUS_0x880,2025-01-01,10,5,10000,1000.0,0.0,3000.0,8000.0,2025-06-01
CUS_0x880_2025_01_01,CUS_0x880,2025-01-01,10,6,10000,1000.0,0.0,4000.0,8000.0,2025-07-01
CUS_0x880_2025_01_01,CUS_0x880,2025-01-01,10,7,10000,1000.0,0.0,5000.0,8000.0,2025-08-01
CUS_0x880_2025_01_01,CUS_0x880,2025-01-01,10,8,10000,1000.0,0.0,6000.0,8000.0,2025-09-01
CUS_0x880_2025_01_01,CUS_0x880,2025-01-01,10,9,10000,1000.0,0.0,7000.0,8000.0,2025-10-01
CUS_0x880_2025_01_01,CUS_0x880,2025-01-01,10,10,10000,1000.0,0.0,8000.0,8000.0,2025-11-01
CUS_0x8804_2023_12_01,CUS_0x8804,2023-12-01,10,0,10000,0.0,0.0,0.0,10000.0,2023-12-01
CUS_0x8804_2023_12_01,CUS_0x8804,2023-12-01,10,1,10000,1000.0,0.0,1000.0,10000.0,2024-01-01
CUS_0x8804_2023_12_01,CUS_0x8804,2023-12-01,10,2,10000,1000.0,0.0,2000.0,10000.0,2024-02-01
CUS_0x8804_2023_12_01,CUS_0x8804,2023-12-01,10,3,10000,1000.0,0.0,3000.0,10000.0,2024-03-01
CUS_0x8804_2023_12_01,CUS_0x8804,2023-12-01,10,4,10000,1000.0,0.0,4000.0,10000.0,2024-04-01
CUS_0x8804_2023_12_01,CUS_0x8804,2023-12-01,10,5,10000,1000.0,0.0,5000.0,10000.0,2024-05-01
CUS_0x8804_2023_12_01,CUS_0x8804,2023-12-01,10,6,10000,1000.0,0.0,6000.0,10000.0,2024-06-01
CUS_0x8804_2023_12_01,CUS_0x8804,2023-12-01,10,7,10000,1000.0,0.0,7000.0,10000.0,2024-07-01
CUS_0x8804_2023_12_01,CUS_0x8804,2023-12-01,10,8,10000,1000.0,0.0,8000.0,10000.0,2024-08-01
CUS_0x8804_2023_12_01,CUS_0x8804,2023-12-01,10,9,10000,1000.0,0.0,9000.0,10000.0,2024-09-01
CUS_0x8804_2023_12_01,CUS_0x8804,2023-12-01,10,10,10000,1000.0,0.0,10000.0,10000.0,2024-10-01
CUS_0x881e_2023_06_01,CUS_0x881e,2023-06-01,10,0,10000,0.0,0.0,0.0,10000.0,2023-06-01
CUS_0x881e_2023_06_01,CUS_0x881e,2023-06-01,10,1,10000,1000.0,1000.0,0.0,9000.0,2023-07-01
CUS_0x881e_2023_06_01,CUS_0x881e,2023-06-01,10,2,10000,1000.0,1000.0,0.0,8000.0,2023-08-01
CUS_0x881e_2023_06_01,CUS_0x881e,2023-06-01,10,3,10000,1000.0,1000.0,0.0,7000.0,2023-09-01
CUS_0x881e_2023_06_01,CUS_0x881e,2023-06-01,10,4,10000,1000.0,0.0,1000.0,7000.0,2023-10-01
CUS_0x881e_2023_06_01,CUS_0x881e,2023-06-01,10,5,10000,1000.0,0.0,2000.0,7000.0,2023-11-01
CUS_0x881e_2023_06_01,CUS_0x881e,2023-06-01,10,6,10000,1000.0,0.0,3000.0,7000.0,2023-12-01
CUS_0x881e_2023_06_01,CUS_0x881e,2023-06-01,10,7,10000,1000.0,0.0,4000.0,7000.0,2024-01-01
CUS_0x881e_2023_06_01,CUS_0x881e,2023-06-01,10,8,10000,1000.0,0.0,5000.0,7000.0,2024-02-01
CUS_0x881e_2023_06_01,CUS_0x881e,2023-06-01,10,9,10000,1000.0,0.0,6000.0,7000.0,2024-03-01
CUS_0x881e_2023_06_01,CUS_0x881e,2023-06-01,10,10,10000,1000.0,0.0,7000.0,7000.0,2024-04-01
CUS_0x8842_2024_07_01,CUS_0x8842,2024-07-01,10,0,10000,0.0,0.0,0.0,10000.0,2024-07-01
CUS_0x8842_2024_07_01,CUS_0x8842,2024-07-01,10,1,10000,1000.0,1000.0,0.0,9000.0,2024-08-01
CUS_0x8842_2024_07_01,CUS_0x8842,2024-07-01,10,2,10000,1000.0,1000.0,0.0,8000.0,2024-09-01
CUS_0x8842_2024_07_01,CUS_0x8842,2024-07-01,10,3,10000,1000.0,1000.0,0.0,7000.0,2024-10-01
CUS_0x8842_2024_07_01,CUS_0x8842,2024-07-01,10,4,10000,1000.0,1000.0,0.0,6000.0,2024-11-01
CUS_0x8842_2024_07_01,CUS_0x8842,2024-07-01,10,5,10000,1000.0,1000.0,0.0,5000.0,2024-12-01
CUS_0x8842_2024_07_01,CUS_0x8842,2024-07-01,10,6,10000,1000.0,1000.0,0.0,4000.0,2025-01-01
CUS_0x8842_2024_07_01,CUS_0x8842,2024-07-01,10,7,10000,1000.0,1000.0,0.0,3000.0,2025-02-01
CUS_0x8842_2024_07_01,CUS_0x8842,2024-07-01,10,8,10000,1000.0,1000.0,0.0,2000.0,2025-03-01
CUS_0x8842_2024_07_01,CUS_0x8842,2024-07-01,10,9,10000,1000.0,1000.0,0.0,1000.0,2025-04-01
CUS_0x8842_2024_07_01,CUS_0x8842,2024-07-01,10,10,10000,1000.0,1000.0,0.0,0.0,2025-05-01
CUS_0x8844_2023_05_01,CUS_0x8844,2023-05-01,10,0,10000,0.0,0.0,0.0,10000.0,2023-05-01
CUS_0x8844_2023_05_01,CUS_0x8844,2023-05-01,10,1,10000,1000.0,1000.0,0.0,9000.0,2023-06-01
CUS_0x8844_2023_05_01,CUS_0x8844,2023-05-01,10,2,10000,1000.0,1000.0,0.0,8000.0,2023-07-01
CUS_0x8844_2023_05_01,CUS_0x8844,2023-05-01,10,3,10000,1000.0,1000.0,0.0,7000.0,2023-08-01
CUS_0x8844_2023_05_01,CUS_0x8844,2023-05-01,10,4,10000,1000.0,1000.0,0.0,6000.0,2023-09-01
CUS_0x8844_2023_05_01,CUS_0x8844,2023-05-01,10,5,10000,1000.0,1000.0,0.0,5000.0,2023-10-01
CUS_0x8844_2023_05_01,CUS_0x8844,2023-05-01,10,6,10000,1000.0,1000.0,0.0,4000.0,2023-11-01
CUS_0x8844_2023_05_01,CUS_0x8844,2023-05-01,10,7,10000,1000.0,1000.0,0.0,3000.0,2023-12-01
CUS_0x8844_2023_05_01,CUS_0x8844,2023-05-01,10,8,10000,1000.0,1000.0,0.0,2000.0,2024-01-01
CUS_0x8844_2023_05_01,CUS_0x8844,2023-05-01,10,9,10000,1000.0,1000.0,0.0,1000.0,2024-02-01
CUS_0x8844_2023_05_01,CUS_0x8844,2023-05-01,10,10,10000,1000.0,1000.0,0.0,0.0,2024-03-01
CUS_0x8870_2024_09_01,CUS_0x8870,2024-09-01,10,0,10000,0.0,0.0,0.0,10000.0,2024-09-01
CUS_0x8870_2024_09_01,CUS_0x8870,2024-09-01,10,1,10000,1000.0,1000.0,0.0,9000.0,2024-10-01
CUS_0x8870_2024_09_01,CUS_0x8870,2024-09-01,10,2,10000,1000.0,1000.0,0.0,8000.0,2024-11-01
CUS_0x8870_2024_09_01,CUS_0x8870,2024-09-01,10,3,10000,1000.0,1000.0,0.0,7000.0,2024-12-01
CUS_0x8870_2024_09_01,CUS_0x8870,2024-09-01,10,4,10000,1000.0,1000.0,0.0,6000.0,2025-01-01
CUS_0x8870_2024_09_01,CUS_0x8870,2024-09-01,10,5,10000,1000.0,1000.0,0.0,5000.0,2025-02-01
CUS_0x8870_2024_09_01,CUS_0x8870,2024-09-01,10,6,10000,1000.0,1000.0,0.0,4000.0,2025-03-01
CUS_0x8870_2024_09_01,CUS_0x8870,2024-09-01,10,7,10000,1000.0,1000.0,0.0,3000.0,2025-04-01
CUS_0x8870_2024_09_01,CUS_0x8870,2024-09-01,10,8,10000,1000.0,1000.0,0.0,2000.0,2025-05-01
CUS_0x8870_2024_09_01,CUS_0x8870,2024-09-01,10,9,10000,1000.0,1000.0,0.0,1000.0,2025-06-01
CUS_0x8870_2024_09_01,CUS_0x8870,2024-09-01,10,10,10000,1000.0,1000.0,0.0,0.0,2025-07-01
CUS_0x892d_2024_11_01,CUS_0x892d,2024-11-01,10,0,10000,0.0,0.0,0.0,10000.0,2024-11-01
CUS_0x892d_2024_11_01,CUS_0x892d,2024-11-01,10,1,10000,1000.0,1000.0,0.0,9000.0,2024-12-01
CUS_0x892d_2024_11_01,CUS_0x892d,2024-11-01,10,2,10000,1000.0,1000.0,0.0,8000.0,2025-01-01
CUS_0x892d_2024_11_01,CUS_0x892d,2024-11-01,10,3,10000,1000.0,1000.0,0.0,7000.0,2025-02-01
CUS_0x892d_2024_11_01,CUS_0x892d,2024-11-01,10,4,10000,1000.0,1000.0,0.0,6000.0,2025-03-01
CUS_0x892d_2024_11_01,CUS_0x892d,2024-11-01,10,5,10000,1000.0,1000.0,0.0,5000.0,2025-04-01
CUS_0x892d_2024_11_01,CUS_0x892d,2024-11-01,10,6,10000,1000.0,1000.0,0.0,4000.0,2025-05-01
CUS_0x892d_2024_11_01,CUS_0x892d,2024-11-01,10,7,10000,1000.0,1000.0,0.0,3000.0,2025-06-01
CUS_0x892d_2024_11_01,CUS_0x892d,2024-11-01,10,8,10000,1000.0,1000.0,0.0,2000.0,2025-07-01
CUS_0x892d_2024_11_01,CUS_0x892d,2024-11-01,10,9,10000,1000.0,1000.0,0.0,1000.0,2025-08-01
CUS_0x892d_2024_11_01,CUS_0x892d,2024-11-01,10,10,10000,1000.0,1000.0,0.0,0.0,2025-09-01
CUS_0x8967_2024_06_01,CUS_0x8967,2024-06-01,10,0,10000,0.0,0.0,0.0,10000.0,2024-06-01
CUS_0x8967_2024_06_01,CUS_0x8967,2024-06-01,10,1,10000,1000.0,1000.0,0.0,9000.0,2024-07-01
CUS_0x8967_2024_06_01,CUS_0x8967,2024-06-01,10,2,10000,1000.0,1000.0,0.0,8000.0,2024-08-01
CUS_0x8967_2024_06_01,CUS_0x8967,2024-06-01,10,3,10000,1000.0,1000.0,0.0,7000.0,2024-09-01
CUS_0x8967_2024_06_01,CUS_0x8967,2024-06-01,10,4,10000,1000.0,1000.0,0.0,6000.0,2024-10-01
CUS_0x8967_2024_06_01,CUS_0x8967,2024-06-01,10,5,10000,1000.0,1000.0,0.0,5000.0,2024-11-01
CUS_0x8967_2024_06_01,CUS_0x8967,2024-06-01,10,6,10000,1000.0,1000.0,0.0,4000.0,2024-12-01
CUS_0x8967_2024_06_01,CUS_0x8967,2024-06-01,10,7,10000,1000.0,1000.0,0.0,3000.0,2025-01-01
CUS_0x8967_2024_06_01,CUS_0x8967,2024-06-01,10,8,10000,1000.0,1000.0,0.0,2000.0,2025-02-01
CUS_0x8967_2024_06_01,CUS_0x8967,2024-06-01,10,9,10000,1000.0,1000.0,0.0,1000.0,2025-03-01
CUS_0x8967_2024_06_01,CUS_0x8967,2024-06-01,10,10,10000,1000.0,1000.0,0.0,0.0,2025-04-01
CUS_0x89aa_2024_12_01,CUS_0x89aa,2024-12-01,10,0,10000,0.0,0.0,0.0,10000.0,2024-12-01
CUS_0x89aa_2024_12_01,CUS_0x89aa,2024-12-01,10,1,10000,1000.0,1000.0,0.0,9000.0,2025-01-01
CUS_0x89aa_2024_12_01,CUS_0x89aa,2024-12-01,10,2,10000,1000.0,1000.0,0.0,8000.0,2025-02-01
CUS_0x89aa_2024_12_01,CUS_0x89aa,2024-12-01,10,3,10000,1000.0,1000.0,0.0,7000.0,2025-03-01
CUS_0x89aa_2024_12_01,CUS_0x89aa,2024-12-01,10,4,10000,1000.0,1000.0,0.0,6000.0,2025-04-01
CUS_0x89aa_2024_12_01,CUS_0x89aa,2024-12-01,10,5,10000,1000.0,1000.0,0.0,5000.0,2025-05-01
CUS_0x89aa_2024_12_01,CUS_0x89aa,2024-12-01,10,6,10000,1000.0,1000.0,0.0,4000.0,2025-06-01
CUS_0x89aa_2024_12_01,CUS_0x89aa,2024-12-01,10,7,10000,1000.0,1000.0,0.0,3000.0,2025-07-01
CUS_0x89aa_2024_12_01,CUS_0x89aa,2024-12-01,10,8,10000,1000.0,1000.0,0.0,2000.0,2025-08-01
CUS_0x89aa_2024_12_01,CUS_0x89aa,2024-12-01,10,9,10000,1000.0,1000.0,0.0,1000.0,2025-09-01
CUS_0x89aa_2024_12_01,CUS_0x89aa,2024-12-01,10,10,10000,1000.0,1000.0,0.0,0.0,2025-10-01
CUS_0x89c8_2024_03_01,CUS_0x89c8,2024-03-01,10,0,10000,0.0,0.0,0.0,10000.0,2024-03-01
CUS_0x89c8_2024_03_01,CUS_0x89c8,2024-03-01,10,1,10000,1000.0,1000.0,0.0,9000.0,2024-04-01
CUS_0x89c8_2024_03_01,CUS_0x89c8,2024-03-01,10,2,10000,1000.0,1000.0,0.0,8000.0,2024-05-01
CUS_0x89c8_2024_03_01,CUS_0x89c8,2024-03-01,10,3,10000,1000.0,1000.0,0.0,7000.0,2024-06-01
CUS_0x89c8_2024_03_01,CUS_0x89c8,2024-03-01,10,4,10000,1000.0,1000.0,0.0,6000.0,2024-07-01
CUS_0x89c8_2024_03_01,CUS_0x89c8,2024-03-01,10,5,10000,1000.0,1000.0,0.0,5000.0,2024-08-01
CUS_0x89c8_2024_03_01,CUS_0x89c8,2024-03-01,10,6,10000,1000.0,1000.0,0.0,4000.0,2024-09-01
CUS_0x89c8_2024_03_01,CUS_0x89c8,2024-03-01,10,7,10000,1000.0,1000.0,0.0,3000.0,2024-10-01
CUS_0x89c8_2024_03_01,CUS_0x89c8,2024-03-01,10,8,10000,1000.0,1000.0,0.0,2000.0,2024-11-01
CUS_0x89c8_2024_03_01,CUS_0x89c8,2024-03-01,10,9,10000,1000.0,1000.0,0.0,1000.0,2024-12-01
CUS_0x89c8_2024_03_01,CUS_0x89c8,2024-03-01,10,10,10000,1000.0,1000.0,0.0,0.0,2025-01-01
CUS_0x8a1_2023_11_01,CUS_0x8a1,2023-11-01,10,0,10000,0.0,0.0,0.0,10000.0,2023-11-01
CUS_0x8a1_2023_11_01,CUS_0x8a1,2023-11-01,10,1,10000,1000.0,1000.0,0.0,9000.0,2023-12-01
CUS_0x8a1_2023_11_01,CUS_0x8a1,2023-11-01,10,2,10000,1000.0,1000.0,0.0,8000.0,2024-01-01
CUS_0x8a1_2023_11_01,CUS_0x8a1,2023-11-01,10,3,10000,1000.0,1000.0,0.0,7000.0,2024-02-01
CUS_0x8a1_2023_11_01,CUS_0x8a1,2023-11-01,10,4,10000,1000.0,0.0,1000.0,7000.0,2024-03-01
CUS_0x8a1_2023_11_01,CUS_0x8a1,2023-11-01,10,5,10000,1000.0,0.0,2000.0,7000.0,2024-04-01
CUS_0x8a1_2023_11_01,CUS_0x8a1,2023-11-01,10,6,10000,1000.0,0.0,3000.0,7000.0,2024-05-01
CUS_0x8a1_2023_11_01,CUS_0x8a1,2023-11-01,10,7,10000,1000.0,0.0,4000.0,7000.0,2024-06-01
CUS_0x8a1_2023_11_01,CUS_0x8a1,2023-11-01,10,8,10000,1000.0,0.0,5000.0,7000.0,2024-07-01
CUS_0x8a1_2023_11_01,CUS_0x8a1,2023-11-01,10,9,10000,1000.0,0.0,6000.0,7000.0,2024-08-01
CUS_0x8a1_2023_11_01,CUS_0x8a1,2023-11-01,10,10,10000,1000.0,0.0,7000.0,7000.0,2024-09-01
CUS_0x8a5f_2024_09_01,CUS_0x8a5f,2024-09-01,10,0,10000,0.0,0.0,0.0,10000.0,2024-09-01
CUS_0x8a5f_2024_09_01,CUS_0x8a5f,2024-09-01,10,1,10000,1000.0,1000.0,0.0,9000.0,2024-10-01
CUS_0x8a5f_2024_09_01,CUS_0x8a5f,2024-09-01,10,2,10000,1000.0,1000.0,0.0,8000.0,2024-11-01
CUS_0x8a5f_2024_09_01,CUS_0x8a5f,2024-09-01,10,3,10000,1000.0,1000.0,0.0,7000.0,2024-12-01
CUS_0x8a5f_2024_09_01,CUS_0x8a5f,2024-09-01,10,4,10000,1000.0,1000.0,0.0,6000.0,2025-01-01
CUS_0x8a5f_2024_09_01,CUS_0x8a5f,2024-09-01,10,5,10000,1000.0,1000.0,0.0,5000.0,2025-02-01
CUS_0x8a5f_2024_09_01,CUS_0x8a5f,2024-09-01,10,6,10000,1000.0,1000.0,0.0,4000.0,2025-03-01
CUS_0x8a5f_2024_09_01,CUS_0x8a5f,2024-09-01,10,7,10000,1000.0,1000.0,0.0,3000.0,2025-04-01
CUS_0x8a5f_2024_09_01,CUS_0x8a5f,2024-09-01,10,8,10000,1000.0,1000.0,0.0,2000.0,2025-05-01
CUS_0x8a5f_2024_09_01,CUS_0x8a5f,2024-09-01,10,9,10000,1000.0,1000.0,0.0,1000.0,2025-06-01
CUS_0x8a5f_2024_09_01,CUS_0x8a5f,2024-09-01,10,10,10000,1000.0,1000.0,0.0,0.0,2025-07-01
CUS_0x8a6e_2023_01_01,CUS_0x8a6e,2023-01-01,10,0,10000,0.0,0.0,0.0,10000.0,2023-01-01
CUS_0x8a6e_2023_01_01,CUS_0x8a6e,2023-01-01,10,1,10000,1000.0,1000.0,0.0,9000.0,2023-02-01
CUS_0x8a6e_2023_01_01,CUS_0x8a6e,2023-01-01,10,2,10000,1000.0,1000.0,0.0,8000.0,2023-03-01
CUS_0x8a6e_2023_01_01,CUS_0x8a6e,2023-01-01,10,3,10000,1000.0,1000.0,0.0,7000.0,2023-04-01
CUS_0x8a6e_2023_01_01,CUS_0x8a6e,2023-01-01,10,4,10000,1000.0,1000.0,0.0,6000.0,2023-05-01
CUS_0x8a6e_2023_01_01,CUS_0x8a6e,2023-01-01,10,5,10000,1000.0,1000.0,0.0,5000.0,2023-06-01
CUS_0x8a6e_2023_01_01,CUS_0x8a6e,2023-01-01,10,6,10000,1000.0,1000.0,0.0,4000.0,2023-07-01
CUS_0x8a6e_2023_01_01,CUS_0x8a6e,2023-01-01,10,7,10000,1000.0,1000.0,0.0,3000.0,2023-08-01
CUS_0x8a6e_2023_01_01,CUS_0x8a6e,2023-01-01,10,8,10000,1000.0,1000.0,0.0,2000.0,2023-09-01
CUS_0x8a6e_2023_01_01,CUS_0x8a6e,2023-01-01,10,9,10000,1000.0,1000.0,0.0,1000.0,2023-10-01
CUS_0x8a6e_2023_01_01,CUS_0x8a6e,2023-01-01,10,10,10000,1000.0,1000.0,0.0,0.0,2023-11-01
CUS_0x8a8b_2024_03_01,CUS_0x8a8b,2024-03-01,10,0,10000,0.0,0.0,0.0,10000.0,2024-03-01
CUS_0x8a8b_2024_03_01,CUS_0x8a8b,2024-03-01,10,1,10000,1000.0,1000.0,0.0,9000.0,2024-04-01
CUS_0x8a8b_2024_03_01,CUS_0x8a8b,2024-03-01,10,2,10000,1000.0,1000.0,0.0,8000.0,2024-05-01
CUS_0x8a8b_2024_03_01,CUS_0x8a8b,2024-03-01,10,3,10000,1000.0,1000.0,0.0,7000.0,2024-06-01
CUS_0x8a8b_2024_03_01,CUS_0x8a8b,2024-03-01,10,4,10000,1000.0,1000.0,0.0,6000.0,2024-07-01
CUS_0x8a8b_2024_03_01,CUS_0x8a8b,2024-03-01,10,5,10000,1000.0,1000.0,0.0,5000.0,2024-08-01
CUS_0x8a8b_2024_03_01,CUS_0x8a8b,2024-03-01,10,6,10000,1000.0,1000.0,0.0,4000.0,2024-09-01
CUS_0x8a8b_2024_03_01,CUS_0x8a8b,2024-03-01,10,7,10000,1000.0,1000.0,0.0,3000.0,2024-10-01
CUS_0x8a8b_2024_03_01,CUS_0x8a8b,2024-03-01,10,8,10000,1000.0,1000.0,0.0,2000.0,2024-11-01
CUS_0x8a8b_2024_03_01,CUS_0x8a8b,2024-03-01,10,9,10000,1000.0,1000.0,0.0,1000.0,2024-12-01
CUS_0x8a8b_2024_03_01,CUS_0x8a8b,2024-03-01,10,10,10000,1000.0,1000.0,0.0,0.0,2025-01-01
CUS_0x8a8c_2024_07_01,CUS_0x8a8c,2024-07-01,10,0,10000,0.0,0.0,0.0,10000.0,2024-07-01
CUS_0x8a8c_2024_07_01,CUS_0x8a8c,2024-07-01,10,1,10000,1000.0,1000.0,0.0,9000.0,2024-08-01
CUS_0x8a8c_2024_07_01,CUS_0x8a8c,2024-07-01,10,2,10000,1000.0,1000.0,0.0,8000.0,2024-09-01
CUS_0x8a8c_2024_07_01,CUS_0x8a8c,2024-07-01,10,3,10000,1000.0,1000.0,0.0,7000.0,2024-10-01
CUS_0x8a8c_2024_07_01,CUS_0x8a8c,2024-07-01,10,4,10000,1000.0,1000.0,0.0,6000.0,2024-11-01
CUS_0x8a8c_2024_07_01,CUS_0x8a8c,2024-07-01,10,5,10000,1000.0,1000.0,0.0,5000.0,2024-12-01
CUS_0x8a8c_2024_07_01,CUS_0x8a8c,2024-07-01,10,6,10000,1000.0,1000.0,0.0,4000.0,2025-01-01
CUS_0x8a8c_2024_07_01,CUS_0x8a8c,2024-07-01,10,7,10000,1000.0,1000.0,0.0,3000.0,2025-02-01
CUS_0x8a8c_2024_07_01,CUS_0x8a8c,2024-07-01,10,8,10000,1000.0,1000.0,0.0,2000.0,2025-03-01
CUS_0x8a8c_2024_07_01,CUS_0x8a8c,2024-07-01,10,9,10000,1000.0,1000.0,0.0,1000.0,2025-04-01
CUS_0x8a8c_2024_07_01,CUS_0x8a8c,2024-07-01,10,10,10000,1000.0,1000.0,0.0,0.0,2025-05-01
CUS_0x8ad5_2024_06_01,CUS_0x8ad5,2024-06-01,10,0,10000,0.0,0.0,0.0,10000.0,2024-06-01
CUS_0x8ad5_2024_06_01,CUS_0x8ad5,2024-06-01,10,1,10000,1000.0,1000.0,0.0,9000.0,2024-07-01
CUS_0x8ad5_2024_06_01,CUS_0x8ad5,2024-06-01,10,2,10000,1000.0,1000.0,0.0,8000.0,2024-08-01
CUS_0x8ad5_2024_06_01,CUS_0x8ad5,2024-06-01,10,3,10000,1000.0,1000.0,0.0,7000.0,2024-09-01
CUS_0x8ad5_2024_06_01,CUS_0x8ad5,2024-06-01,10,4,10000,1000.0,1000.0,0.0,6000.0,2024-10-01
CUS_0x8ad5_2024_06_01,CUS_0x8ad5,2024-06-01,10,5,10000,1000.0,1000.0,0.0,5000.0,2024-11-01
CUS_0x8ad5_2024_06_01,CUS_0x8ad5,2024-06-01,10,6,10000,1000.0,1000.0,0.0,4000.0,2024-12-01
CUS_0x8ad5_2024_06_01,CUS_0x8ad5,2024-06-01,10,7,10000,1000.0,1000.0,0.0,3000.0,2025-01-01
CUS_0x8ad5_2024_06_01,CUS_0x8ad5,2024-06-01,10,8,10000,1000.0,1000.0,0.0,2000.0,2025-02-01
CUS_0x8ad5_2024_06_01,CUS_0x8ad5,2024-06-01,10,9,10000,1000.0,1000.0,0.0,1000.0,2025-03-01
CUS_0x8ad5_2024_06_01,CUS_0x8ad5,2024-06-01,10,10,10000,1000.0,1000.0,0.0,0.0,2025-04-01
CUS_0x8b09_2024_01_01,CUS_0x8b09,2024-01-01,10,0,10000,0.0,0.0,0.0,10000.0,2024-01-01
CUS_0x8b09_2024_01_01,CUS_0x8b09,2024-01-01,10,1,10000,1000.0,1000.0,0.0,9000.0,2024-02-01
CUS_0x8b09_2024_01_01,CUS_0x8b09,2024-01-01,10,2,10000,1000.0,1000.0,0.0,8000.0,2024-03-01
CUS_0x8b09_2024_01_01,CUS_0x8b09,2024-01-01,10,3,10000,1000.0,1000.0,0.0,7000.0,2024-04-01
CUS_0x8b09_2024_01_01,CUS_0x8b09,2024-01-01,10,4,10000,1000.0,1000.0,0.0,6000.0,2024-05-01
CUS_0x8b09_2024_01_01,CUS_0x8b09,2024-01-01,10,5,10000,1000.0,1000.0,0.0,5000.0,2024-06-01
CUS_0x8b09_2024_01_01,CUS_0x8b09,2024-01-01,10,6,10000,1000.0,1000.0,0.0,4000.0,2024-07-01
CUS_0x8b09_2024_01_01,CUS_0x8b09,2024-01-01,10,7,10000,1000.0,1000.0,0.0,3000.0,2024-08-01
CUS_0x8b09_2024_01_01,CUS_0x8b09,2024-01-01,10,8,10000,1000.0,1000.0,0.0,2000.0,2024-09-01
CUS_0x8b09_2024_01_01,CUS_0x8b09,2024-01-01,10,9,10000,1000.0,1000.0,0.0,1000.0,2024-10-01
CUS_0x8b09_2024_01_01,CUS_0x8b09,2024-01-01,10,10,10000,1000.0,1000.0,0.0,0.0,2024-11-01
CUS_0x8b29_2023_07_01,CUS_0x8b29,2023-07-01,10,0,10000,0.0,0.0,0.0,10000.0,2023-07-01
CUS_0x8b29_2023_07_01,CUS_0x8b29,2023-07-01,10,1,10000,1000.0,1000.0,0.0,9000.0,2023-08-01
CUS_0x8b29_2023_07_01,CUS_0x8b29,2023-07-01,10,2,10000,1000.0,1000.0,0.0,8000.0,2023-09-01
CUS_0x8b29_2023_07_01,CUS_0x8b29,2023-07-01,10,3,10000,1000.0,1000.0,0.0,7000.0,2023-10-01
CUS_0x8b29_2023_07_01,CUS_0x8b29,2023-07-01,10,4,10000,1000.0,1000.0,0.0,6000.0,2023-11-01
CUS_0x8b29_2023_07_01,CUS_0x8b29,2023-07-01,10,5,10000,1000.0,1000.0,0.0,5000.0,2023-12-01
CUS_0x8b29_2023_07_01,CUS_0x8b29,2023-07-01,10,6,10000,1000.0,1000.0,0.0,4000.0,2024-01-01
CUS_0x8b29_2023_07_01,CUS_0x8b29,2023-07-01,10,7,10000,1000.0,1000.0,0.0,3000.0,2024-02-01
CUS_0x8b29_2023_07_01,CUS_0x8b29,2023-07-01,10,8,10000,1000.0,1000.0,0.0,2000.0,2024-03-01
CUS_0x8b29_2023_07_01,CUS_0x8b29,2023-07-01,10,9,10000,1000.0,1000.0,0.0,1000.0,2024-04-01
CUS_0x8b29_2023_07_01,CUS_0x8b29,2023-07-01,10,10,10000,1000.0,1000.0,0.0,0.0,2024-05-01
CUS_0x8b38_2025_01_01,CUS_0x8b38,2025-01-01,10,0,10000,0.0,0.0,0.0,10000.0,2025-01-01
CUS_0x8b38_2025_01_01,CUS_0x8b38,2025-01-01,10,1,10000,1000.0,1000.0,0.0,9000.0,2025-02-01
CUS_0x8b38_2025_01_01,CUS_0x8b38,2025-01-01,10,2,10000,1000.0,1000.0,0.0,8000.0,2025-03-01
CUS_0x8b38_2025_01_01,CUS_0x8b38,2025-01-01,10,3,10000,1000.0,1000.0,0.0,7000.0,2025-04-01
CUS_0x8b38_2025_01_01,CUS_0x8b38,2025-01-01,10,4,10000,1000.0,1000.0,0.0,6000.0,2025-05-01
CUS_0x8b38_2025_01_01,CUS_0x8b38,2025-01-01,10,5,10000,1000.0,1000.0,0.0,5000.0,2025-06-01
CUS_0x8b38_2025_01_01,CUS_0x8b38,2025-01-01,10,6,10000,1000.0,1000.0,0.0,4000.0,2025-07-01
CUS_0x8b38_2025_01_01,CUS_0x8b38,2025-01-01,10,7,10000,1000.0,1000.0,0.0,3000.0,2025-08-01
CUS_0x8b38_2025_01_01,CUS_0x8b38,2025-01-01,10,8,10000,1000.0,1000.0,0.0,2000.0,2025-09-01
CUS_0x8b38_2025_01_01,CUS_0x8b38,2025-01-01,10,9,10000,1000.0,1000.0,0.0,1000.0,2025-10-01
CUS_0x8b38_2025_01_01,CUS_0x8b38,2025-01-01,10,10,10000,1000.0,1000.0,0.0,0.0,2025-11-01
CUS_0x8b4f_2024_12_01,CUS_0x8b4f,2024-12-01,10,0,10000,0.0,0.0,0.0,10000.0,2024-12-01
CUS_0x8b4f_2024_12_01,CUS_0x8b4f,2024-12-01,10,1,10000,1000.0,1000.0,0.0,9000.0,2025-01-01
CUS_0x8b4f_2024_12_01,CUS_0x8b4f,2024-12-01,10,2,10000,1000.0,1000.0,0.0,8000.0,2025-02-01
CUS_0x8b4f_2024_12_01,CUS_0x8b4f,2024-12-01,10,3,10000,1000.0,1000.0,0.0,7000.0,2025-03-01
CUS_0x8b4f_2024_12_01,CUS_0x8b4f,2024-12-01,10,4,10000,1000.0,1000.0,0.0,6000.0,2025-04-01
CUS_0x8b4f_2024_12_01,CUS_0x8b4f,2024-12-01,10,5,10000,1000.0,1000.0,0.0,5000.0,2025-05-01
CUS_0x8b4f_2024_12_01,CUS_0x8b4f,2024-12-01,10,6,10000,1000.0,1000.0,0.0,4000.0,2025-06-01
CUS_0x8b4f_2024_12_01,CUS_0x8b4f,2024-12-01,10,7,10000,1000.0,1000.0,0.0,3000.0,2025-07-01
CUS_0x8b4f_2024_12_01,CUS_0x8b4f,2024-12-01,10,8,10000,1000.0,1000.0,0.0,2000.0,2025-08-01
CUS_0x8b4f_2024_12_01,CUS_0x8b4f,2024-12-01,10,9,10000,1000.0,1000.0,0.0,1000.0,2025-09-01
CUS_0x8b4f_2024_12_01,CUS_0x8b4f,2024-12-01,10,10,10000,1000.0,1000.0,0.0,0.0,2025-10-01
CUS_0x8b74_2024_01_01,CUS_0x8b74,2024-01-01,10,0,10000,0.0,0.0,0.0,10000.0,2024-01-01
CUS_0x8b74_2024_01_01,CUS_0x8b74,2024-01-01,10,1,10000,1000.0,1000.0,0.0,9000.0,2024-02-01
CUS_0x8b74_2024_01_01,CUS_0x8b74,2024-01-01,10,2,10000,1000.0,1000.0,0.0,8000.0,2024-03-01
CUS_0x8b74_2024_01_01,CUS_0x8b74,2024-01-01,10,3,10000,1000.0,1000.0,0.0,7000.0,2024-04-01
CUS_0x8b74_2024_01_01,CUS_0x8b74,2024-01-01,10,4,10000,1000.0,1000.0,0.0,6000.0,2024-05-01
CUS_0x8b74_2024_01_01,CUS_0x8b74,2024-01-01,10,5,10000,1000.0,1000.0,0.0,5000.0,2024-06-01
CUS_0x8b74_2024_01_01,CUS_0x8b74,2024-01-01,10,6,10000,1000.0,1000.0,0.0,4000.0,2024-07-01
CUS_0x8b74_2024_01_01,CUS_0x8b74,2024-01-01,10,7,10000,1000.0,1000.0,0.0,3000.0,2024-08-01
CUS_0x8b74_2024_01_01,CUS_0x8b74,2024-01-01,10,8,10000,1000.0,1000.0,0.0,2000.0,2024-09-01
CUS_0x8b74_2024_01_01,CUS_0x8b74,2024-01-01,10,9,10000,1000.0,1000.0,0.0,1000.0,2024-10-01
CUS_0x8b74_2024_01_01,CUS_0x8b74,2024-01-01,10,10,10000,1000.0,1000.0,0.0,0.0,2024-11-01
CUS_0x8b91_2023_10_01,CUS_0x8b91,2023-10-01,10,0,10000,0.0,0.0,0.0,10000.0,2023-10-01
CUS_0x8b91_2023_10_01,CUS_0x8b91,2023-10-01,10,1,10000,1000.0,1000.0,0.0,9000.0,2023-11-01
CUS_0x8b91_2023_10_01,CUS_0x8b91,2023-10-01,10,2,10000,1000.0,1000.0,0.0,8000.0,2023-12-01
CUS_0x8b91_2023_10_01,CUS_0x8b91,2023-10-01,10,3,10000,1000.0,1000.0,0.0,7000.0,2024-01-01
CUS_0x8b91_2023_10_01,CUS_0x8b91,2023-10-01,10,4,10000,1000.0,1000.0,0.0,6000.0,2024-02-01
CUS_0x8b91_2023_10_01,CUS_0x8b91,2023-10-01,10,5,10000,1000.0,1000.0,0.0,5000.0,2024-03-01
CUS_0x8b91_2023_10_01,CUS_0x8b91,2023-10-01,10,6,10000,1000.0,1000.0,0.0,4000.0,2024-04-01
CUS_0x8b91_2023_10_01,CUS_0x8b91,2023-10-01,10,7,10000,1000.0,1000.0,0.0,3000.0,2024-05-01
CUS_0x8b91_2023_10_01,CUS_0x8b91,2023-10-01,10,8,10000,1000.0,1000.0,0.0,2000.0,2024-06-01
CUS_0x8b91_2023_10_01,CUS_0x8b91,2023-10-01,10,9,10000,1000.0,1000.0,0.0,1000.0,2024-07-01
CUS_0x8b91_2023_10_01,CUS_0x8b91,2023-10-01,10,10,10000,1000.0,1000.0,0.0,0.0,2024-08-01
CUS_0x8bdd_2024_04_01,CUS_0x8bdd,2024-04-01,10,0,10000,0.0,0.0,0.0,10000.0,2024-04-01
CUS_0x8bdd_2024_04_01,CUS_0x8bdd,2024-04-01,10,1,10000,1000.0,1000.0,0.0,9000.0,2024-05-01
CUS_0x8bdd_2024_04_01,CUS_0x8bdd,2024-04-01,10,2,10000,1000.0,1000.0,0.0,8000.0,2024-06-01
CUS_0x8bdd_2024_04_01,CUS_0x8bdd,2024-04-01,10,3,10000,1000.0,1000.0,0.0,7000.0,2024-07-01
CUS_0x8bdd_2024_04_01,CUS_0x8bdd,2024-04-01,10,4,10000,1000.0,1000.0,0.0,6000.0,2024-08-01
CUS_0x8bdd_2024_04_01,CUS_0x8bdd,2024-04-01,10,5,10000,1000.0,1000.0,0.0,5000.0,2024-09-01
CUS_0x8bdd_2024_04_01,CUS_0x8bdd,2024-04-01,10,6,10000,1000.0,1000.0,0.0,4000.0,2024-10-01
CUS_0x8bdd_2024_04_01,CUS_0x8bdd,2024-04-01,10,7,10000,1000.0,1000.0,0.0,3000.0,2024-11-01
CUS_0x8bdd_2024_04_01,CUS_0x8bdd,2024-04-01,10,8,10000,1000.0,1000.0,0.0,2000.0,2024-12-01
CUS_0x8bdd_2024_04_01,CUS_0x8bdd,2024-04-01,10,9,10000,1000.0,1000.0,0.0,1000.0,2025-01-01
CUS_0x8bdd_2024_04_01,CUS_0x8bdd,2024-04-01,10,10,10000,1000.0,1000.0,0.0,0.0,2025-02-01
CUS_0x8c8a_2023_09_01,CUS_0x8c8a,2023-09-01,10,0,10000,0.0,0.0,0.0,10000.0,2023-09-01
CUS_0x8c8a_2023_09_01,CUS_0x8c8a,2023-09-01,10,1,10000,1000.0,1000.0,0.0,9000.0,2023-10-01
CUS_0x8c8a_2023_09_01,CUS_0x8c8a,2023-09-01,10,2,10000,1000.0,0.0,1000.0,9000.0,2023-11-01
CUS_0x8c8a_2023_09_01,CUS_0x8c8a,2023-09-01,10,3,10000,1000.0,2000.0,0.0,7000.0,2023-12-01
CUS_0x8c8a_2023_09_01,CUS_0x8c8a,2023-09-01,10,4,10000,1000.0,0.0,1000.0,7000.0,2024-01-01
CUS_0x8c8a_2023_09_01,CUS_0x8c8a,2023-09-01,10,5,10000,1000.0,0.0,2000.0,7000.0,2024-02-01
CUS_0x8c8a_2023_09_01,CUS_0x8c8a,2023-09-01,10,6,10000,1000.0,0.0,3000.0,7000.0,2024-03-01
CUS_0x8c8a_2023_09_01,CUS_0x8c8a,2023-09-01,10,7,10000,1000.0,0.0,4000.0,7000.0,2024-04-01
CUS_0x8c8a_2023_09_01,CUS_0x8c8a,2023-09-01,10,8,10000,1000.0,0.0,5000.0,7000.0,2024-05-01
CUS_0x8c8a_2023_09_01,CUS_0x8c8a,2023-09-01,10,9,10000,1000.0,0.0,6000.0,7000.0,2024-06-01
CUS_0x8c8a_2023_09_01,CUS_0x8c8a,2023-09-01,10,10,10000,1000.0,0.0,7000.0,7000.0,2024-07-01
CUS_0x8cd4_2024_02_01,CUS_0x8cd4,2024-02-01,10,0,10000,0.0,0.0,0.0,10000.0,2024-02-01
CUS_0x8cd4_2024_02_01,CUS_0x8cd4,2024-02-01,10,1,10000,1000.0,1000.0,0.0,9000.0,2024-03-01
CUS_0x8cd4_2024_02_01,CUS_0x8cd4,2024-02-01,10,2,10000,1000.0,1000.0,0.0,8000.0,2024-04-01
CUS_0x8cd4_2024_02_01,CUS_0x8cd4,2024-02-01,10,3,10000,1000.0,1000.0,0.0,7000.0,2024-05-01
CUS_0x8cd4_2024_02_01,CUS_0x8cd4,2024-02-01,10,4,10000,1000.0,1000.0,0.0,6000.0,2024-06-01
CUS_0x8cd4_2024_02_01,CUS_0x8cd4,2024-02-01,10,5,10000,1000.0,1000.0,0.0,5000.0,2024-07-01
CUS_0x8cd4_2024_02_01,CUS_0x8cd4,2024-02-01,10,6,10000,1000.0,1000.0,0.0,4000.0,2024-08-01
CUS_0x8cd4_2024_02_01,CUS_0x8cd4,2024-02-01,10,7,10000,1000.0,1000.0,0.0,3000.0,2024-09-01
CUS_0x8cd4_2024_02_01,CUS_0x8cd4,2024-02-01,10,8,10000,1000.0,1000.0,0.0,2000.0,2024-10-01
CUS_0x8cd4_2024_02_01,CUS_0x8cd4,2024-02-01,10,9,10000,1000.0,1000.0,0.0,1000.0,2024-11-01
CUS_0x8cd4_2024_02_01,CUS_0x8cd4,2024-02-01,10,10,10000,1000.0,1000.0,0.0,0.0,2024-12-01
CUS_0x8d2_2023_03_01,CUS_0x8d2,2023-03-01,10,0,10000,0.0,0.0,0.0,10000.0,2023-03-01
CUS_0x8d2_2023_03_01,CUS_0x8d2,2023-03-01,10,1,10000,1000.0,1000.0,0.0,9000.0,2023-04-01
CUS_0x8d2_2023_03_01,CUS_0x8d2,2023-03-01,10,2,10000,1000.0,1000.0,0.0,8000.0,2023-05-01
CUS_0x8d2_2023_03_01,CUS_0x8d2,2023-03-01,10,3,10000,1000.0,1000.0,0.0,7000.0,2023-06-01
CUS_0x8d2_2023_03_01,CUS_0x8d2,2023-03-01,10,4,10000,1000.0,1000.0,0.0,6000.0,2023-07-01
CUS_0x8d2_2023_03_01,CUS_0x8d2,2023-03-01,10,5,10000,1000.0,1000.0,0.0,5000.0,2023-08-01
CUS_0x8d2_2023_03_01,CUS_0x8d2,2023-03-01,10,6,10000,1000.0,1000.0,0.0,4000.0,2023-09-01
CUS_0x8d2_2023_03_01,CUS_0x8d2,2023-03-01,10,7,10000,1000.0,1000.0,0.0,3000.0,2023-10-01
CUS_0x8d2_2023_03_01,CUS_0x8d2,2023-03-01,10,8,10000,1000.0,1000.0,0.0,2000.0,2023-11-01
CUS_0x8d2_2023_03_01,CUS_0x8d2,2023-03-01,10,9,10000,1000.0,1000.0,0.0,1000.0,2023-12-01
CUS_0x8d2_2023_03_01,CUS_0x8d2,2023-03-01,10,10,10000,1000.0,1000.0,0.0,0.0,2024-01-01
CUS_0x8d3_2025_01_01,CUS_0x8d3,2025-01-01,10,0,10000,0.0,0.0,0.0,10000.0,2025-01-01
CUS_0x8d3_2025_01_01,CUS_0x8d3,2025-01-01,10,1,10000,1000.0,1000.0,0.0,9000.0,2025-02-01
CUS_0x8d3_2025_01_01,CUS_0x8d3,2025-01-01,10,2,10000,1000.0,1000.0,0.0,8000.0,2025-03-01
CUS_0x8d3_2025_01_01,CUS_0x8d3,2025-01-01,10,3,10000,1000.0,1000.0,0.0,7000.0,2025-04-01
CUS_0x8d3_2025_01_01,CUS_0x8d3,2025-01-01,10,4,10000,1000.0,1000.0,0.0,6000.0,2025-05-01
CUS_0x8d3_2025_01_01,CUS_0x8d3,2025-01-01,10,5,10000,1000.0,1000.0,0.0,5000.0,2025-06-01
CUS_0x8d3_2025_01_01,CUS_0x8d3,2025-01-01,10,6,10000,1000.0,1000.0,0.0,4000.0,2025-07-01
CUS_0x8d3_2025_01_01,CUS_0x8d3,2025-01-01,10,7,10000,1000.0,1000.0,0.0,3000.0,2025-08-01
CUS_0x8d3_2025_01_01,CUS_0x8d3,2025-01-01,10,8,10000,1000.0,1000.0,0.0,2000.0,2025-09-01
CUS_0x8d3_2025_01_01,CUS_0x8d3,2025-01-01,10,9,10000,1000.0,1000.0,0.0,1000.0,2025-10-01
CUS_0x8d3_2025_01_01,CUS_0x8d3,2025-01-01,10,10,10000,1000.0,1000.0,0.0,0.0,2025-11-01
CUS_0x8d7_2024_12_01,CUS_0x8d7,2024-12-01,10,0,10000,0.0,0.0,0.0,10000.0,2024-12-01
CUS_0x8d7_2024_12_01,CUS_0x8d7,2024-12-01,10,1,10000,1000.0,1000.0,0.0,9000.0,2025-01-01
CUS_0x8d7_2024_12_01,CUS_0x8d7,2024-12-01,10,2,10000,1000.0,1000.0,0.0,8000.0,2025-02-01
CUS_0x8d7_2024_12_01,CUS_0x8d7,2024-12-01,10,3,10000,1000.0,1000.0,0.0,7000.0,2025-03-01
CUS_0x8d7_2024_12_01,CUS_0x8d7,2024-12-01,10,4,10000,1000.0,1000.0,0.0,6000.0,2025-04-01
CUS_0x8d7_2024_12_01,CUS_0x8d7,2024-12-01,10,5,10000,1000.0,1000.0,0.0,5000.0,2025-05-01
CUS_0x8d7_2024_12_01,CUS_0x8d7,2024-12-01,10,6,10000,1000.0,1000.0,0.0,4000.0,2025-06-01
CUS_0x8d7_2024_12_01,CUS_0x8d7,2024-12-01,10,7,10000,1000.0,1000.0,0.0,3000.0,2025-07-01
CUS_0x8d7_2024_12_01,CUS_0x8d7,2024-12-01,10,8,10000,1000.0,1000.0,0.0,2000.0,2025-08-01
CUS_0x8d7_2024_12_01,CUS_0x8d7,2024-12-01,10,9,10000,1000.0,1000.0,0.0,1000.0,2025-09-01
CUS_0x8d7_2024_12_01,CUS_0x8d7,2024-12-01,10,10,10000,1000.0,1000.0,0.0,0.0,2025-10-01
CUS_0x8e00_2024_11_01,CUS_0x8e00,2024-11-01,10,0,10000,0.0,0.0,0.0,10000.0,2024-11-01
CUS_0x8e00_2024_11_01,CUS_0x8e00,2024-11-01,10,1,10000,1000.0,1000.0,0.0,9000.0,2024-12-01
CUS_0x8e00_2024_11_01,CUS_0x8e00,2024-11-01,10,2,10000,1000.0,1000.0,0.0,8000.0,2025-01-01
CUS_0x8e00_2024_11_01,CUS_0x8e00,2024-11-01,10,3,10000,1000.0,1000.0,0.0,7000.0,2025-02-01
CUS_0x8e00_2024_11_01,CUS_0x8e00,2024-11-01,10,4,10000,1000.0,1000.0,0.0,6000.0,2025-03-01
CUS_0x8e00_2024_11_01,CUS_0x8e00,2024-11-01,10,5,10000,1000.0,1000.0,0.0,5000.0,2025-04-01
CUS_0x8e00_2024_11_01,CUS_0x8e00,2024-11-01,10,6,10000,1000.0,1000.0,0.0,4000.0,2025-05-01
CUS_0x8e00_2024_11_01,CUS_0x8e00,2024-11-01,10,7,10000,1000.0,1000.0,0.0,3000.0,2025-06-01
CUS_0x8e00_2024_11_01,CUS_0x8e00,2024-11-01,10,8,10000,1000.0,1000.0,0.0,2000.0,2025-07-01
CUS_0x8e00_2024_11_01,CUS_0x8e00,2024-11-01,10,9,10000,1000.0,1000.0,0.0,1000.0,2025-08-01
CUS_0x8e00_2024_11_01,CUS_0x8e00,2024-11-01,10,10,10000,1000.0,1000.0,0.0,0.0,2025-09-01
CUS_0x8e6e_2024_08_01,CUS_0x8e6e,2024-08-01,10,0,10000,0.0,0.0,0.0,10000.0,2024-08-01
CUS_0x8e6e_2024_08_01,CUS_0x8e6e,2024-08-01,10,1,10000,1000.0,1000.0,0.0,9000.0,2024-09-01
CUS_0x8e6e_2024_08_01,CUS_0x8e6e,2024-08-01,10,2,10000,1000.0,1000.0,0.0,8000.0,2024-10-01
CUS_0x8e6e_2024_08_01,CUS_0x8e6e,2024-08-01,10,3,10000,1000.0,1000.0,0.0,7000.0,2024-11-01
CUS_0x8e6e_2024_08_01,CUS_0x8e6e,2024-08-01,10,4,10000,1000.0,1000.0,0.0,6000.0,2024-12-01
CUS_0x8e6e_2024_08_01,CUS_0x8e6e,2024-08-01,10,5,10000,1000.0,1000.0,0.0,5000.0,2025-01-01
CUS_0x8e6e_2024_08_01,CUS_0x8e6e,2024-08-01,10,6,10000,1000.0,1000.0,0.0,4000.0,2025-02-01
CUS_0x8e6e_2024_08_01,CUS_0x8e6e,2024-08-01,10,7,10000,1000.0,1000.0,0.0,3000.0,2025-03-01
CUS_0x8e6e_2024_08_01,CUS_0x8e6e,2024-08-01,10,8,10000,1000.0,1000.0,0.0,2000.0,2025-04-01
CUS_0x8e6e_2024_08_01,CUS_0x8e6e,2024-08-01,10,9,10000,1000.0,1000.0,0.0,1000.0,2025-05-01
CUS_0x8e6e_2024_08_01,CUS_0x8e6e,2024-08-01,10,10,10000,1000.0,1000.0,0.0,0.0,2025-06-01
CUS_0x8e70_2024_02_01,CUS_0x8e70,2024-02-01,10,0,10000,0.0,0.0,0.0,10000.0,2024-02-01
CUS_0x8e70_2024_02_01,CUS_0x8e70,2024-02-01,10,1,10000,1000.0,1000.0,0.0,9000.0,2024-03-01
CUS_0x8e70_2024_02_01,CUS_0x8e70,2024-02-01,10,2,10000,1000.0,1000.0,0.0,8000.0,2024-04-01
CUS_0x8e70_2024_02_01,CUS_0x8e70,2024-02-01,10,3,10000,1000.0,1000.0,0.0,7000.0,2024-05-01
CUS_0x8e70_2024_02_01,CUS_0x8e70,2024-02-01,10,4,10000,1000.0,0.0,1000.0,7000.0,2024-06-01
CUS_0x8e70_2024_02_01,CUS_0x8e70,2024-02-01,10,5,10000,1000.0,0.0,2000.0,7000.0,2024-07-01
CUS_0x8e70_2024_02_01,CUS_0x8e70,2024-02-01,10,6,10000,1000.0,0.0,3000.0,7000.0,2024-08-01
CUS_0x8e70_2024_02_01,CUS_0x8e70,2024-02-01,10,7,10000,1000.0,0.0,4000.0,7000.0,2024-09-01
CUS_0x8e70_2024_02_01,CUS_0x8e70,2024-02-01,10,8,10000,1000.0,0.0,5000.0,7000.0,2024-10-01
CUS_0x8e70_2024_02_01,CUS_0x8e70,2024-02-01,10,9,10000,1000.0,0.0,6000.0,7000.0,2024-11-01
CUS_0x8e70_2024_02_01,CUS_0x8e70,2024-02-01,10,10,10000,1000.0,0.0,7000.0,7000.0,2024-12-01
CUS_0x8e72_2024_10_01,CUS_0x8e72,2024-10-01,10,0,10000,0.0,0.0,0.0,10000.0,2024-10-01
CUS_0x8e72_2024_10_01,CUS_0x8e72,2024-10-01,10,1,10000,1000.0,1000.0,0.0,9000.0,2024-11-01
CUS_0x8e72_2024_10_01,CUS_0x8e72,2024-10-01,10,2,10000,1000.0,1000.0,0.0,8000.0,2024-12-01
CUS_0x8e72_2024_10_01,CUS_0x8e72,2024-10-01,10,3,10000,1000.0,1000.0,0.0,7000.0,2025-01-01
CUS_0x8e72_2024_10_01,CUS_0x8e72,2024-10-01,10,4,10000,1000.0,1000.0,0.0,6000.0,2025-02-01
CUS_0x8e72_2024_10_01,CUS_0x8e72,2024-10-01,10,5,10000,1000.0,1000.0,0.0,5000.0,2025-03-01
CUS_0x8e72_2024_10_01,CUS_0x8e72,2024-10-01,10,6,10000,1000.0,1000.0,0.0,4000.0,2025-04-01
CUS_0x8e72_2024_10_01,CUS_0x8e72,2024-10-01,10,7,10000,1000.0,1000.0,0.0,3000.0,2025-05-01
CUS_0x8e72_2024_10_01,CUS_0x8e72,2024-10-01,10,8,10000,1000.0,1000.0,0.0,2000.0,2025-06-01
CUS_0x8e72_2024_10_01,CUS_0x8e72,2024-10-01,10,9,10000,1000.0,1000.0,0.0,1000.0,2025-07-01
CUS_0x8e72_2024_10_01,CUS_0x8e72,2024-10-01,10,10,10000,1000.0,1000.0,0.0,0.0,2025-08-01
CUS_0x8e7f_2023_09_01,CUS_0x8e7f,2023-09-01,10,0,10000,0.0,0.0,0.0,10000.0,2023-09-01
CUS_0x8e7f_2023_09_01,CUS_0x8e7f,2023-09-01,10,1,10000,1000.0,1000.0,0.0,9000.0,2023-10-01
CUS_0x8e7f_2023_09_01,CUS_0x8e7f,2023-09-01,10,2,10000,1000.0,1000.0,0.0,8000.0,2023-11-01
CUS_0x8e7f_2023_09_01,CUS_0x8e7f,2023-09-01,10,3,10000,1000.0,1000.0,0.0,7000.0,2023-12-01
CUS_0x8e7f_2023_09_01,CUS_0x8e7f,2023-09-01,10,4,10000,1000.0,1000.0,0.0,6000.0,2024-01-01
CUS_0x8e7f_2023_09_01,CUS_0x8e7f,2023-09-01,10,5,10000,1000.0,1000.0,0.0,5000.0,2024-02-01
CUS_0x8e7f_2023_09_01,CUS_0x8e7f,2023-09-01,10,6,10000,1000.0,1000.0,0.0,4000.0,2024-03-01
CUS_0x8e7f_2023_09_01,CUS_0x8e7f,2023-09-01,10,7,10000,1000.0,1000.0,0.0,3000.0,2024-04-01
CUS_0x8e7f_2023_09_01,CUS_0x8e7f,2023-09-01,10,8,10000,1000.0,1000.0,0.0,2000.0,2024-05-01
CUS_0x8e7f_2023_09_01,CUS_0x8e7f,2023-09-01,10,9,10000,1000.0,1000.0,0.0,1000.0,2024-06-01
CUS_0x8e7f_2023_09_01,CUS_0x8e7f,2023-09-01,10,10,10000,1000.0,1000.0,0.0,0.0,2024-07-01
CUS_0x8ea_2024_03_01,CUS_0x8ea,2024-03-01,10,0,10000,0.0,0.0,0.0,10000.0,2024-03-01
CUS_0x8ea_2024_03_01,CUS_0x8ea,2024-03-01,10,1,10000,1000.0,1000.0,0.0,9000.0,2024-04-01
CUS_0x8ea_2024_03_01,CUS_0x8ea,2024-03-01,10,2,10000,1000.0,1000.0,0.0,8000.0,2024-05-01
CUS_0x8ea_2024_03_01,CUS_0x8ea,2024-03-01,10,3,10000,1000.0,1000.0,0.0,7000.0,2024-06-01
CUS_0x8ea_2024_03_01,CUS_0x8ea,2024-03-01,10,4,10000,1000.0,1000.0,0.0,6000.0,2024-07-01
CUS_0x8ea_2024_03_01,CUS_0x8ea,2024-03-01,10,5,10000,1000.0,1000.0,0.0,5000.0,2024-08-01
CUS_0x8ea_2024_03_01,CUS_0x8ea,2024-03-01,10,6,10000,1000.0,1000.0,0.0,4000.0,2024-09-01
CUS_0x8ea_2024_03_01,CUS_0x8ea,2024-03-01,10,7,10000,1000.0,1000.0,0.0,3000.0,2024-10-01
CUS_0x8ea_2024_03_01,CUS_0x8ea,2024-03-01,10,8,10000,1000.0,1000.0,0.0,2000.0,2024-11-01
CUS_0x8ea_2024_03_01,CUS_0x8ea,2024-03-01,10,9,10000,1000.0,1000.0,0.0,1000.0,2024-12-01
CUS_0x8ea_2024_03_01,CUS_0x8ea,2024-03-01,10,10,10000,1000.0,1000.0,0.0,0.0,2025-01-01
CUS_0x8eac_2025_01_01,CUS_0x8eac,2025-01-01,10,0,10000,0.0,0.0,0.0,10000.0,2025-01-01
CUS_0x8eac_2025_01_01,CUS_0x8eac,2025-01-01,10,1,10000,1000.0,1000.0,0.0,9000.0,2025-02-01
CUS_0x8eac_2025_01_01,CUS_0x8eac,2025-01-01,10,2,10000,1000.0,1000.0,0.0,8000.0,2025-03-01
CUS_0x8eac_2025_01_01,CUS_0x8eac,2025-01-01,10,3,10000,1000.0,0.0,1000.0,8000.0,2025-04-01
CUS_0x8eac_2025_01_01,CUS_0x8eac,2025-01-01,10,4,10000,1000.0,2000.0,0.0,6000.0,2025-05-01
CUS_0x8eac_2025_01_01,CUS_0x8eac,2025-01-01,10,5,10000,1000.0,0.0,1000.0,6000.0,2025-06-01
CUS_0x8eac_2025_01_01,CUS_0x8eac,2025-01-01,10,6,10000,1000.0,0.0,2000.0,6000.0,2025-07-01
CUS_0x8eac_2025_01_01,CUS_0x8eac,2025-01-01,10,7,10000,1000.0,0.0,3000.0,6000.0,2025-08-01
CUS_0x8eac_2025_01_01,CUS_0x8eac,2025-01-01,10,8,10000,1000.0,0.0,4000.0,6000.0,2025-09-01
CUS_0x8eac_2025_01_01,CUS_0x8eac,2025-01-01,10,9,10000,1000.0,0.0,5000.0,6000.0,2025-10-01
CUS_0x8eac_2025_01_01,CUS_0x8eac,2025-01-01,10,10,10000,1000.0,0.0,6000.0,6000.0,2025-11-01
CUS_0x8f35_2025_01_01,CUS_0x8f35,2025-01-01,10,0,10000,0.0,0.0,0.0,10000.0,2025-01-01
CUS_0x8f35_2025_01_01,CUS_0x8f35,2025-01-01,10,1,10000,1000.0,1000.0,0.0,9000.0,2025-02-01
CUS_0x8f35_2025_01_01,CUS_0x8f35,2025-01-01,10,2,10000,1000.0,1000.0,0.0,8000.0,2025-03-01
CUS_0x8f35_2025_01_01,CUS_0x8f35,2025-01-01,10,3,10000,1000.0,1000.0,0.0,7000.0,2025-04-01
CUS_0x8f35_2025_01_01,CUS_0x8f35,2025-01-01,10,4,10000,1000.0,1000.0,0.0,6000.0,2025-05-01
CUS_0x8f35_2025_01_01,CUS_0x8f35,2025-01-01,10,5,10000,1000.0,1000.0,0.0,5000.0,2025-06-01
CUS_0x8f35_2025_01_01,CUS_0x8f35,2025-01-01,10,6,10000,1000.0,1000.0,0.0,4000.0,2025-07-01
CUS_0x8f35_2025_01_01,CUS_0x8f35,2025-01-01,10,7,10000,1000.0,1000.0,0.0,3000.0,2025-08-01
CUS_0x8f35_2025_01_01,CUS_0x8f35,2025-01-01,10,8,10000,1000.0,1000.0,0.0,2000.0,2025-09-01
CUS_0x8f35_2025_01_01,CUS_0x8f35,2025-01-01,10,9,10000,1000.0,1000.0,0.0,1000.0,2025-10-01
CUS_0x8f35_2025_01_01,CUS_0x8f35,2025-01-01,10,10,10000,1000.0,1000.0,0.0,0.0,2025-11-01
CUS_0x8f45_2023_07_01,CUS_0x8f45,2023-07-01,10,0,10000,0.0,0.0,0.0,10000.0,2023-07-01
CUS_0x8f45_2023_07_01,CUS_0x8f45,2023-07-01,10,1,10000,1000.0,1000.0,0.0,9000.0,2023-08-01
CUS_0x8f45_2023_07_01,CUS_0x8f45,2023-07-01,10,2,10000,1000.0,1000.0,0.0,8000.0,2023-09-01
CUS_0x8f45_2023_07_01,CUS_0x8f45,2023-07-01,10,3,10000,1000.0,1000.0,0.0,7000.0,2023-10-01
CUS_0x8f45_2023_07_01,CUS_0x8f45,2023-07-01,10,4,10000,1000.0,1000.0,0.0,6000.0,2023-11-01
CUS_0x8f45_2023_07_01,CUS_0x8f45,2023-07-01,10,5,10000,1000.0,1000.0,0.0,5000.0,2023-12-01
CUS_0x8f45_2023_07_01,CUS_0x8f45,2023-07-01,10,6,10000,1000.0,1000.0,0.0,4000.0,2024-01-01
CUS_0x8f45_2023_07_01,CUS_0x8f45,2023-07-01,10,7,10000,1000.0,1000.0,0.0,3000.0,2024-02-01
CUS_0x8f45_2023_07_01,CUS_0x8f45,2023-07-01,10,8,10000,1000.0,1000.0,0.0,2000.0,2024-03-01
CUS_0x8f45_2023_07_01,CUS_0x8f45,2023-07-01,10,9,10000,1000.0,1000.0,0.0,1000.0,2024-04-01
CUS_0x8f45_2023_07_01,CUS_0x8f45,2023-07-01,10,10,10000,1000.0,1000.0,0.0,0.0,2024-05-01
CUS_0x8f58_2025_01_01,CUS_0x8f58,2025-01-01,10,0,10000,0.0,0.0,0.0,10000.0,2025-01-01
CUS_0x8f58_2025_01_01,CUS_0x8f58,2025-01-01,10,1,10000,1000.0,1000.0,0.0,9000.0,2025-02-01
CUS_0x8f58_2025_01_01,CUS_0x8f58,2025-01-01,10,2,10000,1000.0,1000.0,0.0,8000.0,2025-03-01
CUS_0x8f58_2025_01_01,CUS_0x8f58,2025-01-01,10,3,10000,1000.0,1000.0,0.0,7000.0,2025-04-01
CUS_0x8f58_2025_01_01,CUS_0x8f58,2025-01-01,10,4,10000,1000.0,1000.0,0.0,6000.0,2025-05-01
CUS_0x8f58_2025_01_01,CUS_0x8f58,2025-01-01,10,5,10000,1000.0,1000.0,0.0,5000.0,2025-06-01
CUS_0x8f58_2025_01_01,CUS_0x8f58,2025-01-01,10,6,10000,1000.0,1000.0,0.0,4000.0,2025-07-01
CUS_0x8f58_2025_01_01,CUS_0x8f58,2025-01-01,10,7,10000,1000.0,1000.0,0.0,3000.0,2025-08-01
CUS_0x8f58_2025_01_01,CUS_0x8f58,2025-01-01,10,8,10000,1000.0,1000.0,0.0,2000.0,2025-09-01
CUS_0x8f58_2025_01_01,CUS_0x8f58,2025-01-01,10,9,10000,1000.0,1000.0,0.0,1000.0,2025-10-01
CUS_0x8f58_2025_01_01,CUS_0x8f58,2025-01-01,10,10,10000,1000.0,1000.0,0.0,0.0,2025-11-01
CUS_0x8f7e_2023_01_01,CUS_0x8f7e,2023-01-01,10,0,10000,0.0,0.0,0.0,10000.0,2023-01-01
CUS_0x8f7e_2023_01_01,CUS_0x8f7e,2023-01-01,10,1,10000,1000.0,1000.0,0.0,9000.0,2023-02-01
CUS_0x8f7e_2023_01_01,CUS_0x8f7e,2023-01-01,10,2,10000,1000.0,1000.0,0.0,8000.0,2023-03-01
CUS_0x8f7e_2023_01_01,CUS_0x8f7e,2023-01-01,10,3,10000,1000.0,1000.0,0.0,7000.0,2023-04-01
CUS_0x8f7e_2023_01_01,CUS_0x8f7e,2023-01-01,10,4,10000,1000.0,0.0,1000.0,7000.0,2023-05-01
CUS_0x8f7e_2023_01_01,CUS_0x8f7e,2023-01-01,10,5,10000,1000.0,0.0,2000.0,7000.0,2023-06-01
CUS_0x8f7e_2023_01_01,CUS_0x8f7e,2023-01-01,10,6,10000,1000.0,0.0,3000.0,7000.0,2023-07-01
CUS_0x8f7e_2023_01_01,CUS_0x8f7e,2023-01-01,10,7,10000,1000.0,0.0,4000.0,7000.0,2023-08-01
CUS_0x8f7e_2023_01_01,CUS_0x8f7e,2023-01-01,10,8,10000,1000.0,0.0,5000.0,7000.0,2023-09-01
CUS_0x8f7e_2023_01_01,CUS_0x8f7e,2023-01-01,10,9,10000,1000.0,0.0,6000.0,7000.0,2023-10-01
CUS_0x8f7e_2023_01_01,CUS_0x8f7e,2023-01-01,10,10,10000,1000.0,0.0,7000.0,7000.0,2023-11-01
CUS_0x8fd5_2024_06_01,CUS_0x8fd5,2024-06-01,10,0,10000,0.0,0.0,0.0,10000.0,2024-06-01
CUS_0x8fd5_2024_06_01,CUS_0x8fd5,2024-06-01,10,1,10000,1000.0,1000.0,0.0,9000.0,2024-07-01
CUS_0x8fd5_2024_06_01,CUS_0x8fd5,2024-06-01,10,2,10000,1000.0,1000.0,0.0,8000.0,2024-08-01
CUS_0x8fd5_2024_06_01,CUS_0x8fd5,2024-06-01,10,3,10000,1000.0,1000.0,0.0,7000.0,2024-09-01
CUS_0x8fd5_2024_06_01,CUS_0x8fd5,2024-06-01,10,4,10000,1000.0,1000.0,0.0,6000.0,2024-10-01
CUS_0x8fd5_2024_06_01,CUS_0x8fd5,2024-06-01,10,5,10000,1000.0,1000.0,0.0,5000.0,2024-11-01
CUS_0x8fd5_2024_06_01,CUS_0x8fd5,2024-06-01,10,6,10000,1000.0,1000.0,0.0,4000.0,2024-12-01
CUS_0x8fd5_2024_06_01,CUS_0x8fd5,2024-06-01,10,7,10000,1000.0,1000.0,0.0,3000.0,2025-01-01
CUS_0x8fd5_2024_06_01,CUS_0x8fd5,2024-06-01,10,8,10000,1000.0,1000.0,0.0,2000.0,2025-02-01
CUS_0x8fd5_2024_06_01,CUS_0x8fd5,2024-06-01,10,9,10000,1000.0,1000.0,0.0,1000.0,2025-03-01
CUS_0x8fd5_2024_06_01,CUS_0x8fd5,2024-06-01,10,10,10000,1000.0,1000.0,0.0,0.0,2025-04-01
CUS_0x8fe0_2024_05_01,CUS_0x8fe0,2024-05-01,10,0,10000,0.0,0.0,0.0,10000.0,2024-05-01
CUS_0x8fe0_2024_05_01,CUS_0x8fe0,2024-05-01,10,1,10000,1000.0,1000.0,0.0,9000.0,2024-06-01
CUS_0x8fe0_2024_05_01,CUS_0x8fe0,2024-05-01,10,2,10000,1000.0,1000.0,0.0,8000.0,2024-07-01
CUS_0x8fe0_2024_05_01,CUS_0x8fe0,2024-05-01,10,3,10000,1000.0,1000.0,0.0,7000.0,2024-08-01
CUS_0x8fe0_2024_05_01,CUS_0x8fe0,2024-05-01,10,4,10000,1000.0,1000.0,0.0,6000.0,2024-09-01
CUS_0x8fe0_2024_05_01,CUS_0x8fe0,2024-05-01,10,5,10000,1000.0,1000.0,0.0,5000.0,2024-10-01
CUS_0x8fe0_2024_05_01,CUS_0x8fe0,2024-05-01,10,6,10000,1000.0,1000.0,0.0,4000.0,2024-11-01
CUS_0x8fe0_2024_05_01,CUS_0x8fe0,2024-05-01,10,7,10000,1000.0,1000.0,0.0,3000.0,2024-12-01
CUS_0x8fe0_2024_05_01,CUS_0x8fe0,2024-05-01,10,8,10000,1000.0,1000.0,0.0,2000.0,2025-01-01
CUS_0x8fe0_2024_05_01,CUS_0x8fe0,2024-05-01,10,9,10000,1000.0,1000.0,0.0,1000.0,2025-02-01
CUS_0x8fe0_2024_05_01,CUS_0x8fe0,2024-05-01,10,10,10000,1000.0,1000.0,0.0,0.0,2025-03-01
CUS_0x8fec_2024_12_01,CUS_0x8fec,2024-12-01,10,0,10000,0.0,0.0,0.0,10000.0,2024-12-01
CUS_0x8fec_2024_12_01,CUS_0x8fec,2024-12-01,10,1,10000,1000.0,1000.0,0.0,9000.0,2025-01-01
CUS_0x8fec_2024_12_01,CUS_0x8fec,2024-12-01,10,2,10000,1000.0,1000.0,0.0,8000.0,2025-02-01
CUS_0x8fec_2024_12_01,CUS_0x8fec,2024-12-01,10,3,10000,1000.0,1000.0,0.0,7000.0,2025-03-01
CUS_0x8fec_2024_12_01,CUS_0x8fec,2024-12-01,10,4,10000,1000.0,1000.0,0.0,6000.0,2025-04-01
CUS_0x8fec_2024_12_01,CUS_0x8fec,2024-12-01,10,5,10000,1000.0,1000.0,0.0,5000.0,2025-05-01
CUS_0x8fec_2024_12_01,CUS_0x8fec,2024-12-01,10,6,10000,1000.0,1000.0,0.0,4000.0,2025-06-01
CUS_0x8fec_2024_12_01,CUS_0x8fec,2024-12-01,10,7,10000,1000.0,1000.0,0.0,3000.0,2025-07-01
CUS_0x8fec_2024_12_01,CUS_0x8fec,2024-12-01,10,8,10000,1000.0,1000.0,0.0,2000.0,2025-08-01
CUS_0x8fec_2024_12_01,CUS_0x8fec,2024-12-01,10,9,10000,1000.0,1000.0,0.0,1000.0,2025-09-01
CUS_0x8fec_2024_12_01,CUS_0x8fec,2024-12-01,10,10,10000,1000.0,1000.0,0.0,0.0,2025-10-01
CUS_0x8ff8_2024_07_01,CUS_0x8ff8,2024-07-01,10,0,10000,0.0,0.0,0.0,10000.0,2024-07-01
CUS_0x8ff8_2024_07_01,CUS_0x8ff8,2024-07-01,10,1,10000,1000.0,1000.0,0.0,9000.0,2024-08-01
CUS_0x8ff8_2024_07_01,CUS_0x8ff8,2024-07-01,10,2,10000,1000.0,1000.0,0.0,8000.0,2024-09-01
CUS_0x8ff8_2024_07_01,CUS_0x8ff8,2024-07-01,10,3,10000,1000.0,1000.0,0.0,7000.0,2024-10-01
CUS_0x8ff8_2024_07_01,CUS_0x8ff8,2024-07-01,10,4,10000,1000.0,1000.0,0.0,6000.0,2024-11-01
CUS_0x8ff8_2024_07_01,CUS_0x8ff8,2024-07-01,10,5,10000,1000.0,1000.0,0.0,5000.0,2024-12-01
CUS_0x8ff8_2024_07_01,CUS_0x8ff8,2024-07-01,10,6,10000,1000.0,1000.0,0.0,4000.0,2025-01-01
CUS_0x8ff8_2024_07_01,CUS_0x8ff8,2024-07-01,10,7,10000,1000.0,1000.0,0.0,3000.0,2025-02-01
CUS_0x8ff8_2024_07_01,CUS_0x8ff8,2024-07-01,10,8,10000,1000.0,1000.0,0.0,2000.0,2025-03-01
CUS_0x8ff8_2024_07_01,CUS_0x8ff8,2024-07-01,10,9,10000,1000.0,1000.0,0.0,1000.0,2025-04-01
CUS_0x8ff8_2024_07_01,CUS_0x8ff8,2024-07-01,10,10,10000,1000.0,1000.0,0.0,0.0,2025-05-01
CUS_0x9002_2024_02_01,CUS_0x9002,2024-02-01,10,0,10000,0.0,0.0,0.0,10000.0,2024-02-01
CUS_0x9002_2024_02_01,CUS_0x9002,2024-02-01,10,1,10000,1000.0,1000.0,0.0,9000.0,2024-03-01
CUS_0x9002_2024_02_01,CUS_0x9002,2024-02-01,10,2,10000,1000.0,1000.0,0.0,8000.0,2024-04-01
CUS_0x9002_2024_02_01,CUS_0x9002,2024-02-01,10,3,10000,1000.0,1000.0,0.0,7000.0,2024-05-01
CUS_0x9002_2024_02_01,CUS_0x9002,2024-02-01,10,4,10000,1000.0,1000.0,0.0,6000.0,2024-06-01
CUS_0x9002_2024_02_01,CUS_0x9002,2024-02-01,10,5,10000,1000.0,1000.0,0.0,5000.0,2024-07-01
CUS_0x9002_2024_02_01,CUS_0x9002,2024-02-01,10,6,10000,1000.0,1000.0,0.0,4000.0,2024-08-01
CUS_0x9002_2024_02_01,CUS_0x9002,2024-02-01,10,7,10000,1000.0,1000.0,0.0,3000.0,2024-09-01
CUS_0x9002_2024_02_01,CUS_0x9002,2024-02-01,10,8,10000,1000.0,1000.0,0.0,2000.0,2024-10-01
CUS_0x9002_2024_02_01,CUS_0x9002,2024-02-01,10,9,10000,1000.0,1000.0,0.0,1000.0,2024-11-01
CUS_0x9002_2024_02_01,CUS_0x9002,2024-02-01,10,10,10000,1000.0,1000.0,0.0,0.0,2024-12-01
CUS_0x9038_2023_10_01,CUS_0x9038,2023-10-01,10,0,10000,0.0,0.0,0.0,10000.0,2023-10-01
CUS_0x9038_2023_10_01,CUS_0x9038,2023-10-01,10,1,10000,1000.0,1000.0,0.0,9000.0,2023-11-01
CUS_0x9038_2023_10_01,CUS_0x9038,2023-10-01,10,2,10000,1000.0,1000.0,0.0,8000.0,2023-12-01
CUS_0x9038_2023_10_01,CUS_0x9038,2023-10-01,10,3,10000,1000.0,1000.0,0.0,7000.0,2024-01-01
CUS_0x9038_2023_10_01,CUS_0x9038,2023-10-01,10,4,10000,1000.0,1000.0,0.0,6000.0,2024-02-01
CUS_0x9038_2023_10_01,CUS_0x9038,2023-10-01,10,5,10000,1000.0,1000.0,0.0,5000.0,2024-03-01
CUS_0x9038_2023_10_01,CUS_0x9038,2023-10-01,10,6,10000,1000.0,1000.0,0.0,4000.0,2024-04-01
CUS_0x9038_2023_10_01,CUS_0x9038,2023-10-01,10,7,10000,1000.0,1000.0,0.0,3000.0,2024-05-01
CUS_0x9038_2023_10_01,CUS_0x9038,2023-10-01,10,8,10000,1000.0,1000.0,0.0,2000.0,2024-06-01
CUS_0x9038_2023_10_01,CUS_0x9038,2023-10-01,10,9,10000,1000.0,1000.0,0.0,1000.0,2024-07-01
CUS_0x9038_2023_10_01,CUS_0x9038,2023-10-01,10,10,10000,1000.0,1000.0,0.0,0.0,2024-08-01
CUS_0x903a_2024_06_01,CUS_0x903a,2024-06-01,10,0,10000,0.0,0.0,0.0,10000.0,2024-06-01
CUS_0x903a_2024_06_01,CUS_0x903a,2024-06-01,10,1,10000,1000.0,1000.0,0.0,9000.0,2024-07-01
CUS_0x903a_2024_06_01,CUS_0x903a,2024-06-01,10,2,10000,1000.0,1000.0,0.0,8000.0,2024-08-01
CUS_0x903a_2024_06_01,CUS_0x903a,2024-06-01,10,3,10000,1000.0,1000.0,0.0,7000.0,2024-09-01
CUS_0x903a_2024_06_01,CUS_0x903a,2024-06-01,10,4,10000,1000.0,1000.0,0.0,6000.0,2024-10-01
CUS_0x903a_2024_06_01,CUS_0x903a,2024-06-01,10,5,10000,1000.0,1000.0,0.0,5000.0,2024-11-01
CUS_0x903a_2024_06_01,CUS_0x903a,2024-06-01,10,6,10000,1000.0,1000.0,0.0,4000.0,2024-12-01
CUS_0x903a_2024_06_01,CUS_0x903a,2024-06-01,10,7,10000,1000.0,1000.0,0.0,3000.0,2025-01-01
CUS_0x903a_2024_06_01,CUS_0x903a,2024-06-01,10,8,10000,1000.0,1000.0,0.0,2000.0,2025-02-01
CUS_0x903a_2024_06_01,CUS_0x903a,2024-06-01,10,9,10000,1000.0,1000.0,0.0,1000.0,2025-03-01
CUS_0x903a_2024_06_01,CUS_0x903a,2024-06-01,10,10,10000,1000.0,1000.0,0.0,0.0,2025-04-01
CUS_0x9070_2025_01_01,CUS_0x9070,2025-01-01,10,0,10000,0.0,0.0,0.0,10000.0,2025-01-01
CUS_0x9070_2025_01_01,CUS_0x9070,2025-01-01,10,1,10000,1000.0,1000.0,0.0,9000.0,2025-02-01
CUS_0x9070_2025_01_01,CUS_0x9070,2025-01-01,10,2,10000,1000.0,1000.0,0.0,8000.0,2025-03-01
CUS_0x9070_2025_01_01,CUS_0x9070,2025-01-01,10,3,10000,1000.0,1000.0,0.0,7000.0,2025-04-01
CUS_0x9070_2025_01_01,CUS_0x9070,2025-01-01,10,4,10000,1000.0,1000.0,0.0,6000.0,2025-05-01
CUS_0x9070_2025_01_01,CUS_0x9070,2025-01-01,10,5,10000,1000.0,1000.0,0.0,5000.0,2025-06-01
CUS_0x9070_2025_01_01,CUS_0x9070,2025-01-01,10,6,10000,1000.0,1000.0,0.0,4000.0,2025-07-01
CUS_0x9070_2025_01_01,CUS_0x9070,2025-01-01,10,7,10000,1000.0,1000.0,0.0,3000.0,2025-08-01
CUS_0x9070_2025_01_01,CUS_0x9070,2025-01-01,10,8,10000,1000.0,1000.0,0.0,2000.0,2025-09-01
CUS_0x9070_2025_01_01,CUS_0x9070,2025-01-01,10,9,10000,1000.0,1000.0,0.0,1000.0,2025-10-01
CUS_0x9070_2025_01_01,CUS_0x9070,2025-01-01,10,10,10000,1000.0,1000.0,0.0,0.0,2025-11-01
CUS_0x9074_2023_10_01,CUS_0x9074,2023-10-01,10,0,10000,0.0,0.0,0.0,10000.0,2023-10-01
CUS_0x9074_2023_10_01,CUS_0x9074,2023-10-01,10,1,10000,1000.0,1000.0,0.0,9000.0,2023-11-01
CUS_0x9074_2023_10_01,CUS_0x9074,2023-10-01,10,2,10000,1000.0,1000.0,0.0,8000.0,2023-12-01
CUS_0x9074_2023_10_01,CUS_0x9074,2023-10-01,10,3,10000,1000.0,1000.0,0.0,7000.0,2024-01-01
CUS_0x9074_2023_10_01,CUS_0x9074,2023-10-01,10,4,10000,1000.0,1000.0,0.0,6000.0,2024-02-01
CUS_0x9074_2023_10_01,CUS_0x9074,2023-10-01,10,5,10000,1000.0,1000.0,0.0,5000.0,2024-03-01
CUS_0x9074_2023_10_01,CUS_0x9074,2023-10-01,10,6,10000,1000.0,1000.0,0.0,4000.0,2024-04-01
CUS_0x9074_2023_10_01,CUS_0x9074,2023-10-01,10,7,10000,1000.0,1000.0,0.0,3000.0,2024-05-01
CUS_0x9074_2023_10_01,CUS_0x9074,2023-10-01,10,8,10000,1000.0,1000.0,0.0,2000.0,2024-06-01
CUS_0x9074_2023_10_01,CUS_0x9074,2023-10-01,10,9,10000,1000.0,1000.0,0.0,1000.0,2024-07-01
CUS_0x9074_2023_10_01,CUS_0x9074,2023-10-01,10,10,10000,1000.0,1000.0,0.0,0.0,2024-08-01
CUS_0x90e2_2023_02_01,CUS_0x90e2,2023-02-01,10,0,10000,0.0,0.0,0.0,10000.0,2023-02-01
CUS_0x90e2_2023_02_01,CUS_0x90e2,2023-02-01,10,1,10000,1000.0,1000.0,0.0,9000.0,2023-03-01
CUS_0x90e2_2023_02_01,CUS_0x90e2,2023-02-01,10,2,10000,1000.0,1000.0,0.0,8000.0,2023-04-01
CUS_0x90e2_2023_02_01,CUS_0x90e2,2023-02-01,10,3,10000,1000.0,1000.0,0.0,7000.0,2023-05-01
CUS_0x90e2_2023_02_01,CUS_0x90e2,2023-02-01,10,4,10000,1000.0,1000.0,0.0,6000.0,2023-06-01
CUS_0x90e2_2023_02_01,CUS_0x90e2,2023-02-01,10,5,10000,1000.0,1000.0,0.0,5000.0,2023-07-01
CUS_0x90e2_2023_02_01,CUS_0x90e2,2023-02-01,10,6,10000,1000.0,1000.0,0.0,4000.0,2023-08-01
CUS_0x90e2_2023_02_01,CUS_0x90e2,2023-02-01,10,7,10000,1000.0,1000.0,0.0,3000.0,2023-09-01
CUS_0x90e2_2023_02_01,CUS_0x90e2,2023-02-01,10,8,10000,1000.0,1000.0,0.0,2000.0,2023-10-01
CUS_0x90e2_2023_02_01,CUS_0x90e2,2023-02-01,10,9,10000,1000.0,1000.0,0.0,1000.0,2023-11-01
CUS_0x90e2_2023_02_01,CUS_0x90e2,2023-02-01,10,10,10000,1000.0,1000.0,0.0,0.0,2023-12-01
CUS_0x9102_2023_01_01,CUS_0x9102,2023-01-01,10,0,10000,0.0,0.0,0.0,10000.0,2023-01-01
CUS_0x9102_2023_01_01,CUS_0x9102,2023-01-01,10,1,10000,1000.0,1000.0,0.0,9000.0,2023-02-01
CUS_0x9102_2023_01_01,CUS_0x9102,2023-01-01,10,2,10000,1000.0,1000.0,0.0,8000.0,2023-03-01
CUS_0x9102_2023_01_01,CUS_0x9102,2023-01-01,10,3,10000,1000.0,0.0,1000.0,8000.0,2023-04-01
CUS_0x9102_2023_01_01,CUS_0x9102,2023-01-01,10,4,10000,1000.0,0.0,2000.0,8000.0,2023-05-01
CUS_0x9102_2023_01_01,CUS_0x9102,2023-01-01,10,5,10000,1000.0,0.0,3000.0,8000.0,2023-06-01
CUS_0x9102_2023_01_01,CUS_0x9102,2023-01-01,10,6,10000,1000.0,0.0,4000.0,8000.0,2023-07-01
CUS_0x9102_2023_01_01,CUS_0x9102,2023-01-01,10,7,10000,1000.0,0.0,5000.0,8000.0,2023-08-01
CUS_0x9102_2023_01_01,CUS_0x9102,2023-01-01,10,8,10000,1000.0,0.0,6000.0,8000.0,2023-09-01
CUS_0x9102_2023_01_01,CUS_0x9102,2023-01-01,10,9,10000,1000.0,0.0,7000.0,8000.0,2023-10-01
CUS_0x9102_2023_01_01,CUS_0x9102,2023-01-01,10,10,10000,1000.0,0.0,8000.0,8000.0,2023-11-01
CUS_0x9123_2023_03_01,CUS_0x9123,2023-03-01,10,0,10000,0.0,0.0,0.0,10000.0,2023-03-01
CUS_0x9123_2023_03_01,CUS_0x9123,2023-03-01,10,1,10000,1000.0,1000.0,0.0,9000.0,2023-04-01
CUS_0x9123_2023_03_01,CUS_0x9123,2023-03-01,10,2,10000,1000.0,1000.0,0.0,8000.0,2023-05-01
CUS_0x9123_2023_03_01,CUS_0x9123,2023-03-01,10,3,10000,1000.0,1000.0,0.0,7000.0,2023-06-01
CUS_0x9123_2023_03_01,CUS_0x9123,2023-03-01,10,4,10000,1000.0,1000.0,0.0,6000.0,2023-07-01
CUS_0x9123_2023_03_01,CUS_0x9123,2023-03-01,10,5,10000,1000.0,1000.0,0.0,5000.0,2023-08-01
CUS_0x9123_2023_03_01,CUS_0x9123,2023-03-01,10,6,10000,1000.0,1000.0,0.0,4000.0,2023-09-01
CUS_0x9123_2023_03_01,CUS_0x9123,2023-03-01,10,7,10000,1000.0,1000.0,0.0,3000.0,2023-10-01
CUS_0x9123_2023_03_01,CUS_0x9123,2023-03-01,10,8,10000,1000.0,1000.0,0.0,2000.0,2023-11-01
CUS_0x9123_2023_03_01,CUS_0x9123,2023-03-01,10,9,10000,1000.0,1000.0,0.0,1000.0,2023-12-01
CUS_0x9123_2023_03_01,CUS_0x9123,2023-03-01,10,10,10000,1000.0,1000.0,0.0,0.0,2024-01-01
CUS_0x9167_2023_10_01,CUS_0x9167,2023-10-01,10,0,10000,0.0,0.0,0.0,10000.0,2023-10-01
CUS_0x9167_2023_10_01,CUS_0x9167,2023-10-01,10,1,10000,1000.0,1000.0,0.0,9000.0,2023-11-01
CUS_0x9167_2023_10_01,CUS_0x9167,2023-10-01,10,2,10000,1000.0,1000.0,0.0,8000.0,2023-12-01
CUS_0x9167_2023_10_01,CUS_0x9167,2023-10-01,10,3,10000,1000.0,1000.0,0.0,7000.0,2024-01-01
CUS_0x9167_2023_10_01,CUS_0x9167,2023-10-01,10,4,10000,1000.0,1000.0,0.0,6000.0,2024-02-01
CUS_0x9167_2023_10_01,CUS_0x9167,2023-10-01,10,5,10000,1000.0,1000.0,0.0,5000.0,2024-03-01
CUS_0x9167_2023_10_01,CUS_0x9167,2023-10-01,10,6,10000,1000.0,1000.0,0.0,4000.0,2024-04-01
CUS_0x9167_2023_10_01,CUS_0x9167,2023-10-01,10,7,10000,1000.0,1000.0,0.0,3000.0,2024-05-01
CUS_0x9167_2023_10_01,CUS_0x9167,2023-10-01,10,8,10000,1000.0,1000.0,0.0,2000.0,2024-06-01
CUS_0x9167_2023_10_01,CUS_0x9167,2023-10-01,10,9,10000,1000.0,1000.0,0.0,1000.0,2024-07-01
CUS_0x9167_2023_10_01,CUS_0x9167,2023-10-01,10,10,10000,1000.0,1000.0,0.0,0.0,2024-08-01
CUS_0x9175_2024_01_01,CUS_0x9175,2024-01-01,10,0,10000,0.0,0.0,0.0,10000.0,2024-01-01
CUS_0x9175_2024_01_01,CUS_0x9175,2024-01-01,10,1,10000,1000.0,1000.0,0.0,9000.0,2024-02-01
CUS_0x9175_2024_01_01,CUS_0x9175,2024-01-01,10,2,10000,1000.0,1000.0,0.0,8000.0,2024-03-01
CUS_0x9175_2024_01_01,CUS_0x9175,2024-01-01,10,3,10000,1000.0,1000.0,0.0,7000.0,2024-04-01
CUS_0x9175_2024_01_01,CUS_0x9175,2024-01-01,10,4,10000,1000.0,1000.0,0.0,6000.0,2024-05-01
CUS_0x9175_2024_01_01,CUS_0x9175,2024-01-01,10,5,10000,1000.0,1000.0,0.0,5000.0,2024-06-01
CUS_0x9175_2024_01_01,CUS_0x9175,2024-01-01,10,6,10000,1000.0,1000.0,0.0,4000.0,2024-07-01
CUS_0x9175_2024_01_01,CUS_0x9175,2024-01-01,10,7,10000,1000.0,1000.0,0.0,3000.0,2024-08-01
CUS_0x9175_2024_01_01,CUS_0x9175,2024-01-01,10,8,10000,1000.0,1000.0,0.0,2000.0,2024-09-01
CUS_0x9175_2024_01_01,CUS_0x9175,2024-01-01,10,9,10000,1000.0,1000.0,0.0,1000.0,2024-10-01
CUS_0x9175_2024_01_01,CUS_0x9175,2024-01-01,10,10,10000,1000.0,1000.0,0.0,0.0,2024-11-01
CUS_0x9176_2023_07_01,CUS_0x9176,2023-07-01,10,0,10000,0.0,0.0,0.0,10000.0,2023-07-01
CUS_0x9176_2023_07_01,CUS_0x9176,2023-07-01,10,1,10000,1000.0,1000.0,0.0,9000.0,2023-08-01
CUS_0x9176_2023_07_01,CUS_0x9176,2023-07-01,10,2,10000,1000.0,1000.0,0.0,8000.0,2023-09-01
CUS_0x9176_2023_07_01,CUS_0x9176,2023-07-01,10,3,10000,1000.0,1000.0,0.0,7000.0,2023-10-01
CUS_0x9176_2023_07_01,CUS_0x9176,2023-07-01,10,4,10000,1000.0,1000.0,0.0,6000.0,2023-11-01
CUS_0x9176_2023_07_01,CUS_0x9176,2023-07-01,10,5,10000,1000.0,1000.0,0.0,5000.0,2023-12-01
CUS_0x9176_2023_07_01,CUS_0x9176,2023-07-01,10,6,10000,1000.0,1000.0,0.0,4000.0,2024-01-01
CUS_0x9176_2023_07_01,CUS_0x9176,2023-07-01,10,7,10000,1000.0,1000.0,0.0,3000.0,2024-02-01
CUS_0x9176_2023_07_01,CUS_0x9176,2023-07-01,10,8,10000,1000.0,1000.0,0.0,2000.0,2024-03-01
CUS_0x9176_2023_07_01,CUS_0x9176,2023-07-01,10,9,10000,1000.0,1000.0,0.0,1000.0,2024-04-01
CUS_0x9176_2023_07_01,CUS_0x9176,2023-07-01,10,10,10000,1000.0,1000.0,0.0,0.0,2024-05-01
CUS_0x917b_2024_02_01,CUS_0x917b,2024-02-01,10,0,10000,0.0,0.0,0.0,10000.0,2024-02-01
CUS_0x917b_2024_02_01,CUS_0x917b,2024-02-01,10,1,10000,1000.0,1000.0,0.0,9000.0,2024-03-01
CUS_0x917b_2024_02_01,CUS_0x917b,2024-02-01,10,2,10000,1000.0,0.0,1000.0,9000.0,2024-04-01
CUS_0x917b_2024_02_01,CUS_0x917b,2024-02-01,10,3,10000,1000.0,0.0,2000.0,9000.0,2024-05-01
CUS_0x917b_2024_02_01,CUS_0x917b,2024-02-01,10,4,10000,1000.0,0.0,3000.0,9000.0,2024-06-01
CUS_0x917b_2024_02_01,CUS_0x917b,2024-02-01,10,5,10000,1000.0,0.0,4000.0,9000.0,2024-07-01
CUS_0x917b_2024_02_01,CUS_0x917b,2024-02-01,10,6,10000,1000.0,0.0,5000.0,9000.0,2024-08-01
CUS_0x917b_2024_02_01,CUS_0x917b,2024-02-01,10,7,10000,1000.0,0.0,6000.0,9000.0,2024-09-01
CUS_0x917b_2024_02_01,CUS_0x917b,2024-02-01,10,8,10000,1000.0,0.0,7000.0,9000.0,2024-10-01
CUS_0x917b_2024_02_01,CUS_0x917b,2024-02-01,10,9,10000,1000.0,0.0,8000.0,9000.0,2024-11-01
CUS_0x917b_2024_02_01,CUS_0x917b,2024-02-01,10,10,10000,1000.0,0.0,9000.0,9000.0,2024-12-01
CUS_0x91b2_2025_01_01,CUS_0x91b2,2025-01-01,10,0,10000,0.0,0.0,0.0,10000.0,2025-01-01
CUS_0x91b2_2025_01_01,CUS_0x91b2,2025-01-01,10,1,10000,1000.0,1000.0,0.0,9000.0,2025-02-01
CUS_0x91b2_2025_01_01,CUS_0x91b2,2025-01-01,10,2,10000,1000.0,1000.0,0.0,8000.0,2025-03-01
CUS_0x91b2_2025_01_01,CUS_0x91b2,2025-01-01,10,3,10000,1000.0,1000.0,0.0,7000.0,2025-04-01
CUS_0x91b2_2025_01_01,CUS_0x91b2,2025-01-01,10,4,10000,1000.0,1000.0,0.0,6000.0,2025-05-01
CUS_0x91b2_2025_01_01,CUS_0x91b2,2025-01-01,10,5,10000,1000.0,1000.0,0.0,5000.0,2025-06-01
CUS_0x91b2_2025_01_01,CUS_0x91b2,2025-01-01,10,6,10000,1000.0,1000.0,0.0,4000.0,2025-07-01
CUS_0x91b2_2025_01_01,CUS_0x91b2,2025-01-01,10,7,10000,1000.0,1000.0,0.0,3000.0,2025-08-01
CUS_0x91b2_2025_01_01,CUS_0x91b2,2025-01-01,10,8,10000,1000.0,1000.0,0.0,2000.0,2025-09-01
CUS_0x91b2_2025_01_01,CUS_0x91b2,2025-01-01,10,9,10000,1000.0,1000.0,0.0,1000.0,2025-10-01
CUS_0x91b2_2025_01_01,CUS_0x91b2,2025-01-01,10,10,10000,1000.0,1000.0,0.0,0.0,2025-11-01
CUS_0x91df_2024_05_01,CUS_0x91df,2024-05-01,10,0,10000,0.0,0.0,0.0,10000.0,2024-05-01
CUS_0x91df_2024_05_01,CUS_0x91df,2024-05-01,10,1,10000,1000.0,1000.0,0.0,9000.0,2024-06-01
CUS_0x91df_2024_05_01,CUS_0x91df,2024-05-01,10,2,10000,1000.0,1000.0,0.0,8000.0,2024-07-01
CUS_0x91df_2024_05_01,CUS_0x91df,2024-05-01,10,3,10000,1000.0,1000.0,0.0,7000.0,2024-08-01
CUS_0x91df_2024_05_01,CUS_0x91df,2024-05-01,10,4,10000,1000.0,1000.0,0.0,6000.0,2024-09-01
CUS_0x91df_2024_05_01,CUS_0x91df,2024-05-01,10,5,10000,1000.0,1000.0,0.0,5000.0,2024-10-01
CUS_0x91df_2024_05_01,CUS_0x91df,2024-05-01,10,6,10000,1000.0,1000.0,0.0,4000.0,2024-11-01
CUS_0x91df_2024_05_01,CUS_0x91df,2024-05-01,10,7,10000,1000.0,1000.0,0.0,3000.0,2024-12-01
CUS_0x91df_2024_05_01,CUS_0x91df,2024-05-01,10,8,10000,1000.0,1000.0,0.0,2000.0,2025-01-01
CUS_0x91df_2024_05_01,CUS_0x91df,2024-05-01,10,9,10000,1000.0,1000.0,0.0,1000.0,2025-02-01
CUS_0x91df_2024_05_01,CUS_0x91df,2024-05-01,10,10,10000,1000.0,1000.0,0.0,0.0,2025-03-01
CUS_0x91f_2024_12_01,CUS_0x91f,2024-12-01,10,0,10000,0.0,0.0,0.0,10000.0,2024-12-01
CUS_0x91f_2024_12_01,CUS_0x91f,2024-12-01,10,1,10000,1000.0,1000.0,0.0,9000.0,2025-01-01
CUS_0x91f_2024_12_01,CUS_0x91f,2024-12-01,10,2,10000,1000.0,1000.0,0.0,8000.0,2025-02-01
CUS_0x91f_2024_12_01,CUS_0x91f,2024-12-01,10,3,10000,1000.0,1000.0,0.0,7000.0,2025-03-01
CUS_0x91f_2024_12_01,CUS_0x91f,2024-12-01,10,4,10000,1000.0,1000.0,0.0,6000.0,2025-04-01
CUS_0x91f_2024_12_01,CUS_0x91f,2024-12-01,10,5,10000,1000.0,1000.0,0.0,5000.0,2025-05-01
CUS_0x91f_2024_12_01,CUS_0x91f,2024-12-01,10,6,10000,1000.0,1000.0,0.0,4000.0,2025-06-01
CUS_0x91f_2024_12_01,CUS_0x91f,2024-12-01,10,7,10000,1000.0,1000.0,0.0,3000.0,2025-07-01
CUS_0x91f_2024_12_01,CUS_0x91f,2024-12-01,10,8,10000,1000.0,1000.0,0.0,2000.0,2025-08-01
CUS_0x91f_2024_12_01,CUS_0x91f,2024-12-01,10,9,10000,1000.0,1000.0,0.0,1000.0,2025-09-01
CUS_0x91f_2024_12_01,CUS_0x91f,2024-12-01,10,10,10000,1000.0,1000.0,0.0,0.0,2025-10-01
CUS_0x9215_2023_03_01,CUS_0x9215,2023-03-01,10,0,10000,0.0,0.0,0.0,10000.0,2023-03-01
CUS_0x9215_2023_03_01,CUS_0x9215,2023-03-01,10,1,10000,1000.0,1000.0,0.0,9000.0,2023-04-01
CUS_0x9215_2023_03_01,CUS_0x9215,2023-03-01,10,2,10000,1000.0,1000.0,0.0,8000.0,2023-05-01
CUS_0x9215_2023_03_01,CUS_0x9215,2023-03-01,10,3,10000,1000.0,1000.0,0.0,7000.0,2023-06-01
CUS_0x9215_2023_03_01,CUS_0x9215,2023-03-01,10,4,10000,1000.0,1000.0,0.0,6000.0,2023-07-01
CUS_0x9215_2023_03_01,CUS_0x9215,2023-03-01,10,5,10000,1000.0,1000.0,0.0,5000.0,2023-08-01
CUS_0x9215_2023_03_01,CUS_0x9215,2023-03-01,10,6,10000,1000.0,1000.0,0.0,4000.0,2023-09-01
CUS_0x9215_2023_03_01,CUS_0x9215,2023-03-01,10,7,10000,1000.0,1000.0,0.0,3000.0,2023-10-01
CUS_0x9215_2023_03_01,CUS_0x9215,2023-03-01,10,8,10000,1000.0,1000.0,0.0,2000.0,2023-11-01
CUS_0x9215_2023_03_01,CUS_0x9215,2023-03-01,10,9,10000,1000.0,1000.0,0.0,1000.0,2023-12-01
CUS_0x9215_2023_03_01,CUS_0x9215,2023-03-01,10,10,10000,1000.0,1000.0,0.0,0.0,2024-01-01
CUS_0x922_2024_05_01,CUS_0x922,2024-05-01,10,0,10000,0.0,0.0,0.0,10000.0,2024-05-01
CUS_0x922_2024_05_01,CUS_0x922,2024-05-01,10,1,10000,1000.0,1000.0,0.0,9000.0,2024-06-01
CUS_0x922_2024_05_01,CUS_0x922,2024-05-01,10,2,10000,1000.0,1000.0,0.0,8000.0,2024-07-01
CUS_0x922_2024_05_01,CUS_0x922,2024-05-01,10,3,10000,1000.0,1000.0,0.0,7000.0,2024-08-01
CUS_0x922_2024_05_01,CUS_0x922,2024-05-01,10,4,10000,1000.0,1000.0,0.0,6000.0,2024-09-01
CUS_0x922_2024_05_01,CUS_0x922,2024-05-01,10,5,10000,1000.0,1000.0,0.0,5000.0,2024-10-01
CUS_0x922_2024_05_01,CUS_0x922,2024-05-01,10,6,10000,1000.0,1000.0,0.0,4000.0,2024-11-01
CUS_0x922_2024_05_01,CUS_0x922,2024-05-01,10,7,10000,1000.0,1000.0,0.0,3000.0,2024-12-01
CUS_0x922_2024_05_01,CUS_0x922,2024-05-01,10,8,10000,1000.0,1000.0,0.0,2000.0,2025-01-01
CUS_0x922_2024_05_01,CUS_0x922,2024-05-01,10,9,10000,1000.0,1000.0,0.0,1000.0,2025-02-01
CUS_0x922_2024_05_01,CUS_0x922,2024-05-01,10,10,10000,1000.0,1000.0,0.0,0.0,2025-03-01
CUS_0x925_2025_01_01,CUS_0x925,2025-01-01,10,0,10000,0.0,0.0,0.0,10000.0,2025-01-01
CUS_0x925_2025_01_01,CUS_0x925,2025-01-01,10,1,10000,1000.0,1000.0,0.0,9000.0,2025-02-01
CUS_0x925_2025_01_01,CUS_0x925,2025-01-01,10,2,10000,1000.0,1000.0,0.0,8000.0,2025-03-01
CUS_0x925_2025_01_01,CUS_0x925,2025-01-01,10,3,10000,1000.0,1000.0,0.0,7000.0,2025-04-01
CUS_0x925_2025_01_01,CUS_0x925,2025-01-01,10,4,10000,1000.0,1000.0,0.0,6000.0,2025-05-01
CUS_0x925_2025_01_01,CUS_0x925,2025-01-01,10,5,10000,1000.0,1000.0,0.0,5000.0,2025-06-01
CUS_0x925_2025_01_01,CUS_0x925,2025-01-01,10,6,10000,1000.0,1000.0,0.0,4000.0,2025-07-01
CUS_0x925_2025_01_01,CUS_0x925,2025-01-01,10,7,10000,1000.0,1000.0,0.0,3000.0,2025-08-01
CUS_0x925_2025_01_01,CUS_0x925,2025-01-01,10,8,10000,1000.0,1000.0,0.0,2000.0,2025-09-01
CUS_0x925_2025_01_01,CUS_0x925,2025-01-01,10,9,10000,1000.0,1000.0,0.0,1000.0,2025-10-01
CUS_0x925_2025_01_01,CUS_0x925,2025-01-01,10,10,10000,1000.0,1000.0,0.0,0.0,2025-11-01
CUS_0x9278_2023_01_01,CUS_0x9278,2023-01-01,10,0,10000,0.0,0.0,0.0,10000.0,2023-01-01
CUS_0x9278_2023_01_01,CUS_0x9278,2023-01-01,10,1,10000,1000.0,1000.0,0.0,9000.0,2023-02-01
CUS_0x9278_2023_01_01,CUS_0x9278,2023-01-01,10,2,10000,1000.0,1000.0,0.0,8000.0,2023-03-01
CUS_0x9278_2023_01_01,CUS_0x9278,2023-01-01,10,3,10000,1000.0,1000.0,0.0,7000.0,2023-04-01
CUS_0x9278_2023_01_01,CUS_0x9278,2023-01-01,10,4,10000,1000.0,1000.0,0.0,6000.0,2023-05-01
CUS_0x9278_2023_01_01,CUS_0x9278,2023-01-01,10,5,10000,1000.0,1000.0,0.0,5000.0,2023-06-01
CUS_0x9278_2023_01_01,CUS_0x9278,2023-01-01,10,6,10000,1000.0,1000.0,0.0,4000.0,2023-07-01
CUS_0x9278_2023_01_01,CUS_0x9278,2023-01-01,10,7,10000,1000.0,1000.0,0.0,3000.0,2023-08-01
CUS_0x9278_2023_01_01,CUS_0x9278,2023-01-01,10,8,10000,1000.0,1000.0,0.0,2000.0,2023-09-01
CUS_0x9278_2023_01_01,CUS_0x9278,2023-01-01,10,9,10000,1000.0,1000.0,0.0,1000.0,2023-10-01
CUS_0x9278_2023_01_01,CUS_0x9278,2023-01-01,10,10,10000,1000.0,1000.0,0.0,0.0,2023-11-01
CUS_0x9288_2023_03_01,CUS_0x9288,2023-03-01,10,0,10000,0.0,0.0,0.0,10000.0,2023-03-01
CUS_0x9288_2023_03_01,CUS_0x9288,2023-03-01,10,1,10000,1000.0,1000.0,0.0,9000.0,2023-04-01
CUS_0x9288_2023_03_01,CUS_0x9288,2023-03-01,10,2,10000,1000.0,1000.0,0.0,8000.0,2023-05-01
CUS_0x9288_2023_03_01,CUS_0x9288,2023-03-01,10,3,10000,1000.0,1000.0,0.0,7000.0,2023-06-01
CUS_0x9288_2023_03_01,CUS_0x9288,2023-03-01,10,4,10000,1000.0,1000.0,0.0,6000.0,2023-07-01
CUS_0x9288_2023_03_01,CUS_0x9288,2023-03-01,10,5,10000,1000.0,1000.0,0.0,5000.0,2023-08-01
CUS_0x9288_2023_03_01,CUS_0x9288,2023-03-01,10,6,10000,1000.0,1000.0,0.0,4000.0,2023-09-01
CUS_0x9288_2023_03_01,CUS_0x9288,2023-03-01,10,7,10000,1000.0,1000.0,0.0,3000.0,2023-10-01
CUS_0x9288_2023_03_01,CUS_0x9288,2023-03-01,10,8,10000,1000.0,1000.0,0.0,2000.0,2023-11-01
CUS_0x9288_2023_03_01,CUS_0x9288,2023-03-01,10,9,10000,1000.0,1000.0,0.0,1000.0,2023-12-01
CUS_0x9288_2023_03_01,CUS_0x9288,2023-03-01,10,10,10000,1000.0,1000.0,0.0,0.0,2024-01-01
CUS_0x92b9_2024_07_01,CUS_0x92b9,2024-07-01,10,0,10000,0.0,0.0,0.0,10000.0,2024-07-01
CUS_0x92b9_2024_07_01,CUS_0x92b9,2024-07-01,10,1,10000,1000.0,1000.0,0.0,9000.0,2024-08-01
CUS_0x92b9_2024_07_01,CUS_0x92b9,2024-07-01,10,2,10000,1000.0,1000.0,0.0,8000.0,2024-09-01
CUS_0x92b9_2024_07_01,CUS_0x92b9,2024-07-01,10,3,10000,1000.0,0.0,1000.0,8000.0,2024-10-01
CUS_0x92b9_2024_07_01,CUS_0x92b9,2024-07-01,10,4,10000,1000.0,0.0,2000.0,8000.0,2024-11-01
CUS_0x92b9_2024_07_01,CUS_0x92b9,2024-07-01,10,5,10000,1000.0,0.0,3000.0,8000.0,2024-12-01
CUS_0x92b9_2024_07_01,CUS_0x92b9,2024-07-01,10,6,10000,1000.0,0.0,4000.0,8000.0,2025-01-01
CUS_0x92b9_2024_07_01,CUS_0x92b9,2024-07-01,10,7,10000,1000.0,0.0,5000.0,8000.0,2025-02-01
CUS_0x92b9_2024_07_01,CUS_0x92b9,2024-07-01,10,8,10000,1000.0,0.0,6000.0,8000.0,2025-03-01
CUS_0x92b9_2024_07_01,CUS_0x92b9,2024-07-01,10,9,10000,1000.0,0.0,7000.0,8000.0,2025-04-01
CUS_0x92b9_2024_07_01,CUS_0x92b9,2024-07-01,10,10,10000,1000.0,0.0,8000.0,8000.0,2025-05-01
CUS_0x92d5_2023_09_01,CUS_0x92d5,2023-09-01,10,0,10000,0.0,0.0,0.0,10000.0,2023-09-01
CUS_0x92d5_2023_09_01,CUS_0x92d5,2023-09-01,10,1,10000,1000.0,1000.0,0.0,9000.0,2023-10-01
CUS_0x92d5_2023_09_01,CUS_0x92d5,2023-09-01,10,2,10000,1000.0,1000.0,0.0,8000.0,2023-11-01
CUS_0x92d5_2023_09_01,CUS_0x92d5,2023-09-01,10,3,10000,1000.0,1000.0,0.0,7000.0,2023-12-01
CUS_0x92d5_2023_09_01,CUS_0x92d5,2023-09-01,10,4,10000,1000.0,1000.0,0.0,6000.0,2024-01-01
CUS_0x92d5_2023_09_01,CUS_0x92d5,2023-09-01,10,5,10000,1000.0,1000.0,0.0,5000.0,2024-02-01
CUS_0x92d5_2023_09_01,CUS_0x92d5,2023-09-01,10,6,10000,1000.0,1000.0,0.0,4000.0,2024-03-01
CUS_0x92d5_2023_09_01,CUS_0x92d5,2023-09-01,10,7,10000,1000.0,1000.0,0.0,3000.0,2024-04-01
CUS_0x92d5_2023_09_01,CUS_0x92d5,2023-09-01,10,8,10000,1000.0,1000.0,0.0,2000.0,2024-05-01
CUS_0x92d5_2023_09_01,CUS_0x92d5,2023-09-01,10,9,10000,1000.0,1000.0,0.0,1000.0,2024-06-01
CUS_0x92d5_2023_09_01,CUS_0x92d5,2023-09-01,10,10,10000,1000.0,1000.0,0.0,0.0,2024-07-01
CUS_0x92f9_2023_11_01,CUS_0x92f9,2023-11-01,10,0,10000,0.0,0.0,0.0,10000.0,2023-11-01
CUS_0x92f9_2023_11_01,CUS_0x92f9,2023-11-01,10,1,10000,1000.0,1000.0,0.0,9000.0,2023-12-01
CUS_0x92f9_2023_11_01,CUS_0x92f9,2023-11-01,10,2,10000,1000.0,1000.0,0.0,8000.0,2024-01-01
CUS_0x92f9_2023_11_01,CUS_0x92f9,2023-11-01,10,3,10000,1000.0,1000.0,0.0,7000.0,2024-02-01
CUS_0x92f9_2023_11_01,CUS_0x92f9,2023-11-01,10,4,10000,1000.0,1000.0,0.0,6000.0,2024-03-01
CUS_0x92f9_2023_11_01,CUS_0x92f9,2023-11-01,10,5,10000,1000.0,1000.0,0.0,5000.0,2024-04-01
CUS_0x92f9_2023_11_01,CUS_0x92f9,2023-11-01,10,6,10000,1000.0,1000.0,0.0,4000.0,2024-05-01
CUS_0x92f9_2023_11_01,CUS_0x92f9,2023-11-01,10,7,10000,1000.0,1000.0,0.0,3000.0,2024-06-01
CUS_0x92f9_2023_11_01,CUS_0x92f9,2023-11-01,10,8,10000,1000.0,1000.0,0.0,2000.0,2024-07-01
CUS_0x92f9_2023_11_01,CUS_0x92f9,2023-11-01,10,9,10000,1000.0,1000.0,0.0,1000.0,2024-08-01
CUS_0x92f9_2023_11_01,CUS_0x92f9,2023-11-01,10,10,10000,1000.0,1000.0,0.0,0.0,2024-09-01
CUS_0x9338_2024_04_01,CUS_0x9338,2024-04-01,10,0,10000,0.0,0.0,0.0,10000.0,2024-04-01
CUS_0x9338_2024_04_01,CUS_0x9338,2024-04-01,10,1,10000,1000.0,1000.0,0.0,9000.0,2024-05-01
CUS_0x9338_2024_04_01,CUS_0x9338,2024-04-01,10,2,10000,1000.0,1000.0,0.0,8000.0,2024-06-01
CUS_0x9338_2024_04_01,CUS_0x9338,2024-04-01,10,3,10000,1000.0,1000.0,0.0,7000.0,2024-07-01
CUS_0x9338_2024_04_01,CUS_0x9338,2024-04-01,10,4,10000,1000.0,1000.0,0.0,6000.0,2024-08-01
CUS_0x9338_2024_04_01,CUS_0x9338,2024-04-01,10,5,10000,1000.0,1000.0,0.0,5000.0,2024-09-01
CUS_0x9338_2024_04_01,CUS_0x9338,2024-04-01,10,6,10000,1000.0,1000.0,0.0,4000.0,2024-10-01
CUS_0x9338_2024_04_01,CUS_0x9338,2024-04-01,10,7,10000,1000.0,1000.0,0.0,3000.0,2024-11-01
CUS_0x9338_2024_04_01,CUS_0x9338,2024-04-01,10,8,10000,1000.0,1000.0,0.0,2000.0,2024-12-01
CUS_0x9338_2024_04_01,CUS_0x9338,2024-04-01,10,9,10000,1000.0,1000.0,0.0,1000.0,2025-01-01
CUS_0x9338_2024_04_01,CUS_0x9338,2024-04-01,10,10,10000,1000.0,1000.0,0.0,0.0,2025-02-01
CUS_0x935b_2024_12_01,CUS_0x935b,2024-12-01,10,0,10000,0.0,0.0,0.0,10000.0,2024-12-01
CUS_0x935b_2024_12_01,CUS_0x935b,2024-12-01,10,1,10000,1000.0,1000.0,0.0,9000.0,2025-01-01
CUS_0x935b_2024_12_01,CUS_0x935b,2024-12-01,10,2,10000,1000.0,1000.0,0.0,8000.0,2025-02-01
CUS_0x935b_2024_12_01,CUS_0x935b,2024-12-01,10,3,10000,1000.0,1000.0,0.0,7000.0,2025-03-01
CUS_0x935b_2024_12_01,CUS_0x935b,2024-12-01,10,4,10000,1000.0,1000.0,0.0,6000.0,2025-04-01
CUS_0x935b_2024_12_01,CUS_0x935b,2024-12-01,10,5,10000,1000.0,1000.0,0.0,5000.0,2025-05-01
CUS_0x935b_2024_12_01,CUS_0x935b,2024-12-01,10,6,10000,1000.0,1000.0,0.0,4000.0,2025-06-01
CUS_0x935b_2024_12_01,CUS_0x935b,2024-12-01,10,7,10000,1000.0,1000.0,0.0,3000.0,2025-07-01
CUS_0x935b_2024_12_01,CUS_0x935b,2024-12-01,10,8,10000,1000.0,1000.0,0.0,2000.0,2025-08-01
CUS_0x935b_2024_12_01,CUS_0x935b,2024-12-01,10,9,10000,1000.0,1000.0,0.0,1000.0,2025-09-01
CUS_0x935b_2024_12_01,CUS_0x935b,2024-12-01,10,10,10000,1000.0,1000.0,0.0,0.0,2025-10-01
CUS_0x9365_2024_04_01,CUS_0x9365,2024-04-01,10,0,10000,0.0,0.0,0.0,10000.0,2024-04-01
CUS_0x9365_2024_04_01,CUS_0x9365,2024-04-01,10,1,10000,1000.0,1000.0,0.0,9000.0,2024-05-01
CUS_0x9365_2024_04_01,CUS_0x9365,2024-04-01,10,2,10000,1000.0,0.0,1000.0,9000.0,2024-06-01
CUS_0x9365_2024_04_01,CUS_0x9365,2024-04-01,10,3,10000,1000.0,0.0,2000.0,9000.0,2024-07-01
CUS_0x9365_2024_04_01,CUS_0x9365,2024-04-01,10,4,10000,1000.0,0.0,3000.0,9000.0,2024-08-01
CUS_0x9365_2024_04_01,CUS_0x9365,2024-04-01,10,5,10000,1000.0,0.0,4000.0,9000.0,2024-09-01
CUS_0x9365_2024_04_01,CUS_0x9365,2024-04-01,10,6,10000,1000.0,0.0,5000.0,9000.0,2024-10-01
CUS_0x9365_2024_04_01,CUS_0x9365,2024-04-01,10,7,10000,1000.0,0.0,6000.0,9000.0,2024-11-01
CUS_0x9365_2024_04_01,CUS_0x9365,2024-04-01,10,8,10000,1000.0,0.0,7000.0,9000.0,2024-12-01
CUS_0x9365_2024_04_01,CUS_0x9365,2024-04-01,10,9,10000,1000.0,0.0,8000.0,9000.0,2025-01-01
CUS_0x9365_2024_04_01,CUS_0x9365,2024-04-01,10,10,10000,1000.0,0.0,9000.0,9000.0,2025-02-01
CUS_0x940d_2023_10_01,CUS_0x940d,2023-10-01,10,0,10000,0.0,0.0,0.0,10000.0,2023-10-01
CUS_0x940d_2023_10_01,CUS_0x940d,2023-10-01,10,1,10000,1000.0,1000.0,0.0,9000.0,2023-11-01
CUS_0x940d_2023_10_01,CUS_0x940d,2023-10-01,10,2,10000,1000.0,1000.0,0.0,8000.0,2023-12-01
CUS_0x940d_2023_10_01,CUS_0x940d,2023-10-01,10,3,10000,1000.0,1000.0,0.0,7000.0,2024-01-01
CUS_0x940d_2023_10_01,CUS_0x940d,2023-10-01,10,4,10000,1000.0,1000.0,0.0,6000.0,2024-02-01
CUS_0x940d_2023_10_01,CUS_0x940d,2023-10-01,10,5,10000,1000.0,1000.0,0.0,5000.0,2024-03-01
CUS_0x940d_2023_10_01,CUS_0x940d,2023-10-01,10,6,10000,1000.0,1000.0,0.0,4000.0,2024-04-01
CUS_0x940d_2023_10_01,CUS_0x940d,2023-10-01,10,7,10000,1000.0,1000.0,0.0,3000.0,2024-05-01
CUS_0x940d_2023_10_01,CUS_0x940d,2023-10-01,10,8,10000,1000.0,1000.0,0.0,2000.0,2024-06-01
CUS_0x940d_2023_10_01,CUS_0x940d,2023-10-01,10,9,10000,1000.0,1000.0,0.0,1000.0,2024-07-01
CUS_0x940d_2023_10_01,CUS_0x940d,2023-10-01,10,10,10000,1000.0,1000.0,0.0,0.0,2024-08-01
CUS_0x9442_2024_08_01,CUS_0x9442,2024-08-01,10,0,10000,0.0,0.0,0.0,10000.0,2024-08-01
CUS_0x9442_2024_08_01,CUS_0x9442,2024-08-01,10,1,10000,1000.0,1000.0,0.0,9000.0,2024-09-01
CUS_0x9442_2024_08_01,CUS_0x9442,2024-08-01,10,2,10000,1000.0,1000.0,0.0,8000.0,2024-10-01
CUS_0x9442_2024_08_01,CUS_0x9442,2024-08-01,10,3,10000,1000.0,1000.0,0.0,7000.0,2024-11-01
CUS_0x9442_2024_08_01,CUS_0x9442,2024-08-01,10,4,10000,1000.0,1000.0,0.0,6000.0,2024-12-01
CUS_0x9442_2024_08_01,CUS_0x9442,2024-08-01,10,5,10000,1000.0,1000.0,0.0,5000.0,2025-01-01
CUS_0x9442_2024_08_01,CUS_0x9442,2024-08-01,10,6,10000,1000.0,1000.0,0.0,4000.0,2025-02-01
CUS_0x9442_2024_08_01,CUS_0x9442,2024-08-01,10,7,10000,1000.0,1000.0,0.0,3000.0,2025-03-01
CUS_0x9442_2024_08_01,CUS_0x9442,2024-08-01,10,8,10000,1000.0,1000.0,0.0,2000.0,2025-04-01
CUS_0x9442_2024_08_01,CUS_0x9442,2024-08-01,10,9,10000,1000.0,1000.0,0.0,1000.0,2025-05-01
CUS_0x9442_2024_08_01,CUS_0x9442,2024-08-01,10,10,10000,1000.0,1000.0,0.0,0.0,2025-06-01
CUS_0x9443_2023_02_01,CUS_0x9443,2023-02-01,10,0,10000,0.0,0.0,0.0,10000.0,2023-02-01
CUS_0x9443_2023_02_01,CUS_0x9443,2023-02-01,10,1,10000,1000.0,1000.0,0.0,9000.0,2023-03-01
CUS_0x9443_2023_02_01,CUS_0x9443,2023-02-01,10,2,10000,1000.0,0.0,1000.0,9000.0,2023-04-01
CUS_0x9443_2023_02_01,CUS_0x9443,2023-02-01,10,3,10000,1000.0,0.0,2000.0,9000.0,2023-05-01
CUS_0x9443_2023_02_01,CUS_0x9443,2023-02-01,10,4,10000,1000.0,0.0,3000.0,9000.0,2023-06-01
CUS_0x9443_2023_02_01,CUS_0x9443,2023-02-01,10,5,10000,1000.0,0.0,4000.0,9000.0,2023-07-01
CUS_0x9443_2023_02_01,CUS_0x9443,2023-02-01,10,6,10000,1000.0,0.0,5000.0,9000.0,2023-08-01
CUS_0x9443_2023_02_01,CUS_0x9443,2023-02-01,10,7,10000,1000.0,0.0,6000.0,9000.0,2023-09-01
CUS_0x9443_2023_02_01,CUS_0x9443,2023-02-01,10,8,10000,1000.0,0.0,7000.0,9000.0,2023-10-01
CUS_0x9443_2023_02_01,CUS_0x9443,2023-02-01,10,9,10000,1000.0,0.0,8000.0,9000.0,2023-11-01
CUS_0x9443_2023_02_01,CUS_0x9443,2023-02-01,10,10,10000,1000.0,0.0,9000.0,9000.0,2023-12-01
CUS_0x944e_2023_10_01,CUS_0x944e,2023-10-01,10,0,10000,0.0,0.0,0.0,10000.0,2023-10-01
CUS_0x944e_2023_10_01,CUS_0x944e,2023-10-01,10,1,10000,1000.0,1000.0,0.0,9000.0,2023-11-01
CUS_0x944e_2023_10_01,CUS_0x944e,2023-10-01,10,2,10000,1000.0,1000.0,0.0,8000.0,2023-12-01
CUS_0x944e_2023_10_01,CUS_0x944e,2023-10-01,10,3,10000,1000.0,1000.0,0.0,7000.0,2024-01-01
CUS_0x944e_2023_10_01,CUS_0x944e,2023-10-01,10,4,10000,1000.0,1000.0,0.0,6000.0,2024-02-01
CUS_0x944e_2023_10_01,CUS_0x944e,2023-10-01,10,5,10000,1000.0,1000.0,0.0,5000.0,2024-03-01
CUS_0x944e_2023_10_01,CUS_0x944e,2023-10-01,10,6,10000,1000.0,1000.0,0.0,4000.0,2024-04-01
CUS_0x944e_2023_10_01,CUS_0x944e,2023-10-01,10,7,10000,1000.0,1000.0,0.0,3000.0,2024-05-01
CUS_0x944e_2023_10_01,CUS_0x944e,2023-10-01,10,8,10000,1000.0,1000.0,0.0,2000.0,2024-06-01
CUS_0x944e_2023_10_01,CUS_0x944e,2023-10-01,10,9,10000,1000.0,1000.0,0.0,1000.0,2024-07-01
CUS_0x944e_2023_10_01,CUS_0x944e,2023-10-01,10,10,10000,1000.0,1000.0,0.0,0.0,2024-08-01
CUS_0x94ae_2023_02_01,CUS_0x94ae,2023-02-01,10,0,10000,0.0,0.0,0.0,10000.0,2023-02-01
CUS_0x94ae_2023_02_01,CUS_0x94ae,2023-02-01,10,1,10000,1000.0,1000.0,0.0,9000.0,2023-03-01
CUS_0x94ae_2023_02_01,CUS_0x94ae,2023-02-01,10,2,10000,1000.0,1000.0,0.0,8000.0,2023-04-01
CUS_0x94ae_2023_02_01,CUS_0x94ae,2023-02-01,10,3,10000,1000.0,1000.0,0.0,7000.0,2023-05-01
CUS_0x94ae_2023_02_01,CUS_0x94ae,2023-02-01,10,4,10000,1000.0,1000.0,0.0,6000.0,2023-06-01
CUS_0x94ae_2023_02_01,CUS_0x94ae,2023-02-01,10,5,10000,1000.0,1000.0,0.0,5000.0,2023-07-01
CUS_0x94ae_2023_02_01,CUS_0x94ae,2023-02-01,10,6,10000,1000.0,1000.0,0.0,4000.0,2023-08-01
CUS_0x94ae_2023_02_01,CUS_0x94ae,2023-02-01,10,7,10000,1000.0,1000.0,0.0,3000.0,2023-09-01
CUS_0x94ae_2023_02_01,CUS_0x94ae,2023-02-01,10,8,10000,1000.0,1000.0,0.0,2000.0,2023-10-01
CUS_0x94ae_2023_02_01,CUS_0x94ae,2023-02-01,10,9,10000,1000.0,1000.0,0.0,1000.0,2023-11-01
CUS_0x94ae_2023_02_01,CUS_0x94ae,2023-02-01,10,10,10000,1000.0,1000.0,0.0,0.0,2023-12-01
CUS_0x94f6_2023_07_01,CUS_0x94f6,2023-07-01,10,0,10000,0.0,0.0,0.0,10000.0,2023-07-01
CUS_0x94f6_2023_07_01,CUS_0x94f6,2023-07-01,10,1,10000,1000.0,1000.0,0.0,9000.0,2023-08-01
CUS_0x94f6_2023_07_01,CUS_0x94f6,2023-07-01,10,2,10000,1000.0,1000.0,0.0,8000.0,2023-09-01
CUS_0x94f6_2023_07_01,CUS_0x94f6,2023-07-01,10,3,10000,1000.0,1000.0,0.0,7000.0,2023-10-01
CUS_0x94f6_2023_07_01,CUS_0x94f6,2023-07-01,10,4,10000,1000.0,1000.0,0.0,6000.0,2023-11-01
CUS_0x94f6_2023_07_01,CUS_0x94f6,2023-07-01,10,5,10000,1000.0,1000.0,0.0,5000.0,2023-12-01
CUS_0x94f6_2023_07_01,CUS_0x94f6,2023-07-01,10,6,10000,1000.0,1000.0,0.0,4000.0,2024-01-01
CUS_0x94f6_2023_07_01,CUS_0x94f6,2023-07-01,10,7,10000,1000.0,1000.0,0.0,3000.0,2024-02-01
CUS_0x94f6_2023_07_01,CUS_0x94f6,2023-07-01,10,8,10000,1000.0,1000.0,0.0,2000.0,2024-03-01
CUS_0x94f6_2023_07_01,CUS_0x94f6,2023-07-01,10,9,10000,1000.0,1000.0,0.0,1000.0,2024-04-01
CUS_0x94f6_2023_07_01,CUS_0x94f6,2023-07-01,10,10,10000,1000.0,1000.0,0.0,0.0,2024-05-01
CUS_0x953c_2024_10_01,CUS_0x953c,2024-10-01,10,0,10000,0.0,0.0,0.0,10000.0,2024-10-01
CUS_0x953c_2024_10_01,CUS_0x953c,2024-10-01,10,1,10000,1000.0,1000.0,0.0,9000.0,2024-11-01
CUS_0x953c_2024_10_01,CUS_0x953c,2024-10-01,10,2,10000,1000.0,1000.0,0.0,8000.0,2024-12-01
CUS_0x953c_2024_10_01,CUS_0x953c,2024-10-01,10,3,10000,1000.0,1000.0,0.0,7000.0,2025-01-01
CUS_0x953c_2024_10_01,CUS_0x953c,2024-10-01,10,4,10000,1000.0,1000.0,0.0,6000.0,2025-02-01
CUS_0x953c_2024_10_01,CUS_0x953c,2024-10-01,10,5,10000,1000.0,1000.0,0.0,5000.0,2025-03-01
CUS_0x953c_2024_10_01,CUS_0x953c,2024-10-01,10,6,10000,1000.0,1000.0,0.0,4000.0,2025-04-01
CUS_0x953c_2024_10_01,CUS_0x953c,2024-10-01,10,7,10000,1000.0,1000.0,0.0,3000.0,2025-05-01
CUS_0x953c_2024_10_01,CUS_0x953c,2024-10-01,10,8,10000,1000.0,1000.0,0.0,2000.0,2025-06-01
CUS_0x953c_2024_10_01,CUS_0x953c,2024-10-01,10,9,10000,1000.0,1000.0,0.0,1000.0,2025-07-01
CUS_0x953c_2024_10_01,CUS_0x953c,2024-10-01,10,10,10000,1000.0,1000.0,0.0,0.0,2025-08-01
CUS_0x9550_2024_01_01,CUS_0x9550,2024-01-01,10,0,10000,0.0,0.0,0.0,10000.0,2024-01-01
CUS_0x9550_2024_01_01,CUS_0x9550,2024-01-01,10,1,10000,1000.0,1000.0,0.0,9000.0,2024-02-01
CUS_0x9550_2024_01_01,CUS_0x9550,2024-01-01,10,2,10000,1000.0,1000.0,0.0,8000.0,2024-03-01
CUS_0x9550_2024_01_01,CUS_0x9550,2024-01-01,10,3,10000,1000.0,1000.0,0.0,7000.0,2024-04-01
CUS_0x9550_2024_01_01,CUS_0x9550,2024-01-01,10,4,10000,1000.0,1000.0,0.0,6000.0,2024-05-01
CUS_0x9550_2024_01_01,CUS_0x9550,2024-01-01,10,5,10000,1000.0,1000.0,0.0,5000.0,2024-06-01
CUS_0x9550_2024_01_01,CUS_0x9550,2024-01-01,10,6,10000,1000.0,1000.0,0.0,4000.0,2024-07-01
CUS_0x9550_2024_01_01,CUS_0x9550,2024-01-01,10,7,10000,1000.0,1000.0,0.0,3000.0,2024-08-01
CUS_0x9550_2024_01_01,CUS_0x9550,2024-01-01,10,8,10000,1000.0,1000.0,0.0,2000.0,2024-09-01
CUS_0x9550_2024_01_01,CUS_0x9550,2024-01-01,10,9,10000,1000.0,1000.0,0.0,1000.0,2024-10-01
CUS_0x9550_2024_01_01,CUS_0x9550,2024-01-01,10,10,10000,1000.0,1000.0,0.0,0.0,2024-11-01
CUS_0x955d_2023_06_01,CUS_0x955d,2023-06-01,10,0,10000,0.0,0.0,0.0,10000.0,2023-06-01
CUS_0x955d_2023_06_01,CUS_0x955d,2023-06-01,10,1,10000,1000.0,1000.0,0.0,9000.0,2023-07-01
CUS_0x955d_2023_06_01,CUS_0x955d,2023-06-01,10,2,10000,1000.0,1000.0,0.0,8000.0,2023-08-01
CUS_0x955d_2023_06_01,CUS_0x955d,2023-06-01,10,3,10000,1000.0,0.0,1000.0,8000.0,2023-09-01
CUS_0x955d_2023_06_01,CUS_0x955d,2023-06-01,10,4,10000,1000.0,0.0,2000.0,8000.0,2023-10-01
CUS_0x955d_2023_06_01,CUS_0x955d,2023-06-01,10,5,10000,1000.0,0.0,3000.0,8000.0,2023-11-01
CUS_0x955d_2023_06_01,CUS_0x955d,2023-06-01,10,6,10000,1000.0,0.0,4000.0,8000.0,2023-12-01
CUS_0x955d_2023_06_01,CUS_0x955d,2023-06-01,10,7,10000,1000.0,0.0,5000.0,8000.0,2024-01-01
CUS_0x955d_2023_06_01,CUS_0x955d,2023-06-01,10,8,10000,1000.0,0.0,6000.0,8000.0,2024-02-01
CUS_0x955d_2023_06_01,CUS_0x955d,2023-06-01,10,9,10000,1000.0,0.0,7000.0,8000.0,2024-03-01
CUS_0x955d_2023_06_01,CUS_0x955d,2023-06-01,10,10,10000,1000.0,0.0,8000.0,8000.0,2024-04-01
CUS_0x956d_2023_08_01,CUS_0x956d,2023-08-01,10,0,10000,0.0,0.0,0.0,10000.0,2023-08-01
CUS_0x956d_2023_08_01,CUS_0x956d,2023-08-01,10,1,10000,1000.0,1000.0,0.0,9000.0,2023-09-01
CUS_0x956d_2023_08_01,CUS_0x956d,2023-08-01,10,2,10000,1000.0,1000.0,0.0,8000.0,2023-10-01
CUS_0x956d_2023_08_01,CUS_0x956d,2023-08-01,10,3,10000,1000.0,1000.0,0.0,7000.0,2023-11-01
CUS_0x956d_2023_08_01,CUS_0x956d,2023-08-01,10,4,10000,1000.0,1000.0,0.0,6000.0,2023-12-01
CUS_0x956d_2023_08_01,CUS_0x956d,2023-08-01,10,5,10000,1000.0,1000.0,0.0,5000.0,2024-01-01
CUS_0x956d_2023_08_01,CUS_0x956d,2023-08-01,10,6,10000,1000.0,1000.0,0.0,4000.0,2024-02-01
CUS_0x956d_2023_08_01,CUS_0x956d,2023-08-01,10,7,10000,1000.0,1000.0,0.0,3000.0,2024-03-01
CUS_0x956d_2023_08_01,CUS_0x956d,2023-08-01,10,8,10000,1000.0,1000.0,0.0,2000.0,2024-04-01
CUS_0x956d_2023_08_01,CUS_0x956d,2023-08-01,10,9,10000,1000.0,1000.0,0.0,1000.0,2024-05-01
CUS_0x956d_2023_08_01,CUS_0x956d,2023-08-01,10,10,10000,1000.0,1000.0,0.0,0.0,2024-06-01
CUS_0x958e_2023_10_01,CUS_0x958e,2023-10-01,10,0,10000,0.0,0.0,0.0,10000.0,2023-10-01
CUS_0x958e_2023_10_01,CUS_0x958e,2023-10-01,10,1,10000,1000.0,1000.0,0.0,9000.0,2023-11-01
CUS_0x958e_2023_10_01,CUS_0x958e,2023-10-01,10,2,10000,1000.0,1000.0,0.0,8000.0,2023-12-01
CUS_0x958e_2023_10_01,CUS_0x958e,2023-10-01,10,3,10000,1000.0,1000.0,0.0,7000.0,2024-01-01
CUS_0x958e_2023_10_01,CUS_0x958e,2023-10-01,10,4,10000,1000.0,1000.0,0.0,6000.0,2024-02-01
CUS_0x958e_2023_10_01,CUS_0x958e,2023-10-01,10,5,10000,1000.0,1000.0,0.0,5000.0,2024-03-01
CUS_0x958e_2023_10_01,CUS_0x958e,2023-10-01,10,6,10000,1000.0,1000.0,0.0,4000.0,2024-04-01
CUS_0x958e_2023_10_01,CUS_0x958e,2023-10-01,10,7,10000,1000.0,1000.0,0.0,3000.0,2024-05-01
CUS_0x958e_2023_10_01,CUS_0x958e,2023-10-01,10,8,10000,1000.0,1000.0,0.0,2000.0,2024-06-01
CUS_0x958e_2023_10_01,CUS_0x958e,2023-10-01,10,9,10000,1000.0,1000.0,0.0,1000.0,2024-07-01
CUS_0x958e_2023_10_01,CUS_0x958e,2023-10-01,10,10,10000,1000.0,1000.0,0.0,0.0,2024-08-01
CUS_0x95e7_2023_10_01,CUS_0x95e7,2023-10-01,10,0,10000,0.0,0.0,0.0,10000.0,2023-10-01
CUS_0x95e7_2023_10_01,CUS_0x95e7,2023-10-01,10,1,10000,1000.0,0.0,1000.0,10000.0,2023-11-01
CUS_0x95e7_2023_10_01,CUS_0x95e7,2023-10-01,10,2,10000,1000.0,0.0,2000.0,10000.0,2023-12-01
CUS_0x95e7_2023_10_01,CUS_0x95e7,2023-10-01,10,3,10000,1000.0,0.0,3000.0,10000.0,2024-01-01
CUS_0x95e7_2023_10_01,CUS_0x95e7,2023-10-01,10,4,10000,1000.0,4000.0,0.0,6000.0,2024-02-01
CUS_0x95e7_2023_10_01,CUS_0x95e7,2023-10-01,10,5,10000,1000.0,0.0,1000.0,6000.0,2024-03-01
CUS_0x95e7_2023_10_01,CUS_0x95e7,2023-10-01,10,6,10000,1000.0,0.0,2000.0,6000.0,2024-04-01
CUS_0x95e7_2023_10_01,CUS_0x95e7,2023-10-01,10,7,10000,1000.0,0.0,3000.0,6000.0,2024-05-01
CUS_0x95e7_2023_10_01,CUS_0x95e7,2023-10-01,10,8,10000,1000.0,0.0,4000.0,6000.0,2024-06-01
CUS_0x95e7_2023_10_01,CUS_0x95e7,2023-10-01,10,9,10000,1000.0,0.0,5000.0,6000.0,2024-07-01
CUS_0x95e7_2023_10_01,CUS_0x95e7,2023-10-01,10,10,10000,1000.0,0.0,6000.0,6000.0,2024-08-01
CUS_0x960f_2023_12_01,CUS_0x960f,2023-12-01,10,0,10000,0.0,0.0,0.0,10000.0,2023-12-01
CUS_0x960f_2023_12_01,CUS_0x960f,2023-12-01,10,1,10000,1000.0,0.0,1000.0,10000.0,2024-01-01
CUS_0x960f_2023_12_01,CUS_0x960f,2023-12-01,10,2,10000,1000.0,2000.0,0.0,8000.0,2024-02-01
CUS_0x960f_2023_12_01,CUS_0x960f,2023-12-01,10,3,10000,1000.0,1000.0,0.0,7000.0,2024-03-01
CUS_0x960f_2023_12_01,CUS_0x960f,2023-12-01,10,4,10000,1000.0,1000.0,0.0,6000.0,2024-04-01
CUS_0x960f_2023_12_01,CUS_0x960f,2023-12-01,10,5,10000,1000.0,0.0,1000.0,6000.0,2024-05-01
CUS_0x960f_2023_12_01,CUS_0x960f,2023-12-01,10,6,10000,1000.0,0.0,2000.0,6000.0,2024-06-01
CUS_0x960f_2023_12_01,CUS_0x960f,2023-12-01,10,7,10000,1000.0,0.0,3000.0,6000.0,2024-07-01
CUS_0x960f_2023_12_01,CUS_0x960f,2023-12-01,10,8,10000,1000.0,0.0,4000.0,6000.0,2024-08-01
CUS_0x960f_2023_12_01,CUS_0x960f,2023-12-01,10,9,10000,1000.0,0.0,5000.0,6000.0,2024-09-01
CUS_0x960f_2023_12_01,CUS_0x960f,2023-12-01,10,10,10000,1000.0,0.0,6000.0,6000.0,2024-10-01
CUS_0x961f_2024_12_01,CUS_0x961f,2024-12-01,10,0,10000,0.0,0.0,0.0,10000.0,2024-12-01
CUS_0x961f_2024_12_01,CUS_0x961f,2024-12-01,10,1,10000,1000.0,1000.0,0.0,9000.0,2025-01-01
CUS_0x961f_2024_12_01,CUS_0x961f,2024-12-01,10,2,10000,1000.0,1000.0,0.0,8000.0,2025-02-01
CUS_0x961f_2024_12_01,CUS_0x961f,2024-12-01,10,3,10000,1000.0,1000.0,0.0,7000.0,2025-03-01
CUS_0x961f_2024_12_01,CUS_0x961f,2024-12-01,10,4,10000,1000.0,1000.0,0.0,6000.0,2025-04-01
CUS_0x961f_2024_12_01,CUS_0x961f,2024-12-01,10,5,10000,1000.0,1000.0,0.0,5000.0,2025-05-01
CUS_0x961f_2024_12_01,CUS_0x961f,2024-12-01,10,6,10000,1000.0,1000.0,0.0,4000.0,2025-06-01
CUS_0x961f_2024_12_01,CUS_0x961f,2024-12-01,10,7,10000,1000.0,1000.0,0.0,3000.0,2025-07-01
CUS_0x961f_2024_12_01,CUS_0x961f,2024-12-01,10,8,10000,1000.0,1000.0,0.0,2000.0,2025-08-01
CUS_0x961f_2024_12_01,CUS_0x961f,2024-12-01,10,9,10000,1000.0,1000.0,0.0,1000.0,2025-09-01
CUS_0x961f_2024_12_01,CUS_0x961f,2024-12-01,10,10,10000,1000.0,1000.0,0.0,0.0,2025-10-01
CUS_0x971a_2023_08_01,CUS_0x971a,2023-08-01,10,0,10000,0.0,0.0,0.0,10000.0,2023-08-01
CUS_0x971a_2023_08_01,CUS_0x971a,2023-08-01,10,1,10000,1000.0,1000.0,0.0,9000.0,2023-09-01
CUS_0x971a_2023_08_01,CUS_0x971a,2023-08-01,10,2,10000,1000.0,1000.0,0.0,8000.0,2023-10-01
CUS_0x971a_2023_08_01,CUS_0x971a,2023-08-01,10,3,10000,1000.0,0.0,1000.0,8000.0,2023-11-01
CUS_0x971a_2023_08_01,CUS_0x971a,2023-08-01,10,4,10000,1000.0,0.0,2000.0,8000.0,2023-12-01
CUS_0x971a_2023_08_01,CUS_0x971a,2023-08-01,10,5,10000,1000.0,0.0,3000.0,8000.0,2024-01-01
CUS_0x971a_2023_08_01,CUS_0x971a,2023-08-01,10,6,10000,1000.0,0.0,4000.0,8000.0,2024-02-01
CUS_0x971a_2023_08_01,CUS_0x971a,2023-08-01,10,7,10000,1000.0,0.0,5000.0,8000.0,2024-03-01
CUS_0x971a_2023_08_01,CUS_0x971a,2023-08-01,10,8,10000,1000.0,0.0,6000.0,8000.0,2024-04-01
CUS_0x971a_2023_08_01,CUS_0x971a,2023-08-01,10,9,10000,1000.0,0.0,7000.0,8000.0,2024-05-01
CUS_0x971a_2023_08_01,CUS_0x971a,2023-08-01,10,10,10000,1000.0,0.0,8000.0,8000.0,2024-06-01
CUS_0x975d_2023_10_01,CUS_0x975d,2023-10-01,10,0,10000,0.0,0.0,0.0,10000.0,2023-10-01
CUS_0x975d_2023_10_01,CUS_0x975d,2023-10-01,10,1,10000,1000.0,1000.0,0.0,9000.0,2023-11-01
CUS_0x975d_2023_10_01,CUS_0x975d,2023-10-01,10,2,10000,1000.0,0.0,1000.0,9000.0,2023-12-01
CUS_0x975d_2023_10_01,CUS_0x975d,2023-10-01,10,3,10000,1000.0,0.0,2000.0,9000.0,2024-01-01
CUS_0x975d_2023_10_01,CUS_0x975d,2023-10-01,10,4,10000,1000.0,3000.0,0.0,6000.0,2024-02-01
CUS_0x975d_2023_10_01,CUS_0x975d,2023-10-01,10,5,10000,1000.0,0.0,1000.0,6000.0,2024-03-01
CUS_0x975d_2023_10_01,CUS_0x975d,2023-10-01,10,6,10000,1000.0,0.0,2000.0,6000.0,2024-04-01
CUS_0x975d_2023_10_01,CUS_0x975d,2023-10-01,10,7,10000,1000.0,0.0,3000.0,6000.0,2024-05-01
CUS_0x975d_2023_10_01,CUS_0x975d,2023-10-01,10,8,10000,1000.0,0.0,4000.0,6000.0,2024-06-01
CUS_0x975d_2023_10_01,CUS_0x975d,2023-10-01,10,9,10000,1000.0,0.0,5000.0,6000.0,2024-07-01
CUS_0x975d_2023_10_01,CUS_0x975d,2023-10-01,10,10,10000,1000.0,0.0,6000.0,6000.0,2024-08-01
CUS_0x97a4_2023_11_01,CUS_0x97a4,2023-11-01,10,0,10000,0.0,0.0,0.0,10000.0,2023-11-01
CUS_0x97a4_2023_11_01,CUS_0x97a4,2023-11-01,10,1,10000,1000.0,1000.0,0.0,9000.0,2023-12-01
CUS_0x97a4_2023_11_01,CUS_0x97a4,2023-11-01,10,2,10000,1000.0,1000.0,0.0,8000.0,2024-01-01
CUS_0x97a4_2023_11_01,CUS_0x97a4,2023-11-01,10,3,10000,1000.0,0.0,1000.0,8000.0,2024-02-01
CUS_0x97a4_2023_11_01,CUS_0x97a4,2023-11-01,10,4,10000,1000.0,0.0,2000.0,8000.0,2024-03-01
CUS_0x97a4_2023_11_01,CUS_0x97a4,2023-11-01,10,5,10000,1000.0,0.0,3000.0,8000.0,2024-04-01
CUS_0x97a4_2023_11_01,CUS_0x97a4,2023-11-01,10,6,10000,1000.0,0.0,4000.0,8000.0,2024-05-01
CUS_0x97a4_2023_11_01,CUS_0x97a4,2023-11-01,10,7,10000,1000.0,0.0,5000.0,8000.0,2024-06-01
CUS_0x97a4_2023_11_01,CUS_0x97a4,2023-11-01,10,8,10000,1000.0,0.0,6000.0,8000.0,2024-07-01
CUS_0x97a4_2023_11_01,CUS_0x97a4,2023-11-01,10,9,10000,1000.0,0.0,7000.0,8000.0,2024-08-01
CUS_0x97a4_2023_11_01,CUS_0x97a4,2023-11-01,10,10,10000,1000.0,0.0,8000.0,8000.0,2024-09-01
CUS_0x97aa_2023_04_01,CUS_0x97aa,2023-04-01,10,0,10000,0.0,0.0,0.0,10000.0,2023-04-01
CUS_0x97aa_2023_04_01,CUS_0x97aa,2023-04-01,10,1,10000,1000.0,1000.0,0.0,9000.0,2023-05-01
CUS_0x97aa_2023_04_01,CUS_0x97aa,2023-04-01,10,2,10000,1000.0,1000.0,0.0,8000.0,2023-06-01
CUS_0x97aa_2023_04_01,CUS_0x97aa,2023-04-01,10,3,10000,1000.0,1000.0,0.0,7000.0,2023-07-01
CUS_0x97aa_2023_04_01,CUS_0x97aa,2023-04-01,10,4,10000,1000.0,1000.0,0.0,6000.0,2023-08-01
CUS_0x97aa_2023_04_01,CUS_0x97aa,2023-04-01,10,5,10000,1000.0,1000.0,0.0,5000.0,2023-09-01
CUS_0x97aa_2023_04_01,CUS_0x97aa,2023-04-01,10,6,10000,1000.0,1000.0,0.0,4000.0,2023-10-01
CUS_0x97aa_2023_04_01,CUS_0x97aa,2023-04-01,10,7,10000,1000.0,1000.0,0.0,3000.0,2023-11-01
CUS_0x97aa_2023_04_01,CUS_0x97aa,2023-04-01,10,8,10000,1000.0,1000.0,0.0,2000.0,2023-12-01
CUS_0x97aa_2023_04_01,CUS_0x97aa,2023-04-01,10,9,10000,1000.0,1000.0,0.0,1000.0,2024-01-01
CUS_0x97aa_2023_04_01,CUS_0x97aa,2023-04-01,10,10,10000,1000.0,1000.0,0.0,0.0,2024-02-01
CUS_0x9828_2023_10_01,CUS_0x9828,2023-10-01,10,0,10000,0.0,0.0,0.0,10000.0,2023-10-01
CUS_0x9828_2023_10_01,CUS_0x9828,2023-10-01,10,1,10000,1000.0,1000.0,0.0,9000.0,2023-11-01
CUS_0x9828_2023_10_01,CUS_0x9828,2023-10-01,10,2,10000,1000.0,1000.0,0.0,8000.0,2023-12-01
CUS_0x9828_2023_10_01,CUS_0x9828,2023-10-01,10,3,10000,1000.0,1000.0,0.0,7000.0,2024-01-01
CUS_0x9828_2023_10_01,CUS_0x9828,2023-10-01,10,4,10000,1000.0,0.0,1000.0,7000.0,2024-02-01
CUS_0x9828_2023_10_01,CUS_0x9828,2023-10-01,10,5,10000,1000.0,0.0,2000.0,7000.0,2024-03-01
CUS_0x9828_2023_10_01,CUS_0x9828,2023-10-01,10,6,10000,1000.0,0.0,3000.0,7000.0,2024-04-01
CUS_0x9828_2023_10_01,CUS_0x9828,2023-10-01,10,7,10000,1000.0,0.0,4000.0,7000.0,2024-05-01
CUS_0x9828_2023_10_01,CUS_0x9828,2023-10-01,10,8,10000,1000.0,0.0,5000.0,7000.0,2024-06-01
CUS_0x9828_2023_10_01,CUS_0x9828,2023-10-01,10,9,10000,1000.0,0.0,6000.0,7000.0,2024-07-01
CUS_0x9828_2023_10_01,CUS_0x9828,2023-10-01,10,10,10000,1000.0,0.0,7000.0,7000.0,2024-08-01
CUS_0x9836_2024_10_01,CUS_0x9836,2024-10-01,10,0,10000,0.0,0.0,0.0,10000.0,2024-10-01
CUS_0x9836_2024_10_01,CUS_0x9836,2024-10-01,10,1,10000,1000.0,1000.0,0.0,9000.0,2024-11-01
CUS_0x9836_2024_10_01,CUS_0x9836,2024-10-01,10,2,10000,1000.0,1000.0,0.0,8000.0,2024-12-01
CUS_0x9836_2024_10_01,CUS_0x9836,2024-10-01,10,3,10000,1000.0,1000.0,0.0,7000.0,2025-01-01
CUS_0x9836_2024_10_01,CUS_0x9836,2024-10-01,10,4,10000,1000.0,1000.0,0.0,6000.0,2025-02-01
CUS_0x9836_2024_10_01,CUS_0x9836,2024-10-01,10,5,10000,1000.0,1000.0,0.0,5000.0,2025-03-01
CUS_0x9836_2024_10_01,CUS_0x9836,2024-10-01,10,6,10000,1000.0,1000.0,0.0,4000.0,2025-04-01
CUS_0x9836_2024_10_01,CUS_0x9836,2024-10-01,10,7,10000,1000.0,1000.0,0.0,3000.0,2025-05-01
CUS_0x9836_2024_10_01,CUS_0x9836,2024-10-01,10,8,10000,1000.0,1000.0,0.0,2000.0,2025-06-01
CUS_0x9836_2024_10_01,CUS_0x9836,2024-10-01,10,9,10000,1000.0,1000.0,0.0,1000.0,2025-07-01
CUS_0x9836_2024_10_01,CUS_0x9836,2024-10-01,10,10,10000,1000.0,1000.0,0.0,0.0,2025-08-01
CUS_0x9871_2024_03_01,CUS_0x9871,2024-03-01,10,0,10000,0.0,0.0,0.0,10000.0,2024-03-01
CUS_0x9871_2024_03_01,CUS_0x9871,2024-03-01,10,1,10000,1000.0,1000.0,0.0,9000.0,2024-04-01
CUS_0x9871_2024_03_01,CUS_0x9871,2024-03-01,10,2,10000,1000.0,1000.0,0.0,8000.0,2024-05-01
CUS_0x9871_2024_03_01,CUS_0x9871,2024-03-01,10,3,10000,1000.0,1000.0,0.0,7000.0,2024-06-01
CUS_0x9871_2024_03_01,CUS_0x9871,2024-03-01,10,4,10000,1000.0,1000.0,0.0,6000.0,2024-07-01
CUS_0x9871_2024_03_01,CUS_0x9871,2024-03-01,10,5,10000,1000.0,1000.0,0.0,5000.0,2024-08-01
CUS_0x9871_2024_03_01,CUS_0x9871,2024-03-01,10,6,10000,1000.0,1000.0,0.0,4000.0,2024-09-01
CUS_0x9871_2024_03_01,CUS_0x9871,2024-03-01,10,7,10000,1000.0,1000.0,0.0,3000.0,2024-10-01
CUS_0x9871_2024_03_01,CUS_0x9871,2024-03-01,10,8,10000,1000.0,1000.0,0.0,2000.0,2024-11-01
CUS_0x9871_2024_03_01,CUS_0x9871,2024-03-01,10,9,10000,1000.0,1000.0,0.0,1000.0,2024-12-01
CUS_0x9871_2024_03_01,CUS_0x9871,2024-03-01,10,10,10000,1000.0,1000.0,0.0,0.0,2025-01-01
CUS_0x9884_2023_09_01,CUS_0x9884,2023-09-01,10,0,10000,0.0,0.0,0.0,10000.0,2023-09-01
CUS_0x9884_2023_09_01,CUS_0x9884,2023-09-01,10,1,10000,1000.0,1000.0,0.0,9000.0,2023-10-01
CUS_0x9884_2023_09_01,CUS_0x9884,2023-09-01,10,2,10000,1000.0,1000.0,0.0,8000.0,2023-11-01
CUS_0x9884_2023_09_01,CUS_0x9884,2023-09-01,10,3,10000,1000.0,1000.0,0.0,7000.0,2023-12-01
CUS_0x9884_2023_09_01,CUS_0x9884,2023-09-01,10,4,10000,1000.0,1000.0,0.0,6000.0,2024-01-01
CUS_0x9884_2023_09_01,CUS_0x9884,2023-09-01,10,5,10000,1000.0,1000.0,0.0,5000.0,2024-02-01
CUS_0x9884_2023_09_01,CUS_0x9884,2023-09-01,10,6,10000,1000.0,1000.0,0.0,4000.0,2024-03-01
CUS_0x9884_2023_09_01,CUS_0x9884,2023-09-01,10,7,10000,1000.0,1000.0,0.0,3000.0,2024-04-01
CUS_0x9884_2023_09_01,CUS_0x9884,2023-09-01,10,8,10000,1000.0,1000.0,0.0,2000.0,2024-05-01
CUS_0x9884_2023_09_01,CUS_0x9884,2023-09-01,10,9,10000,1000.0,1000.0,0.0,1000.0,2024-06-01
CUS_0x9884_2023_09_01,CUS_0x9884,2023-09-01,10,10,10000,1000.0,1000.0,0.0,0.0,2024-07-01
CUS_0x98a_2023_07_01,CUS_0x98a,2023-07-01,10,0,10000,0.0,0.0,0.0,10000.0,2023-07-01
CUS_0x98a_2023_07_01,CUS_0x98a,2023-07-01,10,1,10000,1000.0,1000.0,0.0,9000.0,2023-08-01
CUS_0x98a_2023_07_01,CUS_0x98a,2023-07-01,10,2,10000,1000.0,1000.0,0.0,8000.0,2023-09-01
CUS_0x98a_2023_07_01,CUS_0x98a,2023-07-01,10,3,10000,1000.0,0.0,1000.0,8000.0,2023-10-01
CUS_0x98a_2023_07_01,CUS_0x98a,2023-07-01,10,4,10000,1000.0,0.0,2000.0,8000.0,2023-11-01
CUS_0x98a_2023_07_01,CUS_0x98a,2023-07-01,10,5,10000,1000.0,0.0,3000.0,8000.0,2023-12-01
CUS_0x98a_2023_07_01,CUS_0x98a,2023-07-01,10,6,10000,1000.0,0.0,4000.0,8000.0,2024-01-01
CUS_0x98a_2023_07_01,CUS_0x98a,2023-07-01,10,7,10000,1000.0,0.0,5000.0,8000.0,2024-02-01
CUS_0x98a_2023_07_01,CUS_0x98a,2023-07-01,10,8,10000,1000.0,0.0,6000.0,8000.0,2024-03-01
CUS_0x98a_2023_07_01,CUS_0x98a,2023-07-01,10,9,10000,1000.0,0.0,7000.0,8000.0,2024-04-01
CUS_0x98a_2023_07_01,CUS_0x98a,2023-07-01,10,10,10000,1000.0,0.0,8000.0,8000.0,2024-05-01
CUS_0x98cc_2024_06_01,CUS_0x98cc,2024-06-01,10,0,10000,0.0,0.0,0.0,10000.0,2024-06-01
CUS_0x98cc_2024_06_01,CUS_0x98cc,2024-06-01,10,1,10000,1000.0,1000.0,0.0,9000.0,2024-07-01
CUS_0x98cc_2024_06_01,CUS_0x98cc,2024-06-01,10,2,10000,1000.0,1000.0,0.0,8000.0,2024-08-01
CUS_0x98cc_2024_06_01,CUS_0x98cc,2024-06-01,10,3,10000,1000.0,1000.0,0.0,7000.0,2024-09-01
CUS_0x98cc_2024_06_01,CUS_0x98cc,2024-06-01,10,4,10000,1000.0,1000.0,0.0,6000.0,2024-10-01
CUS_0x98cc_2024_06_01,CUS_0x98cc,2024-06-01,10,5,10000,1000.0,1000.0,0.0,5000.0,2024-11-01
CUS_0x98cc_2024_06_01,CUS_0x98cc,2024-06-01,10,6,10000,1000.0,1000.0,0.0,4000.0,2024-12-01
CUS_0x98cc_2024_06_01,CUS_0x98cc,2024-06-01,10,7,10000,1000.0,1000.0,0.0,3000.0,2025-01-01
CUS_0x98cc_2024_06_01,CUS_0x98cc,2024-06-01,10,8,10000,1000.0,1000.0,0.0,2000.0,2025-02-01
CUS_0x98cc_2024_06_01,CUS_0x98cc,2024-06-01,10,9,10000,1000.0,1000.0,0.0,1000.0,2025-03-01
CUS_0x98cc_2024_06_01,CUS_0x98cc,2024-06-01,10,10,10000,1000.0,1000.0,0.0,0.0,2025-04-01
CUS_0x98cd_2024_11_01,CUS_0x98cd,2024-11-01,10,0,10000,0.0,0.0,0.0,10000.0,2024-11-01
CUS_0x98cd_2024_11_01,CUS_0x98cd,2024-11-01,10,1,10000,1000.0,1000.0,0.0,9000.0,2024-12-01
CUS_0x98cd_2024_11_01,CUS_0x98cd,2024-11-01,10,2,10000,1000.0,1000.0,0.0,8000.0,2025-01-01
CUS_0x98cd_2024_11_01,CUS_0x98cd,2024-11-01,10,3,10000,1000.0,1000.0,0.0,7000.0,2025-02-01
CUS_0x98cd_2024_11_01,CUS_0x98cd,2024-11-01,10,4,10000,1000.0,1000.0,0.0,6000.0,2025-03-01
CUS_0x98cd_2024_11_01,CUS_0x98cd,2024-11-01,10,5,10000,1000.0,1000.0,0.0,5000.0,2025-04-01
CUS_0x98cd_2024_11_01,CUS_0x98cd,2024-11-01,10,6,10000,1000.0,1000.0,0.0,4000.0,2025-05-01
CUS_0x98cd_2024_11_01,CUS_0x98cd,2024-11-01,10,7,10000,1000.0,1000.0,0.0,3000.0,2025-06-01
CUS_0x98cd_2024_11_01,CUS_0x98cd,2024-11-01,10,8,10000,1000.0,1000.0,0.0,2000.0,2025-07-01
CUS_0x98cd_2024_11_01,CUS_0x98cd,2024-11-01,10,9,10000,1000.0,1000.0,0.0,1000.0,2025-08-01
CUS_0x98cd_2024_11_01,CUS_0x98cd,2024-11-01,10,10,10000,1000.0,1000.0,0.0,0.0,2025-09-01
CUS_0x9902_2023_05_01,CUS_0x9902,2023-05-01,10,0,10000,0.0,0.0,0.0,10000.0,2023-05-01
CUS_0x9902_2023_05_01,CUS_0x9902,2023-05-01,10,1,10000,1000.0,1000.0,0.0,9000.0,2023-06-01
CUS_0x9902_2023_05_01,CUS_0x9902,2023-05-01,10,2,10000,1000.0,1000.0,0.0,8000.0,2023-07-01
CUS_0x9902_2023_05_01,CUS_0x9902,2023-05-01,10,3,10000,1000.0,1000.0,0.0,7000.0,2023-08-01
CUS_0x9902_2023_05_01,CUS_0x9902,2023-05-01,10,4,10000,1000.0,1000.0,0.0,6000.0,2023-09-01
CUS_0x9902_2023_05_01,CUS_0x9902,2023-05-01,10,5,10000,1000.0,1000.0,0.0,5000.0,2023-10-01
CUS_0x9902_2023_05_01,CUS_0x9902,2023-05-01,10,6,10000,1000.0,1000.0,0.0,4000.0,2023-11-01
CUS_0x9902_2023_05_01,CUS_0x9902,2023-05-01,10,7,10000,1000.0,1000.0,0.0,3000.0,2023-12-01
CUS_0x9902_2023_05_01,CUS_0x9902,2023-05-01,10,8,10000,1000.0,1000.0,0.0,2000.0,2024-01-01
CUS_0x9902_2023_05_01,CUS_0x9902,2023-05-01,10,9,10000,1000.0,1000.0,0.0,1000.0,2024-02-01
CUS_0x9902_2023_05_01,CUS_0x9902,2023-05-01,10,10,10000,1000.0,1000.0,0.0,0.0,2024-03-01
CUS_0x990e_2024_02_01,CUS_0x990e,2024-02-01,10,0,10000,0.0,0.0,0.0,10000.0,2024-02-01
CUS_0x990e_2024_02_01,CUS_0x990e,2024-02-01,10,1,10000,1000.0,1000.0,0.0,9000.0,2024-03-01
CUS_0x990e_2024_02_01,CUS_0x990e,2024-02-01,10,2,10000,1000.0,1000.0,0.0,8000.0,2024-04-01
CUS_0x990e_2024_02_01,CUS_0x990e,2024-02-01,10,3,10000,1000.0,1000.0,0.0,7000.0,2024-05-01
CUS_0x990e_2024_02_01,CUS_0x990e,2024-02-01,10,4,10000,1000.0,1000.0,0.0,6000.0,2024-06-01
CUS_0x990e_2024_02_01,CUS_0x990e,2024-02-01,10,5,10000,1000.0,1000.0,0.0,5000.0,2024-07-01
CUS_0x990e_2024_02_01,CUS_0x990e,2024-02-01,10,6,10000,1000.0,1000.0,0.0,4000.0,2024-08-01
CUS_0x990e_2024_02_01,CUS_0x990e,2024-02-01,10,7,10000,1000.0,1000.0,0.0,3000.0,2024-09-01
CUS_0x990e_2024_02_01,CUS_0x990e,2024-02-01,10,8,10000,1000.0,1000.0,0.0,2000.0,2024-10-01
CUS_0x990e_2024_02_01,CUS_0x990e,2024-02-01,10,9,10000,1000.0,1000.0,0.0,1000.0,2024-11-01
CUS_0x990e_2024_02_01,CUS_0x990e,2024-02-01,10,10,10000,1000.0,1000.0,0.0,0.0,2024-12-01
CUS_0x9916_2023_01_01,CUS_0x9916,2023-01-01,10,0,10000,0.0,0.0,0.0,10000.0,2023-01-01
CUS_0x9916_2023_01_01,CUS_0x9916,2023-01-01,10,1,10000,1000.0,1000.0,0.0,9000.0,2023-02-01
CUS_0x9916_2023_01_01,CUS_0x9916,2023-01-01,10,2,10000,1000.0,1000.0,0.0,8000.0,2023-03-01
CUS_0x9916_2023_01_01,CUS_0x9916,2023-01-01,10,3,10000,1000.0,1000.0,0.0,7000.0,2023-04-01
CUS_0x9916_2023_01_01,CUS_0x9916,2023-01-01,10,4,10000,1000.0,1000.0,0.0,6000.0,2023-05-01
CUS_0x9916_2023_01_01,CUS_0x9916,2023-01-01,10,5,10000,1000.0,1000.0,0.0,5000.0,2023-06-01
CUS_0x9916_2023_01_01,CUS_0x9916,2023-01-01,10,6,10000,1000.0,1000.0,0.0,4000.0,2023-07-01
CUS_0x9916_2023_01_01,CUS_0x9916,2023-01-01,10,7,10000,1000.0,1000.0,0.0,3000.0,2023-08-01
CUS_0x9916_2023_01_01,CUS_0x9916,2023-01-01,10,8,10000,1000.0,1000.0,0.0,2000.0,2023-09-01
CUS_0x9916_2023_01_01,CUS_0x9916,2023-01-01,10,9,10000,1000.0,1000.0,0.0,1000.0,2023-10-01
CUS_0x9916_2023_01_01,CUS_0x9916,2023-01-01,10,10,10000,1000.0,1000.0,0.0,0.0,2023-11-01
CUS_0x9983_2024_03_01,CUS_0x9983,2024-03-01,10,0,10000,0.0,0.0,0.0,10000.0,2024-03-01
CUS_0x9983_2024_03_01,CUS_0x9983,2024-03-01,10,1,10000,1000.0,1000.0,0.0,9000.0,2024-04-01
CUS_0x9983_2024_03_01,CUS_0x9983,2024-03-01,10,2,10000,1000.0,1000.0,0.0,8000.0,2024-05-01
CUS_0x9983_2024_03_01,CUS_0x9983,2024-03-01,10,3,10000,1000.0,1000.0,0.0,7000.0,2024-06-01
CUS_0x9983_2024_03_01,CUS_0x9983,2024-03-01,10,4,10000,1000.0,1000.0,0.0,6000.0,2024-07-01
CUS_0x9983_2024_03_01,CUS_0x9983,2024-03-01,10,5,10000,1000.0,1000.0,0.0,5000.0,2024-08-01
CUS_0x9983_2024_03_01,CUS_0x9983,2024-03-01,10,6,10000,1000.0,1000.0,0.0,4000.0,2024-09-01
CUS_0x9983_2024_03_01,CUS_0x9983,2024-03-01,10,7,10000,1000.0,1000.0,0.0,3000.0,2024-10-01
CUS_0x9983_2024_03_01,CUS_0x9983,2024-03-01,10,8,10000,1000.0,1000.0,0.0,2000.0,2024-11-01
CUS_0x9983_2024_03_01,CUS_0x9983,2024-03-01,10,9,10000,1000.0,1000.0,0.0,1000.0,2024-12-01
CUS_0x9983_2024_03_01,CUS_0x9983,2024-03-01,10,10,10000,1000.0,1000.0,0.0,0.0,2025-01-01
CUS_0x99a9_2023_11_01,CUS_0x99a9,2023-11-01,10,0,10000,0.0,0.0,0.0,10000.0,2023-11-01
CUS_0x99a9_2023_11_01,CUS_0x99a9,2023-11-01,10,1,10000,1000.0,1000.0,0.0,9000.0,2023-12-01
CUS_0x99a9_2023_11_01,CUS_0x99a9,2023-11-01,10,2,10000,1000.0,1000.0,0.0,8000.0,2024-01-01
CUS_0x99a9_2023_11_01,CUS_0x99a9,2023-11-01,10,3,10000,1000.0,1000.0,0.0,7000.0,2024-02-01
CUS_0x99a9_2023_11_01,CUS_0x99a9,2023-11-01,10,4,10000,1000.0,1000.0,0.0,6000.0,2024-03-01
CUS_0x99a9_2023_11_01,CUS_0x99a9,2023-11-01,10,5,10000,1000.0,1000.0,0.0,5000.0,2024-04-01
CUS_0x99a9_2023_11_01,CUS_0x99a9,2023-11-01,10,6,10000,1000.0,1000.0,0.0,4000.0,2024-05-01
CUS_0x99a9_2023_11_01,CUS_0x99a9,2023-11-01,10,7,10000,1000.0,1000.0,0.0,3000.0,2024-06-01
CUS_0x99a9_2023_11_01,CUS_0x99a9,2023-11-01,10,8,10000,1000.0,1000.0,0.0,2000.0,2024-07-01
CUS_0x99a9_2023_11_01,CUS_0x99a9,2023-11-01,10,9,10000,1000.0,1000.0,0.0,1000.0,2024-08-01
CUS_0x99a9_2023_11_01,CUS_0x99a9,2023-11-01,10,10,10000,1000.0,1000.0,0.0,0.0,2024-09-01
CUS_0x99ec_2024_02_01,CUS_0x99ec,2024-02-01,10,0,10000,0.0,0.0,0.0,10000.0,2024-02-01
CUS_0x99ec_2024_02_01,CUS_0x99ec,2024-02-01,10,1,10000,1000.0,1000.0,0.0,9000.0,2024-03-01
CUS_0x99ec_2024_02_01,CUS_0x99ec,2024-02-01,10,2,10000,1000.0,1000.0,0.0,8000.0,2024-04-01
CUS_0x99ec_2024_02_01,CUS_0x99ec,2024-02-01,10,3,10000,1000.0,1000.0,0.0,7000.0,2024-05-01
CUS_0x99ec_2024_02_01,CUS_0x99ec,2024-02-01,10,4,10000,1000.0,1000.0,0.0,6000.0,2024-06-01
CUS_0x99ec_2024_02_01,CUS_0x99ec,2024-02-01,10,5,10000,1000.0,1000.0,0.0,5000.0,2024-07-01
CUS_0x99ec_2024_02_01,CUS_0x99ec,2024-02-01,10,6,10000,1000.0,1000.0,0.0,4000.0,2024-08-01
CUS_0x99ec_2024_02_01,CUS_0x99ec,2024-02-01,10,7,10000,1000.0,1000.0,0.0,3000.0,2024-09-01
CUS_0x99ec_2024_02_01,CUS_0x99ec,2024-02-01,10,8,10000,1000.0,1000.0,0.0,2000.0,2024-10-01
CUS_0x99ec_2024_02_01,CUS_0x99ec,2024-02-01,10,9,10000,1000.0,1000.0,0.0,1000.0,2024-11-01
CUS_0x99ec_2024_02_01,CUS_0x99ec,2024-02-01,10,10,10000,1000.0,1000.0,0.0,0.0,2024-12-01
CUS_0x9a18_2024_03_01,CUS_0x9a18,2024-03-01,10,0,10000,0.0,0.0,0.0,10000.0,2024-03-01
CUS_0x9a18_2024_03_01,CUS_0x9a18,2024-03-01,10,1,10000,1000.0,1000.0,0.0,9000.0,2024-04-01
CUS_0x9a18_2024_03_01,CUS_0x9a18,2024-03-01,10,2,10000,1000.0,1000.0,0.0,8000.0,2024-05-01
CUS_0x9a18_2024_03_01,CUS_0x9a18,2024-03-01,10,3,10000,1000.0,1000.0,0.0,7000.0,2024-06-01
CUS_0x9a18_2024_03_01,CUS_0x9a18,2024-03-01,10,4,10000,1000.0,1000.0,0.0,6000.0,2024-07-01
CUS_0x9a18_2024_03_01,CUS_0x9a18,2024-03-01,10,5,10000,1000.0,1000.0,0.0,5000.0,2024-08-01
CUS_0x9a18_2024_03_01,CUS_0x9a18,2024-03-01,10,6,10000,1000.0,1000.0,0.0,4000.0,2024-09-01
CUS_0x9a18_2024_03_01,CUS_0x9a18,2024-03-01,10,7,10000,1000.0,1000.0,0.0,3000.0,2024-10-01
CUS_0x9a18_2024_03_01,CUS_0x9a18,2024-03-01,10,8,10000,1000.0,1000.0,0.0,2000.0,2024-11-01
CUS_0x9a18_2024_03_01,CUS_0x9a18,2024-03-01,10,9,10000,1000.0,1000.0,0.0,1000.0,2024-12-01
CUS_0x9a18_2024_03_01,CUS_0x9a18,2024-03-01,10,10,10000,1000.0,1000.0,0.0,0.0,2025-01-01
CUS_0x9a26_2024_01_01,CUS_0x9a26,2024-01-01,10,0,10000,0.0,0.0,0.0,10000.0,2024-01-01
CUS_0x9a26_2024_01_01,CUS_0x9a26,2024-01-01,10,1,10000,1000.0,1000.0,0.0,9000.0,2024-02-01
CUS_0x9a26_2024_01_01,CUS_0x9a26,2024-01-01,10,2,10000,1000.0,1000.0,0.0,8000.0,2024-03-01
CUS_0x9a26_2024_01_01,CUS_0x9a26,2024-01-01,10,3,10000,1000.0,1000.0,0.0,7000.0,2024-04-01
CUS_0x9a26_2024_01_01,CUS_0x9a26,2024-01-01,10,4,10000,1000.0,1000.0,0.0,6000.0,2024-05-01
CUS_0x9a26_2024_01_01,CUS_0x9a26,2024-01-01,10,5,10000,1000.0,1000.0,0.0,5000.0,2024-06-01
CUS_0x9a26_2024_01_01,CUS_0x9a26,2024-01-01,10,6,10000,1000.0,1000.0,0.0,4000.0,2024-07-01
CUS_0x9a26_2024_01_01,CUS_0x9a26,2024-01-01,10,7,10000,1000.0,1000.0,0.0,3000.0,2024-08-01
CUS_0x9a26_2024_01_01,CUS_0x9a26,2024-01-01,10,8,10000,1000.0,1000.0,0.0,2000.0,2024-09-01
CUS_0x9a26_2024_01_01,CUS_0x9a26,2024-01-01,10,9,10000,1000.0,1000.0,0.0,1000.0,2024-10-01
CUS_0x9a26_2024_01_01,CUS_0x9a26,2024-01-01,10,10,10000,1000.0,1000.0,0.0,0.0,2024-11-01
CUS_0x9a55_2023_01_01,CUS_0x9a55,2023-01-01,10,0,10000,0.0,0.0,0.0,10000.0,2023-01-01
CUS_0x9a55_2023_01_01,CUS_0x9a55,2023-01-01,10,1,10000,1000.0,1000.0,0.0,9000.0,2023-02-01
CUS_0x9a55_2023_01_01,CUS_0x9a55,2023-01-01,10,2,10000,1000.0,0.0,1000.0,9000.0,2023-03-01
CUS_0x9a55_2023_01_01,CUS_0x9a55,2023-01-01,10,3,10000,1000.0,0.0,2000.0,9000.0,2023-04-01
CUS_0x9a55_2023_01_01,CUS_0x9a55,2023-01-01,10,4,10000,1000.0,0.0,3000.0,9000.0,2023-05-01
CUS_0x9a55_2023_01_01,CUS_0x9a55,2023-01-01,10,5,10000,1000.0,0.0,4000.0,9000.0,2023-06-01
CUS_0x9a55_2023_01_01,CUS_0x9a55,2023-01-01,10,6,10000,1000.0,0.0,5000.0,9000.0,2023-07-01
CUS_0x9a55_2023_01_01,CUS_0x9a55,2023-01-01,10,7,10000,1000.0,0.0,6000.0,9000.0,2023-08-01
CUS_0x9a55_2023_01_01,CUS_0x9a55,2023-01-01,10,8,10000,1000.0,0.0,7000.0,9000.0,2023-09-01
CUS_0x9a55_2023_01_01,CUS_0x9a55,2023-01-01,10,9,10000,1000.0,0.0,8000.0,9000.0,2023-10-01
CUS_0x9a55_2023_01_01,CUS_0x9a55,2023-01-01,10,10,10000,1000.0,0.0,9000.0,9000.0,2023-11-01
CUS_0x9a70_2024_03_01,CUS_0x9a70,2024-03-01,10,0,10000,0.0,0.0,0.0,10000.0,2024-03-01
CUS_0x9a70_2024_03_01,CUS_0x9a70,2024-03-01,10,1,10000,1000.0,1000.0,0.0,9000.0,2024-04-01
CUS_0x9a70_2024_03_01,CUS_0x9a70,2024-03-01,10,2,10000,1000.0,1000.0,0.0,8000.0,2024-05-01
CUS_0x9a70_2024_03_01,CUS_0x9a70,2024-03-01,10,3,10000,1000.0,1000.0,0.0,7000.0,2024-06-01
CUS_0x9a70_2024_03_01,CUS_0x9a70,2024-03-01,10,4,10000,1000.0,1000.0,0.0,6000.0,2024-07-01
CUS_0x9a70_2024_03_01,CUS_0x9a70,2024-03-01,10,5,10000,1000.0,1000.0,0.0,5000.0,2024-08-01
CUS_0x9a70_2024_03_01,CUS_0x9a70,2024-03-01,10,6,10000,1000.0,1000.0,0.0,4000.0,2024-09-01
CUS_0x9a70_2024_03_01,CUS_0x9a70,2024-03-01,10,7,10000,1000.0,1000.0,0.0,3000.0,2024-10-01
CUS_0x9a70_2024_03_01,CUS_0x9a70,2024-03-01,10,8,10000,1000.0,1000.0,0.0,2000.0,2024-11-01
CUS_0x9a70_2024_03_01,CUS_0x9a70,2024-03-01,10,9,10000,1000.0,1000.0,0.0,1000.0,2024-12-01
CUS_0x9a70_2024_03_01,CUS_0x9a70,2024-03-01,10,10,10000,1000.0,1000.0,0.0,0.0,2025-01-01
CUS_0x9aa1_2024_03_01,CUS_0x9aa1,2024-03-01,10,0,10000,0.0,0.0,0.0,10000.0,2024-03-01
CUS_0x9aa1_2024_03_01,CUS_0x9aa1,2024-03-01,10,1,10000,1000.0,1000.0,0.0,9000.0,2024-04-01
CUS_0x9aa1_2024_03_01,CUS_0x9aa1,2024-03-01,10,2,10000,1000.0,1000.0,0.0,8000.0,2024-05-01
CUS_0x9aa1_2024_03_01,CUS_0x9aa1,2024-03-01,10,3,10000,1000.0,1000.0,0.0,7000.0,2024-06-01
CUS_0x9aa1_2024_03_01,CUS_0x9aa1,2024-03-01,10,4,10000,1000.0,1000.0,0.0,6000.0,2024-07-01
CUS_0x9aa1_2024_03_01,CUS_0x9aa1,2024-03-01,10,5,10000,1000.0,1000.0,0.0,5000.0,2024-08-01
CUS_0x9aa1_2024_03_01,CUS_0x9aa1,2024-03-01,10,6,10000,1000.0,1000.0,0.0,4000.0,2024-09-01
CUS_0x9aa1_2024_03_01,CUS_0x9aa1,2024-03-01,10,7,10000,1000.0,1000.0,0.0,3000.0,2024-10-01
CUS_0x9aa1_2024_03_01,CUS_0x9aa1,2024-03-01,10,8,10000,1000.0,1000.0,0.0,2000.0,2024-11-01
CUS_0x9aa1_2024_03_01,CUS_0x9aa1,2024-03-01,10,9,10000,1000.0,1000.0,0.0,1000.0,2024-12-01
CUS_0x9aa1_2024_03_01,CUS_0x9aa1,2024-03-01,10,10,10000,1000.0,1000.0,0.0,0.0,2025-01-01
CUS_0x9ac5_2024_08_01,CUS_0x9ac5,2024-08-01,10,0,10000,0.0,0.0,0.0,10000.0,2024-08-01
CUS_0x9ac5_2024_08_01,CUS_0x9ac5,2024-08-01,10,1,10000,1000.0,1000.0,0.0,9000.0,2024-09-01
CUS_0x9ac5_2024_08_01,CUS_0x9ac5,2024-08-01,10,2,10000,1000.0,1000.0,0.0,8000.0,2024-10-01
CUS_0x9ac5_2024_08_01,CUS_0x9ac5,2024-08-01,10,3,10000,1000.0,1000.0,0.0,7000.0,2024-11-01
CUS_0x9ac5_2024_08_01,CUS_0x9ac5,2024-08-01,10,4,10000,1000.0,0.0,1000.0,7000.0,2024-12-01
CUS_0x9ac5_2024_08_01,CUS_0x9ac5,2024-08-01,10,5,10000,1000.0,0.0,2000.0,7000.0,2025-01-01
CUS_0x9ac5_2024_08_01,CUS_0x9ac5,2024-08-01,10,6,10000,1000.0,0.0,3000.0,7000.0,2025-02-01
CUS_0x9ac5_2024_08_01,CUS_0x9ac5,2024-08-01,10,7,10000,1000.0,0.0,4000.0,7000.0,2025-03-01
CUS_0x9ac5_2024_08_01,CUS_0x9ac5,2024-08-01,10,8,10000,1000.0,0.0,5000.0,7000.0,2025-04-01
CUS_0x9ac5_2024_08_01,CUS_0x9ac5,2024-08-01,10,9,10000,1000.0,0.0,6000.0,7000.0,2025-05-01
CUS_0x9ac5_2024_08_01,CUS_0x9ac5,2024-08-01,10,10,10000,1000.0,0.0,7000.0,7000.0,2025-06-01
CUS_0x9c03_2023_11_01,CUS_0x9c03,2023-11-01,10,0,10000,0.0,0.0,0.0,10000.0,2023-11-01
CUS_0x9c03_2023_11_01,CUS_0x9c03,2023-11-01,10,1,10000,1000.0,1000.0,0.0,9000.0,2023-12-01
CUS_0x9c03_2023_11_01,CUS_0x9c03,2023-11-01,10,2,10000,1000.0,1000.0,0.0,8000.0,2024-01-01
CUS_0x9c03_2023_11_01,CUS_0x9c03,2023-11-01,10,3,10000,1000.0,0.0,1000.0,8000.0,2024-02-01
CUS_0x9c03_2023_11_01,CUS_0x9c03,2023-11-01,10,4,10000,1000.0,0.0,2000.0,8000.0,2024-03-01
CUS_0x9c03_2023_11_01,CUS_0x9c03,2023-11-01,10,5,10000,1000.0,0.0,3000.0,8000.0,2024-04-01
CUS_0x9c03_2023_11_01,CUS_0x9c03,2023-11-01,10,6,10000,1000.0,0.0,4000.0,8000.0,2024-05-01
CUS_0x9c03_2023_11_01,CUS_0x9c03,2023-11-01,10,7,10000,1000.0,0.0,5000.0,8000.0,2024-06-01
CUS_0x9c03_2023_11_01,CUS_0x9c03,2023-11-01,10,8,10000,1000.0,0.0,6000.0,8000.0,2024-07-01
CUS_0x9c03_2023_11_01,CUS_0x9c03,2023-11-01,10,9,10000,1000.0,0.0,7000.0,8000.0,2024-08-01
CUS_0x9c03_2023_11_01,CUS_0x9c03,2023-11-01,10,10,10000,1000.0,0.0,8000.0,8000.0,2024-09-01
CUS_0x9c2e_2023_04_01,CUS_0x9c2e,2023-04-01,10,0,10000,0.0,0.0,0.0,10000.0,2023-04-01
CUS_0x9c2e_2023_04_01,CUS_0x9c2e,2023-04-01,10,1,10000,1000.0,1000.0,0.0,9000.0,2023-05-01
CUS_0x9c2e_2023_04_01,CUS_0x9c2e,2023-04-01,10,2,10000,1000.0,1000.0,0.0,8000.0,2023-06-01
CUS_0x9c2e_2023_04_01,CUS_0x9c2e,2023-04-01,10,3,10000,1000.0,1000.0,0.0,7000.0,2023-07-01
CUS_0x9c2e_2023_04_01,CUS_0x9c2e,2023-04-01,10,4,10000,1000.0,1000.0,0.0,6000.0,2023-08-01
CUS_0x9c2e_2023_04_01,CUS_0x9c2e,2023-04-01,10,5,10000,1000.0,1000.0,0.0,5000.0,2023-09-01
CUS_0x9c2e_2023_04_01,CUS_0x9c2e,2023-04-01,10,6,10000,1000.0,1000.0,0.0,4000.0,2023-10-01
CUS_0x9c2e_2023_04_01,CUS_0x9c2e,2023-04-01,10,7,10000,1000.0,1000.0,0.0,3000.0,2023-11-01
CUS_0x9c2e_2023_04_01,CUS_0x9c2e,2023-04-01,10,8,10000,1000.0,1000.0,0.0,2000.0,2023-12-01
CUS_0x9c2e_2023_04_01,CUS_0x9c2e,2023-04-01,10,9,10000,1000.0,1000.0,0.0,1000.0,2024-01-01
CUS_0x9c2e_2023_04_01,CUS_0x9c2e,2023-04-01,10,10,10000,1000.0,1000.0,0.0,0.0,2024-02-01
CUS_0x9c85_2023_09_01,CUS_0x9c85,2023-09-01,10,0,10000,0.0,0.0,0.0,10000.0,2023-09-01
CUS_0x9c85_2023_09_01,CUS_0x9c85,2023-09-01,10,1,10000,1000.0,1000.0,0.0,9000.0,2023-10-01
CUS_0x9c85_2023_09_01,CUS_0x9c85,2023-09-01,10,2,10000,1000.0,1000.0,0.0,8000.0,2023-11-01
CUS_0x9c85_2023_09_01,CUS_0x9c85,2023-09-01,10,3,10000,1000.0,1000.0,0.0,7000.0,2023-12-01
CUS_0x9c85_2023_09_01,CUS_0x9c85,2023-09-01,10,4,10000,1000.0,1000.0,0.0,6000.0,2024-01-01
CUS_0x9c85_2023_09_01,CUS_0x9c85,2023-09-01,10,5,10000,1000.0,1000.0,0.0,5000.0,2024-02-01
CUS_0x9c85_2023_09_01,CUS_0x9c85,2023-09-01,10,6,10000,1000.0,1000.0,0.0,4000.0,2024-03-01
CUS_0x9c85_2023_09_01,CUS_0x9c85,2023-09-01,10,7,10000,1000.0,1000.0,0.0,3000.0,2024-04-01
CUS_0x9c85_2023_09_01,CUS_0x9c85,2023-09-01,10,8,10000,1000.0,1000.0,0.0,2000.0,2024-05-01
CUS_0x9c85_2023_09_01,CUS_0x9c85,2023-09-01,10,9,10000,1000.0,1000.0,0.0,1000.0,2024-06-01
CUS_0x9c85_2023_09_01,CUS_0x9c85,2023-09-01,10,10,10000,1000.0,1000.0,0.0,0.0,2024-07-01
CUS_0x9cdc_2024_06_01,CUS_0x9cdc,2024-06-01,10,0,10000,0.0,0.0,0.0,10000.0,2024-06-01
CUS_0x9cdc_2024_06_01,CUS_0x9cdc,2024-06-01,10,1,10000,1000.0,1000.0,0.0,9000.0,2024-07-01
CUS_0x9cdc_2024_06_01,CUS_0x9cdc,2024-06-01,10,2,10000,1000.0,1000.0,0.0,8000.0,2024-08-01
CUS_0x9cdc_2024_06_01,CUS_0x9cdc,2024-06-01,10,3,10000,1000.0,1000.0,0.0,7000.0,2024-09-01
CUS_0x9cdc_2024_06_01,CUS_0x9cdc,2024-06-01,10,4,10000,1000.0,1000.0,0.0,6000.0,2024-10-01
CUS_0x9cdc_2024_06_01,CUS_0x9cdc,2024-06-01,10,5,10000,1000.0,1000.0,0.0,5000.0,2024-11-01
CUS_0x9cdc_2024_06_01,CUS_0x9cdc,2024-06-01,10,6,10000,1000.0,1000.0,0.0,4000.0,2024-12-01
CUS_0x9cdc_2024_06_01,CUS_0x9cdc,2024-06-01,10,7,10000,1000.0,1000.0,0.0,3000.0,2025-01-01
CUS_0x9cdc_2024_06_01,CUS_0x9cdc,2024-06-01,10,8,10000,1000.0,1000.0,0.0,2000.0,2025-02-01
CUS_0x9cdc_2024_06_01,CUS_0x9cdc,2024-06-01,10,9,10000,1000.0,1000.0,0.0,1000.0,2025-03-01
CUS_0x9cdc_2024_06_01,CUS_0x9cdc,2024-06-01,10,10,10000,1000.0,1000.0,0.0,0.0,2025-04-01
CUS_0x9ce0_2024_11_01,CUS_0x9ce0,2024-11-01,10,0,10000,0.0,0.0,0.0,10000.0,2024-11-01
CUS_0x9ce0_2024_11_01,CUS_0x9ce0,2024-11-01,10,1,10000,1000.0,1000.0,0.0,9000.0,2024-12-01
CUS_0x9ce0_2024_11_01,CUS_0x9ce0,2024-11-01,10,2,10000,1000.0,1000.0,0.0,8000.0,2025-01-01
CUS_0x9ce0_2024_11_01,CUS_0x9ce0,2024-11-01,10,3,10000,1000.0,1000.0,0.0,7000.0,2025-02-01
CUS_0x9ce0_2024_11_01,CUS_0x9ce0,2024-11-01,10,4,10000,1000.0,1000.0,0.0,6000.0,2025-03-01
CUS_0x9ce0_2024_11_01,CUS_0x9ce0,2024-11-01,10,5,10000,1000.0,1000.0,0.0,5000.0,2025-04-01
CUS_0x9ce0_2024_11_01,CUS_0x9ce0,2024-11-01,10,6,10000,1000.0,1000.0,0.0,4000.0,2025-05-01
CUS_0x9ce0_2024_11_01,CUS_0x9ce0,2024-11-01,10,7,10000,1000.0,1000.0,0.0,3000.0,2025-06-01
CUS_0x9ce0_2024_11_01,CUS_0x9ce0,2024-11-01,10,8,10000,1000.0,1000.0,0.0,2000.0,2025-07-01
CUS_0x9ce0_2024_11_01,CUS_0x9ce0,2024-11-01,10,9,10000,1000.0,1000.0,0.0,1000.0,2025-08-01
CUS_0x9ce0_2024_11_01,CUS_0x9ce0,2024-11-01,10,10,10000,1000.0,1000.0,0.0,0.0,2025-09-01
CUS_0x9ce4_2023_08_01,CUS_0x9ce4,2023-08-01,10,0,10000,0.0,0.0,0.0,10000.0,2023-08-01
CUS_0x9ce4_2023_08_01,CUS_0x9ce4,2023-08-01,10,1,10000,1000.0,1000.0,0.0,9000.0,2023-09-01
CUS_0x9ce4_2023_08_01,CUS_0x9ce4,2023-08-01,10,2,10000,1000.0,1000.0,0.0,8000.0,2023-10-01
CUS_0x9ce4_2023_08_01,CUS_0x9ce4,2023-08-01,10,3,10000,1000.0,0.0,1000.0,8000.0,2023-11-01
CUS_0x9ce4_2023_08_01,CUS_0x9ce4,2023-08-01,10,4,10000,1000.0,0.0,2000.0,8000.0,2023-12-01
CUS_0x9ce4_2023_08_01,CUS_0x9ce4,2023-08-01,10,5,10000,1000.0,0.0,3000.0,8000.0,2024-01-01
CUS_0x9ce4_2023_08_01,CUS_0x9ce4,2023-08-01,10,6,10000,1000.0,0.0,4000.0,8000.0,2024-02-01
CUS_0x9ce4_2023_08_01,CUS_0x9ce4,2023-08-01,10,7,10000,1000.0,0.0,5000.0,8000.0,2024-03-01
CUS_0x9ce4_2023_08_01,CUS_0x9ce4,2023-08-01,10,8,10000,1000.0,0.0,6000.0,8000.0,2024-04-01
CUS_0x9ce4_2023_08_01,CUS_0x9ce4,2023-08-01,10,9,10000,1000.0,0.0,7000.0,8000.0,2024-05-01
CUS_0x9ce4_2023_08_01,CUS_0x9ce4,2023-08-01,10,10,10000,1000.0,0.0,8000.0,8000.0,2024-06-01
CUS_0x9d0a_2024_09_01,CUS_0x9d0a,2024-09-01,10,0,10000,0.0,0.0,0.0,10000.0,2024-09-01
CUS_0x9d0a_2024_09_01,CUS_0x9d0a,2024-09-01,10,1,10000,1000.0,1000.0,0.0,9000.0,2024-10-01
CUS_0x9d0a_2024_09_01,CUS_0x9d0a,2024-09-01,10,2,10000,1000.0,1000.0,0.0,8000.0,2024-11-01
CUS_0x9d0a_2024_09_01,CUS_0x9d0a,2024-09-01,10,3,10000,1000.0,1000.0,0.0,7000.0,2024-12-01
CUS_0x9d0a_2024_09_01,CUS_0x9d0a,2024-09-01,10,4,10000,1000.0,1000.0,0.0,6000.0,2025-01-01
CUS_0x9d0a_2024_09_01,CUS_0x9d0a,2024-09-01,10,5,10000,1000.0,1000.0,0.0,5000.0,2025-02-01
CUS_0x9d0a_2024_09_01,CUS_0x9d0a,2024-09-01,10,6,10000,1000.0,1000.0,0.0,4000.0,2025-03-01
CUS_0x9d0a_2024_09_01,CUS_0x9d0a,2024-09-01,10,7,10000,1000.0,1000.0,0.0,3000.0,2025-04-01
CUS_0x9d0a_2024_09_01,CUS_0x9d0a,2024-09-01,10,8,10000,1000.0,1000.0,0.0,2000.0,2025-05-01
CUS_0x9d0a_2024_09_01,CUS_0x9d0a,2024-09-01,10,9,10000,1000.0,1000.0,0.0,1000.0,2025-06-01
CUS_0x9d0a_2024_09_01,CUS_0x9d0a,2024-09-01,10,10,10000,1000.0,1000.0,0.0,0.0,2025-07-01
CUS_0x9d3d_2024_09_01,CUS_0x9d3d,2024-09-01,10,0,10000,0.0,0.0,0.0,10000.0,2024-09-01
CUS_0x9d3d_2024_09_01,CUS_0x9d3d,2024-09-01,10,1,10000,1000.0,1000.0,0.0,9000.0,2024-10-01
CUS_0x9d3d_2024_09_01,CUS_0x9d3d,2024-09-01,10,2,10000,1000.0,1000.0,0.0,8000.0,2024-11-01
CUS_0x9d3d_2024_09_01,CUS_0x9d3d,2024-09-01,10,3,10000,1000.0,0.0,1000.0,8000.0,2024-12-01
CUS_0x9d3d_2024_09_01,CUS_0x9d3d,2024-09-01,10,4,10000,1000.0,0.0,2000.0,8000.0,2025-01-01
CUS_0x9d3d_2024_09_01,CUS_0x9d3d,2024-09-01,10,5,10000,1000.0,0.0,3000.0,8000.0,2025-02-01
CUS_0x9d3d_2024_09_01,CUS_0x9d3d,2024-09-01,10,6,10000,1000.0,0.0,4000.0,8000.0,2025-03-01
CUS_0x9d3d_2024_09_01,CUS_0x9d3d,2024-09-01,10,7,10000,1000.0,0.0,5000.0,8000.0,2025-04-01
CUS_0x9d3d_2024_09_01,CUS_0x9d3d,2024-09-01,10,8,10000,1000.0,0.0,6000.0,8000.0,2025-05-01
CUS_0x9d3d_2024_09_01,CUS_0x9d3d,2024-09-01,10,9,10000,1000.0,0.0,7000.0,8000.0,2025-06-01
CUS_0x9d3d_2024_09_01,CUS_0x9d3d,2024-09-01,10,10,10000,1000.0,0.0,8000.0,8000.0,2025-07-01
CUS_0x9d51_2023_04_01,CUS_0x9d51,2023-04-01,10,0,10000,0.0,0.0,0.0,10000.0,2023-04-01
CUS_0x9d51_2023_04_01,CUS_0x9d51,2023-04-01,10,1,10000,1000.0,1000.0,0.0,9000.0,2023-05-01
CUS_0x9d51_2023_04_01,CUS_0x9d51,2023-04-01,10,2,10000,1000.0,1000.0,0.0,8000.0,2023-06-01
CUS_0x9d51_2023_04_01,CUS_0x9d51,2023-04-01,10,3,10000,1000.0,1000.0,0.0,7000.0,2023-07-01
CUS_0x9d51_2023_04_01,CUS_0x9d51,2023-04-01,10,4,10000,1000.0,1000.0,0.0,6000.0,2023-08-01
CUS_0x9d51_2023_04_01,CUS_0x9d51,2023-04-01,10,5,10000,1000.0,1000.0,0.0,5000.0,2023-09-01
CUS_0x9d51_2023_04_01,CUS_0x9d51,2023-04-01,10,6,10000,1000.0,1000.0,0.0,4000.0,2023-10-01
CUS_0x9d51_2023_04_01,CUS_0x9d51,2023-04-01,10,7,10000,1000.0,1000.0,0.0,3000.0,2023-11-01
CUS_0x9d51_2023_04_01,CUS_0x9d51,2023-04-01,10,8,10000,1000.0,1000.0,0.0,2000.0,2023-12-01
CUS_0x9d51_2023_04_01,CUS_0x9d51,2023-04-01,10,9,10000,1000.0,1000.0,0.0,1000.0,2024-01-01
CUS_0x9d51_2023_04_01,CUS_0x9d51,2023-04-01,10,10,10000,1000.0,1000.0,0.0,0.0,2024-02-01
CUS_0x9d64_2025_01_01,CUS_0x9d64,2025-01-01,10,0,10000,0.0,0.0,0.0,10000.0,2025-01-01
CUS_0x9d64_2025_01_01,CUS_0x9d64,2025-01-01,10,1,10000,1000.0,1000.0,0.0,9000.0,2025-02-01
CUS_0x9d64_2025_01_01,CUS_0x9d64,2025-01-01,10,2,10000,1000.0,1000.0,0.0,8000.0,2025-03-01
CUS_0x9d64_2025_01_01,CUS_0x9d64,2025-01-01,10,3,10000,1000.0,1000.0,0.0,7000.0,2025-04-01
CUS_0x9d64_2025_01_01,CUS_0x9d64,2025-01-01,10,4,10000,1000.0,1000.0,0.0,6000.0,2025-05-01
CUS_0x9d64_2025_01_01,CUS_0x9d64,2025-01-01,10,5,10000,1000.0,1000.0,0.0,5000.0,2025-06-01
CUS_0x9d64_2025_01_01,CUS_0x9d64,2025-01-01,10,6,10000,1000.0,1000.0,0.0,4000.0,2025-07-01
CUS_0x9d64_2025_01_01,CUS_0x9d64,2025-01-01,10,7,10000,1000.0,1000.0,0.0,3000.0,2025-08-01
CUS_0x9d64_2025_01_01,CUS_0x9d64,2025-01-01,10,8,10000,1000.0,1000.0,0.0,2000.0,2025-09-01
CUS_0x9d64_2025_01_01,CUS_0x9d64,2025-01-01,10,9,10000,1000.0,1000.0,0.0,1000.0,2025-10-01
CUS_0x9d64_2025_01_01,CUS_0x9d64,2025-01-01,10,10,10000,1000.0,1000.0,0.0,0.0,2025-11-01
CUS_0x9da4_2024_07_01,CUS_0x9da4,2024-07-01,10,0,10000,0.0,0.0,0.0,10000.0,2024-07-01
CUS_0x9da4_2024_07_01,CUS_0x9da4,2024-07-01,10,1,10000,1000.0,1000.0,0.0,9000.0,2024-08-01
CUS_0x9da4_2024_07_01,CUS_0x9da4,2024-07-01,10,2,10000,1000.0,1000.0,0.0,8000.0,2024-09-01
CUS_0x9da4_2024_07_01,CUS_0x9da4,2024-07-01,10,3,10000,1000.0,1000.0,0.0,7000.0,2024-10-01
CUS_0x9da4_2024_07_01,CUS_0x9da4,2024-07-01,10,4,10000,1000.0,1000.0,0.0,6000.0,2024-11-01
CUS_0x9da4_2024_07_01,CUS_0x9da4,2024-07-01,10,5,10000,1000.0,1000.0,0.0,5000.0,2024-12-01
CUS_0x9da4_2024_07_01,CUS_0x9da4,2024-07-01,10,6,10000,1000.0,1000.0,0.0,4000.0,2025-01-01
CUS_0x9da4_2024_07_01,CUS_0x9da4,2024-07-01,10,7,10000,1000.0,1000.0,0.0,3000.0,2025-02-01
CUS_0x9da4_2024_07_01,CUS_0x9da4,2024-07-01,10,8,10000,1000.0,1000.0,0.0,2000.0,2025-03-01
CUS_0x9da4_2024_07_01,CUS_0x9da4,2024-07-01,10,9,10000,1000.0,1000.0,0.0,1000.0,2025-04-01
CUS_0x9da4_2024_07_01,CUS_0x9da4,2024-07-01,10,10,10000,1000.0,1000.0,0.0,0.0,2025-05-01
CUS_0x9dc3_2024_11_01,CUS_0x9dc3,2024-11-01,10,0,10000,0.0,0.0,0.0,10000.0,2024-11-01
CUS_0x9dc3_2024_11_01,CUS_0x9dc3,2024-11-01,10,1,10000,1000.0,1000.0,0.0,9000.0,2024-12-01
CUS_0x9dc3_2024_11_01,CUS_0x9dc3,2024-11-01,10,2,10000,1000.0,1000.0,0.0,8000.0,2025-01-01
CUS_0x9dc3_2024_11_01,CUS_0x9dc3,2024-11-01,10,3,10000,1000.0,1000.0,0.0,7000.0,2025-02-01
CUS_0x9dc3_2024_11_01,CUS_0x9dc3,2024-11-01,10,4,10000,1000.0,1000.0,0.0,6000.0,2025-03-01
CUS_0x9dc3_2024_11_01,CUS_0x9dc3,2024-11-01,10,5,10000,1000.0,1000.0,0.0,5000.0,2025-04-01
CUS_0x9dc3_2024_11_01,CUS_0x9dc3,2024-11-01,10,6,10000,1000.0,1000.0,0.0,4000.0,2025-05-01
CUS_0x9dc3_2024_11_01,CUS_0x9dc3,2024-11-01,10,7,10000,1000.0,1000.0,0.0,3000.0,2025-06-01
CUS_0x9dc3_2024_11_01,CUS_0x9dc3,2024-11-01,10,8,10000,1000.0,1000.0,0.0,2000.0,2025-07-01
CUS_0x9dc3_2024_11_01,CUS_0x9dc3,2024-11-01,10,9,10000,1000.0,1000.0,0.0,1000.0,2025-08-01
CUS_0x9dc3_2024_11_01,CUS_0x9dc3,2024-11-01,10,10,10000,1000.0,1000.0,0.0,0.0,2025-09-01
CUS_0x9df0_2023_10_01,CUS_0x9df0,2023-10-01,10,0,10000,0.0,0.0,0.0,10000.0,2023-10-01
CUS_0x9df0_2023_10_01,CUS_0x9df0,2023-10-01,10,1,10000,1000.0,1000.0,0.0,9000.0,2023-11-01
CUS_0x9df0_2023_10_01,CUS_0x9df0,2023-10-01,10,2,10000,1000.0,1000.0,0.0,8000.0,2023-12-01
CUS_0x9df0_2023_10_01,CUS_0x9df0,2023-10-01,10,3,10000,1000.0,1000.0,0.0,7000.0,2024-01-01
CUS_0x9df0_2023_10_01,CUS_0x9df0,2023-10-01,10,4,10000,1000.0,1000.0,0.0,6000.0,2024-02-01
CUS_0x9df0_2023_10_01,CUS_0x9df0,2023-10-01,10,5,10000,1000.0,1000.0,0.0,5000.0,2024-03-01
CUS_0x9df0_2023_10_01,CUS_0x9df0,2023-10-01,10,6,10000,1000.0,1000.0,0.0,4000.0,2024-04-01
CUS_0x9df0_2023_10_01,CUS_0x9df0,2023-10-01,10,7,10000,1000.0,1000.0,0.0,3000.0,2024-05-01
CUS_0x9df0_2023_10_01,CUS_0x9df0,2023-10-01,10,8,10000,1000.0,1000.0,0.0,2000.0,2024-06-01
CUS_0x9df0_2023_10_01,CUS_0x9df0,2023-10-01,10,9,10000,1000.0,1000.0,0.0,1000.0,2024-07-01
CUS_0x9df0_2023_10_01,CUS_0x9df0,2023-10-01,10,10,10000,1000.0,1000.0,0.0,0.0,2024-08-01
CUS_0x9df7_2023_09_01,CUS_0x9df7,2023-09-01,10,0,10000,0.0,0.0,0.0,10000.0,2023-09-01
CUS_0x9df7_2023_09_01,CUS_0x9df7,2023-09-01,10,1,10000,1000.0,1000.0,0.0,9000.0,2023-10-01
CUS_0x9df7_2023_09_01,CUS_0x9df7,2023-09-01,10,2,10000,1000.0,1000.0,0.0,8000.0,2023-11-01
CUS_0x9df7_2023_09_01,CUS_0x9df7,2023-09-01,10,3,10000,1000.0,1000.0,0.0,7000.0,2023-12-01
CUS_0x9df7_2023_09_01,CUS_0x9df7,2023-09-01,10,4,10000,1000.0,1000.0,0.0,6000.0,2024-01-01
CUS_0x9df7_2023_09_01,CUS_0x9df7,2023-09-01,10,5,10000,1000.0,1000.0,0.0,5000.0,2024-02-01
CUS_0x9df7_2023_09_01,CUS_0x9df7,2023-09-01,10,6,10000,1000.0,1000.0,0.0,4000.0,2024-03-01
CUS_0x9df7_2023_09_01,CUS_0x9df7,2023-09-01,10,7,10000,1000.0,1000.0,0.0,3000.0,2024-04-01
CUS_0x9df7_2023_09_01,CUS_0x9df7,2023-09-01,10,8,10000,1000.0,1000.0,0.0,2000.0,2024-05-01
CUS_0x9df7_2023_09_01,CUS_0x9df7,2023-09-01,10,9,10000,1000.0,1000.0,0.0,1000.0,2024-06-01
CUS_0x9df7_2023_09_01,CUS_0x9df7,2023-09-01,10,10,10000,1000.0,1000.0,0.0,0.0,2024-07-01
CUS_0x9e3c_2023_05_01,CUS_0x9e3c,2023-05-01,10,0,10000,0.0,0.0,0.0,10000.0,2023-05-01
CUS_0x9e3c_2023_05_01,CUS_0x9e3c,2023-05-01,10,1,10000,1000.0,1000.0,0.0,9000.0,2023-06-01
CUS_0x9e3c_2023_05_01,CUS_0x9e3c,2023-05-01,10,2,10000,1000.0,1000.0,0.0,8000.0,2023-07-01
CUS_0x9e3c_2023_05_01,CUS_0x9e3c,2023-05-01,10,3,10000,1000.0,1000.0,0.0,7000.0,2023-08-01
CUS_0x9e3c_2023_05_01,CUS_0x9e3c,2023-05-01,10,4,10000,1000.0,1000.0,0.0,6000.0,2023-09-01
CUS_0x9e3c_2023_05_01,CUS_0x9e3c,2023-05-01,10,5,10000,1000.0,1000.0,0.0,5000.0,2023-10-01
CUS_0x9e3c_2023_05_01,CUS_0x9e3c,2023-05-01,10,6,10000,1000.0,1000.0,0.0,4000.0,2023-11-01
CUS_0x9e3c_2023_05_01,CUS_0x9e3c,2023-05-01,10,7,10000,1000.0,1000.0,0.0,3000.0,2023-12-01
CUS_0x9e3c_2023_05_01,CUS_0x9e3c,2023-05-01,10,8,10000,1000.0,1000.0,0.0,2000.0,2024-01-01
CUS_0x9e3c_2023_05_01,CUS_0x9e3c,2023-05-01,10,9,10000,1000.0,1000.0,0.0,1000.0,2024-02-01
CUS_0x9e3c_2023_05_01,CUS_0x9e3c,2023-05-01,10,10,10000,1000.0,1000.0,0.0,0.0,2024-03-01
CUS_0x9e3f_2024_07_01,CUS_0x9e3f,2024-07-01,10,0,10000,0.0,0.0,0.0,10000.0,2024-07-01
CUS_0x9e3f_2024_07_01,CUS_0x9e3f,2024-07-01,10,1,10000,1000.0,1000.0,0.0,9000.0,2024-08-01
CUS_0x9e3f_2024_07_01,CUS_0x9e3f,2024-07-01,10,2,10000,1000.0,1000.0,0.0,8000.0,2024-09-01
CUS_0x9e3f_2024_07_01,CUS_0x9e3f,2024-07-01,10,3,10000,1000.0,1000.0,0.0,7000.0,2024-10-01
CUS_0x9e3f_2024_07_01,CUS_0x9e3f,2024-07-01,10,4,10000,1000.0,1000.0,0.0,6000.0,2024-11-01
CUS_0x9e3f_2024_07_01,CUS_0x9e3f,2024-07-01,10,5,10000,1000.0,1000.0,0.0,5000.0,2024-12-01
CUS_0x9e3f_2024_07_01,CUS_0x9e3f,2024-07-01,10,6,10000,1000.0,1000.0,0.0,4000.0,2025-01-01
CUS_0x9e3f_2024_07_01,CUS_0x9e3f,2024-07-01,10,7,10000,1000.0,1000.0,0.0,3000.0,2025-02-01
CUS_0x9e3f_2024_07_01,CUS_0x9e3f,2024-07-01,10,8,10000,1000.0,1000.0,0.0,2000.0,2025-03-01
CUS_0x9e3f_2024_07_01,CUS_0x9e3f,2024-07-01,10,9,10000,1000.0,1000.0,0.0,1000.0,2025-04-01
CUS_0x9e3f_2024_07_01,CUS_0x9e3f,2024-07-01,10,10,10000,1000.0,1000.0,0.0,0.0,2025-05-01
CUS_0x9e42_2024_06_01,CUS_0x9e42,2024-06-01,10,0,10000,0.0,0.0,0.0,10000.0,2024-06-01
CUS_0x9e42_2024_06_01,CUS_0x9e42,2024-06-01,10,1,10000,1000.0,1000.0,0.0,9000.0,2024-07-01
CUS_0x9e42_2024_06_01,CUS_0x9e42,2024-06-01,10,2,10000,1000.0,1000.0,0.0,8000.0,2024-08-01
CUS_0x9e42_2024_06_01,CUS_0x9e42,2024-06-01,10,3,10000,1000.0,1000.0,0.0,7000.0,2024-09-01
CUS_0x9e42_2024_06_01,CUS_0x9e42,2024-06-01,10,4,10000,1000.0,1000.0,0.0,6000.0,2024-10-01
CUS_0x9e42_2024_06_01,CUS_0x9e42,2024-06-01,10,5,10000,1000.0,1000.0,0.0,5000.0,2024-11-01
CUS_0x9e42_2024_06_01,CUS_0x9e42,2024-06-01,10,6,10000,1000.0,1000.0,0.0,4000.0,2024-12-01
CUS_0x9e42_2024_06_01,CUS_0x9e42,2024-06-01,10,7,10000,1000.0,1000.0,0.0,3000.0,2025-01-01
CUS_0x9e42_2024_06_01,CUS_0x9e42,2024-06-01,10,8,10000,1000.0,1000.0,0.0,2000.0,2025-02-01
CUS_0x9e42_2024_06_01,CUS_0x9e42,2024-06-01,10,9,10000,1000.0,1000.0,0.0,1000.0,2025-03-01
CUS_0x9e42_2024_06_01,CUS_0x9e42,2024-06-01,10,10,10000,1000.0,1000.0,0.0,0.0,2025-04-01
CUS_0x9e5b_2023_03_01,CUS_0x9e5b,2023-03-01,10,0,10000,0.0,0.0,0.0,10000.0,2023-03-01
CUS_0x9e5b_2023_03_01,CUS_0x9e5b,2023-03-01,10,1,10000,1000.0,1000.0,0.0,9000.0,2023-04-01
CUS_0x9e5b_2023_03_01,CUS_0x9e5b,2023-03-01,10,2,10000,1000.0,1000.0,0.0,8000.0,2023-05-01
CUS_0x9e5b_2023_03_01,CUS_0x9e5b,2023-03-01,10,3,10000,1000.0,1000.0,0.0,7000.0,2023-06-01
CUS_0x9e5b_2023_03_01,CUS_0x9e5b,2023-03-01,10,4,10000,1000.0,1000.0,0.0,6000.0,2023-07-01
CUS_0x9e5b_2023_03_01,CUS_0x9e5b,2023-03-01,10,5,10000,1000.0,1000.0,0.0,5000.0,2023-08-01
CUS_0x9e5b_2023_03_01,CUS_0x9e5b,2023-03-01,10,6,10000,1000.0,1000.0,0.0,4000.0,2023-09-01
CUS_0x9e5b_2023_03_01,CUS_0x9e5b,2023-03-01,10,7,10000,1000.0,1000.0,0.0,3000.0,2023-10-01
CUS_0x9e5b_2023_03_01,CUS_0x9e5b,2023-03-01,10,8,10000,1000.0,1000.0,0.0,2000.0,2023-11-01
CUS_0x9e5b_2023_03_01,CUS_0x9e5b,2023-03-01,10,9,10000,1000.0,1000.0,0.0,1000.0,2023-12-01
CUS_0x9e5b_2023_03_01,CUS_0x9e5b,2023-03-01,10,10,10000,1000.0,1000.0,0.0,0.0,2024-01-01
CUS_0x9e5f_2023_08_01,CUS_0x9e5f,2023-08-01,10,0,10000,0.0,0.0,0.0,10000.0,2023-08-01
CUS_0x9e5f_2023_08_01,CUS_0x9e5f,2023-08-01,10,1,10000,1000.0,1000.0,0.0,9000.0,2023-09-01
CUS_0x9e5f_2023_08_01,CUS_0x9e5f,2023-08-01,10,2,10000,1000.0,1000.0,0.0,8000.0,2023-10-01
CUS_0x9e5f_2023_08_01,CUS_0x9e5f,2023-08-01,10,3,10000,1000.0,0.0,1000.0,8000.0,2023-11-01
CUS_0x9e5f_2023_08_01,CUS_0x9e5f,2023-08-01,10,4,10000,1000.0,0.0,2000.0,8000.0,2023-12-01
CUS_0x9e5f_2023_08_01,CUS_0x9e5f,2023-08-01,10,5,10000,1000.0,0.0,3000.0,8000.0,2024-01-01
CUS_0x9e5f_2023_08_01,CUS_0x9e5f,2023-08-01,10,6,10000,1000.0,0.0,4000.0,8000.0,2024-02-01
CUS_0x9e5f_2023_08_01,CUS_0x9e5f,2023-08-01,10,7,10000,1000.0,0.0,5000.0,8000.0,2024-03-01
CUS_0x9e5f_2023_08_01,CUS_0x9e5f,2023-08-01,10,8,10000,1000.0,0.0,6000.0,8000.0,2024-04-01
CUS_0x9e5f_2023_08_01,CUS_0x9e5f,2023-08-01,10,9,10000,1000.0,0.0,7000.0,8000.0,2024-05-01
CUS_0x9e5f_2023_08_01,CUS_0x9e5f,2023-08-01,10,10,10000,1000.0,0.0,8000.0,8000.0,2024-06-01
CUS_0x9e80_2024_09_01,CUS_0x9e80,2024-09-01,10,0,10000,0.0,0.0,0.0,10000.0,2024-09-01
CUS_0x9e80_2024_09_01,CUS_0x9e80,2024-09-01,10,1,10000,1000.0,1000.0,0.0,9000.0,2024-10-01
CUS_0x9e80_2024_09_01,CUS_0x9e80,2024-09-01,10,2,10000,1000.0,1000.0,0.0,8000.0,2024-11-01
CUS_0x9e80_2024_09_01,CUS_0x9e80,2024-09-01,10,3,10000,1000.0,1000.0,0.0,7000.0,2024-12-01
CUS_0x9e80_2024_09_01,CUS_0x9e80,2024-09-01,10,4,10000,1000.0,1000.0,0.0,6000.0,2025-01-01
CUS_0x9e80_2024_09_01,CUS_0x9e80,2024-09-01,10,5,10000,1000.0,1000.0,0.0,5000.0,2025-02-01
CUS_0x9e80_2024_09_01,CUS_0x9e80,2024-09-01,10,6,10000,1000.0,1000.0,0.0,4000.0,2025-03-01
CUS_0x9e80_2024_09_01,CUS_0x9e80,2024-09-01,10,7,10000,1000.0,1000.0,0.0,3000.0,2025-04-01
CUS_0x9e80_2024_09_01,CUS_0x9e80,2024-09-01,10,8,10000,1000.0,1000.0,0.0,2000.0,2025-05-01
CUS_0x9e80_2024_09_01,CUS_0x9e80,2024-09-01,10,9,10000,1000.0,1000.0,0.0,1000.0,2025-06-01
CUS_0x9e80_2024_09_01,CUS_0x9e80,2024-09-01,10,10,10000,1000.0,1000.0,0.0,0.0,2025-07-01
CUS_0x9e8d_2023_11_01,CUS_0x9e8d,2023-11-01,10,0,10000,0.0,0.0,0.0,10000.0,2023-11-01
CUS_0x9e8d_2023_11_01,CUS_0x9e8d,2023-11-01,10,1,10000,1000.0,1000.0,0.0,9000.0,2023-12-01
CUS_0x9e8d_2023_11_01,CUS_0x9e8d,2023-11-01,10,2,10000,1000.0,1000.0,0.0,8000.0,2024-01-01
CUS_0x9e8d_2023_11_01,CUS_0x9e8d,2023-11-01,10,3,10000,1000.0,1000.0,0.0,7000.0,2024-02-01
CUS_0x9e8d_2023_11_01,CUS_0x9e8d,2023-11-01,10,4,10000,1000.0,1000.0,0.0,6000.0,2024-03-01
CUS_0x9e8d_2023_11_01,CUS_0x9e8d,2023-11-01,10,5,10000,1000.0,1000.0,0.0,5000.0,2024-04-01
CUS_0x9e8d_2023_11_01,CUS_0x9e8d,2023-11-01,10,6,10000,1000.0,1000.0,0.0,4000.0,2024-05-01
CUS_0x9e8d_2023_11_01,CUS_0x9e8d,2023-11-01,10,7,10000,1000.0,1000.0,0.0,3000.0,2024-06-01
CUS_0x9e8d_2023_11_01,CUS_0x9e8d,2023-11-01,10,8,10000,1000.0,1000.0,0.0,2000.0,2024-07-01
CUS_0x9e8d_2023_11_01,CUS_0x9e8d,2023-11-01,10,9,10000,1000.0,1000.0,0.0,1000.0,2024-08-01
CUS_0x9e8d_2023_11_01,CUS_0x9e8d,2023-11-01,10,10,10000,1000.0,1000.0,0.0,0.0,2024-09-01
CUS_0x9ed1_2023_11_01,CUS_0x9ed1,2023-11-01,10,0,10000,0.0,0.0,0.0,10000.0,2023-11-01
CUS_0x9ed1_2023_11_01,CUS_0x9ed1,2023-11-01,10,1,10000,1000.0,1000.0,0.0,9000.0,2023-12-01
CUS_0x9ed1_2023_11_01,CUS_0x9ed1,2023-11-01,10,2,10000,1000.0,1000.0,0.0,8000.0,2024-01-01
CUS_0x9ed1_2023_11_01,CUS_0x9ed1,2023-11-01,10,3,10000,1000.0,1000.0,0.0,7000.0,2024-02-01
CUS_0x9ed1_2023_11_01,CUS_0x9ed1,2023-11-01,10,4,10000,1000.0,1000.0,0.0,6000.0,2024-03-01
CUS_0x9ed1_2023_11_01,CUS_0x9ed1,2023-11-01,10,5,10000,1000.0,1000.0,0.0,5000.0,2024-04-01
CUS_0x9ed1_2023_11_01,CUS_0x9ed1,2023-11-01,10,6,10000,1000.0,1000.0,0.0,4000.0,2024-05-01
CUS_0x9ed1_2023_11_01,CUS_0x9ed1,2023-11-01,10,7,10000,1000.0,1000.0,0.0,3000.0,2024-06-01
CUS_0x9ed1_2023_11_01,CUS_0x9ed1,2023-11-01,10,8,10000,1000.0,1000.0,0.0,2000.0,2024-07-01
CUS_0x9ed1_2023_11_01,CUS_0x9ed1,2023-11-01,10,9,10000,1000.0,1000.0,0.0,1000.0,2024-08-01
CUS_0x9ed1_2023_11_01,CUS_0x9ed1,2023-11-01,10,10,10000,1000.0,1000.0,0.0,0.0,2024-09-01
CUS_0x9ee4_2023_09_01,CUS_0x9ee4,2023-09-01,10,0,10000,0.0,0.0,0.0,10000.0,2023-09-01
CUS_0x9ee4_2023_09_01,CUS_0x9ee4,2023-09-01,10,1,10000,1000.0,1000.0,0.0,9000.0,2023-10-01
CUS_0x9ee4_2023_09_01,CUS_0x9ee4,2023-09-01,10,2,10000,1000.0,1000.0,0.0,8000.0,2023-11-01
CUS_0x9ee4_2023_09_01,CUS_0x9ee4,2023-09-01,10,3,10000,1000.0,1000.0,0.0,7000.0,2023-12-01
CUS_0x9ee4_2023_09_01,CUS_0x9ee4,2023-09-01,10,4,10000,1000.0,1000.0,0.0,6000.0,2024-01-01
CUS_0x9ee4_2023_09_01,CUS_0x9ee4,2023-09-01,10,5,10000,1000.0,1000.0,0.0,5000.0,2024-02-01
CUS_0x9ee4_2023_09_01,CUS_0x9ee4,2023-09-01,10,6,10000,1000.0,1000.0,0.0,4000.0,2024-03-01
CUS_0x9ee4_2023_09_01,CUS_0x9ee4,2023-09-01,10,7,10000,1000.0,1000.0,0.0,3000.0,2024-04-01
CUS_0x9ee4_2023_09_01,CUS_0x9ee4,2023-09-01,10,8,10000,1000.0,1000.0,0.0,2000.0,2024-05-01
CUS_0x9ee4_2023_09_01,CUS_0x9ee4,2023-09-01,10,9,10000,1000.0,1000.0,0.0,1000.0,2024-06-01
CUS_0x9ee4_2023_09_01,CUS_0x9ee4,2023-09-01,10,10,10000,1000.0,1000.0,0.0,0.0,2024-07-01
CUS_0x9efc_2024_07_01,CUS_0x9efc,2024-07-01,10,0,10000,0.0,0.0,0.0,10000.0,2024-07-01
CUS_0x9efc_2024_07_01,CUS_0x9efc,2024-07-01,10,1,10000,1000.0,1000.0,0.0,9000.0,2024-08-01
CUS_0x9efc_2024_07_01,CUS_0x9efc,2024-07-01,10,2,10000,1000.0,1000.0,0.0,8000.0,2024-09-01
CUS_0x9efc_2024_07_01,CUS_0x9efc,2024-07-01,10,3,10000,1000.0,1000.0,0.0,7000.0,2024-10-01
CUS_0x9efc_2024_07_01,CUS_0x9efc,2024-07-01,10,4,10000,1000.0,1000.0,0.0,6000.0,2024-11-01
CUS_0x9efc_2024_07_01,CUS_0x9efc,2024-07-01,10,5,10000,1000.0,1000.0,0.0,5000.0,2024-12-01
CUS_0x9efc_2024_07_01,CUS_0x9efc,2024-07-01,10,6,10000,1000.0,1000.0,0.0,4000.0,2025-01-01
CUS_0x9efc_2024_07_01,CUS_0x9efc,2024-07-01,10,7,10000,1000.0,1000.0,0.0,3000.0,2025-02-01
CUS_0x9efc_2024_07_01,CUS_0x9efc,2024-07-01,10,8,10000,1000.0,1000.0,0.0,2000.0,2025-03-01
CUS_0x9efc_2024_07_01,CUS_0x9efc,2024-07-01,10,9,10000,1000.0,1000.0,0.0,1000.0,2025-04-01
CUS_0x9efc_2024_07_01,CUS_0x9efc,2024-07-01,10,10,10000,1000.0,1000.0,0.0,0.0,2025-05-01
CUS_0x9efd_2024_06_01,CUS_0x9efd,2024-06-01,10,0,10000,0.0,0.0,0.0,10000.0,2024-06-01
CUS_0x9efd_2024_06_01,CUS_0x9efd,2024-06-01,10,1,10000,1000.0,1000.0,0.0,9000.0,2024-07-01
CUS_0x9efd_2024_06_01,CUS_0x9efd,2024-06-01,10,2,10000,1000.0,1000.0,0.0,8000.0,2024-08-01
CUS_0x9efd_2024_06_01,CUS_0x9efd,2024-06-01,10,3,10000,1000.0,1000.0,0.0,7000.0,2024-09-01
CUS_0x9efd_2024_06_01,CUS_0x9efd,2024-06-01,10,4,10000,1000.0,1000.0,0.0,6000.0,2024-10-01
CUS_0x9efd_2024_06_01,CUS_0x9efd,2024-06-01,10,5,10000,1000.0,1000.0,0.0,5000.0,2024-11-01
CUS_0x9efd_2024_06_01,CUS_0x9efd,2024-06-01,10,6,10000,1000.0,1000.0,0.0,4000.0,2024-12-01
CUS_0x9efd_2024_06_01,CUS_0x9efd,2024-06-01,10,7,10000,1000.0,1000.0,0.0,3000.0,2025-01-01
CUS_0x9efd_2024_06_01,CUS_0x9efd,2024-06-01,10,8,10000,1000.0,1000.0,0.0,2000.0,2025-02-01
CUS_0x9efd_2024_06_01,CUS_0x9efd,2024-06-01,10,9,10000,1000.0,1000.0,0.0,1000.0,2025-03-01
CUS_0x9efd_2024_06_01,CUS_0x9efd,2024-06-01,10,10,10000,1000.0,1000.0,0.0,0.0,2025-04-01
CUS_0x9f69_2024_12_01,CUS_0x9f69,2024-12-01,10,0,10000,0.0,0.0,0.0,10000.0,2024-12-01
CUS_0x9f69_2024_12_01,CUS_0x9f69,2024-12-01,10,1,10000,1000.0,1000.0,0.0,9000.0,2025-01-01
CUS_0x9f69_2024_12_01,CUS_0x9f69,2024-12-01,10,2,10000,1000.0,1000.0,0.0,8000.0,2025-02-01
CUS_0x9f69_2024_12_01,CUS_0x9f69,2024-12-01,10,3,10000,1000.0,1000.0,0.0,7000.0,2025-03-01
CUS_0x9f69_2024_12_01,CUS_0x9f69,2024-12-01,10,4,10000,1000.0,1000.0,0.0,6000.0,2025-04-01
CUS_0x9f69_2024_12_01,CUS_0x9f69,2024-12-01,10,5,10000,1000.0,1000.0,0.0,5000.0,2025-05-01
CUS_0x9f69_2024_12_01,CUS_0x9f69,2024-12-01,10,6,10000,1000.0,1000.0,0.0,4000.0,2025-06-01
CUS_0x9f69_2024_12_01,CUS_0x9f69,2024-12-01,10,7,10000,1000.0,1000.0,0.0,3000.0,2025-07-01
CUS_0x9f69_2024_12_01,CUS_0x9f69,2024-12-01,10,8,10000,1000.0,1000.0,0.0,2000.0,2025-08-01
CUS_0x9f69_2024_12_01,CUS_0x9f69,2024-12-01,10,9,10000,1000.0,1000.0,0.0,1000.0,2025-09-01
CUS_0x9f69_2024_12_01,CUS_0x9f69,2024-12-01,10,10,10000,1000.0,1000.0,0.0,0.0,2025-10-01
CUS_0x9fff_2024_12_01,CUS_0x9fff,2024-12-01,10,0,10000,0.0,0.0,0.0,10000.0,2024-12-01
CUS_0x9fff_2024_12_01,CUS_0x9fff,2024-12-01,10,1,10000,1000.0,1000.0,0.0,9000.0,2025-01-01
CUS_0x9fff_2024_12_01,CUS_0x9fff,2024-12-01,10,2,10000,1000.0,1000.0,0.0,8000.0,2025-02-01
CUS_0x9fff_2024_12_01,CUS_0x9fff,2024-12-01,10,3,10000,1000.0,1000.0,0.0,7000.0,2025-03-01
CUS_0x9fff_2024_12_01,CUS_0x9fff,2024-12-01,10,4,10000,1000.0,1000.0,0.0,6000.0,2025-04-01
CUS_0x9fff_2024_12_01,CUS_0x9fff,2024-12-01,10,5,10000,1000.0,1000.0,0.0,5000.0,2025-05-01
CUS_0x9fff_2024_12_01,CUS_0x9fff,2024-12-01,10,6,10000,1000.0,1000.0,0.0,4000.0,2025-06-01
CUS_0x9fff_2024_12_01,CUS_0x9fff,2024-12-01,10,7,10000,1000.0,1000.0,0.0,3000.0,2025-07-01
CUS_0x9fff_2024_12_01,CUS_0x9fff,2024-12-01,10,8,10000,1000.0,1000.0,0.0,2000.0,2025-08-01
CUS_0x9fff_2024_12_01,CUS_0x9fff,2024-12-01,10,9,10000,1000.0,1000.0,0.0,1000.0,2025-09-01
CUS_0x9fff_2024_12_01,CUS_0x9fff,2024-12-01,10,10,10000,1000.0,1000.0,0.0,0.0,2025-10-01
CUS_0xa00f_2024_05_01,CUS_0xa00f,2024-05-01,10,0,10000,0.0,0.0,0.0,10000.0,2024-05-01
CUS_0xa00f_2024_05_01,CUS_0xa00f,2024-05-01,10,1,10000,1000.0,1000.0,0.0,9000.0,2024-06-01
CUS_0xa00f_2024_05_01,CUS_0xa00f,2024-05-01,10,2,10000,1000.0,1000.0,0.0,8000.0,2024-07-01
CUS_0xa00f_2024_05_01,CUS_0xa00f,2024-05-01,10,3,10000,1000.0,1000.0,0.0,7000.0,2024-08-01
CUS_0xa00f_2024_05_01,CUS_0xa00f,2024-05-01,10,4,10000,1000.0,1000.0,0.0,6000.0,2024-09-01
CUS_0xa00f_2024_05_01,CUS_0xa00f,2024-05-01,10,5,10000,1000.0,1000.0,0.0,5000.0,2024-10-01
CUS_0xa00f_2024_05_01,CUS_0xa00f,2024-05-01,10,6,10000,1000.0,1000.0,0.0,4000.0,2024-11-01
CUS_0xa00f_2024_05_01,CUS_0xa00f,2024-05-01,10,7,10000,1000.0,1000.0,0.0,3000.0,2024-12-01
CUS_0xa00f_2024_05_01,CUS_0xa00f,2024-05-01,10,8,10000,1000.0,1000.0,0.0,2000.0,2025-01-01
CUS_0xa00f_2024_05_01,CUS_0xa00f,2024-05-01,10,9,10000,1000.0,1000.0,0.0,1000.0,2025-02-01
CUS_0xa00f_2024_05_01,CUS_0xa00f,2024-05-01,10,10,10000,1000.0,1000.0,0.0,0.0,2025-03-01
CUS_0xa011_2023_09_01,CUS_0xa011,2023-09-01,10,0,10000,0.0,0.0,0.0,10000.0,2023-09-01
CUS_0xa011_2023_09_01,CUS_0xa011,2023-09-01,10,1,10000,1000.0,0.0,1000.0,10000.0,2023-10-01
CUS_0xa011_2023_09_01,CUS_0xa011,2023-09-01,10,2,10000,1000.0,2000.0,0.0,8000.0,2023-11-01
CUS_0xa011_2023_09_01,CUS_0xa011,2023-09-01,10,3,10000,1000.0,0.0,1000.0,8000.0,2023-12-01
CUS_0xa011_2023_09_01,CUS_0xa011,2023-09-01,10,4,10000,1000.0,0.0,2000.0,8000.0,2024-01-01
CUS_0xa011_2023_09_01,CUS_0xa011,2023-09-01,10,5,10000,1000.0,0.0,3000.0,8000.0,2024-02-01
CUS_0xa011_2023_09_01,CUS_0xa011,2023-09-01,10,6,10000,1000.0,0.0,4000.0,8000.0,2024-03-01
CUS_0xa011_2023_09_01,CUS_0xa011,2023-09-01,10,7,10000,1000.0,0.0,5000.0,8000.0,2024-04-01
CUS_0xa011_2023_09_01,CUS_0xa011,2023-09-01,10,8,10000,1000.0,0.0,6000.0,8000.0,2024-05-01
CUS_0xa011_2023_09_01,CUS_0xa011,2023-09-01,10,9,10000,1000.0,0.0,7000.0,8000.0,2024-06-01
CUS_0xa011_2023_09_01,CUS_0xa011,2023-09-01,10,10,10000,1000.0,0.0,8000.0,8000.0,2024-07-01
CUS_0xa04f_2023_05_01,CUS_0xa04f,2023-05-01,10,0,10000,0.0,0.0,0.0,10000.0,2023-05-01
CUS_0xa04f_2023_05_01,CUS_0xa04f,2023-05-01,10,1,10000,1000.0,1000.0,0.0,9000.0,2023-06-01
CUS_0xa04f_2023_05_01,CUS_0xa04f,2023-05-01,10,2,10000,1000.0,0.0,1000.0,9000.0,2023-07-01
CUS_0xa04f_2023_05_01,CUS_0xa04f,2023-05-01,10,3,10000,1000.0,0.0,2000.0,9000.0,2023-08-01
CUS_0xa04f_2023_05_01,CUS_0xa04f,2023-05-01,10,4,10000,1000.0,0.0,3000.0,9000.0,2023-09-01
CUS_0xa04f_2023_05_01,CUS_0xa04f,2023-05-01,10,5,10000,1000.0,0.0,4000.0,9000.0,2023-10-01
CUS_0xa04f_2023_05_01,CUS_0xa04f,2023-05-01,10,6,10000,1000.0,0.0,5000.0,9000.0,2023-11-01
CUS_0xa04f_2023_05_01,CUS_0xa04f,2023-05-01,10,7,10000,1000.0,0.0,6000.0,9000.0,2023-12-01
CUS_0xa04f_2023_05_01,CUS_0xa04f,2023-05-01,10,8,10000,1000.0,0.0,7000.0,9000.0,2024-01-01
CUS_0xa04f_2023_05_01,CUS_0xa04f,2023-05-01,10,9,10000,1000.0,0.0,8000.0,9000.0,2024-02-01
CUS_0xa04f_2023_05_01,CUS_0xa04f,2023-05-01,10,10,10000,1000.0,0.0,9000.0,9000.0,2024-03-01
CUS_0xa05_2025_01_01,CUS_0xa05,2025-01-01,10,0,10000,0.0,0.0,0.0,10000.0,2025-01-01
CUS_0xa05_2025_01_01,CUS_0xa05,2025-01-01,10,1,10000,1000.0,1000.0,0.0,9000.0,2025-02-01
CUS_0xa05_2025_01_01,CUS_0xa05,2025-01-01,10,2,10000,1000.0,1000.0,0.0,8000.0,2025-03-01
CUS_0xa05_2025_01_01,CUS_0xa05,2025-01-01,10,3,10000,1000.0,1000.0,0.0,7000.0,2025-04-01
CUS_0xa05_2025_01_01,CUS_0xa05,2025-01-01,10,4,10000,1000.0,1000.0,0.0,6000.0,2025-05-01
CUS_0xa05_2025_01_01,CUS_0xa05,2025-01-01,10,5,10000,1000.0,1000.0,0.0,5000.0,2025-06-01
CUS_0xa05_2025_01_01,CUS_0xa05,2025-01-01,10,6,10000,1000.0,1000.0,0.0,4000.0,2025-07-01
CUS_0xa05_2025_01_01,CUS_0xa05,2025-01-01,10,7,10000,1000.0,1000.0,0.0,3000.0,2025-08-01
CUS_0xa05_2025_01_01,CUS_0xa05,2025-01-01,10,8,10000,1000.0,1000.0,0.0,2000.0,2025-09-01
CUS_0xa05_2025_01_01,CUS_0xa05,2025-01-01,10,9,10000,1000.0,1000.0,0.0,1000.0,2025-10-01
CUS_0xa05_2025_01_01,CUS_0xa05,2025-01-01,10,10,10000,1000.0,1000.0,0.0,0.0,2025-11-01
CUS_0xa053_2024_01_01,CUS_0xa053,2024-01-01,10,0,10000,0.0,0.0,0.0,10000.0,2024-01-01
CUS_0xa053_2024_01_01,CUS_0xa053,2024-01-01,10,1,10000,1000.0,1000.0,0.0,9000.0,2024-02-01
CUS_0xa053_2024_01_01,CUS_0xa053,2024-01-01,10,2,10000,1000.0,1000.0,0.0,8000.0,2024-03-01
CUS_0xa053_2024_01_01,CUS_0xa053,2024-01-01,10,3,10000,1000.0,1000.0,0.0,7000.0,2024-04-01
CUS_0xa053_2024_01_01,CUS_0xa053,2024-01-01,10,4,10000,1000.0,1000.0,0.0,6000.0,2024-05-01
CUS_0xa053_2024_01_01,CUS_0xa053,2024-01-01,10,5,10000,1000.0,1000.0,0.0,5000.0,2024-06-01
CUS_0xa053_2024_01_01,CUS_0xa053,2024-01-01,10,6,10000,1000.0,1000.0,0.0,4000.0,2024-07-01
CUS_0xa053_2024_01_01,CUS_0xa053,2024-01-01,10,7,10000,1000.0,1000.0,0.0,3000.0,2024-08-01
CUS_0xa053_2024_01_01,CUS_0xa053,2024-01-01,10,8,10000,1000.0,1000.0,0.0,2000.0,2024-09-01
CUS_0xa053_2024_01_01,CUS_0xa053,2024-01-01,10,9,10000,1000.0,1000.0,0.0,1000.0,2024-10-01
CUS_0xa053_2024_01_01,CUS_0xa053,2024-01-01,10,10,10000,1000.0,1000.0,0.0,0.0,2024-11-01
CUS_0xa06_2024_03_01,CUS_0xa06,2024-03-01,10,0,10000,0.0,0.0,0.0,10000.0,2024-03-01
CUS_0xa06_2024_03_01,CUS_0xa06,2024-03-01,10,1,10000,1000.0,1000.0,0.0,9000.0,2024-04-01
CUS_0xa06_2024_03_01,CUS_0xa06,2024-03-01,10,2,10000,1000.0,1000.0,0.0,8000.0,2024-05-01
CUS_0xa06_2024_03_01,CUS_0xa06,2024-03-01,10,3,10000,1000.0,1000.0,0.0,7000.0,2024-06-01
CUS_0xa06_2024_03_01,CUS_0xa06,2024-03-01,10,4,10000,1000.0,1000.0,0.0,6000.0,2024-07-01
CUS_0xa06_2024_03_01,CUS_0xa06,2024-03-01,10,5,10000,1000.0,1000.0,0.0,5000.0,2024-08-01
CUS_0xa06_2024_03_01,CUS_0xa06,2024-03-01,10,6,10000,1000.0,1000.0,0.0,4000.0,2024-09-01
CUS_0xa06_2024_03_01,CUS_0xa06,2024-03-01,10,7,10000,1000.0,1000.0,0.0,3000.0,2024-10-01
CUS_0xa06_2024_03_01,CUS_0xa06,2024-03-01,10,8,10000,1000.0,1000.0,0.0,2000.0,2024-11-01
CUS_0xa06_2024_03_01,CUS_0xa06,2024-03-01,10,9,10000,1000.0,1000.0,0.0,1000.0,2024-12-01
CUS_0xa06_2024_03_01,CUS_0xa06,2024-03-01,10,10,10000,1000.0,1000.0,0.0,0.0,2025-01-01
CUS_0xa080_2023_12_01,CUS_0xa080,2023-12-01,10,0,10000,0.0,0.0,0.0,10000.0,2023-12-01
CUS_0xa080_2023_12_01,CUS_0xa080,2023-12-01,10,1,10000,1000.0,1000.0,0.0,9000.0,2024-01-01
CUS_0xa080_2023_12_01,CUS_0xa080,2023-12-01,10,2,10000,1000.0,1000.0,0.0,8000.0,2024-02-01
CUS_0xa080_2023_12_01,CUS_0xa080,2023-12-01,10,3,10000,1000.0,1000.0,0.0,7000.0,2024-03-01
CUS_0xa080_2023_12_01,CUS_0xa080,2023-12-01,10,4,10000,1000.0,1000.0,0.0,6000.0,2024-04-01
CUS_0xa080_2023_12_01,CUS_0xa080,2023-12-01,10,5,10000,1000.0,1000.0,0.0,5000.0,2024-05-01
CUS_0xa080_2023_12_01,CUS_0xa080,2023-12-01,10,6,10000,1000.0,1000.0,0.0,4000.0,2024-06-01
CUS_0xa080_2023_12_01,CUS_0xa080,2023-12-01,10,7,10000,1000.0,1000.0,0.0,3000.0,2024-07-01
CUS_0xa080_2023_12_01,CUS_0xa080,2023-12-01,10,8,10000,1000.0,1000.0,0.0,2000.0,2024-08-01
CUS_0xa080_2023_12_01,CUS_0xa080,2023-12-01,10,9,10000,1000.0,1000.0,0.0,1000.0,2024-09-01
CUS_0xa080_2023_12_01,CUS_0xa080,2023-12-01,10,10,10000,1000.0,1000.0,0.0,0.0,2024-10-01
CUS_0xa08c_2023_07_01,CUS_0xa08c,2023-07-01,10,0,10000,0.0,0.0,0.0,10000.0,2023-07-01
CUS_0xa08c_2023_07_01,CUS_0xa08c,2023-07-01,10,1,10000,1000.0,1000.0,0.0,9000.0,2023-08-01
CUS_0xa08c_2023_07_01,CUS_0xa08c,2023-07-01,10,2,10000,1000.0,1000.0,0.0,8000.0,2023-09-01
CUS_0xa08c_2023_07_01,CUS_0xa08c,2023-07-01,10,3,10000,1000.0,1000.0,0.0,7000.0,2023-10-01
CUS_0xa08c_2023_07_01,CUS_0xa08c,2023-07-01,10,4,10000,1000.0,1000.0,0.0,6000.0,2023-11-01
CUS_0xa08c_2023_07_01,CUS_0xa08c,2023-07-01,10,5,10000,1000.0,1000.0,0.0,5000.0,2023-12-01
CUS_0xa08c_2023_07_01,CUS_0xa08c,2023-07-01,10,6,10000,1000.0,1000.0,0.0,4000.0,2024-01-01
CUS_0xa08c_2023_07_01,CUS_0xa08c,2023-07-01,10,7,10000,1000.0,1000.0,0.0,3000.0,2024-02-01
CUS_0xa08c_2023_07_01,CUS_0xa08c,2023-07-01,10,8,10000,1000.0,1000.0,0.0,2000.0,2024-03-01
CUS_0xa08c_2023_07_01,CUS_0xa08c,2023-07-01,10,9,10000,1000.0,1000.0,0.0,1000.0,2024-04-01
CUS_0xa08c_2023_07_01,CUS_0xa08c,2023-07-01,10,10,10000,1000.0,1000.0,0.0,0.0,2024-05-01
CUS_0xa0cd_2024_04_01,CUS_0xa0cd,2024-04-01,10,0,10000,0.0,0.0,0.0,10000.0,2024-04-01
CUS_0xa0cd_2024_04_01,CUS_0xa0cd,2024-04-01,10,1,10000,1000.0,1000.0,0.0,9000.0,2024-05-01
CUS_0xa0cd_2024_04_01,CUS_0xa0cd,2024-04-01,10,2,10000,1000.0,1000.0,0.0,8000.0,2024-06-01
CUS_0xa0cd_2024_04_01,CUS_0xa0cd,2024-04-01,10,3,10000,1000.0,1000.0,0.0,7000.0,2024-07-01
CUS_0xa0cd_2024_04_01,CUS_0xa0cd,2024-04-01,10,4,10000,1000.0,1000.0,0.0,6000.0,2024-08-01
CUS_0xa0cd_2024_04_01,CUS_0xa0cd,2024-04-01,10,5,10000,1000.0,1000.0,0.0,5000.0,2024-09-01
CUS_0xa0cd_2024_04_01,CUS_0xa0cd,2024-04-01,10,6,10000,1000.0,1000.0,0.0,4000.0,2024-10-01
CUS_0xa0cd_2024_04_01,CUS_0xa0cd,2024-04-01,10,7,10000,1000.0,1000.0,0.0,3000.0,2024-11-01
CUS_0xa0cd_2024_04_01,CUS_0xa0cd,2024-04-01,10,8,10000,1000.0,1000.0,0.0,2000.0,2024-12-01
CUS_0xa0cd_2024_04_01,CUS_0xa0cd,2024-04-01,10,9,10000,1000.0,1000.0,0.0,1000.0,2025-01-01
CUS_0xa0cd_2024_04_01,CUS_0xa0cd,2024-04-01,10,10,10000,1000.0,1000.0,0.0,0.0,2025-02-01
CUS_0xa130_2024_02_01,CUS_0xa130,2024-02-01,10,0,10000,0.0,0.0,0.0,10000.0,2024-02-01
CUS_0xa130_2024_02_01,CUS_0xa130,2024-02-01,10,1,10000,1000.0,1000.0,0.0,9000.0,2024-03-01
CUS_0xa130_2024_02_01,CUS_0xa130,2024-02-01,10,2,10000,1000.0,1000.0,0.0,8000.0,2024-04-01
CUS_0xa130_2024_02_01,CUS_0xa130,2024-02-01,10,3,10000,1000.0,0.0,1000.0,8000.0,2024-05-01
CUS_0xa130_2024_02_01,CUS_0xa130,2024-02-01,10,4,10000,1000.0,0.0,2000.0,8000.0,2024-06-01
CUS_0xa130_2024_02_01,CUS_0xa130,2024-02-01,10,5,10000,1000.0,0.0,3000.0,8000.0,2024-07-01
CUS_0xa130_2024_02_01,CUS_0xa130,2024-02-01,10,6,10000,1000.0,0.0,4000.0,8000.0,2024-08-01
CUS_0xa130_2024_02_01,CUS_0xa130,2024-02-01,10,7,10000,1000.0,0.0,5000.0,8000.0,2024-09-01
CUS_0xa130_2024_02_01,CUS_0xa130,2024-02-01,10,8,10000,1000.0,0.0,6000.0,8000.0,2024-10-01
CUS_0xa130_2024_02_01,CUS_0xa130,2024-02-01,10,9,10000,1000.0,0.0,7000.0,8000.0,2024-11-01
CUS_0xa130_2024_02_01,CUS_0xa130,2024-02-01,10,10,10000,1000.0,0.0,8000.0,8000.0,2024-12-01
CUS_0xa204_2024_09_01,CUS_0xa204,2024-09-01,10,0,10000,0.0,0.0,0.0,10000.0,2024-09-01
CUS_0xa204_2024_09_01,CUS_0xa204,2024-09-01,10,1,10000,1000.0,1000.0,0.0,9000.0,2024-10-01
CUS_0xa204_2024_09_01,CUS_0xa204,2024-09-01,10,2,10000,1000.0,1000.0,0.0,8000.0,2024-11-01
CUS_0xa204_2024_09_01,CUS_0xa204,2024-09-01,10,3,10000,1000.0,1000.0,0.0,7000.0,2024-12-01
CUS_0xa204_2024_09_01,CUS_0xa204,2024-09-01,10,4,10000,1000.0,1000.0,0.0,6000.0,2025-01-01
CUS_0xa204_2024_09_01,CUS_0xa204,2024-09-01,10,5,10000,1000.0,1000.0,0.0,5000.0,2025-02-01
CUS_0xa204_2024_09_01,CUS_0xa204,2024-09-01,10,6,10000,1000.0,1000.0,0.0,4000.0,2025-03-01
CUS_0xa204_2024_09_01,CUS_0xa204,2024-09-01,10,7,10000,1000.0,1000.0,0.0,3000.0,2025-04-01
CUS_0xa204_2024_09_01,CUS_0xa204,2024-09-01,10,8,10000,1000.0,1000.0,0.0,2000.0,2025-05-01
CUS_0xa204_2024_09_01,CUS_0xa204,2024-09-01,10,9,10000,1000.0,1000.0,0.0,1000.0,2025-06-01
CUS_0xa204_2024_09_01,CUS_0xa204,2024-09-01,10,10,10000,1000.0,1000.0,0.0,0.0,2025-07-01
CUS_0xa223_2023_08_01,CUS_0xa223,2023-08-01,10,0,10000,0.0,0.0,0.0,10000.0,2023-08-01
CUS_0xa223_2023_08_01,CUS_0xa223,2023-08-01,10,1,10000,1000.0,1000.0,0.0,9000.0,2023-09-01
CUS_0xa223_2023_08_01,CUS_0xa223,2023-08-01,10,2,10000,1000.0,1000.0,0.0,8000.0,2023-10-01
CUS_0xa223_2023_08_01,CUS_0xa223,2023-08-01,10,3,10000,1000.0,1000.0,0.0,7000.0,2023-11-01
CUS_0xa223_2023_08_01,CUS_0xa223,2023-08-01,10,4,10000,1000.0,1000.0,0.0,6000.0,2023-12-01
CUS_0xa223_2023_08_01,CUS_0xa223,2023-08-01,10,5,10000,1000.0,1000.0,0.0,5000.0,2024-01-01
CUS_0xa223_2023_08_01,CUS_0xa223,2023-08-01,10,6,10000,1000.0,1000.0,0.0,4000.0,2024-02-01
CUS_0xa223_2023_08_01,CUS_0xa223,2023-08-01,10,7,10000,1000.0,1000.0,0.0,3000.0,2024-03-01
CUS_0xa223_2023_08_01,CUS_0xa223,2023-08-01,10,8,10000,1000.0,1000.0,0.0,2000.0,2024-04-01
CUS_0xa223_2023_08_01,CUS_0xa223,2023-08-01,10,9,10000,1000.0,1000.0,0.0,1000.0,2024-05-01
CUS_0xa223_2023_08_01,CUS_0xa223,2023-08-01,10,10,10000,1000.0,1000.0,0.0,0.0,2024-06-01
CUS_0xa26_2024_02_01,CUS_0xa26,2024-02-01,10,0,10000,0.0,0.0,0.0,10000.0,2024-02-01
CUS_0xa26_2024_02_01,CUS_0xa26,2024-02-01,10,1,10000,1000.0,1000.0,0.0,9000.0,2024-03-01
CUS_0xa26_2024_02_01,CUS_0xa26,2024-02-01,10,2,10000,1000.0,1000.0,0.0,8000.0,2024-04-01
CUS_0xa26_2024_02_01,CUS_0xa26,2024-02-01,10,3,10000,1000.0,1000.0,0.0,7000.0,2024-05-01
CUS_0xa26_2024_02_01,CUS_0xa26,2024-02-01,10,4,10000,1000.0,1000.0,0.0,6000.0,2024-06-01
CUS_0xa26_2024_02_01,CUS_0xa26,2024-02-01,10,5,10000,1000.0,1000.0,0.0,5000.0,2024-07-01
CUS_0xa26_2024_02_01,CUS_0xa26,2024-02-01,10,6,10000,1000.0,1000.0,0.0,4000.0,2024-08-01
CUS_0xa26_2024_02_01,CUS_0xa26,2024-02-01,10,7,10000,1000.0,1000.0,0.0,3000.0,2024-09-01
CUS_0xa26_2024_02_01,CUS_0xa26,2024-02-01,10,8,10000,1000.0,1000.0,0.0,2000.0,2024-10-01
CUS_0xa26_2024_02_01,CUS_0xa26,2024-02-01,10,9,10000,1000.0,1000.0,0.0,1000.0,2024-11-01
CUS_0xa26_2024_02_01,CUS_0xa26,2024-02-01,10,10,10000,1000.0,1000.0,0.0,0.0,2024-12-01
CUS_0xa262_2024_12_01,CUS_0xa262,2024-12-01,10,0,10000,0.0,0.0,0.0,10000.0,2024-12-01
CUS_0xa262_2024_12_01,CUS_0xa262,2024-12-01,10,1,10000,1000.0,1000.0,0.0,9000.0,2025-01-01
CUS_0xa262_2024_12_01,CUS_0xa262,2024-12-01,10,2,10000,1000.0,1000.0,0.0,8000.0,2025-02-01
CUS_0xa262_2024_12_01,CUS_0xa262,2024-12-01,10,3,10000,1000.0,1000.0,0.0,7000.0,2025-03-01
CUS_0xa262_2024_12_01,CUS_0xa262,2024-12-01,10,4,10000,1000.0,1000.0,0.0,6000.0,2025-04-01
CUS_0xa262_2024_12_01,CUS_0xa262,2024-12-01,10,5,10000,1000.0,1000.0,0.0,5000.0,2025-05-01
CUS_0xa262_2024_12_01,CUS_0xa262,2024-12-01,10,6,10000,1000.0,1000.0,0.0,4000.0,2025-06-01
CUS_0xa262_2024_12_01,CUS_0xa262,2024-12-01,10,7,10000,1000.0,1000.0,0.0,3000.0,2025-07-01
CUS_0xa262_2024_12_01,CUS_0xa262,2024-12-01,10,8,10000,1000.0,1000.0,0.0,2000.0,2025-08-01
CUS_0xa262_2024_12_01,CUS_0xa262,2024-12-01,10,9,10000,1000.0,1000.0,0.0,1000.0,2025-09-01
CUS_0xa262_2024_12_01,CUS_0xa262,2024-12-01,10,10,10000,1000.0,1000.0,0.0,0.0,2025-10-01
CUS_0xa279_2024_08_01,CUS_0xa279,2024-08-01,10,0,10000,0.0,0.0,0.0,10000.0,2024-08-01
CUS_0xa279_2024_08_01,CUS_0xa279,2024-08-01,10,1,10000,1000.0,1000.0,0.0,9000.0,2024-09-01
CUS_0xa279_2024_08_01,CUS_0xa279,2024-08-01,10,2,10000,1000.0,1000.0,0.0,8000.0,2024-10-01
CUS_0xa279_2024_08_01,CUS_0xa279,2024-08-01,10,3,10000,1000.0,1000.0,0.0,7000.0,2024-11-01
CUS_0xa279_2024_08_01,CUS_0xa279,2024-08-01,10,4,10000,1000.0,1000.0,0.0,6000.0,2024-12-01
CUS_0xa279_2024_08_01,CUS_0xa279,2024-08-01,10,5,10000,1000.0,1000.0,0.0,5000.0,2025-01-01
CUS_0xa279_2024_08_01,CUS_0xa279,2024-08-01,10,6,10000,1000.0,1000.0,0.0,4000.0,2025-02-01
CUS_0xa279_2024_08_01,CUS_0xa279,2024-08-01,10,7,10000,1000.0,1000.0,0.0,3000.0,2025-03-01
CUS_0xa279_2024_08_01,CUS_0xa279,2024-08-01,10,8,10000,1000.0,1000.0,0.0,2000.0,2025-04-01
CUS_0xa279_2024_08_01,CUS_0xa279,2024-08-01,10,9,10000,1000.0,1000.0,0.0,1000.0,2025-05-01
CUS_0xa279_2024_08_01,CUS_0xa279,2024-08-01,10,10,10000,1000.0,1000.0,0.0,0.0,2025-06-01
CUS_0xa2b_2023_12_01,CUS_0xa2b,2023-12-01,10,0,10000,0.0,0.0,0.0,10000.0,2023-12-01
CUS_0xa2b_2023_12_01,CUS_0xa2b,2023-12-01,10,1,10000,1000.0,1000.0,0.0,9000.0,2024-01-01
CUS_0xa2b_2023_12_01,CUS_0xa2b,2023-12-01,10,2,10000,1000.0,1000.0,0.0,8000.0,2024-02-01
CUS_0xa2b_2023_12_01,CUS_0xa2b,2023-12-01,10,3,10000,1000.0,1000.0,0.0,7000.0,2024-03-01
CUS_0xa2b_2023_12_01,CUS_0xa2b,2023-12-01,10,4,10000,1000.0,1000.0,0.0,6000.0,2024-04-01
CUS_0xa2b_2023_12_01,CUS_0xa2b,2023-12-01,10,5,10000,1000.0,1000.0,0.0,5000.0,2024-05-01
CUS_0xa2b_2023_12_01,CUS_0xa2b,2023-12-01,10,6,10000,1000.0,1000.0,0.0,4000.0,2024-06-01
CUS_0xa2b_2023_12_01,CUS_0xa2b,2023-12-01,10,7,10000,1000.0,1000.0,0.0,3000.0,2024-07-01
CUS_0xa2b_2023_12_01,CUS_0xa2b,2023-12-01,10,8,10000,1000.0,1000.0,0.0,2000.0,2024-08-01
CUS_0xa2b_2023_12_01,CUS_0xa2b,2023-12-01,10,9,10000,1000.0,1000.0,0.0,1000.0,2024-09-01
CUS_0xa2b_2023_12_01,CUS_0xa2b,2023-12-01,10,10,10000,1000.0,1000.0,0.0,0.0,2024-10-01
CUS_0xa2b6_2024_09_01,CUS_0xa2b6,2024-09-01,10,0,10000,0.0,0.0,0.0,10000.0,2024-09-01
CUS_0xa2b6_2024_09_01,CUS_0xa2b6,2024-09-01,10,1,10000,1000.0,1000.0,0.0,9000.0,2024-10-01
CUS_0xa2b6_2024_09_01,CUS_0xa2b6,2024-09-01,10,2,10000,1000.0,1000.0,0.0,8000.0,2024-11-01
CUS_0xa2b6_2024_09_01,CUS_0xa2b6,2024-09-01,10,3,10000,1000.0,1000.0,0.0,7000.0,2024-12-01
CUS_0xa2b6_2024_09_01,CUS_0xa2b6,2024-09-01,10,4,10000,1000.0,1000.0,0.0,6000.0,2025-01-01
CUS_0xa2b6_2024_09_01,CUS_0xa2b6,2024-09-01,10,5,10000,1000.0,1000.0,0.0,5000.0,2025-02-01
CUS_0xa2b6_2024_09_01,CUS_0xa2b6,2024-09-01,10,6,10000,1000.0,1000.0,0.0,4000.0,2025-03-01
CUS_0xa2b6_2024_09_01,CUS_0xa2b6,2024-09-01,10,7,10000,1000.0,1000.0,0.0,3000.0,2025-04-01
CUS_0xa2b6_2024_09_01,CUS_0xa2b6,2024-09-01,10,8,10000,1000.0,1000.0,0.0,2000.0,2025-05-01
CUS_0xa2b6_2024_09_01,CUS_0xa2b6,2024-09-01,10,9,10000,1000.0,1000.0,0.0,1000.0,2025-06-01
CUS_0xa2b6_2024_09_01,CUS_0xa2b6,2024-09-01,10,10,10000,1000.0,1000.0,0.0,0.0,2025-07-01
CUS_0xa2eb_2024_11_01,CUS_0xa2eb,2024-11-01,10,0,10000,0.0,0.0,0.0,10000.0,2024-11-01
CUS_0xa2eb_2024_11_01,CUS_0xa2eb,2024-11-01,10,1,10000,1000.0,1000.0,0.0,9000.0,2024-12-01
CUS_0xa2eb_2024_11_01,CUS_0xa2eb,2024-11-01,10,2,10000,1000.0,1000.0,0.0,8000.0,2025-01-01
CUS_0xa2eb_2024_11_01,CUS_0xa2eb,2024-11-01,10,3,10000,1000.0,1000.0,0.0,7000.0,2025-02-01
CUS_0xa2eb_2024_11_01,CUS_0xa2eb,2024-11-01,10,4,10000,1000.0,1000.0,0.0,6000.0,2025-03-01
CUS_0xa2eb_2024_11_01,CUS_0xa2eb,2024-11-01,10,5,10000,1000.0,1000.0,0.0,5000.0,2025-04-01
CUS_0xa2eb_2024_11_01,CUS_0xa2eb,2024-11-01,10,6,10000,1000.0,1000.0,0.0,4000.0,2025-05-01
CUS_0xa2eb_2024_11_01,CUS_0xa2eb,2024-11-01,10,7,10000,1000.0,1000.0,0.0,3000.0,2025-06-01
CUS_0xa2eb_2024_11_01,CUS_0xa2eb,2024-11-01,10,8,10000,1000.0,1000.0,0.0,2000.0,2025-07-01
CUS_0xa2eb_2024_11_01,CUS_0xa2eb,2024-11-01,10,9,10000,1000.0,1000.0,0.0,1000.0,2025-08-01
CUS_0xa2eb_2024_11_01,CUS_0xa2eb,2024-11-01,10,10,10000,1000.0,1000.0,0.0,0.0,2025-09-01
CUS_0xa2f7_2025_01_01,CUS_0xa2f7,2025-01-01,10,0,10000,0.0,0.0,0.0,10000.0,2025-01-01
CUS_0xa2f7_2025_01_01,CUS_0xa2f7,2025-01-01,10,1,10000,1000.0,1000.0,0.0,9000.0,2025-02-01
CUS_0xa2f7_2025_01_01,CUS_0xa2f7,2025-01-01,10,2,10000,1000.0,1000.0,0.0,8000.0,2025-03-01
CUS_0xa2f7_2025_01_01,CUS_0xa2f7,2025-01-01,10,3,10000,1000.0,0.0,1000.0,8000.0,2025-04-01
CUS_0xa2f7_2025_01_01,CUS_0xa2f7,2025-01-01,10,4,10000,1000.0,2000.0,0.0,6000.0,2025-05-01
CUS_0xa2f7_2025_01_01,CUS_0xa2f7,2025-01-01,10,5,10000,1000.0,0.0,1000.0,6000.0,2025-06-01
CUS_0xa2f7_2025_01_01,CUS_0xa2f7,2025-01-01,10,6,10000,1000.0,0.0,2000.0,6000.0,2025-07-01
CUS_0xa2f7_2025_01_01,CUS_0xa2f7,2025-01-01,10,7,10000,1000.0,0.0,3000.0,6000.0,2025-08-01
CUS_0xa2f7_2025_01_01,CUS_0xa2f7,2025-01-01,10,8,10000,1000.0,0.0,4000.0,6000.0,2025-09-01
CUS_0xa2f7_2025_01_01,CUS_0xa2f7,2025-01-01,10,9,10000,1000.0,0.0,5000.0,6000.0,2025-10-01
CUS_0xa2f7_2025_01_01,CUS_0xa2f7,2025-01-01,10,10,10000,1000.0,0.0,6000.0,6000.0,2025-11-01
CUS_0xa303_2023_03_01,CUS_0xa303,2023-03-01,10,0,10000,0.0,0.0,0.0,10000.0,2023-03-01
CUS_0xa303_2023_03_01,CUS_0xa303,2023-03-01,10,1,10000,1000.0,1000.0,0.0,9000.0,2023-04-01
CUS_0xa303_2023_03_01,CUS_0xa303,2023-03-01,10,2,10000,1000.0,0.0,1000.0,9000.0,2023-05-01
CUS_0xa303_2023_03_01,CUS_0xa303,2023-03-01,10,3,10000,1000.0,2000.0,0.0,7000.0,2023-06-01
CUS_0xa303_2023_03_01,CUS_0xa303,2023-03-01,10,4,10000,1000.0,0.0,1000.0,7000.0,2023-07-01
CUS_0xa303_2023_03_01,CUS_0xa303,2023-03-01,10,5,10000,1000.0,0.0,2000.0,7000.0,2023-08-01
CUS_0xa303_2023_03_01,CUS_0xa303,2023-03-01,10,6,10000,1000.0,0.0,3000.0,7000.0,2023-09-01
CUS_0xa303_2023_03_01,CUS_0xa303,2023-03-01,10,7,10000,1000.0,0.0,4000.0,7000.0,2023-10-01
CUS_0xa303_2023_03_01,CUS_0xa303,2023-03-01,10,8,10000,1000.0,0.0,5000.0,7000.0,2023-11-01
CUS_0xa303_2023_03_01,CUS_0xa303,2023-03-01,10,9,10000,1000.0,0.0,6000.0,7000.0,2023-12-01
CUS_0xa303_2023_03_01,CUS_0xa303,2023-03-01,10,10,10000,1000.0,0.0,7000.0,7000.0,2024-01-01
CUS_0xa31b_2023_06_01,CUS_0xa31b,2023-06-01,10,0,10000,0.0,0.0,0.0,10000.0,2023-06-01
CUS_0xa31b_2023_06_01,CUS_0xa31b,2023-06-01,10,1,10000,1000.0,1000.0,0.0,9000.0,2023-07-01
CUS_0xa31b_2023_06_01,CUS_0xa31b,2023-06-01,10,2,10000,1000.0,1000.0,0.0,8000.0,2023-08-01
CUS_0xa31b_2023_06_01,CUS_0xa31b,2023-06-01,10,3,10000,1000.0,1000.0,0.0,7000.0,2023-09-01
CUS_0xa31b_2023_06_01,CUS_0xa31b,2023-06-01,10,4,10000,1000.0,1000.0,0.0,6000.0,2023-10-01
CUS_0xa31b_2023_06_01,CUS_0xa31b,2023-06-01,10,5,10000,1000.0,1000.0,0.0,5000.0,2023-11-01
CUS_0xa31b_2023_06_01,CUS_0xa31b,2023-06-01,10,6,10000,1000.0,1000.0,0.0,4000.0,2023-12-01
CUS_0xa31b_2023_06_01,CUS_0xa31b,2023-06-01,10,7,10000,1000.0,1000.0,0.0,3000.0,2024-01-01
CUS_0xa31b_2023_06_01,CUS_0xa31b,2023-06-01,10,8,10000,1000.0,1000.0,0.0,2000.0,2024-02-01
CUS_0xa31b_2023_06_01,CUS_0xa31b,2023-06-01,10,9,10000,1000.0,1000.0,0.0,1000.0,2024-03-01
CUS_0xa31b_2023_06_01,CUS_0xa31b,2023-06-01,10,10,10000,1000.0,1000.0,0.0,0.0,2024-04-01
CUS_0xa36e_2023_12_01,CUS_0xa36e,2023-12-01,10,0,10000,0.0,0.0,0.0,10000.0,2023-12-01
CUS_0xa36e_2023_12_01,CUS_0xa36e,2023-12-01,10,1,10000,1000.0,1000.0,0.0,9000.0,2024-01-01
CUS_0xa36e_2023_12_01,CUS_0xa36e,2023-12-01,10,2,10000,1000.0,1000.0,0.0,8000.0,2024-02-01
CUS_0xa36e_2023_12_01,CUS_0xa36e,2023-12-01,10,3,10000,1000.0,1000.0,0.0,7000.0,2024-03-01
CUS_0xa36e_2023_12_01,CUS_0xa36e,2023-12-01,10,4,10000,1000.0,1000.0,0.0,6000.0,2024-04-01
CUS_0xa36e_2023_12_01,CUS_0xa36e,2023-12-01,10,5,10000,1000.0,1000.0,0.0,5000.0,2024-05-01
CUS_0xa36e_2023_12_01,CUS_0xa36e,2023-12-01,10,6,10000,1000.0,1000.0,0.0,4000.0,2024-06-01
CUS_0xa36e_2023_12_01,CUS_0xa36e,2023-12-01,10,7,10000,1000.0,1000.0,0.0,3000.0,2024-07-01
CUS_0xa36e_2023_12_01,CUS_0xa36e,2023-12-01,10,8,10000,1000.0,1000.0,0.0,2000.0,2024-08-01
CUS_0xa36e_2023_12_01,CUS_0xa36e,2023-12-01,10,9,10000,1000.0,1000.0,0.0,1000.0,2024-09-01
CUS_0xa36e_2023_12_01,CUS_0xa36e,2023-12-01,10,10,10000,1000.0,1000.0,0.0,0.0,2024-10-01
CUS_0xa3b5_2024_07_01,CUS_0xa3b5,2024-07-01,10,0,10000,0.0,0.0,0.0,10000.0,2024-07-01
CUS_0xa3b5_2024_07_01,CUS_0xa3b5,2024-07-01,10,1,10000,1000.0,1000.0,0.0,9000.0,2024-08-01
CUS_0xa3b5_2024_07_01,CUS_0xa3b5,2024-07-01,10,2,10000,1000.0,1000.0,0.0,8000.0,2024-09-01
CUS_0xa3b5_2024_07_01,CUS_0xa3b5,2024-07-01,10,3,10000,1000.0,1000.0,0.0,7000.0,2024-10-01
CUS_0xa3b5_2024_07_01,CUS_0xa3b5,2024-07-01,10,4,10000,1000.0,1000.0,0.0,6000.0,2024-11-01
CUS_0xa3b5_2024_07_01,CUS_0xa3b5,2024-07-01,10,5,10000,1000.0,1000.0,0.0,5000.0,2024-12-01
CUS_0xa3b5_2024_07_01,CUS_0xa3b5,2024-07-01,10,6,10000,1000.0,1000.0,0.0,4000.0,2025-01-01
CUS_0xa3b5_2024_07_01,CUS_0xa3b5,2024-07-01,10,7,10000,1000.0,1000.0,0.0,3000.0,2025-02-01
CUS_0xa3b5_2024_07_01,CUS_0xa3b5,2024-07-01,10,8,10000,1000.0,1000.0,0.0,2000.0,2025-03-01
CUS_0xa3b5_2024_07_01,CUS_0xa3b5,2024-07-01,10,9,10000,1000.0,1000.0,0.0,1000.0,2025-04-01
CUS_0xa3b5_2024_07_01,CUS_0xa3b5,2024-07-01,10,10,10000,1000.0,1000.0,0.0,0.0,2025-05-01
CUS_0xa442_2023_03_01,CUS_0xa442,2023-03-01,10,0,10000,0.0,0.0,0.0,10000.0,2023-03-01
CUS_0xa442_2023_03_01,CUS_0xa442,2023-03-01,10,1,10000,1000.0,1000.0,0.0,9000.0,2023-04-01
CUS_0xa442_2023_03_01,CUS_0xa442,2023-03-01,10,2,10000,1000.0,1000.0,0.0,8000.0,2023-05-01
CUS_0xa442_2023_03_01,CUS_0xa442,2023-03-01,10,3,10000,1000.0,1000.0,0.0,7000.0,2023-06-01
CUS_0xa442_2023_03_01,CUS_0xa442,2023-03-01,10,4,10000,1000.0,1000.0,0.0,6000.0,2023-07-01
CUS_0xa442_2023_03_01,CUS_0xa442,2023-03-01,10,5,10000,1000.0,1000.0,0.0,5000.0,2023-08-01
CUS_0xa442_2023_03_01,CUS_0xa442,2023-03-01,10,6,10000,1000.0,1000.0,0.0,4000.0,2023-09-01
CUS_0xa442_2023_03_01,CUS_0xa442,2023-03-01,10,7,10000,1000.0,1000.0,0.0,3000.0,2023-10-01
CUS_0xa442_2023_03_01,CUS_0xa442,2023-03-01,10,8,10000,1000.0,1000.0,0.0,2000.0,2023-11-01
CUS_0xa442_2023_03_01,CUS_0xa442,2023-03-01,10,9,10000,1000.0,1000.0,0.0,1000.0,2023-12-01
CUS_0xa442_2023_03_01,CUS_0xa442,2023-03-01,10,10,10000,1000.0,1000.0,0.0,0.0,2024-01-01
CUS_0xa46e_2025_01_01,CUS_0xa46e,2025-01-01,10,0,10000,0.0,0.0,0.0,10000.0,2025-01-01
CUS_0xa46e_2025_01_01,CUS_0xa46e,2025-01-01,10,1,10000,1000.0,1000.0,0.0,9000.0,2025-02-01
CUS_0xa46e_2025_01_01,CUS_0xa46e,2025-01-01,10,2,10000,1000.0,1000.0,0.0,8000.0,2025-03-01
CUS_0xa46e_2025_01_01,CUS_0xa46e,2025-01-01,10,3,10000,1000.0,0.0,1000.0,8000.0,2025-04-01
CUS_0xa46e_2025_01_01,CUS_0xa46e,2025-01-01,10,4,10000,1000.0,0.0,2000.0,8000.0,2025-05-01
CUS_0xa46e_2025_01_01,CUS_0xa46e,2025-01-01,10,5,10000,1000.0,0.0,3000.0,8000.0,2025-06-01
CUS_0xa46e_2025_01_01,CUS_0xa46e,2025-01-01,10,6,10000,1000.0,0.0,4000.0,8000.0,2025-07-01
CUS_0xa46e_2025_01_01,CUS_0xa46e,2025-01-01,10,7,10000,1000.0,0.0,5000.0,8000.0,2025-08-01
CUS_0xa46e_2025_01_01,CUS_0xa46e,2025-01-01,10,8,10000,1000.0,0.0,6000.0,8000.0,2025-09-01
CUS_0xa46e_2025_01_01,CUS_0xa46e,2025-01-01,10,9,10000,1000.0,0.0,7000.0,8000.0,2025-10-01
CUS_0xa46e_2025_01_01,CUS_0xa46e,2025-01-01,10,10,10000,1000.0,0.0,8000.0,8000.0,2025-11-01
CUS_0xa478_2024_01_01,CUS_0xa478,2024-01-01,10,0,10000,0.0,0.0,0.0,10000.0,2024-01-01
CUS_0xa478_2024_01_01,CUS_0xa478,2024-01-01,10,1,10000,1000.0,1000.0,0.0,9000.0,2024-02-01
CUS_0xa478_2024_01_01,CUS_0xa478,2024-01-01,10,2,10000,1000.0,1000.0,0.0,8000.0,2024-03-01
CUS_0xa478_2024_01_01,CUS_0xa478,2024-01-01,10,3,10000,1000.0,1000.0,0.0,7000.0,2024-04-01
CUS_0xa478_2024_01_01,CUS_0xa478,2024-01-01,10,4,10000,1000.0,1000.0,0.0,6000.0,2024-05-01
CUS_0xa478_2024_01_01,CUS_0xa478,2024-01-01,10,5,10000,1000.0,1000.0,0.0,5000.0,2024-06-01
CUS_0xa478_2024_01_01,CUS_0xa478,2024-01-01,10,6,10000,1000.0,1000.0,0.0,4000.0,2024-07-01
CUS_0xa478_2024_01_01,CUS_0xa478,2024-01-01,10,7,10000,1000.0,1000.0,0.0,3000.0,2024-08-01
CUS_0xa478_2024_01_01,CUS_0xa478,2024-01-01,10,8,10000,1000.0,1000.0,0.0,2000.0,2024-09-01
CUS_0xa478_2024_01_01,CUS_0xa478,2024-01-01,10,9,10000,1000.0,1000.0,0.0,1000.0,2024-10-01
CUS_0xa478_2024_01_01,CUS_0xa478,2024-01-01,10,10,10000,1000.0,1000.0,0.0,0.0,2024-11-01
CUS_0xa4d9_2024_12_01,CUS_0xa4d9,2024-12-01,10,0,10000,0.0,0.0,0.0,10000.0,2024-12-01
CUS_0xa4d9_2024_12_01,CUS_0xa4d9,2024-12-01,10,1,10000,1000.0,1000.0,0.0,9000.0,2025-01-01
CUS_0xa4d9_2024_12_01,CUS_0xa4d9,2024-12-01,10,2,10000,1000.0,1000.0,0.0,8000.0,2025-02-01
CUS_0xa4d9_2024_12_01,CUS_0xa4d9,2024-12-01,10,3,10000,1000.0,1000.0,0.0,7000.0,2025-03-01
CUS_0xa4d9_2024_12_01,CUS_0xa4d9,2024-12-01,10,4,10000,1000.0,1000.0,0.0,6000.0,2025-04-01
CUS_0xa4d9_2024_12_01,CUS_0xa4d9,2024-12-01,10,5,10000,1000.0,1000.0,0.0,5000.0,2025-05-01
CUS_0xa4d9_2024_12_01,CUS_0xa4d9,2024-12-01,10,6,10000,1000.0,1000.0,0.0,4000.0,2025-06-01
CUS_0xa4d9_2024_12_01,CUS_0xa4d9,2024-12-01,10,7,10000,1000.0,1000.0,0.0,3000.0,2025-07-01
CUS_0xa4d9_2024_12_01,CUS_0xa4d9,2024-12-01,10,8,10000,1000.0,1000.0,0.0,2000.0,2025-08-01
CUS_0xa4d9_2024_12_01,CUS_0xa4d9,2024-12-01,10,9,10000,1000.0,1000.0,0.0,1000.0,2025-09-01
CUS_0xa4d9_2024_12_01,CUS_0xa4d9,2024-12-01,10,10,10000,1000.0,1000.0,0.0,0.0,2025-10-01
CUS_0xa4ee_2025_01_01,CUS_0xa4ee,2025-01-01,10,0,10000,0.0,0.0,0.0,10000.0,2025-01-01
CUS_0xa4ee_2025_01_01,CUS_0xa4ee,2025-01-01,10,1,10000,1000.0,1000.0,0.0,9000.0,2025-02-01
CUS_0xa4ee_2025_01_01,CUS_0xa4ee,2025-01-01,10,2,10000,1000.0,0.0,1000.0,9000.0,2025-03-01
CUS_0xa4ee_2025_01_01,CUS_0xa4ee,2025-01-01,10,3,10000,1000.0,0.0,2000.0,9000.0,2025-04-01
CUS_0xa4ee_2025_01_01,CUS_0xa4ee,2025-01-01,10,4,10000,1000.0,3000.0,0.0,6000.0,2025-05-01
CUS_0xa4ee_2025_01_01,CUS_0xa4ee,2025-01-01,10,5,10000,1000.0,0.0,1000.0,6000.0,2025-06-01
CUS_0xa4ee_2025_01_01,CUS_0xa4ee,2025-01-01,10,6,10000,1000.0,0.0,2000.0,6000.0,2025-07-01
CUS_0xa4ee_2025_01_01,CUS_0xa4ee,2025-01-01,10,7,10000,1000.0,0.0,3000.0,6000.0,2025-08-01
CUS_0xa4ee_2025_01_01,CUS_0xa4ee,2025-01-01,10,8,10000,1000.0,0.0,4000.0,6000.0,2025-09-01
CUS_0xa4ee_2025_01_01,CUS_0xa4ee,2025-01-01,10,9,10000,1000.0,0.0,5000.0,6000.0,2025-10-01
CUS_0xa4ee_2025_01_01,CUS_0xa4ee,2025-01-01,10,10,10000,1000.0,0.0,6000.0,6000.0,2025-11-01
CUS_0xa53_2024_07_01,CUS_0xa53,2024-07-01,10,0,10000,0.0,0.0,0.0,10000.0,2024-07-01
CUS_0xa53_2024_07_01,CUS_0xa53,2024-07-01,10,1,10000,1000.0,1000.0,0.0,9000.0,2024-08-01
CUS_0xa53_2024_07_01,CUS_0xa53,2024-07-01,10,2,10000,1000.0,1000.0,0.0,8000.0,2024-09-01
CUS_0xa53_2024_07_01,CUS_0xa53,2024-07-01,10,3,10000,1000.0,1000.0,0.0,7000.0,2024-10-01
CUS_0xa53_2024_07_01,CUS_0xa53,2024-07-01,10,4,10000,1000.0,1000.0,0.0,6000.0,2024-11-01
CUS_0xa53_2024_07_01,CUS_0xa53,2024-07-01,10,5,10000,1000.0,1000.0,0.0,5000.0,2024-12-01
CUS_0xa53_2024_07_01,CUS_0xa53,2024-07-01,10,6,10000,1000.0,1000.0,0.0,4000.0,2025-01-01
CUS_0xa53_2024_07_01,CUS_0xa53,2024-07-01,10,7,10000,1000.0,1000.0,0.0,3000.0,2025-02-01
CUS_0xa53_2024_07_01,CUS_0xa53,2024-07-01,10,8,10000,1000.0,1000.0,0.0,2000.0,2025-03-01
CUS_0xa53_2024_07_01,CUS_0xa53,2024-07-01,10,9,10000,1000.0,1000.0,0.0,1000.0,2025-04-01
CUS_0xa53_2024_07_01,CUS_0xa53,2024-07-01,10,10,10000,1000.0,1000.0,0.0,0.0,2025-05-01
CUS_0xa5a4_2025_01_01,CUS_0xa5a4,2025-01-01,10,0,10000,0.0,0.0,0.0,10000.0,2025-01-01
CUS_0xa5a4_2025_01_01,CUS_0xa5a4,2025-01-01,10,1,10000,1000.0,1000.0,0.0,9000.0,2025-02-01
CUS_0xa5a4_2025_01_01,CUS_0xa5a4,2025-01-01,10,2,10000,1000.0,1000.0,0.0,8000.0,2025-03-01
CUS_0xa5a4_2025_01_01,CUS_0xa5a4,2025-01-01,10,3,10000,1000.0,1000.0,0.0,7000.0,2025-04-01
CUS_0xa5a4_2025_01_01,CUS_0xa5a4,2025-01-01,10,4,10000,1000.0,1000.0,0.0,6000.0,2025-05-01
CUS_0xa5a4_2025_01_01,CUS_0xa5a4,2025-01-01,10,5,10000,1000.0,1000.0,0.0,5000.0,2025-06-01
CUS_0xa5a4_2025_01_01,CUS_0xa5a4,2025-01-01,10,6,10000,1000.0,1000.0,0.0,4000.0,2025-07-01
CUS_0xa5a4_2025_01_01,CUS_0xa5a4,2025-01-01,10,7,10000,1000.0,1000.0,0.0,3000.0,2025-08-01
CUS_0xa5a4_2025_01_01,CUS_0xa5a4,2025-01-01,10,8,10000,1000.0,1000.0,0.0,2000.0,2025-09-01
CUS_0xa5a4_2025_01_01,CUS_0xa5a4,2025-01-01,10,9,10000,1000.0,1000.0,0.0,1000.0,2025-10-01
CUS_0xa5a4_2025_01_01,CUS_0xa5a4,2025-01-01,10,10,10000,1000.0,1000.0,0.0,0.0,2025-11-01
CUS_0xa666_2024_05_01,CUS_0xa666,2024-05-01,10,0,10000,0.0,0.0,0.0,10000.0,2024-05-01
CUS_0xa666_2024_05_01,CUS_0xa666,2024-05-01,10,1,10000,1000.0,1000.0,0.0,9000.0,2024-06-01
CUS_0xa666_2024_05_01,CUS_0xa666,2024-05-01,10,2,10000,1000.0,1000.0,0.0,8000.0,2024-07-01
CUS_0xa666_2024_05_01,CUS_0xa666,2024-05-01,10,3,10000,1000.0,1000.0,0.0,7000.0,2024-08-01
CUS_0xa666_2024_05_01,CUS_0xa666,2024-05-01,10,4,10000,1000.0,1000.0,0.0,6000.0,2024-09-01
CUS_0xa666_2024_05_01,CUS_0xa666,2024-05-01,10,5,10000,1000.0,1000.0,0.0,5000.0,2024-10-01
CUS_0xa666_2024_05_01,CUS_0xa666,2024-05-01,10,6,10000,1000.0,1000.0,0.0,4000.0,2024-11-01
CUS_0xa666_2024_05_01,CUS_0xa666,2024-05-01,10,7,10000,1000.0,1000.0,0.0,3000.0,2024-12-01
CUS_0xa666_2024_05_01,CUS_0xa666,2024-05-01,10,8,10000,1000.0,1000.0,0.0,2000.0,2025-01-01
CUS_0xa666_2024_05_01,CUS_0xa666,2024-05-01,10,9,10000,1000.0,1000.0,0.0,1000.0,2025-02-01
CUS_0xa666_2024_05_01,CUS_0xa666,2024-05-01,10,10,10000,1000.0,1000.0,0.0,0.0,2025-03-01
CUS_0xa667_2024_07_01,CUS_0xa667,2024-07-01,10,0,10000,0.0,0.0,0.0,10000.0,2024-07-01
CUS_0xa667_2024_07_01,CUS_0xa667,2024-07-01,10,1,10000,1000.0,1000.0,0.0,9000.0,2024-08-01
CUS_0xa667_2024_07_01,CUS_0xa667,2024-07-01,10,2,10000,1000.0,1000.0,0.0,8000.0,2024-09-01
CUS_0xa667_2024_07_01,CUS_0xa667,2024-07-01,10,3,10000,1000.0,1000.0,0.0,7000.0,2024-10-01
CUS_0xa667_2024_07_01,CUS_0xa667,2024-07-01,10,4,10000,1000.0,1000.0,0.0,6000.0,2024-11-01
CUS_0xa667_2024_07_01,CUS_0xa667,2024-07-01,10,5,10000,1000.0,1000.0,0.0,5000.0,2024-12-01
CUS_0xa667_2024_07_01,CUS_0xa667,2024-07-01,10,6,10000,1000.0,1000.0,0.0,4000.0,2025-01-01
CUS_0xa667_2024_07_01,CUS_0xa667,2024-07-01,10,7,10000,1000.0,1000.0,0.0,3000.0,2025-02-01
CUS_0xa667_2024_07_01,CUS_0xa667,2024-07-01,10,8,10000,1000.0,1000.0,0.0,2000.0,2025-03-01
CUS_0xa667_2024_07_01,CUS_0xa667,2024-07-01,10,9,10000,1000.0,1000.0,0.0,1000.0,2025-04-01
CUS_0xa667_2024_07_01,CUS_0xa667,2024-07-01,10,10,10000,1000.0,1000.0,0.0,0.0,2025-05-01
CUS_0xa66c_2023_12_01,CUS_0xa66c,2023-12-01,10,0,10000,0.0,0.0,0.0,10000.0,2023-12-01
CUS_0xa66c_2023_12_01,CUS_0xa66c,2023-12-01,10,1,10000,1000.0,1000.0,0.0,9000.0,2024-01-01
CUS_0xa66c_2023_12_01,CUS_0xa66c,2023-12-01,10,2,10000,1000.0,1000.0,0.0,8000.0,2024-02-01
CUS_0xa66c_2023_12_01,CUS_0xa66c,2023-12-01,10,3,10000,1000.0,1000.0,0.0,7000.0,2024-03-01
CUS_0xa66c_2023_12_01,CUS_0xa66c,2023-12-01,10,4,10000,1000.0,1000.0,0.0,6000.0,2024-04-01
CUS_0xa66c_2023_12_01,CUS_0xa66c,2023-12-01,10,5,10000,1000.0,1000.0,0.0,5000.0,2024-05-01
CUS_0xa66c_2023_12_01,CUS_0xa66c,2023-12-01,10,6,10000,1000.0,1000.0,0.0,4000.0,2024-06-01
CUS_0xa66c_2023_12_01,CUS_0xa66c,2023-12-01,10,7,10000,1000.0,1000.0,0.0,3000.0,2024-07-01
CUS_0xa66c_2023_12_01,CUS_0xa66c,2023-12-01,10,8,10000,1000.0,1000.0,0.0,2000.0,2024-08-01
CUS_0xa66c_2023_12_01,CUS_0xa66c,2023-12-01,10,9,10000,1000.0,1000.0,0.0,1000.0,2024-09-01
CUS_0xa66c_2023_12_01,CUS_0xa66c,2023-12-01,10,10,10000,1000.0,1000.0,0.0,0.0,2024-10-01
CUS_0xa682_2023_04_01,CUS_0xa682,2023-04-01,10,0,10000,0.0,0.0,0.0,10000.0,2023-04-01
CUS_0xa682_2023_04_01,CUS_0xa682,2023-04-01,10,1,10000,1000.0,1000.0,0.0,9000.0,2023-05-01
CUS_0xa682_2023_04_01,CUS_0xa682,2023-04-01,10,2,10000,1000.0,1000.0,0.0,8000.0,2023-06-01
CUS_0xa682_2023_04_01,CUS_0xa682,2023-04-01,10,3,10000,1000.0,1000.0,0.0,7000.0,2023-07-01
CUS_0xa682_2023_04_01,CUS_0xa682,2023-04-01,10,4,10000,1000.0,1000.0,0.0,6000.0,2023-08-01
CUS_0xa682_2023_04_01,CUS_0xa682,2023-04-01,10,5,10000,1000.0,1000.0,0.0,5000.0,2023-09-01
CUS_0xa682_2023_04_01,CUS_0xa682,2023-04-01,10,6,10000,1000.0,1000.0,0.0,4000.0,2023-10-01
CUS_0xa682_2023_04_01,CUS_0xa682,2023-04-01,10,7,10000,1000.0,1000.0,0.0,3000.0,2023-11-01
CUS_0xa682_2023_04_01,CUS_0xa682,2023-04-01,10,8,10000,1000.0,1000.0,0.0,2000.0,2023-12-01
CUS_0xa682_2023_04_01,CUS_0xa682,2023-04-01,10,9,10000,1000.0,1000.0,0.0,1000.0,2024-01-01
CUS_0xa682_2023_04_01,CUS_0xa682,2023-04-01,10,10,10000,1000.0,1000.0,0.0,0.0,2024-02-01
CUS_0xa68a_2023_02_01,CUS_0xa68a,2023-02-01,10,0,10000,0.0,0.0,0.0,10000.0,2023-02-01
CUS_0xa68a_2023_02_01,CUS_0xa68a,2023-02-01,10,1,10000,1000.0,1000.0,0.0,9000.0,2023-03-01
CUS_0xa68a_2023_02_01,CUS_0xa68a,2023-02-01,10,2,10000,1000.0,1000.0,0.0,8000.0,2023-04-01
CUS_0xa68a_2023_02_01,CUS_0xa68a,2023-02-01,10,3,10000,1000.0,1000.0,0.0,7000.0,2023-05-01
CUS_0xa68a_2023_02_01,CUS_0xa68a,2023-02-01,10,4,10000,1000.0,1000.0,0.0,6000.0,2023-06-01
CUS_0xa68a_2023_02_01,CUS_0xa68a,2023-02-01,10,5,10000,1000.0,1000.0,0.0,5000.0,2023-07-01
CUS_0xa68a_2023_02_01,CUS_0xa68a,2023-02-01,10,6,10000,1000.0,1000.0,0.0,4000.0,2023-08-01
CUS_0xa68a_2023_02_01,CUS_0xa68a,2023-02-01,10,7,10000,1000.0,1000.0,0.0,3000.0,2023-09-01
CUS_0xa68a_2023_02_01,CUS_0xa68a,2023-02-01,10,8,10000,1000.0,1000.0,0.0,2000.0,2023-10-01
CUS_0xa68a_2023_02_01,CUS_0xa68a,2023-02-01,10,9,10000,1000.0,1000.0,0.0,1000.0,2023-11-01
CUS_0xa68a_2023_02_01,CUS_0xa68a,2023-02-01,10,10,10000,1000.0,1000.0,0.0,0.0,2023-12-01
CUS_0xa6d5_2023_10_01,CUS_0xa6d5,2023-10-01,10,0,10000,0.0,0.0,0.0,10000.0,2023-10-01
CUS_0xa6d5_2023_10_01,CUS_0xa6d5,2023-10-01,10,1,10000,1000.0,1000.0,0.0,9000.0,2023-11-01
CUS_0xa6d5_2023_10_01,CUS_0xa6d5,2023-10-01,10,2,10000,1000.0,1000.0,0.0,8000.0,2023-12-01
CUS_0xa6d5_2023_10_01,CUS_0xa6d5,2023-10-01,10,3,10000,1000.0,1000.0,0.0,7000.0,2024-01-01
CUS_0xa6d5_2023_10_01,CUS_0xa6d5,2023-10-01,10,4,10000,1000.0,1000.0,0.0,6000.0,2024-02-01
CUS_0xa6d5_2023_10_01,CUS_0xa6d5,2023-10-01,10,5,10000,1000.0,1000.0,0.0,5000.0,2024-03-01
CUS_0xa6d5_2023_10_01,CUS_0xa6d5,2023-10-01,10,6,10000,1000.0,1000.0,0.0,4000.0,2024-04-01
CUS_0xa6d5_2023_10_01,CUS_0xa6d5,2023-10-01,10,7,10000,1000.0,1000.0,0.0,3000.0,2024-05-01
CUS_0xa6d5_2023_10_01,CUS_0xa6d5,2023-10-01,10,8,10000,1000.0,1000.0,0.0,2000.0,2024-06-01
CUS_0xa6d5_2023_10_01,CUS_0xa6d5,2023-10-01,10,9,10000,1000.0,1000.0,0.0,1000.0,2024-07-01
CUS_0xa6d5_2023_10_01,CUS_0xa6d5,2023-10-01,10,10,10000,1000.0,1000.0,0.0,0.0,2024-08-01
CUS_0xa6d9_2023_01_01,CUS_0xa6d9,2023-01-01,10,0,10000,0.0,0.0,0.0,10000.0,2023-01-01
CUS_0xa6d9_2023_01_01,CUS_0xa6d9,2023-01-01,10,1,10000,1000.0,1000.0,0.0,9000.0,2023-02-01
CUS_0xa6d9_2023_01_01,CUS_0xa6d9,2023-01-01,10,2,10000,1000.0,1000.0,0.0,8000.0,2023-03-01
CUS_0xa6d9_2023_01_01,CUS_0xa6d9,2023-01-01,10,3,10000,1000.0,1000.0,0.0,7000.0,2023-04-01
CUS_0xa6d9_2023_01_01,CUS_0xa6d9,2023-01-01,10,4,10000,1000.0,1000.0,0.0,6000.0,2023-05-01
CUS_0xa6d9_2023_01_01,CUS_0xa6d9,2023-01-01,10,5,10000,1000.0,1000.0,0.0,5000.0,2023-06-01
CUS_0xa6d9_2023_01_01,CUS_0xa6d9,2023-01-01,10,6,10000,1000.0,1000.0,0.0,4000.0,2023-07-01
CUS_0xa6d9_2023_01_01,CUS_0xa6d9,2023-01-01,10,7,10000,1000.0,1000.0,0.0,3000.0,2023-08-01
CUS_0xa6d9_2023_01_01,CUS_0xa6d9,2023-01-01,10,8,10000,1000.0,1000.0,0.0,2000.0,2023-09-01
CUS_0xa6d9_2023_01_01,CUS_0xa6d9,2023-01-01,10,9,10000,1000.0,1000.0,0.0,1000.0,2023-10-01
CUS_0xa6d9_2023_01_01,CUS_0xa6d9,2023-01-01,10,10,10000,1000.0,1000.0,0.0,0.0,2023-11-01
CUS_0xa6e7_2024_07_01,CUS_0xa6e7,2024-07-01,10,0,10000,0.0,0.0,0.0,10000.0,2024-07-01
CUS_0xa6e7_2024_07_01,CUS_0xa6e7,2024-07-01,10,1,10000,1000.0,1000.0,0.0,9000.0,2024-08-01
CUS_0xa6e7_2024_07_01,CUS_0xa6e7,2024-07-01,10,2,10000,1000.0,1000.0,0.0,8000.0,2024-09-01
CUS_0xa6e7_2024_07_01,CUS_0xa6e7,2024-07-01,10,3,10000,1000.0,1000.0,0.0,7000.0,2024-10-01
CUS_0xa6e7_2024_07_01,CUS_0xa6e7,2024-07-01,10,4,10000,1000.0,1000.0,0.0,6000.0,2024-11-01
CUS_0xa6e7_2024_07_01,CUS_0xa6e7,2024-07-01,10,5,10000,1000.0,1000.0,0.0,5000.0,2024-12-01
CUS_0xa6e7_2024_07_01,CUS_0xa6e7,2024-07-01,10,6,10000,1000.0,1000.0,0.0,4000.0,2025-01-01
CUS_0xa6e7_2024_07_01,CUS_0xa6e7,2024-07-01,10,7,10000,1000.0,1000.0,0.0,3000.0,2025-02-01
CUS_0xa6e7_2024_07_01,CUS_0xa6e7,2024-07-01,10,8,10000,1000.0,1000.0,0.0,2000.0,2025-03-01
CUS_0xa6e7_2024_07_01,CUS_0xa6e7,2024-07-01,10,9,10000,1000.0,1000.0,0.0,1000.0,2025-04-01
CUS_0xa6e7_2024_07_01,CUS_0xa6e7,2024-07-01,10,10,10000,1000.0,1000.0,0.0,0.0,2025-05-01
CUS_0xa6e8_2023_08_01,CUS_0xa6e8,2023-08-01,10,0,10000,0.0,0.0,0.0,10000.0,2023-08-01
CUS_0xa6e8_2023_08_01,CUS_0xa6e8,2023-08-01,10,1,10000,1000.0,1000.0,0.0,9000.0,2023-09-01
CUS_0xa6e8_2023_08_01,CUS_0xa6e8,2023-08-01,10,2,10000,1000.0,1000.0,0.0,8000.0,2023-10-01
CUS_0xa6e8_2023_08_01,CUS_0xa6e8,2023-08-01,10,3,10000,1000.0,1000.0,0.0,7000.0,2023-11-01
CUS_0xa6e8_2023_08_01,CUS_0xa6e8,2023-08-01,10,4,10000,1000.0,1000.0,0.0,6000.0,2023-12-01
CUS_0xa6e8_2023_08_01,CUS_0xa6e8,2023-08-01,10,5,10000,1000.0,1000.0,0.0,5000.0,2024-01-01
CUS_0xa6e8_2023_08_01,CUS_0xa6e8,2023-08-01,10,6,10000,1000.0,1000.0,0.0,4000.0,2024-02-01
CUS_0xa6e8_2023_08_01,CUS_0xa6e8,2023-08-01,10,7,10000,1000.0,1000.0,0.0,3000.0,2024-03-01
CUS_0xa6e8_2023_08_01,CUS_0xa6e8,2023-08-01,10,8,10000,1000.0,1000.0,0.0,2000.0,2024-04-01
CUS_0xa6e8_2023_08_01,CUS_0xa6e8,2023-08-01,10,9,10000,1000.0,1000.0,0.0,1000.0,2024-05-01
CUS_0xa6e8_2023_08_01,CUS_0xa6e8,2023-08-01,10,10,10000,1000.0,1000.0,0.0,0.0,2024-06-01
CUS_0xa731_2023_04_01,CUS_0xa731,2023-04-01,10,0,10000,0.0,0.0,0.0,10000.0,2023-04-01
CUS_0xa731_2023_04_01,CUS_0xa731,2023-04-01,10,1,10000,1000.0,1000.0,0.0,9000.0,2023-05-01
CUS_0xa731_2023_04_01,CUS_0xa731,2023-04-01,10,2,10000,1000.0,1000.0,0.0,8000.0,2023-06-01
CUS_0xa731_2023_04_01,CUS_0xa731,2023-04-01,10,3,10000,1000.0,1000.0,0.0,7000.0,2023-07-01
CUS_0xa731_2023_04_01,CUS_0xa731,2023-04-01,10,4,10000,1000.0,1000.0,0.0,6000.0,2023-08-01
CUS_0xa731_2023_04_01,CUS_0xa731,2023-04-01,10,5,10000,1000.0,1000.0,0.0,5000.0,2023-09-01
CUS_0xa731_2023_04_01,CUS_0xa731,2023-04-01,10,6,10000,1000.0,1000.0,0.0,4000.0,2023-10-01
CUS_0xa731_2023_04_01,CUS_0xa731,2023-04-01,10,7,10000,1000.0,1000.0,0.0,3000.0,2023-11-01
CUS_0xa731_2023_04_01,CUS_0xa731,2023-04-01,10,8,10000,1000.0,1000.0,0.0,2000.0,2023-12-01
CUS_0xa731_2023_04_01,CUS_0xa731,2023-04-01,10,9,10000,1000.0,1000.0,0.0,1000.0,2024-01-01
CUS_0xa731_2023_04_01,CUS_0xa731,2023-04-01,10,10,10000,1000.0,1000.0,0.0,0.0,2024-02-01
CUS_0xa742_2024_04_01,CUS_0xa742,2024-04-01,10,0,10000,0.0,0.0,0.0,10000.0,2024-04-01
CUS_0xa742_2024_04_01,CUS_0xa742,2024-04-01,10,1,10000,1000.0,1000.0,0.0,9000.0,2024-05-01
CUS_0xa742_2024_04_01,CUS_0xa742,2024-04-01,10,2,10000,1000.0,1000.0,0.0,8000.0,2024-06-01
CUS_0xa742_2024_04_01,CUS_0xa742,2024-04-01,10,3,10000,1000.0,1000.0,0.0,7000.0,2024-07-01
CUS_0xa742_2024_04_01,CUS_0xa742,2024-04-01,10,4,10000,1000.0,0.0,1000.0,7000.0,2024-08-01
CUS_0xa742_2024_04_01,CUS_0xa742,2024-04-01,10,5,10000,1000.0,0.0,2000.0,7000.0,2024-09-01
CUS_0xa742_2024_04_01,CUS_0xa742,2024-04-01,10,6,10000,1000.0,0.0,3000.0,7000.0,2024-10-01
CUS_0xa742_2024_04_01,CUS_0xa742,2024-04-01,10,7,10000,1000.0,0.0,4000.0,7000.0,2024-11-01
CUS_0xa742_2024_04_01,CUS_0xa742,2024-04-01,10,8,10000,1000.0,0.0,5000.0,7000.0,2024-12-01
CUS_0xa742_2024_04_01,CUS_0xa742,2024-04-01,10,9,10000,1000.0,0.0,6000.0,7000.0,2025-01-01
CUS_0xa742_2024_04_01,CUS_0xa742,2024-04-01,10,10,10000,1000.0,0.0,7000.0,7000.0,2025-02-01
CUS_0xa789_2024_10_01,CUS_0xa789,2024-10-01,10,0,10000,0.0,0.0,0.0,10000.0,2024-10-01
CUS_0xa789_2024_10_01,CUS_0xa789,2024-10-01,10,1,10000,1000.0,1000.0,0.0,9000.0,2024-11-01
CUS_0xa789_2024_10_01,CUS_0xa789,2024-10-01,10,2,10000,1000.0,0.0,1000.0,9000.0,2024-12-01
CUS_0xa789_2024_10_01,CUS_0xa789,2024-10-01,10,3,10000,1000.0,2000.0,0.0,7000.0,2025-01-01
CUS_0xa789_2024_10_01,CUS_0xa789,2024-10-01,10,4,10000,1000.0,0.0,1000.0,7000.0,2025-02-01
CUS_0xa789_2024_10_01,CUS_0xa789,2024-10-01,10,5,10000,1000.0,0.0,2000.0,7000.0,2025-03-01
CUS_0xa789_2024_10_01,CUS_0xa789,2024-10-01,10,6,10000,1000.0,0.0,3000.0,7000.0,2025-04-01
CUS_0xa789_2024_10_01,CUS_0xa789,2024-10-01,10,7,10000,1000.0,0.0,4000.0,7000.0,2025-05-01
CUS_0xa789_2024_10_01,CUS_0xa789,2024-10-01,10,8,10000,1000.0,0.0,5000.0,7000.0,2025-06-01
CUS_0xa789_2024_10_01,CUS_0xa789,2024-10-01,10,9,10000,1000.0,0.0,6000.0,7000.0,2025-07-01
CUS_0xa789_2024_10_01,CUS_0xa789,2024-10-01,10,10,10000,1000.0,0.0,7000.0,7000.0,2025-08-01
CUS_0xa806_2023_02_01,CUS_0xa806,2023-02-01,10,0,10000,0.0,0.0,0.0,10000.0,2023-02-01
CUS_0xa806_2023_02_01,CUS_0xa806,2023-02-01,10,1,10000,1000.0,1000.0,0.0,9000.0,2023-03-01
CUS_0xa806_2023_02_01,CUS_0xa806,2023-02-01,10,2,10000,1000.0,1000.0,0.0,8000.0,2023-04-01
CUS_0xa806_2023_02_01,CUS_0xa806,2023-02-01,10,3,10000,1000.0,1000.0,0.0,7000.0,2023-05-01
CUS_0xa806_2023_02_01,CUS_0xa806,2023-02-01,10,4,10000,1000.0,1000.0,0.0,6000.0,2023-06-01
CUS_0xa806_2023_02_01,CUS_0xa806,2023-02-01,10,5,10000,1000.0,1000.0,0.0,5000.0,2023-07-01
CUS_0xa806_2023_02_01,CUS_0xa806,2023-02-01,10,6,10000,1000.0,1000.0,0.0,4000.0,2023-08-01
CUS_0xa806_2023_02_01,CUS_0xa806,2023-02-01,10,7,10000,1000.0,1000.0,0.0,3000.0,2023-09-01
CUS_0xa806_2023_02_01,CUS_0xa806,2023-02-01,10,8,10000,1000.0,1000.0,0.0,2000.0,2023-10-01
CUS_0xa806_2023_02_01,CUS_0xa806,2023-02-01,10,9,10000,1000.0,1000.0,0.0,1000.0,2023-11-01
CUS_0xa806_2023_02_01,CUS_0xa806,2023-02-01,10,10,10000,1000.0,1000.0,0.0,0.0,2023-12-01
CUS_0xa8cb_2024_09_01,CUS_0xa8cb,2024-09-01,10,0,10000,0.0,0.0,0.0,10000.0,2024-09-01
CUS_0xa8cb_2024_09_01,CUS_0xa8cb,2024-09-01,10,1,10000,1000.0,1000.0,0.0,9000.0,2024-10-01
CUS_0xa8cb_2024_09_01,CUS_0xa8cb,2024-09-01,10,2,10000,1000.0,1000.0,0.0,8000.0,2024-11-01
CUS_0xa8cb_2024_09_01,CUS_0xa8cb,2024-09-01,10,3,10000,1000.0,1000.0,0.0,7000.0,2024-12-01
CUS_0xa8cb_2024_09_01,CUS_0xa8cb,2024-09-01,10,4,10000,1000.0,1000.0,0.0,6000.0,2025-01-01
CUS_0xa8cb_2024_09_01,CUS_0xa8cb,2024-09-01,10,5,10000,1000.0,1000.0,0.0,5000.0,2025-02-01
CUS_0xa8cb_2024_09_01,CUS_0xa8cb,2024-09-01,10,6,10000,1000.0,1000.0,0.0,4000.0,2025-03-01
CUS_0xa8cb_2024_09_01,CUS_0xa8cb,2024-09-01,10,7,10000,1000.0,1000.0,0.0,3000.0,2025-04-01
CUS_0xa8cb_2024_09_01,CUS_0xa8cb,2024-09-01,10,8,10000,1000.0,1000.0,0.0,2000.0,2025-05-01
CUS_0xa8cb_2024_09_01,CUS_0xa8cb,2024-09-01,10,9,10000,1000.0,1000.0,0.0,1000.0,2025-06-01
CUS_0xa8cb_2024_09_01,CUS_0xa8cb,2024-09-01,10,10,10000,1000.0,1000.0,0.0,0.0,2025-07-01
CUS_0xa8d8_2023_08_01,CUS_0xa8d8,2023-08-01,10,0,10000,0.0,0.0,0.0,10000.0,2023-08-01
CUS_0xa8d8_2023_08_01,CUS_0xa8d8,2023-08-01,10,1,10000,1000.0,1000.0,0.0,9000.0,2023-09-01
CUS_0xa8d8_2023_08_01,CUS_0xa8d8,2023-08-01,10,2,10000,1000.0,1000.0,0.0,8000.0,2023-10-01
CUS_0xa8d8_2023_08_01,CUS_0xa8d8,2023-08-01,10,3,10000,1000.0,1000.0,0.0,7000.0,2023-11-01
CUS_0xa8d8_2023_08_01,CUS_0xa8d8,2023-08-01,10,4,10000,1000.0,0.0,1000.0,7000.0,2023-12-01
CUS_0xa8d8_2023_08_01,CUS_0xa8d8,2023-08-01,10,5,10000,1000.0,0.0,2000.0,7000.0,2024-01-01
CUS_0xa8d8_2023_08_01,CUS_0xa8d8,2023-08-01,10,6,10000,1000.0,0.0,3000.0,7000.0,2024-02-01
CUS_0xa8d8_2023_08_01,CUS_0xa8d8,2023-08-01,10,7,10000,1000.0,0.0,4000.0,7000.0,2024-03-01
CUS_0xa8d8_2023_08_01,CUS_0xa8d8,2023-08-01,10,8,10000,1000.0,0.0,5000.0,7000.0,2024-04-01
CUS_0xa8d8_2023_08_01,CUS_0xa8d8,2023-08-01,10,9,10000,1000.0,0.0,6000.0,7000.0,2024-05-01
CUS_0xa8d8_2023_08_01,CUS_0xa8d8,2023-08-01,10,10,10000,1000.0,0.0,7000.0,7000.0,2024-06-01
CUS_0xa90d_2024_08_01,CUS_0xa90d,2024-08-01,10,0,10000,0.0,0.0,0.0,10000.0,2024-08-01
CUS_0xa90d_2024_08_01,CUS_0xa90d,2024-08-01,10,1,10000,1000.0,1000.0,0.0,9000.0,2024-09-01
CUS_0xa90d_2024_08_01,CUS_0xa90d,2024-08-01,10,2,10000,1000.0,1000.0,0.0,8000.0,2024-10-01
CUS_0xa90d_2024_08_01,CUS_0xa90d,2024-08-01,10,3,10000,1000.0,1000.0,0.0,7000.0,2024-11-01
CUS_0xa90d_2024_08_01,CUS_0xa90d,2024-08-01,10,4,10000,1000.0,1000.0,0.0,6000.0,2024-12-01
CUS_0xa90d_2024_08_01,CUS_0xa90d,2024-08-01,10,5,10000,1000.0,1000.0,0.0,5000.0,2025-01-01
CUS_0xa90d_2024_08_01,CUS_0xa90d,2024-08-01,10,6,10000,1000.0,1000.0,0.0,4000.0,2025-02-01
CUS_0xa90d_2024_08_01,CUS_0xa90d,2024-08-01,10,7,10000,1000.0,1000.0,0.0,3000.0,2025-03-01
CUS_0xa90d_2024_08_01,CUS_0xa90d,2024-08-01,10,8,10000,1000.0,1000.0,0.0,2000.0,2025-04-01
CUS_0xa90d_2024_08_01,CUS_0xa90d,2024-08-01,10,9,10000,1000.0,1000.0,0.0,1000.0,2025-05-01
CUS_0xa90d_2024_08_01,CUS_0xa90d,2024-08-01,10,10,10000,1000.0,1000.0,0.0,0.0,2025-06-01
CUS_0xa91f_2024_05_01,CUS_0xa91f,2024-05-01,10,0,10000,0.0,0.0,0.0,10000.0,2024-05-01
CUS_0xa91f_2024_05_01,CUS_0xa91f,2024-05-01,10,1,10000,1000.0,0.0,1000.0,10000.0,2024-06-01
CUS_0xa91f_2024_05_01,CUS_0xa91f,2024-05-01,10,2,10000,1000.0,0.0,2000.0,10000.0,2024-07-01
CUS_0xa91f_2024_05_01,CUS_0xa91f,2024-05-01,10,3,10000,1000.0,0.0,3000.0,10000.0,2024-08-01
CUS_0xa91f_2024_05_01,CUS_0xa91f,2024-05-01,10,4,10000,1000.0,0.0,4000.0,10000.0,2024-09-01
CUS_0xa91f_2024_05_01,CUS_0xa91f,2024-05-01,10,5,10000,1000.0,0.0,5000.0,10000.0,2024-10-01
CUS_0xa91f_2024_05_01,CUS_0xa91f,2024-05-01,10,6,10000,1000.0,0.0,6000.0,10000.0,2024-11-01
CUS_0xa91f_2024_05_01,CUS_0xa91f,2024-05-01,10,7,10000,1000.0,0.0,7000.0,10000.0,2024-12-01
CUS_0xa91f_2024_05_01,CUS_0xa91f,2024-05-01,10,8,10000,1000.0,0.0,8000.0,10000.0,2025-01-01
CUS_0xa91f_2024_05_01,CUS_0xa91f,2024-05-01,10,9,10000,1000.0,0.0,9000.0,10000.0,2025-02-01
CUS_0xa91f_2024_05_01,CUS_0xa91f,2024-05-01,10,10,10000,1000.0,0.0,10000.0,10000.0,2025-03-01
CUS_0xa93f_2024_02_01,CUS_0xa93f,2024-02-01,10,0,10000,0.0,0.0,0.0,10000.0,2024-02-01
CUS_0xa93f_2024_02_01,CUS_0xa93f,2024-02-01,10,1,10000,1000.0,1000.0,0.0,9000.0,2024-03-01
CUS_0xa93f_2024_02_01,CUS_0xa93f,2024-02-01,10,2,10000,1000.0,1000.0,0.0,8000.0,2024-04-01
CUS_0xa93f_2024_02_01,CUS_0xa93f,2024-02-01,10,3,10000,1000.0,1000.0,0.0,7000.0,2024-05-01
CUS_0xa93f_2024_02_01,CUS_0xa93f,2024-02-01,10,4,10000,1000.0,1000.0,0.0,6000.0,2024-06-01
CUS_0xa93f_2024_02_01,CUS_0xa93f,2024-02-01,10,5,10000,1000.0,1000.0,0.0,5000.0,2024-07-01
CUS_0xa93f_2024_02_01,CUS_0xa93f,2024-02-01,10,6,10000,1000.0,1000.0,0.0,4000.0,2024-08-01
CUS_0xa93f_2024_02_01,CUS_0xa93f,2024-02-01,10,7,10000,1000.0,1000.0,0.0,3000.0,2024-09-01
CUS_0xa93f_2024_02_01,CUS_0xa93f,2024-02-01,10,8,10000,1000.0,1000.0,0.0,2000.0,2024-10-01
CUS_0xa93f_2024_02_01,CUS_0xa93f,2024-02-01,10,9,10000,1000.0,1000.0,0.0,1000.0,2024-11-01
CUS_0xa93f_2024_02_01,CUS_0xa93f,2024-02-01,10,10,10000,1000.0,1000.0,0.0,0.0,2024-12-01
CUS_0xaa29_2025_01_01,CUS_0xaa29,2025-01-01,10,0,10000,0.0,0.0,0.0,10000.0,2025-01-01
CUS_0xaa29_2025_01_01,CUS_0xaa29,2025-01-01,10,1,10000,1000.0,1000.0,0.0,9000.0,2025-02-01
CUS_0xaa29_2025_01_01,CUS_0xaa29,2025-01-01,10,2,10000,1000.0,1000.0,0.0,8000.0,2025-03-01
CUS_0xaa29_2025_01_01,CUS_0xaa29,2025-01-01,10,3,10000,1000.0,1000.0,0.0,7000.0,2025-04-01
CUS_0xaa29_2025_01_01,CUS_0xaa29,2025-01-01,10,4,10000,1000.0,1000.0,0.0,6000.0,2025-05-01
CUS_0xaa29_2025_01_01,CUS_0xaa29,2025-01-01,10,5,10000,1000.0,1000.0,0.0,5000.0,2025-06-01
CUS_0xaa29_2025_01_01,CUS_0xaa29,2025-01-01,10,6,10000,1000.0,1000.0,0.0,4000.0,2025-07-01
CUS_0xaa29_2025_01_01,CUS_0xaa29,2025-01-01,10,7,10000,1000.0,1000.0,0.0,3000.0,2025-08-01
CUS_0xaa29_2025_01_01,CUS_0xaa29,2025-01-01,10,8,10000,1000.0,1000.0,0.0,2000.0,2025-09-01
CUS_0xaa29_2025_01_01,CUS_0xaa29,2025-01-01,10,9,10000,1000.0,1000.0,0.0,1000.0,2025-10-01
CUS_0xaa29_2025_01_01,CUS_0xaa29,2025-01-01,10,10,10000,1000.0,1000.0,0.0,0.0,2025-11-01
CUS_0xaa4_2023_04_01,CUS_0xaa4,2023-04-01,10,0,10000,0.0,0.0,0.0,10000.0,2023-04-01
CUS_0xaa4_2023_04_01,CUS_0xaa4,2023-04-01,10,1,10000,1000.0,0.0,1000.0,10000.0,2023-05-01
CUS_0xaa4_2023_04_01,CUS_0xaa4,2023-04-01,10,2,10000,1000.0,2000.0,0.0,8000.0,2023-06-01
CUS_0xaa4_2023_04_01,CUS_0xaa4,2023-04-01,10,3,10000,1000.0,0.0,1000.0,8000.0,2023-07-01
CUS_0xaa4_2023_04_01,CUS_0xaa4,2023-04-01,10,4,10000,1000.0,0.0,2000.0,8000.0,2023-08-01
CUS_0xaa4_2023_04_01,CUS_0xaa4,2023-04-01,10,5,10000,1000.0,0.0,3000.0,8000.0,2023-09-01
CUS_0xaa4_2023_04_01,CUS_0xaa4,2023-04-01,10,6,10000,1000.0,0.0,4000.0,8000.0,2023-10-01
CUS_0xaa4_2023_04_01,CUS_0xaa4,2023-04-01,10,7,10000,1000.0,0.0,5000.0,8000.0,2023-11-01
CUS_0xaa4_2023_04_01,CUS_0xaa4,2023-04-01,10,8,10000,1000.0,0.0,6000.0,8000.0,2023-12-01
CUS_0xaa4_2023_04_01,CUS_0xaa4,2023-04-01,10,9,10000,1000.0,0.0,7000.0,8000.0,2024-01-01
CUS_0xaa4_2023_04_01,CUS_0xaa4,2023-04-01,10,10,10000,1000.0,0.0,8000.0,8000.0,2024-02-01
CUS_0xaa5a_2023_11_01,CUS_0xaa5a,2023-11-01,10,0,10000,0.0,0.0,0.0,10000.0,2023-11-01
CUS_0xaa5a_2023_11_01,CUS_0xaa5a,2023-11-01,10,1,10000,1000.0,1000.0,0.0,9000.0,2023-12-01
CUS_0xaa5a_2023_11_01,CUS_0xaa5a,2023-11-01,10,2,10000,1000.0,1000.0,0.0,8000.0,2024-01-01
CUS_0xaa5a_2023_11_01,CUS_0xaa5a,2023-11-01,10,3,10000,1000.0,1000.0,0.0,7000.0,2024-02-01
CUS_0xaa5a_2023_11_01,CUS_0xaa5a,2023-11-01,10,4,10000,1000.0,1000.0,0.0,6000.0,2024-03-01
CUS_0xaa5a_2023_11_01,CUS_0xaa5a,2023-11-01,10,5,10000,1000.0,1000.0,0.0,5000.0,2024-04-01
CUS_0xaa5a_2023_11_01,CUS_0xaa5a,2023-11-01,10,6,10000,1000.0,1000.0,0.0,4000.0,2024-05-01
CUS_0xaa5a_2023_11_01,CUS_0xaa5a,2023-11-01,10,7,10000,1000.0,1000.0,0.0,3000.0,2024-06-01
CUS_0xaa5a_2023_11_01,CUS_0xaa5a,2023-11-01,10,8,10000,1000.0,1000.0,0.0,2000.0,2024-07-01
CUS_0xaa5a_2023_11_01,CUS_0xaa5a,2023-11-01,10,9,10000,1000.0,1000.0,0.0,1000.0,2024-08-01
CUS_0xaa5a_2023_11_01,CUS_0xaa5a,2023-11-01,10,10,10000,1000.0,1000.0,0.0,0.0,2024-09-01
CUS_0xaa83_2024_01_01,CUS_0xaa83,2024-01-01,10,0,10000,0.0,0.0,0.0,10000.0,2024-01-01
CUS_0xaa83_2024_01_01,CUS_0xaa83,2024-01-01,10,1,10000,1000.0,1000.0,0.0,9000.0,2024-02-01
CUS_0xaa83_2024_01_01,CUS_0xaa83,2024-01-01,10,2,10000,1000.0,1000.0,0.0,8000.0,2024-03-01
CUS_0xaa83_2024_01_01,CUS_0xaa83,2024-01-01,10,3,10000,1000.0,1000.0,0.0,7000.0,2024-04-01
CUS_0xaa83_2024_01_01,CUS_0xaa83,2024-01-01,10,4,10000,1000.0,1000.0,0.0,6000.0,2024-05-01
CUS_0xaa83_2024_01_01,CUS_0xaa83,2024-01-01,10,5,10000,1000.0,1000.0,0.0,5000.0,2024-06-01
CUS_0xaa83_2024_01_01,CUS_0xaa83,2024-01-01,10,6,10000,1000.0,1000.0,0.0,4000.0,2024-07-01
CUS_0xaa83_2024_01_01,CUS_0xaa83,2024-01-01,10,7,10000,1000.0,1000.0,0.0,3000.0,2024-08-01
CUS_0xaa83_2024_01_01,CUS_0xaa83,2024-01-01,10,8,10000,1000.0,1000.0,0.0,2000.0,2024-09-01
CUS_0xaa83_2024_01_01,CUS_0xaa83,2024-01-01,10,9,10000,1000.0,1000.0,0.0,1000.0,2024-10-01
CUS_0xaa83_2024_01_01,CUS_0xaa83,2024-01-01,10,10,10000,1000.0,1000.0,0.0,0.0,2024-11-01
CUS_0xaa8d_2024_03_01,CUS_0xaa8d,2024-03-01,10,0,10000,0.0,0.0,0.0,10000.0,2024-03-01
CUS_0xaa8d_2024_03_01,CUS_0xaa8d,2024-03-01,10,1,10000,1000.0,1000.0,0.0,9000.0,2024-04-01
CUS_0xaa8d_2024_03_01,CUS_0xaa8d,2024-03-01,10,2,10000,1000.0,1000.0,0.0,8000.0,2024-05-01
CUS_0xaa8d_2024_03_01,CUS_0xaa8d,2024-03-01,10,3,10000,1000.0,1000.0,0.0,7000.0,2024-06-01
CUS_0xaa8d_2024_03_01,CUS_0xaa8d,2024-03-01,10,4,10000,1000.0,1000.0,0.0,6000.0,2024-07-01
CUS_0xaa8d_2024_03_01,CUS_0xaa8d,2024-03-01,10,5,10000,1000.0,1000.0,0.0,5000.0,2024-08-01
CUS_0xaa8d_2024_03_01,CUS_0xaa8d,2024-03-01,10,6,10000,1000.0,1000.0,0.0,4000.0,2024-09-01
CUS_0xaa8d_2024_03_01,CUS_0xaa8d,2024-03-01,10,7,10000,1000.0,1000.0,0.0,3000.0,2024-10-01
CUS_0xaa8d_2024_03_01,CUS_0xaa8d,2024-03-01,10,8,10000,1000.0,1000.0,0.0,2000.0,2024-11-01
CUS_0xaa8d_2024_03_01,CUS_0xaa8d,2024-03-01,10,9,10000,1000.0,1000.0,0.0,1000.0,2024-12-01
CUS_0xaa8d_2024_03_01,CUS_0xaa8d,2024-03-01,10,10,10000,1000.0,1000.0,0.0,0.0,2025-01-01
CUS_0xab26_2024_11_01,CUS_0xab26,2024-11-01,10,0,10000,0.0,0.0,0.0,10000.0,2024-11-01
CUS_0xab26_2024_11_01,CUS_0xab26,2024-11-01,10,1,10000,1000.0,1000.0,0.0,9000.0,2024-12-01
CUS_0xab26_2024_11_01,CUS_0xab26,2024-11-01,10,2,10000,1000.0,1000.0,0.0,8000.0,2025-01-01
CUS_0xab26_2024_11_01,CUS_0xab26,2024-11-01,10,3,10000,1000.0,1000.0,0.0,7000.0,2025-02-01
CUS_0xab26_2024_11_01,CUS_0xab26,2024-11-01,10,4,10000,1000.0,1000.0,0.0,6000.0,2025-03-01
CUS_0xab26_2024_11_01,CUS_0xab26,2024-11-01,10,5,10000,1000.0,1000.0,0.0,5000.0,2025-04-01
CUS_0xab26_2024_11_01,CUS_0xab26,2024-11-01,10,6,10000,1000.0,1000.0,0.0,4000.0,2025-05-01
CUS_0xab26_2024_11_01,CUS_0xab26,2024-11-01,10,7,10000,1000.0,1000.0,0.0,3000.0,2025-06-01
CUS_0xab26_2024_11_01,CUS_0xab26,2024-11-01,10,8,10000,1000.0,1000.0,0.0,2000.0,2025-07-01
CUS_0xab26_2024_11_01,CUS_0xab26,2024-11-01,10,9,10000,1000.0,1000.0,0.0,1000.0,2025-08-01
CUS_0xab26_2024_11_01,CUS_0xab26,2024-11-01,10,10,10000,1000.0,1000.0,0.0,0.0,2025-09-01
CUS_0xab32_2023_04_01,CUS_0xab32,2023-04-01,10,0,10000,0.0,0.0,0.0,10000.0,2023-04-01
CUS_0xab32_2023_04_01,CUS_0xab32,2023-04-01,10,1,10000,1000.0,1000.0,0.0,9000.0,2023-05-01
CUS_0xab32_2023_04_01,CUS_0xab32,2023-04-01,10,2,10000,1000.0,1000.0,0.0,8000.0,2023-06-01
CUS_0xab32_2023_04_01,CUS_0xab32,2023-04-01,10,3,10000,1000.0,1000.0,0.0,7000.0,2023-07-01
CUS_0xab32_2023_04_01,CUS_0xab32,2023-04-01,10,4,10000,1000.0,1000.0,0.0,6000.0,2023-08-01
CUS_0xab32_2023_04_01,CUS_0xab32,2023-04-01,10,5,10000,1000.0,1000.0,0.0,5000.0,2023-09-01
CUS_0xab32_2023_04_01,CUS_0xab32,2023-04-01,10,6,10000,1000.0,1000.0,0.0,4000.0,2023-10-01
CUS_0xab32_2023_04_01,CUS_0xab32,2023-04-01,10,7,10000,1000.0,1000.0,0.0,3000.0,2023-11-01
CUS_0xab32_2023_04_01,CUS_0xab32,2023-04-01,10,8,10000,1000.0,1000.0,0.0,2000.0,2023-12-01
CUS_0xab32_2023_04_01,CUS_0xab32,2023-04-01,10,9,10000,1000.0,1000.0,0.0,1000.0,2024-01-01
CUS_0xab32_2023_04_01,CUS_0xab32,2023-04-01,10,10,10000,1000.0,1000.0,0.0,0.0,2024-02-01
CUS_0xab65_2024_10_01,CUS_0xab65,2024-10-01,10,0,10000,0.0,0.0,0.0,10000.0,2024-10-01
CUS_0xab65_2024_10_01,CUS_0xab65,2024-10-01,10,1,10000,1000.0,1000.0,0.0,9000.0,2024-11-01
CUS_0xab65_2024_10_01,CUS_0xab65,2024-10-01,10,2,10000,1000.0,1000.0,0.0,8000.0,2024-12-01
CUS_0xab65_2024_10_01,CUS_0xab65,2024-10-01,10,3,10000,1000.0,1000.0,0.0,7000.0,2025-01-01
CUS_0xab65_2024_10_01,CUS_0xab65,2024-10-01,10,4,10000,1000.0,1000.0,0.0,6000.0,2025-02-01
CUS_0xab65_2024_10_01,CUS_0xab65,2024-10-01,10,5,10000,1000.0,1000.0,0.0,5000.0,2025-03-01
CUS_0xab65_2024_10_01,CUS_0xab65,2024-10-01,10,6,10000,1000.0,1000.0,0.0,4000.0,2025-04-01
CUS_0xab65_2024_10_01,CUS_0xab65,2024-10-01,10,7,10000,1000.0,1000.0,0.0,3000.0,2025-05-01
CUS_0xab65_2024_10_01,CUS_0xab65,2024-10-01,10,8,10000,1000.0,1000.0,0.0,2000.0,2025-06-01
CUS_0xab65_2024_10_01,CUS_0xab65,2024-10-01,10,9,10000,1000.0,1000.0,0.0,1000.0,2025-07-01
CUS_0xab65_2024_10_01,CUS_0xab65,2024-10-01,10,10,10000,1000.0,1000.0,0.0,0.0,2025-08-01
CUS_0xab7b_2025_01_01,CUS_0xab7b,2025-01-01,10,0,10000,0.0,0.0,0.0,10000.0,2025-01-01
CUS_0xab7b_2025_01_01,CUS_0xab7b,2025-01-01,10,1,10000,1000.0,1000.0,0.0,9000.0,2025-02-01
CUS_0xab7b_2025_01_01,CUS_0xab7b,2025-01-01,10,2,10000,1000.0,1000.0,0.0,8000.0,2025-03-01
CUS_0xab7b_2025_01_01,CUS_0xab7b,2025-01-01,10,3,10000,1000.0,1000.0,0.0,7000.0,2025-04-01
CUS_0xab7b_2025_01_01,CUS_0xab7b,2025-01-01,10,4,10000,1000.0,1000.0,0.0,6000.0,2025-05-01
CUS_0xab7b_2025_01_01,CUS_0xab7b,2025-01-01,10,5,10000,1000.0,1000.0,0.0,5000.0,2025-06-01
CUS_0xab7b_2025_01_01,CUS_0xab7b,2025-01-01,10,6,10000,1000.0,1000.0,0.0,4000.0,2025-07-01
CUS_0xab7b_2025_01_01,CUS_0xab7b,2025-01-01,10,7,10000,1000.0,1000.0,0.0,3000.0,2025-08-01
CUS_0xab7b_2025_01_01,CUS_0xab7b,2025-01-01,10,8,10000,1000.0,1000.0,0.0,2000.0,2025-09-01
CUS_0xab7b_2025_01_01,CUS_0xab7b,2025-01-01,10,9,10000,1000.0,1000.0,0.0,1000.0,2025-10-01
CUS_0xab7b_2025_01_01,CUS_0xab7b,2025-01-01,10,10,10000,1000.0,1000.0,0.0,0.0,2025-11-01
CUS_0xab8_2024_07_01,CUS_0xab8,2024-07-01,10,0,10000,0.0,0.0,0.0,10000.0,2024-07-01
CUS_0xab8_2024_07_01,CUS_0xab8,2024-07-01,10,1,10000,1000.0,1000.0,0.0,9000.0,2024-08-01
CUS_0xab8_2024_07_01,CUS_0xab8,2024-07-01,10,2,10000,1000.0,1000.0,0.0,8000.0,2024-09-01
CUS_0xab8_2024_07_01,CUS_0xab8,2024-07-01,10,3,10000,1000.0,0.0,1000.0,8000.0,2024-10-01
CUS_0xab8_2024_07_01,CUS_0xab8,2024-07-01,10,4,10000,1000.0,0.0,2000.0,8000.0,2024-11-01
CUS_0xab8_2024_07_01,CUS_0xab8,2024-07-01,10,5,10000,1000.0,0.0,3000.0,8000.0,2024-12-01
CUS_0xab8_2024_07_01,CUS_0xab8,2024-07-01,10,6,10000,1000.0,0.0,4000.0,8000.0,2025-01-01
CUS_0xab8_2024_07_01,CUS_0xab8,2024-07-01,10,7,10000,1000.0,0.0,5000.0,8000.0,2025-02-01
CUS_0xab8_2024_07_01,CUS_0xab8,2024-07-01,10,8,10000,1000.0,0.0,6000.0,8000.0,2025-03-01
CUS_0xab8_2024_07_01,CUS_0xab8,2024-07-01,10,9,10000,1000.0,0.0,7000.0,8000.0,2025-04-01
CUS_0xab8_2024_07_01,CUS_0xab8,2024-07-01,10,10,10000,1000.0,0.0,8000.0,8000.0,2025-05-01
CUS_0xab9d_2024_07_01,CUS_0xab9d,2024-07-01,10,0,10000,0.0,0.0,0.0,10000.0,2024-07-01
CUS_0xab9d_2024_07_01,CUS_0xab9d,2024-07-01,10,1,10000,1000.0,1000.0,0.0,9000.0,2024-08-01
CUS_0xab9d_2024_07_01,CUS_0xab9d,2024-07-01,10,2,10000,1000.0,1000.0,0.0,8000.0,2024-09-01
CUS_0xab9d_2024_07_01,CUS_0xab9d,2024-07-01,10,3,10000,1000.0,0.0,1000.0,8000.0,2024-10-01
CUS_0xab9d_2024_07_01,CUS_0xab9d,2024-07-01,10,4,10000,1000.0,0.0,2000.0,8000.0,2024-11-01
CUS_0xab9d_2024_07_01,CUS_0xab9d,2024-07-01,10,5,10000,1000.0,0.0,3000.0,8000.0,2024-12-01
CUS_0xab9d_2024_07_01,CUS_0xab9d,2024-07-01,10,6,10000,1000.0,0.0,4000.0,8000.0,2025-01-01
CUS_0xab9d_2024_07_01,CUS_0xab9d,2024-07-01,10,7,10000,1000.0,0.0,5000.0,8000.0,2025-02-01
CUS_0xab9d_2024_07_01,CUS_0xab9d,2024-07-01,10,8,10000,1000.0,0.0,6000.0,8000.0,2025-03-01
CUS_0xab9d_2024_07_01,CUS_0xab9d,2024-07-01,10,9,10000,1000.0,0.0,7000.0,8000.0,2025-04-01
CUS_0xab9d_2024_07_01,CUS_0xab9d,2024-07-01,10,10,10000,1000.0,0.0,8000.0,8000.0,2025-05-01
CUS_0xabc1_2023_07_01,CUS_0xabc1,2023-07-01,10,0,10000,0.0,0.0,0.0,10000.0,2023-07-01
CUS_0xabc1_2023_07_01,CUS_0xabc1,2023-07-01,10,1,10000,1000.0,1000.0,0.0,9000.0,2023-08-01
CUS_0xabc1_2023_07_01,CUS_0xabc1,2023-07-01,10,2,10000,1000.0,1000.0,0.0,8000.0,2023-09-01
CUS_0xabc1_2023_07_01,CUS_0xabc1,2023-07-01,10,3,10000,1000.0,1000.0,0.0,7000.0,2023-10-01
CUS_0xabc1_2023_07_01,CUS_0xabc1,2023-07-01,10,4,10000,1000.0,1000.0,0.0,6000.0,2023-11-01
CUS_0xabc1_2023_07_01,CUS_0xabc1,2023-07-01,10,5,10000,1000.0,1000.0,0.0,5000.0,2023-12-01
CUS_0xabc1_2023_07_01,CUS_0xabc1,2023-07-01,10,6,10000,1000.0,1000.0,0.0,4000.0,2024-01-01
CUS_0xabc1_2023_07_01,CUS_0xabc1,2023-07-01,10,7,10000,1000.0,1000.0,0.0,3000.0,2024-02-01
CUS_0xabc1_2023_07_01,CUS_0xabc1,2023-07-01,10,8,10000,1000.0,1000.0,0.0,2000.0,2024-03-01
CUS_0xabc1_2023_07_01,CUS_0xabc1,2023-07-01,10,9,10000,1000.0,1000.0,0.0,1000.0,2024-04-01
CUS_0xabc1_2023_07_01,CUS_0xabc1,2023-07-01,10,10,10000,1000.0,1000.0,0.0,0.0,2024-05-01
CUS_0xabc6_2024_11_01,CUS_0xabc6,2024-11-01,10,0,10000,0.0,0.0,0.0,10000.0,2024-11-01
CUS_0xabc6_2024_11_01,CUS_0xabc6,2024-11-01,10,1,10000,1000.0,1000.0,0.0,9000.0,2024-12-01
CUS_0xabc6_2024_11_01,CUS_0xabc6,2024-11-01,10,2,10000,1000.0,1000.0,0.0,8000.0,2025-01-01
CUS_0xabc6_2024_11_01,CUS_0xabc6,2024-11-01,10,3,10000,1000.0,1000.0,0.0,7000.0,2025-02-01
CUS_0xabc6_2024_11_01,CUS_0xabc6,2024-11-01,10,4,10000,1000.0,1000.0,0.0,6000.0,2025-03-01
CUS_0xabc6_2024_11_01,CUS_0xabc6,2024-11-01,10,5,10000,1000.0,1000.0,0.0,5000.0,2025-04-01
CUS_0xabc6_2024_11_01,CUS_0xabc6,2024-11-01,10,6,10000,1000.0,1000.0,0.0,4000.0,2025-05-01
CUS_0xabc6_2024_11_01,CUS_0xabc6,2024-11-01,10,7,10000,1000.0,1000.0,0.0,3000.0,2025-06-01
CUS_0xabc6_2024_11_01,CUS_0xabc6,2024-11-01,10,8,10000,1000.0,1000.0,0.0,2000.0,2025-07-01
CUS_0xabc6_2024_11_01,CUS_0xabc6,2024-11-01,10,9,10000,1000.0,1000.0,0.0,1000.0,2025-08-01
CUS_0xabc6_2024_11_01,CUS_0xabc6,2024-11-01,10,10,10000,1000.0,1000.0,0.0,0.0,2025-09-01
CUS_0xabc9_2024_02_01,CUS_0xabc9,2024-02-01,10,0,10000,0.0,0.0,0.0,10000.0,2024-02-01
CUS_0xabc9_2024_02_01,CUS_0xabc9,2024-02-01,10,1,10000,1000.0,1000.0,0.0,9000.0,2024-03-01
CUS_0xabc9_2024_02_01,CUS_0xabc9,2024-02-01,10,2,10000,1000.0,1000.0,0.0,8000.0,2024-04-01
CUS_0xabc9_2024_02_01,CUS_0xabc9,2024-02-01,10,3,10000,1000.0,1000.0,0.0,7000.0,2024-05-01
CUS_0xabc9_2024_02_01,CUS_0xabc9,2024-02-01,10,4,10000,1000.0,1000.0,0.0,6000.0,2024-06-01
CUS_0xabc9_2024_02_01,CUS_0xabc9,2024-02-01,10,5,10000,1000.0,1000.0,0.0,5000.0,2024-07-01
CUS_0xabc9_2024_02_01,CUS_0xabc9,2024-02-01,10,6,10000,1000.0,1000.0,0.0,4000.0,2024-08-01
CUS_0xabc9_2024_02_01,CUS_0xabc9,2024-02-01,10,7,10000,1000.0,1000.0,0.0,3000.0,2024-09-01
CUS_0xabc9_2024_02_01,CUS_0xabc9,2024-02-01,10,8,10000,1000.0,1000.0,0.0,2000.0,2024-10-01
CUS_0xabc9_2024_02_01,CUS_0xabc9,2024-02-01,10,9,10000,1000.0,1000.0,0.0,1000.0,2024-11-01
CUS_0xabc9_2024_02_01,CUS_0xabc9,2024-02-01,10,10,10000,1000.0,1000.0,0.0,0.0,2024-12-01
CUS_0xac31_2025_01_01,CUS_0xac31,2025-01-01,10,0,10000,0.0,0.0,0.0,10000.0,2025-01-01
CUS_0xac31_2025_01_01,CUS_0xac31,2025-01-01,10,1,10000,1000.0,1000.0,0.0,9000.0,2025-02-01
CUS_0xac31_2025_01_01,CUS_0xac31,2025-01-01,10,2,10000,1000.0,1000.0,0.0,8000.0,2025-03-01
CUS_0xac31_2025_01_01,CUS_0xac31,2025-01-01,10,3,10000,1000.0,1000.0,0.0,7000.0,2025-04-01
CUS_0xac31_2025_01_01,CUS_0xac31,2025-01-01,10,4,10000,1000.0,1000.0,0.0,6000.0,2025-05-01
CUS_0xac31_2025_01_01,CUS_0xac31,2025-01-01,10,5,10000,1000.0,1000.0,0.0,5000.0,2025-06-01
CUS_0xac31_2025_01_01,CUS_0xac31,2025-01-01,10,6,10000,1000.0,1000.0,0.0,4000.0,2025-07-01
CUS_0xac31_2025_01_01,CUS_0xac31,2025-01-01,10,7,10000,1000.0,1000.0,0.0,3000.0,2025-08-01
CUS_0xac31_2025_01_01,CUS_0xac31,2025-01-01,10,8,10000,1000.0,1000.0,0.0,2000.0,2025-09-01
CUS_0xac31_2025_01_01,CUS_0xac31,2025-01-01,10,9,10000,1000.0,1000.0,0.0,1000.0,2025-10-01
CUS_0xac31_2025_01_01,CUS_0xac31,2025-01-01,10,10,10000,1000.0,1000.0,0.0,0.0,2025-11-01
CUS_0xac5a_2023_11_01,CUS_0xac5a,2023-11-01,10,0,10000,0.0,0.0,0.0,10000.0,2023-11-01
CUS_0xac5a_2023_11_01,CUS_0xac5a,2023-11-01,10,1,10000,1000.0,1000.0,0.0,9000.0,2023-12-01
CUS_0xac5a_2023_11_01,CUS_0xac5a,2023-11-01,10,2,10000,1000.0,1000.0,0.0,8000.0,2024-01-01
CUS_0xac5a_2023_11_01,CUS_0xac5a,2023-11-01,10,3,10000,1000.0,1000.0,0.0,7000.0,2024-02-01
CUS_0xac5a_2023_11_01,CUS_0xac5a,2023-11-01,10,4,10000,1000.0,1000.0,0.0,6000.0,2024-03-01
CUS_0xac5a_2023_11_01,CUS_0xac5a,2023-11-01,10,5,10000,1000.0,1000.0,0.0,5000.0,2024-04-01
CUS_0xac5a_2023_11_01,CUS_0xac5a,2023-11-01,10,6,10000,1000.0,1000.0,0.0,4000.0,2024-05-01
CUS_0xac5a_2023_11_01,CUS_0xac5a,2023-11-01,10,7,10000,1000.0,1000.0,0.0,3000.0,2024-06-01
CUS_0xac5a_2023_11_01,CUS_0xac5a,2023-11-01,10,8,10000,1000.0,1000.0,0.0,2000.0,2024-07-01
CUS_0xac5a_2023_11_01,CUS_0xac5a,2023-11-01,10,9,10000,1000.0,1000.0,0.0,1000.0,2024-08-01
CUS_0xac5a_2023_11_01,CUS_0xac5a,2023-11-01,10,10,10000,1000.0,1000.0,0.0,0.0,2024-09-01
CUS_0xac81_2024_03_01,CUS_0xac81,2024-03-01,10,0,10000,0.0,0.0,0.0,10000.0,2024-03-01
CUS_0xac81_2024_03_01,CUS_0xac81,2024-03-01,10,1,10000,1000.0,1000.0,0.0,9000.0,2024-04-01
CUS_0xac81_2024_03_01,CUS_0xac81,2024-03-01,10,2,10000,1000.0,1000.0,0.0,8000.0,2024-05-01
CUS_0xac81_2024_03_01,CUS_0xac81,2024-03-01,10,3,10000,1000.0,1000.0,0.0,7000.0,2024-06-01
CUS_0xac81_2024_03_01,CUS_0xac81,2024-03-01,10,4,10000,1000.0,1000.0,0.0,6000.0,2024-07-01
CUS_0xac81_2024_03_01,CUS_0xac81,2024-03-01,10,5,10000,1000.0,1000.0,0.0,5000.0,2024-08-01
CUS_0xac81_2024_03_01,CUS_0xac81,2024-03-01,10,6,10000,1000.0,1000.0,0.0,4000.0,2024-09-01
CUS_0xac81_2024_03_01,CUS_0xac81,2024-03-01,10,7,10000,1000.0,1000.0,0.0,3000.0,2024-10-01
CUS_0xac81_2024_03_01,CUS_0xac81,2024-03-01,10,8,10000,1000.0,1000.0,0.0,2000.0,2024-11-01
CUS_0xac81_2024_03_01,CUS_0xac81,2024-03-01,10,9,10000,1000.0,1000.0,0.0,1000.0,2024-12-01
CUS_0xac81_2024_03_01,CUS_0xac81,2024-03-01,10,10,10000,1000.0,1000.0,0.0,0.0,2025-01-01
CUS_0xac85_2024_08_01,CUS_0xac85,2024-08-01,10,0,10000,0.0,0.0,0.0,10000.0,2024-08-01
CUS_0xac85_2024_08_01,CUS_0xac85,2024-08-01,10,1,10000,1000.0,0.0,1000.0,10000.0,2024-09-01
CUS_0xac85_2024_08_01,CUS_0xac85,2024-08-01,10,2,10000,1000.0,2000.0,0.0,8000.0,2024-10-01
CUS_0xac85_2024_08_01,CUS_0xac85,2024-08-01,10,3,10000,1000.0,0.0,1000.0,8000.0,2024-11-01
CUS_0xac85_2024_08_01,CUS_0xac85,2024-08-01,10,4,10000,1000.0,0.0,2000.0,8000.0,2024-12-01
CUS_0xac85_2024_08_01,CUS_0xac85,2024-08-01,10,5,10000,1000.0,0.0,3000.0,8000.0,2025-01-01
CUS_0xac85_2024_08_01,CUS_0xac85,2024-08-01,10,6,10000,1000.0,0.0,4000.0,8000.0,2025-02-01
CUS_0xac85_2024_08_01,CUS_0xac85,2024-08-01,10,7,10000,1000.0,0.0,5000.0,8000.0,2025-03-01
CUS_0xac85_2024_08_01,CUS_0xac85,2024-08-01,10,8,10000,1000.0,0.0,6000.0,8000.0,2025-04-01
CUS_0xac85_2024_08_01,CUS_0xac85,2024-08-01,10,9,10000,1000.0,0.0,7000.0,8000.0,2025-05-01
CUS_0xac85_2024_08_01,CUS_0xac85,2024-08-01,10,10,10000,1000.0,0.0,8000.0,8000.0,2025-06-01
CUS_0xacc7_2024_11_01,CUS_0xacc7,2024-11-01,10,0,10000,0.0,0.0,0.0,10000.0,2024-11-01
CUS_0xacc7_2024_11_01,CUS_0xacc7,2024-11-01,10,1,10000,1000.0,1000.0,0.0,9000.0,2024-12-01
CUS_0xacc7_2024_11_01,CUS_0xacc7,2024-11-01,10,2,10000,1000.0,1000.0,0.0,8000.0,2025-01-01
CUS_0xacc7_2024_11_01,CUS_0xacc7,2024-11-01,10,3,10000,1000.0,1000.0,0.0,7000.0,2025-02-01
CUS_0xacc7_2024_11_01,CUS_0xacc7,2024-11-01,10,4,10000,1000.0,1000.0,0.0,6000.0,2025-03-01
CUS_0xacc7_2024_11_01,CUS_0xacc7,2024-11-01,10,5,10000,1000.0,1000.0,0.0,5000.0,2025-04-01
CUS_0xacc7_2024_11_01,CUS_0xacc7,2024-11-01,10,6,10000,1000.0,1000.0,0.0,4000.0,2025-05-01
CUS_0xacc7_2024_11_01,CUS_0xacc7,2024-11-01,10,7,10000,1000.0,1000.0,0.0,3000.0,2025-06-01
CUS_0xacc7_2024_11_01,CUS_0xacc7,2024-11-01,10,8,10000,1000.0,1000.0,0.0,2000.0,2025-07-01
CUS_0xacc7_2024_11_01,CUS_0xacc7,2024-11-01,10,9,10000,1000.0,1000.0,0.0,1000.0,2025-08-01
CUS_0xacc7_2024_11_01,CUS_0xacc7,2024-11-01,10,10,10000,1000.0,1000.0,0.0,0.0,2025-09-01
CUS_0xacec_2023_12_01,CUS_0xacec,2023-12-01,10,0,10000,0.0,0.0,0.0,10000.0,2023-12-01
CUS_0xacec_2023_12_01,CUS_0xacec,2023-12-01,10,1,10000,1000.0,1000.0,0.0,9000.0,2024-01-01
CUS_0xacec_2023_12_01,CUS_0xacec,2023-12-01,10,2,10000,1000.0,1000.0,0.0,8000.0,2024-02-01
CUS_0xacec_2023_12_01,CUS_0xacec,2023-12-01,10,3,10000,1000.0,1000.0,0.0,7000.0,2024-03-01
CUS_0xacec_2023_12_01,CUS_0xacec,2023-12-01,10,4,10000,1000.0,1000.0,0.0,6000.0,2024-04-01
CUS_0xacec_2023_12_01,CUS_0xacec,2023-12-01,10,5,10000,1000.0,1000.0,0.0,5000.0,2024-05-01
CUS_0xacec_2023_12_01,CUS_0xacec,2023-12-01,10,6,10000,1000.0,1000.0,0.0,4000.0,2024-06-01
CUS_0xacec_2023_12_01,CUS_0xacec,2023-12-01,10,7,10000,1000.0,1000.0,0.0,3000.0,2024-07-01
CUS_0xacec_2023_12_01,CUS_0xacec,2023-12-01,10,8,10000,1000.0,1000.0,0.0,2000.0,2024-08-01
CUS_0xacec_2023_12_01,CUS_0xacec,2023-12-01,10,9,10000,1000.0,1000.0,0.0,1000.0,2024-09-01
CUS_0xacec_2023_12_01,CUS_0xacec,2023-12-01,10,10,10000,1000.0,1000.0,0.0,0.0,2024-10-01
CUS_0xad12_2024_01_01,CUS_0xad12,2024-01-01,10,0,10000,0.0,0.0,0.0,10000.0,2024-01-01
CUS_0xad12_2024_01_01,CUS_0xad12,2024-01-01,10,1,10000,1000.0,1000.0,0.0,9000.0,2024-02-01
CUS_0xad12_2024_01_01,CUS_0xad12,2024-01-01,10,2,10000,1000.0,0.0,1000.0,9000.0,2024-03-01
CUS_0xad12_2024_01_01,CUS_0xad12,2024-01-01,10,3,10000,1000.0,2000.0,0.0,7000.0,2024-04-01
CUS_0xad12_2024_01_01,CUS_0xad12,2024-01-01,10,4,10000,1000.0,0.0,1000.0,7000.0,2024-05-01
CUS_0xad12_2024_01_01,CUS_0xad12,2024-01-01,10,5,10000,1000.0,0.0,2000.0,7000.0,2024-06-01
CUS_0xad12_2024_01_01,CUS_0xad12,2024-01-01,10,6,10000,1000.0,0.0,3000.0,7000.0,2024-07-01
CUS_0xad12_2024_01_01,CUS_0xad12,2024-01-01,10,7,10000,1000.0,0.0,4000.0,7000.0,2024-08-01
CUS_0xad12_2024_01_01,CUS_0xad12,2024-01-01,10,8,10000,1000.0,0.0,5000.0,7000.0,2024-09-01
CUS_0xad12_2024_01_01,CUS_0xad12,2024-01-01,10,9,10000,1000.0,0.0,6000.0,7000.0,2024-10-01
CUS_0xad12_2024_01_01,CUS_0xad12,2024-01-01,10,10,10000,1000.0,0.0,7000.0,7000.0,2024-11-01
CUS_0xad15_2024_04_01,CUS_0xad15,2024-04-01,10,0,10000,0.0,0.0,0.0,10000.0,2024-04-01
CUS_0xad15_2024_04_01,CUS_0xad15,2024-04-01,10,1,10000,1000.0,1000.0,0.0,9000.0,2024-05-01
CUS_0xad15_2024_04_01,CUS_0xad15,2024-04-01,10,2,10000,1000.0,1000.0,0.0,8000.0,2024-06-01
CUS_0xad15_2024_04_01,CUS_0xad15,2024-04-01,10,3,10000,1000.0,1000.0,0.0,7000.0,2024-07-01
CUS_0xad15_2024_04_01,CUS_0xad15,2024-04-01,10,4,10000,1000.0,0.0,1000.0,7000.0,2024-08-01
CUS_0xad15_2024_04_01,CUS_0xad15,2024-04-01,10,5,10000,1000.0,0.0,2000.0,7000.0,2024-09-01
CUS_0xad15_2024_04_01,CUS_0xad15,2024-04-01,10,6,10000,1000.0,0.0,3000.0,7000.0,2024-10-01
CUS_0xad15_2024_04_01,CUS_0xad15,2024-04-01,10,7,10000,1000.0,0.0,4000.0,7000.0,2024-11-01
CUS_0xad15_2024_04_01,CUS_0xad15,2024-04-01,10,8,10000,1000.0,0.0,5000.0,7000.0,2024-12-01
CUS_0xad15_2024_04_01,CUS_0xad15,2024-04-01,10,9,10000,1000.0,0.0,6000.0,7000.0,2025-01-01
CUS_0xad15_2024_04_01,CUS_0xad15,2024-04-01,10,10,10000,1000.0,0.0,7000.0,7000.0,2025-02-01
CUS_0xad18_2024_05_01,CUS_0xad18,2024-05-01,10,0,10000,0.0,0.0,0.0,10000.0,2024-05-01
CUS_0xad18_2024_05_01,CUS_0xad18,2024-05-01,10,1,10000,1000.0,1000.0,0.0,9000.0,2024-06-01
CUS_0xad18_2024_05_01,CUS_0xad18,2024-05-01,10,2,10000,1000.0,1000.0,0.0,8000.0,2024-07-01
CUS_0xad18_2024_05_01,CUS_0xad18,2024-05-01,10,3,10000,1000.0,1000.0,0.0,7000.0,2024-08-01
CUS_0xad18_2024_05_01,CUS_0xad18,2024-05-01,10,4,10000,1000.0,1000.0,0.0,6000.0,2024-09-01
CUS_0xad18_2024_05_01,CUS_0xad18,2024-05-01,10,5,10000,1000.0,1000.0,0.0,5000.0,2024-10-01
CUS_0xad18_2024_05_01,CUS_0xad18,2024-05-01,10,6,10000,1000.0,1000.0,0.0,4000.0,2024-11-01
CUS_0xad18_2024_05_01,CUS_0xad18,2024-05-01,10,7,10000,1000.0,1000.0,0.0,3000.0,2024-12-01
CUS_0xad18_2024_05_01,CUS_0xad18,2024-05-01,10,8,10000,1000.0,1000.0,0.0,2000.0,2025-01-01
CUS_0xad18_2024_05_01,CUS_0xad18,2024-05-01,10,9,10000,1000.0,1000.0,0.0,1000.0,2025-02-01
CUS_0xad18_2024_05_01,CUS_0xad18,2024-05-01,10,10,10000,1000.0,1000.0,0.0,0.0,2025-03-01
CUS_0xadb2_2023_01_01,CUS_0xadb2,2023-01-01,10,0,10000,0.0,0.0,0.0,10000.0,2023-01-01
CUS_0xadb2_2023_01_01,CUS_0xadb2,2023-01-01,10,1,10000,1000.0,1000.0,0.0,9000.0,2023-02-01
CUS_0xadb2_2023_01_01,CUS_0xadb2,2023-01-01,10,2,10000,1000.0,1000.0,0.0,8000.0,2023-03-01
CUS_0xadb2_2023_01_01,CUS_0xadb2,2023-01-01,10,3,10000,1000.0,1000.0,0.0,7000.0,2023-04-01
CUS_0xadb2_2023_01_01,CUS_0xadb2,2023-01-01,10,4,10000,1000.0,1000.0,0.0,6000.0,2023-05-01
CUS_0xadb2_2023_01_01,CUS_0xadb2,2023-01-01,10,5,10000,1000.0,1000.0,0.0,5000.0,2023-06-01
CUS_0xadb2_2023_01_01,CUS_0xadb2,2023-01-01,10,6,10000,1000.0,1000.0,0.0,4000.0,2023-07-01
CUS_0xadb2_2023_01_01,CUS_0xadb2,2023-01-01,10,7,10000,1000.0,1000.0,0.0,3000.0,2023-08-01
CUS_0xadb2_2023_01_01,CUS_0xadb2,2023-01-01,10,8,10000,1000.0,1000.0,0.0,2000.0,2023-09-01
CUS_0xadb2_2023_01_01,CUS_0xadb2,2023-01-01,10,9,10000,1000.0,1000.0,0.0,1000.0,2023-10-01
CUS_0xadb2_2023_01_01,CUS_0xadb2,2023-01-01,10,10,10000,1000.0,1000.0,0.0,0.0,2023-11-01
CUS_0xadc4_2024_12_01,CUS_0xadc4,2024-12-01,10,0,10000,0.0,0.0,0.0,10000.0,2024-12-01
CUS_0xadc4_2024_12_01,CUS_0xadc4,2024-12-01,10,1,10000,1000.0,1000.0,0.0,9000.0,2025-01-01
CUS_0xadc4_2024_12_01,CUS_0xadc4,2024-12-01,10,2,10000,1000.0,1000.0,0.0,8000.0,2025-02-01
CUS_0xadc4_2024_12_01,CUS_0xadc4,2024-12-01,10,3,10000,1000.0,1000.0,0.0,7000.0,2025-03-01
CUS_0xadc4_2024_12_01,CUS_0xadc4,2024-12-01,10,4,10000,1000.0,1000.0,0.0,6000.0,2025-04-01
CUS_0xadc4_2024_12_01,CUS_0xadc4,2024-12-01,10,5,10000,1000.0,1000.0,0.0,5000.0,2025-05-01
CUS_0xadc4_2024_12_01,CUS_0xadc4,2024-12-01,10,6,10000,1000.0,1000.0,0.0,4000.0,2025-06-01
CUS_0xadc4_2024_12_01,CUS_0xadc4,2024-12-01,10,7,10000,1000.0,1000.0,0.0,3000.0,2025-07-01
CUS_0xadc4_2024_12_01,CUS_0xadc4,2024-12-01,10,8,10000,1000.0,1000.0,0.0,2000.0,2025-08-01
CUS_0xadc4_2024_12_01,CUS_0xadc4,2024-12-01,10,9,10000,1000.0,1000.0,0.0,1000.0,2025-09-01
CUS_0xadc4_2024_12_01,CUS_0xadc4,2024-12-01,10,10,10000,1000.0,1000.0,0.0,0.0,2025-10-01
CUS_0xadcd_2024_11_01,CUS_0xadcd,2024-11-01,10,0,10000,0.0,0.0,0.0,10000.0,2024-11-01
CUS_0xadcd_2024_11_01,CUS_0xadcd,2024-11-01,10,1,10000,1000.0,1000.0,0.0,9000.0,2024-12-01
CUS_0xadcd_2024_11_01,CUS_0xadcd,2024-11-01,10,2,10000,1000.0,1000.0,0.0,8000.0,2025-01-01
CUS_0xadcd_2024_11_01,CUS_0xadcd,2024-11-01,10,3,10000,1000.0,0.0,1000.0,8000.0,2025-02-01
CUS_0xadcd_2024_11_01,CUS_0xadcd,2024-11-01,10,4,10000,1000.0,0.0,2000.0,8000.0,2025-03-01
CUS_0xadcd_2024_11_01,CUS_0xadcd,2024-11-01,10,5,10000,1000.0,0.0,3000.0,8000.0,2025-04-01
CUS_0xadcd_2024_11_01,CUS_0xadcd,2024-11-01,10,6,10000,1000.0,0.0,4000.0,8000.0,2025-05-01
CUS_0xadcd_2024_11_01,CUS_0xadcd,2024-11-01,10,7,10000,1000.0,0.0,5000.0,8000.0,2025-06-01
CUS_0xadcd_2024_11_01,CUS_0xadcd,2024-11-01,10,8,10000,1000.0,0.0,6000.0,8000.0,2025-07-01
CUS_0xadcd_2024_11_01,CUS_0xadcd,2024-11-01,10,9,10000,1000.0,0.0,7000.0,8000.0,2025-08-01
CUS_0xadcd_2024_11_01,CUS_0xadcd,2024-11-01,10,10,10000,1000.0,0.0,8000.0,8000.0,2025-09-01
CUS_0xadcf_2024_08_01,CUS_0xadcf,2024-08-01,10,0,10000,0.0,0.0,0.0,10000.0,2024-08-01
CUS_0xadcf_2024_08_01,CUS_0xadcf,2024-08-01,10,1,10000,1000.0,1000.0,0.0,9000.0,2024-09-01
CUS_0xadcf_2024_08_01,CUS_0xadcf,2024-08-01,10,2,10000,1000.0,1000.0,0.0,8000.0,2024-10-01
CUS_0xadcf_2024_08_01,CUS_0xadcf,2024-08-01,10,3,10000,1000.0,1000.0,0.0,7000.0,2024-11-01
CUS_0xadcf_2024_08_01,CUS_0xadcf,2024-08-01,10,4,10000,1000.0,0.0,1000.0,7000.0,2024-12-01
CUS_0xadcf_2024_08_01,CUS_0xadcf,2024-08-01,10,5,10000,1000.0,0.0,2000.0,7000.0,2025-01-01
CUS_0xadcf_2024_08_01,CUS_0xadcf,2024-08-01,10,6,10000,1000.0,0.0,3000.0,7000.0,2025-02-01
CUS_0xadcf_2024_08_01,CUS_0xadcf,2024-08-01,10,7,10000,1000.0,0.0,4000.0,7000.0,2025-03-01
CUS_0xadcf_2024_08_01,CUS_0xadcf,2024-08-01,10,8,10000,1000.0,0.0,5000.0,7000.0,2025-04-01
CUS_0xadcf_2024_08_01,CUS_0xadcf,2024-08-01,10,9,10000,1000.0,0.0,6000.0,7000.0,2025-05-01
CUS_0xadcf_2024_08_01,CUS_0xadcf,2024-08-01,10,10,10000,1000.0,0.0,7000.0,7000.0,2025-06-01
CUS_0xae14_2024_05_01,CUS_0xae14,2024-05-01,10,0,10000,0.0,0.0,0.0,10000.0,2024-05-01
CUS_0xae14_2024_05_01,CUS_0xae14,2024-05-01,10,1,10000,1000.0,1000.0,0.0,9000.0,2024-06-01
CUS_0xae14_2024_05_01,CUS_0xae14,2024-05-01,10,2,10000,1000.0,0.0,1000.0,9000.0,2024-07-01
CUS_0xae14_2024_05_01,CUS_0xae14,2024-05-01,10,3,10000,1000.0,0.0,2000.0,9000.0,2024-08-01
CUS_0xae14_2024_05_01,CUS_0xae14,2024-05-01,10,4,10000,1000.0,0.0,3000.0,9000.0,2024-09-01
CUS_0xae14_2024_05_01,CUS_0xae14,2024-05-01,10,5,10000,1000.0,0.0,4000.0,9000.0,2024-10-01
CUS_0xae14_2024_05_01,CUS_0xae14,2024-05-01,10,6,10000,1000.0,0.0,5000.0,9000.0,2024-11-01
CUS_0xae14_2024_05_01,CUS_0xae14,2024-05-01,10,7,10000,1000.0,0.0,6000.0,9000.0,2024-12-01
CUS_0xae14_2024_05_01,CUS_0xae14,2024-05-01,10,8,10000,1000.0,0.0,7000.0,9000.0,2025-01-01
CUS_0xae14_2024_05_01,CUS_0xae14,2024-05-01,10,9,10000,1000.0,0.0,8000.0,9000.0,2025-02-01
CUS_0xae14_2024_05_01,CUS_0xae14,2024-05-01,10,10,10000,1000.0,0.0,9000.0,9000.0,2025-03-01
CUS_0xae62_2023_08_01,CUS_0xae62,2023-08-01,10,0,10000,0.0,0.0,0.0,10000.0,2023-08-01
CUS_0xae62_2023_08_01,CUS_0xae62,2023-08-01,10,1,10000,1000.0,1000.0,0.0,9000.0,2023-09-01
CUS_0xae62_2023_08_01,CUS_0xae62,2023-08-01,10,2,10000,1000.0,1000.0,0.0,8000.0,2023-10-01
CUS_0xae62_2023_08_01,CUS_0xae62,2023-08-01,10,3,10000,1000.0,1000.0,0.0,7000.0,2023-11-01
CUS_0xae62_2023_08_01,CUS_0xae62,2023-08-01,10,4,10000,1000.0,1000.0,0.0,6000.0,2023-12-01
CUS_0xae62_2023_08_01,CUS_0xae62,2023-08-01,10,5,10000,1000.0,1000.0,0.0,5000.0,2024-01-01
CUS_0xae62_2023_08_01,CUS_0xae62,2023-08-01,10,6,10000,1000.0,1000.0,0.0,4000.0,2024-02-01
CUS_0xae62_2023_08_01,CUS_0xae62,2023-08-01,10,7,10000,1000.0,1000.0,0.0,3000.0,2024-03-01
CUS_0xae62_2023_08_01,CUS_0xae62,2023-08-01,10,8,10000,1000.0,1000.0,0.0,2000.0,2024-04-01
CUS_0xae62_2023_08_01,CUS_0xae62,2023-08-01,10,9,10000,1000.0,1000.0,0.0,1000.0,2024-05-01
CUS_0xae62_2023_08_01,CUS_0xae62,2023-08-01,10,10,10000,1000.0,1000.0,0.0,0.0,2024-06-01
CUS_0xae6a_2023_01_01,CUS_0xae6a,2023-01-01,10,0,10000,0.0,0.0,0.0,10000.0,2023-01-01
CUS_0xae6a_2023_01_01,CUS_0xae6a,2023-01-01,10,1,10000,1000.0,1000.0,0.0,9000.0,2023-02-01
CUS_0xae6a_2023_01_01,CUS_0xae6a,2023-01-01,10,2,10000,1000.0,1000.0,0.0,8000.0,2023-03-01
CUS_0xae6a_2023_01_01,CUS_0xae6a,2023-01-01,10,3,10000,1000.0,1000.0,0.0,7000.0,2023-04-01
CUS_0xae6a_2023_01_01,CUS_0xae6a,2023-01-01,10,4,10000,1000.0,1000.0,0.0,6000.0,2023-05-01
CUS_0xae6a_2023_01_01,CUS_0xae6a,2023-01-01,10,5,10000,1000.0,1000.0,0.0,5000.0,2023-06-01
CUS_0xae6a_2023_01_01,CUS_0xae6a,2023-01-01,10,6,10000,1000.0,1000.0,0.0,4000.0,2023-07-01
CUS_0xae6a_2023_01_01,CUS_0xae6a,2023-01-01,10,7,10000,1000.0,1000.0,0.0,3000.0,2023-08-01
CUS_0xae6a_2023_01_01,CUS_0xae6a,2023-01-01,10,8,10000,1000.0,1000.0,0.0,2000.0,2023-09-01
CUS_0xae6a_2023_01_01,CUS_0xae6a,2023-01-01,10,9,10000,1000.0,1000.0,0.0,1000.0,2023-10-01
CUS_0xae6a_2023_01_01,CUS_0xae6a,2023-01-01,10,10,10000,1000.0,1000.0,0.0,0.0,2023-11-01
CUS_0xae7d_2023_01_01,CUS_0xae7d,2023-01-01,10,0,10000,0.0,0.0,0.0,10000.0,2023-01-01
CUS_0xae7d_2023_01_01,CUS_0xae7d,2023-01-01,10,1,10000,1000.0,1000.0,0.0,9000.0,2023-02-01
CUS_0xae7d_2023_01_01,CUS_0xae7d,2023-01-01,10,2,10000,1000.0,1000.0,0.0,8000.0,2023-03-01
CUS_0xae7d_2023_01_01,CUS_0xae7d,2023-01-01,10,3,10000,1000.0,1000.0,0.0,7000.0,2023-04-01
CUS_0xae7d_2023_01_01,CUS_0xae7d,2023-01-01,10,4,10000,1000.0,1000.0,0.0,6000.0,2023-05-01
CUS_0xae7d_2023_01_01,CUS_0xae7d,2023-01-01,10,5,10000,1000.0,1000.0,0.0,5000.0,2023-06-01
CUS_0xae7d_2023_01_01,CUS_0xae7d,2023-01-01,10,6,10000,1000.0,1000.0,0.0,4000.0,2023-07-01
CUS_0xae7d_2023_01_01,CUS_0xae7d,2023-01-01,10,7,10000,1000.0,1000.0,0.0,3000.0,2023-08-01
CUS_0xae7d_2023_01_01,CUS_0xae7d,2023-01-01,10,8,10000,1000.0,1000.0,0.0,2000.0,2023-09-01
CUS_0xae7d_2023_01_01,CUS_0xae7d,2023-01-01,10,9,10000,1000.0,1000.0,0.0,1000.0,2023-10-01
CUS_0xae7d_2023_01_01,CUS_0xae7d,2023-01-01,10,10,10000,1000.0,1000.0,0.0,0.0,2023-11-01
CUS_0xaea7_2024_11_01,CUS_0xaea7,2024-11-01,10,0,10000,0.0,0.0,0.0,10000.0,2024-11-01
CUS_0xaea7_2024_11_01,CUS_0xaea7,2024-11-01,10,1,10000,1000.0,1000.0,0.0,9000.0,2024-12-01
CUS_0xaea7_2024_11_01,CUS_0xaea7,2024-11-01,10,2,10000,1000.0,1000.0,0.0,8000.0,2025-01-01
CUS_0xaea7_2024_11_01,CUS_0xaea7,2024-11-01,10,3,10000,1000.0,1000.0,0.0,7000.0,2025-02-01
CUS_0xaea7_2024_11_01,CUS_0xaea7,2024-11-01,10,4,10000,1000.0,0.0,1000.0,7000.0,2025-03-01
CUS_0xaea7_2024_11_01,CUS_0xaea7,2024-11-01,10,5,10000,1000.0,0.0,2000.0,7000.0,2025-04-01
CUS_0xaea7_2024_11_01,CUS_0xaea7,2024-11-01,10,6,10000,1000.0,0.0,3000.0,7000.0,2025-05-01
CUS_0xaea7_2024_11_01,CUS_0xaea7,2024-11-01,10,7,10000,1000.0,0.0,4000.0,7000.0,2025-06-01
CUS_0xaea7_2024_11_01,CUS_0xaea7,2024-11-01,10,8,10000,1000.0,0.0,5000.0,7000.0,2025-07-01
CUS_0xaea7_2024_11_01,CUS_0xaea7,2024-11-01,10,9,10000,1000.0,0.0,6000.0,7000.0,2025-08-01
CUS_0xaea7_2024_11_01,CUS_0xaea7,2024-11-01,10,10,10000,1000.0,0.0,7000.0,7000.0,2025-09-01
CUS_0xaea9_2024_03_01,CUS_0xaea9,2024-03-01,10,0,10000,0.0,0.0,0.0,10000.0,2024-03-01
CUS_0xaea9_2024_03_01,CUS_0xaea9,2024-03-01,10,1,10000,1000.0,1000.0,0.0,9000.0,2024-04-01
CUS_0xaea9_2024_03_01,CUS_0xaea9,2024-03-01,10,2,10000,1000.0,1000.0,0.0,8000.0,2024-05-01
CUS_0xaea9_2024_03_01,CUS_0xaea9,2024-03-01,10,3,10000,1000.0,1000.0,0.0,7000.0,2024-06-01
CUS_0xaea9_2024_03_01,CUS_0xaea9,2024-03-01,10,4,10000,1000.0,1000.0,0.0,6000.0,2024-07-01
CUS_0xaea9_2024_03_01,CUS_0xaea9,2024-03-01,10,5,10000,1000.0,1000.0,0.0,5000.0,2024-08-01
CUS_0xaea9_2024_03_01,CUS_0xaea9,2024-03-01,10,6,10000,1000.0,1000.0,0.0,4000.0,2024-09-01
CUS_0xaea9_2024_03_01,CUS_0xaea9,2024-03-01,10,7,10000,1000.0,1000.0,0.0,3000.0,2024-10-01
CUS_0xaea9_2024_03_01,CUS_0xaea9,2024-03-01,10,8,10000,1000.0,1000.0,0.0,2000.0,2024-11-01
CUS_0xaea9_2024_03_01,CUS_0xaea9,2024-03-01,10,9,10000,1000.0,1000.0,0.0,1000.0,2024-12-01
CUS_0xaea9_2024_03_01,CUS_0xaea9,2024-03-01,10,10,10000,1000.0,1000.0,0.0,0.0,2025-01-01
CUS_0xaf39_2024_05_01,CUS_0xaf39,2024-05-01,10,0,10000,0.0,0.0,0.0,10000.0,2024-05-01
CUS_0xaf39_2024_05_01,CUS_0xaf39,2024-05-01,10,1,10000,1000.0,1000.0,0.0,9000.0,2024-06-01
CUS_0xaf39_2024_05_01,CUS_0xaf39,2024-05-01,10,2,10000,1000.0,1000.0,0.0,8000.0,2024-07-01
CUS_0xaf39_2024_05_01,CUS_0xaf39,2024-05-01,10,3,10000,1000.0,1000.0,0.0,7000.0,2024-08-01
CUS_0xaf39_2024_05_01,CUS_0xaf39,2024-05-01,10,4,10000,1000.0,1000.0,0.0,6000.0,2024-09-01
CUS_0xaf39_2024_05_01,CUS_0xaf39,2024-05-01,10,5,10000,1000.0,1000.0,0.0,5000.0,2024-10-01
CUS_0xaf39_2024_05_01,CUS_0xaf39,2024-05-01,10,6,10000,1000.0,1000.0,0.0,4000.0,2024-11-01
CUS_0xaf39_2024_05_01,CUS_0xaf39,2024-05-01,10,7,10000,1000.0,1000.0,0.0,3000.0,2024-12-01
CUS_0xaf39_2024_05_01,CUS_0xaf39,2024-05-01,10,8,10000,1000.0,1000.0,0.0,2000.0,2025-01-01
CUS_0xaf39_2024_05_01,CUS_0xaf39,2024-05-01,10,9,10000,1000.0,1000.0,0.0,1000.0,2025-02-01
CUS_0xaf39_2024_05_01,CUS_0xaf39,2024-05-01,10,10,10000,1000.0,1000.0,0.0,0.0,2025-03-01
CUS_0xaf78_2024_10_01,CUS_0xaf78,2024-10-01,10,0,10000,0.0,0.0,0.0,10000.0,2024-10-01
CUS_0xaf78_2024_10_01,CUS_0xaf78,2024-10-01,10,1,10000,1000.0,1000.0,0.0,9000.0,2024-11-01
CUS_0xaf78_2024_10_01,CUS_0xaf78,2024-10-01,10,2,10000,1000.0,1000.0,0.0,8000.0,2024-12-01
CUS_0xaf78_2024_10_01,CUS_0xaf78,2024-10-01,10,3,10000,1000.0,0.0,1000.0,8000.0,2025-01-01
CUS_0xaf78_2024_10_01,CUS_0xaf78,2024-10-01,10,4,10000,1000.0,0.0,2000.0,8000.0,2025-02-01
CUS_0xaf78_2024_10_01,CUS_0xaf78,2024-10-01,10,5,10000,1000.0,0.0,3000.0,8000.0,2025-03-01
CUS_0xaf78_2024_10_01,CUS_0xaf78,2024-10-01,10,6,10000,1000.0,0.0,4000.0,8000.0,2025-04-01
CUS_0xaf78_2024_10_01,CUS_0xaf78,2024-10-01,10,7,10000,1000.0,0.0,5000.0,8000.0,2025-05-01
CUS_0xaf78_2024_10_01,CUS_0xaf78,2024-10-01,10,8,10000,1000.0,0.0,6000.0,8000.0,2025-06-01
CUS_0xaf78_2024_10_01,CUS_0xaf78,2024-10-01,10,9,10000,1000.0,0.0,7000.0,8000.0,2025-07-01
CUS_0xaf78_2024_10_01,CUS_0xaf78,2024-10-01,10,10,10000,1000.0,0.0,8000.0,8000.0,2025-08-01
CUS_0xaf96_2023_08_01,CUS_0xaf96,2023-08-01,10,0,10000,0.0,0.0,0.0,10000.0,2023-08-01
CUS_0xaf96_2023_08_01,CUS_0xaf96,2023-08-01,10,1,10000,1000.0,1000.0,0.0,9000.0,2023-09-01
CUS_0xaf96_2023_08_01,CUS_0xaf96,2023-08-01,10,2,10000,1000.0,1000.0,0.0,8000.0,2023-10-01
CUS_0xaf96_2023_08_01,CUS_0xaf96,2023-08-01,10,3,10000,1000.0,1000.0,0.0,7000.0,2023-11-01
CUS_0xaf96_2023_08_01,CUS_0xaf96,2023-08-01,10,4,10000,1000.0,1000.0,0.0,6000.0,2023-12-01
CUS_0xaf96_2023_08_01,CUS_0xaf96,2023-08-01,10,5,10000,1000.0,1000.0,0.0,5000.0,2024-01-01
CUS_0xaf96_2023_08_01,CUS_0xaf96,2023-08-01,10,6,10000,1000.0,1000.0,0.0,4000.0,2024-02-01
CUS_0xaf96_2023_08_01,CUS_0xaf96,2023-08-01,10,7,10000,1000.0,1000.0,0.0,3000.0,2024-03-01
CUS_0xaf96_2023_08_01,CUS_0xaf96,2023-08-01,10,8,10000,1000.0,1000.0,0.0,2000.0,2024-04-01
CUS_0xaf96_2023_08_01,CUS_0xaf96,2023-08-01,10,9,10000,1000.0,1000.0,0.0,1000.0,2024-05-01
CUS_0xaf96_2023_08_01,CUS_0xaf96,2023-08-01,10,10,10000,1000.0,1000.0,0.0,0.0,2024-06-01
CUS_0xafb6_2024_03_01,CUS_0xafb6,2024-03-01,10,0,10000,0.0,0.0,0.0,10000.0,2024-03-01
CUS_0xafb6_2024_03_01,CUS_0xafb6,2024-03-01,10,1,10000,1000.0,1000.0,0.0,9000.0,2024-04-01
CUS_0xafb6_2024_03_01,CUS_0xafb6,2024-03-01,10,2,10000,1000.0,1000.0,0.0,8000.0,2024-05-01
CUS_0xafb6_2024_03_01,CUS_0xafb6,2024-03-01,10,3,10000,1000.0,1000.0,0.0,7000.0,2024-06-01
CUS_0xafb6_2024_03_01,CUS_0xafb6,2024-03-01,10,4,10000,1000.0,0.0,1000.0,7000.0,2024-07-01
CUS_0xafb6_2024_03_01,CUS_0xafb6,2024-03-01,10,5,10000,1000.0,0.0,2000.0,7000.0,2024-08-01
CUS_0xafb6_2024_03_01,CUS_0xafb6,2024-03-01,10,6,10000,1000.0,0.0,3000.0,7000.0,2024-09-01
CUS_0xafb6_2024_03_01,CUS_0xafb6,2024-03-01,10,7,10000,1000.0,0.0,4000.0,7000.0,2024-10-01
CUS_0xafb6_2024_03_01,CUS_0xafb6,2024-03-01,10,8,10000,1000.0,0.0,5000.0,7000.0,2024-11-01
CUS_0xafb6_2024_03_01,CUS_0xafb6,2024-03-01,10,9,10000,1000.0,0.0,6000.0,7000.0,2024-12-01
CUS_0xafb6_2024_03_01,CUS_0xafb6,2024-03-01,10,10,10000,1000.0,0.0,7000.0,7000.0,2025-01-01
CUS_0xafcd_2023_04_01,CUS_0xafcd,2023-04-01,10,0,10000,0.0,0.0,0.0,10000.0,2023-04-01
CUS_0xafcd_2023_04_01,CUS_0xafcd,2023-04-01,10,1,10000,1000.0,1000.0,0.0,9000.0,2023-05-01
CUS_0xafcd_2023_04_01,CUS_0xafcd,2023-04-01,10,2,10000,1000.0,1000.0,0.0,8000.0,2023-06-01
CUS_0xafcd_2023_04_01,CUS_0xafcd,2023-04-01,10,3,10000,1000.0,1000.0,0.0,7000.0,2023-07-01
CUS_0xafcd_2023_04_01,CUS_0xafcd,2023-04-01,10,4,10000,1000.0,1000.0,0.0,6000.0,2023-08-01
CUS_0xafcd_2023_04_01,CUS_0xafcd,2023-04-01,10,5,10000,1000.0,1000.0,0.0,5000.0,2023-09-01
CUS_0xafcd_2023_04_01,CUS_0xafcd,2023-04-01,10,6,10000,1000.0,1000.0,0.0,4000.0,2023-10-01
CUS_0xafcd_2023_04_01,CUS_0xafcd,2023-04-01,10,7,10000,1000.0,1000.0,0.0,3000.0,2023-11-01
CUS_0xafcd_2023_04_01,CUS_0xafcd,2023-04-01,10,8,10000,1000.0,1000.0,0.0,2000.0,2023-12-01
CUS_0xafcd_2023_04_01,CUS_0xafcd,2023-04-01,10,9,10000,1000.0,1000.0,0.0,1000.0,2024-01-01
CUS_0xafcd_2023_04_01,CUS_0xafcd,2023-04-01,10,10,10000,1000.0,1000.0,0.0,0.0,2024-02-01
CUS_0xaff2_2024_11_01,CUS_0xaff2,2024-11-01,10,0,10000,0.0,0.0,0.0,10000.0,2024-11-01
CUS_0xaff2_2024_11_01,CUS_0xaff2,2024-11-01,10,1,10000,1000.0,1000.0,0.0,9000.0,2024-12-01
CUS_0xaff2_2024_11_01,CUS_0xaff2,2024-11-01,10,2,10000,1000.0,1000.0,0.0,8000.0,2025-01-01
CUS_0xaff2_2024_11_01,CUS_0xaff2,2024-11-01,10,3,10000,1000.0,1000.0,0.0,7000.0,2025-02-01
CUS_0xaff2_2024_11_01,CUS_0xaff2,2024-11-01,10,4,10000,1000.0,1000.0,0.0,6000.0,2025-03-01
CUS_0xaff2_2024_11_01,CUS_0xaff2,2024-11-01,10,5,10000,1000.0,1000.0,0.0,5000.0,2025-04-01
CUS_0xaff2_2024_11_01,CUS_0xaff2,2024-11-01,10,6,10000,1000.0,1000.0,0.0,4000.0,2025-05-01
CUS_0xaff2_2024_11_01,CUS_0xaff2,2024-11-01,10,7,10000,1000.0,1000.0,0.0,3000.0,2025-06-01
CUS_0xaff2_2024_11_01,CUS_0xaff2,2024-11-01,10,8,10000,1000.0,1000.0,0.0,2000.0,2025-07-01
CUS_0xaff2_2024_11_01,CUS_0xaff2,2024-11-01,10,9,10000,1000.0,1000.0,0.0,1000.0,2025-08-01
CUS_0xaff2_2024_11_01,CUS_0xaff2,2024-11-01,10,10,10000,1000.0,1000.0,0.0,0.0,2025-09-01
CUS_0xb00_2024_04_01,CUS_0xb00,2024-04-01,10,0,10000,0.0,0.0,0.0,10000.0,2024-04-01
CUS_0xb00_2024_04_01,CUS_0xb00,2024-04-01,10,1,10000,1000.0,1000.0,0.0,9000.0,2024-05-01
CUS_0xb00_2024_04_01,CUS_0xb00,2024-04-01,10,2,10000,1000.0,1000.0,0.0,8000.0,2024-06-01
CUS_0xb00_2024_04_01,CUS_0xb00,2024-04-01,10,3,10000,1000.0,1000.0,0.0,7000.0,2024-07-01
CUS_0xb00_2024_04_01,CUS_0xb00,2024-04-01,10,4,10000,1000.0,1000.0,0.0,6000.0,2024-08-01
CUS_0xb00_2024_04_01,CUS_0xb00,2024-04-01,10,5,10000,1000.0,1000.0,0.0,5000.0,2024-09-01
CUS_0xb00_2024_04_01,CUS_0xb00,2024-04-01,10,6,10000,1000.0,1000.0,0.0,4000.0,2024-10-01
CUS_0xb00_2024_04_01,CUS_0xb00,2024-04-01,10,7,10000,1000.0,1000.0,0.0,3000.0,2024-11-01
CUS_0xb00_2024_04_01,CUS_0xb00,2024-04-01,10,8,10000,1000.0,1000.0,0.0,2000.0,2024-12-01
CUS_0xb00_2024_04_01,CUS_0xb00,2024-04-01,10,9,10000,1000.0,1000.0,0.0,1000.0,2025-01-01
CUS_0xb00_2024_04_01,CUS_0xb00,2024-04-01,10,10,10000,1000.0,1000.0,0.0,0.0,2025-02-01
CUS_0xb000_2024_11_01,CUS_0xb000,2024-11-01,10,0,10000,0.0,0.0,0.0,10000.0,2024-11-01
CUS_0xb000_2024_11_01,CUS_0xb000,2024-11-01,10,1,10000,1000.0,1000.0,0.0,9000.0,2024-12-01
CUS_0xb000_2024_11_01,CUS_0xb000,2024-11-01,10,2,10000,1000.0,1000.0,0.0,8000.0,2025-01-01
CUS_0xb000_2024_11_01,CUS_0xb000,2024-11-01,10,3,10000,1000.0,1000.0,0.0,7000.0,2025-02-01
CUS_0xb000_2024_11_01,CUS_0xb000,2024-11-01,10,4,10000,1000.0,1000.0,0.0,6000.0,2025-03-01
CUS_0xb000_2024_11_01,CUS_0xb000,2024-11-01,10,5,10000,1000.0,1000.0,0.0,5000.0,2025-04-01
CUS_0xb000_2024_11_01,CUS_0xb000,2024-11-01,10,6,10000,1000.0,1000.0,0.0,4000.0,2025-05-01
CUS_0xb000_2024_11_01,CUS_0xb000,2024-11-01,10,7,10000,1000.0,1000.0,0.0,3000.0,2025-06-01
CUS_0xb000_2024_11_01,CUS_0xb000,2024-11-01,10,8,10000,1000.0,1000.0,0.0,2000.0,2025-07-01
CUS_0xb000_2024_11_01,CUS_0xb000,2024-11-01,10,9,10000,1000.0,1000.0,0.0,1000.0,2025-08-01
CUS_0xb000_2024_11_01,CUS_0xb000,2024-11-01,10,10,10000,1000.0,1000.0,0.0,0.0,2025-09-01
CUS_0xb005_2023_08_01,CUS_0xb005,2023-08-01,10,0,10000,0.0,0.0,0.0,10000.0,2023-08-01
CUS_0xb005_2023_08_01,CUS_0xb005,2023-08-01,10,1,10000,1000.0,1000.0,0.0,9000.0,2023-09-01
CUS_0xb005_2023_08_01,CUS_0xb005,2023-08-01,10,2,10000,1000.0,1000.0,0.0,8000.0,2023-10-01
CUS_0xb005_2023_08_01,CUS_0xb005,2023-08-01,10,3,10000,1000.0,1000.0,0.0,7000.0,2023-11-01
CUS_0xb005_2023_08_01,CUS_0xb005,2023-08-01,10,4,10000,1000.0,1000.0,0.0,6000.0,2023-12-01
CUS_0xb005_2023_08_01,CUS_0xb005,2023-08-01,10,5,10000,1000.0,1000.0,0.0,5000.0,2024-01-01
CUS_0xb005_2023_08_01,CUS_0xb005,2023-08-01,10,6,10000,1000.0,1000.0,0.0,4000.0,2024-02-01
CUS_0xb005_2023_08_01,CUS_0xb005,2023-08-01,10,7,10000,1000.0,1000.0,0.0,3000.0,2024-03-01
CUS_0xb005_2023_08_01,CUS_0xb005,2023-08-01,10,8,10000,1000.0,1000.0,0.0,2000.0,2024-04-01
CUS_0xb005_2023_08_01,CUS_0xb005,2023-08-01,10,9,10000,1000.0,1000.0,0.0,1000.0,2024-05-01
CUS_0xb005_2023_08_01,CUS_0xb005,2023-08-01,10,10,10000,1000.0,1000.0,0.0,0.0,2024-06-01
CUS_0xb05b_2024_02_01,CUS_0xb05b,2024-02-01,10,0,10000,0.0,0.0,0.0,10000.0,2024-02-01
CUS_0xb05b_2024_02_01,CUS_0xb05b,2024-02-01,10,1,10000,1000.0,1000.0,0.0,9000.0,2024-03-01
CUS_0xb05b_2024_02_01,CUS_0xb05b,2024-02-01,10,2,10000,1000.0,1000.0,0.0,8000.0,2024-04-01
CUS_0xb05b_2024_02_01,CUS_0xb05b,2024-02-01,10,3,10000,1000.0,1000.0,0.0,7000.0,2024-05-01
CUS_0xb05b_2024_02_01,CUS_0xb05b,2024-02-01,10,4,10000,1000.0,1000.0,0.0,6000.0,2024-06-01
CUS_0xb05b_2024_02_01,CUS_0xb05b,2024-02-01,10,5,10000,1000.0,1000.0,0.0,5000.0,2024-07-01
CUS_0xb05b_2024_02_01,CUS_0xb05b,2024-02-01,10,6,10000,1000.0,1000.0,0.0,4000.0,2024-08-01
CUS_0xb05b_2024_02_01,CUS_0xb05b,2024-02-01,10,7,10000,1000.0,1000.0,0.0,3000.0,2024-09-01
CUS_0xb05b_2024_02_01,CUS_0xb05b,2024-02-01,10,8,10000,1000.0,1000.0,0.0,2000.0,2024-10-01
CUS_0xb05b_2024_02_01,CUS_0xb05b,2024-02-01,10,9,10000,1000.0,1000.0,0.0,1000.0,2024-11-01
CUS_0xb05b_2024_02_01,CUS_0xb05b,2024-02-01,10,10,10000,1000.0,1000.0,0.0,0.0,2024-12-01
CUS_0xb066_2023_12_01,CUS_0xb066,2023-12-01,10,0,10000,0.0,0.0,0.0,10000.0,2023-12-01
CUS_0xb066_2023_12_01,CUS_0xb066,2023-12-01,10,1,10000,1000.0,1000.0,0.0,9000.0,2024-01-01
CUS_0xb066_2023_12_01,CUS_0xb066,2023-12-01,10,2,10000,1000.0,1000.0,0.0,8000.0,2024-02-01
CUS_0xb066_2023_12_01,CUS_0xb066,2023-12-01,10,3,10000,1000.0,1000.0,0.0,7000.0,2024-03-01
CUS_0xb066_2023_12_01,CUS_0xb066,2023-12-01,10,4,10000,1000.0,1000.0,0.0,6000.0,2024-04-01
CUS_0xb066_2023_12_01,CUS_0xb066,2023-12-01,10,5,10000,1000.0,1000.0,0.0,5000.0,2024-05-01
CUS_0xb066_2023_12_01,CUS_0xb066,2023-12-01,10,6,10000,1000.0,1000.0,0.0,4000.0,2024-06-01
CUS_0xb066_2023_12_01,CUS_0xb066,2023-12-01,10,7,10000,1000.0,1000.0,0.0,3000.0,2024-07-01
CUS_0xb066_2023_12_01,CUS_0xb066,2023-12-01,10,8,10000,1000.0,1000.0,0.0,2000.0,2024-08-01
CUS_0xb066_2023_12_01,CUS_0xb066,2023-12-01,10,9,10000,1000.0,1000.0,0.0,1000.0,2024-09-01
CUS_0xb066_2023_12_01,CUS_0xb066,2023-12-01,10,10,10000,1000.0,1000.0,0.0,0.0,2024-10-01
CUS_0xb091_2023_10_01,CUS_0xb091,2023-10-01,10,0,10000,0.0,0.0,0.0,10000.0,2023-10-01
CUS_0xb091_2023_10_01,CUS_0xb091,2023-10-01,10,1,10000,1000.0,0.0,1000.0,10000.0,2023-11-01
CUS_0xb091_2023_10_01,CUS_0xb091,2023-10-01,10,2,10000,1000.0,0.0,2000.0,10000.0,2023-12-01
CUS_0xb091_2023_10_01,CUS_0xb091,2023-10-01,10,3,10000,1000.0,0.0,3000.0,10000.0,2024-01-01
CUS_0xb091_2023_10_01,CUS_0xb091,2023-10-01,10,4,10000,1000.0,0.0,4000.0,10000.0,2024-02-01
CUS_0xb091_2023_10_01,CUS_0xb091,2023-10-01,10,5,10000,1000.0,0.0,5000.0,10000.0,2024-03-01
CUS_0xb091_2023_10_01,CUS_0xb091,2023-10-01,10,6,10000,1000.0,0.0,6000.0,10000.0,2024-04-01
CUS_0xb091_2023_10_01,CUS_0xb091,2023-10-01,10,7,10000,1000.0,0.0,7000.0,10000.0,2024-05-01
CUS_0xb091_2023_10_01,CUS_0xb091,2023-10-01,10,8,10000,1000.0,0.0,8000.0,10000.0,2024-06-01
CUS_0xb091_2023_10_01,CUS_0xb091,2023-10-01,10,9,10000,1000.0,0.0,9000.0,10000.0,2024-07-01
CUS_0xb091_2023_10_01,CUS_0xb091,2023-10-01,10,10,10000,1000.0,0.0,10000.0,10000.0,2024-08-01
CUS_0xb0e4_2023_01_01,CUS_0xb0e4,2023-01-01,10,0,10000,0.0,0.0,0.0,10000.0,2023-01-01
CUS_0xb0e4_2023_01_01,CUS_0xb0e4,2023-01-01,10,1,10000,1000.0,1000.0,0.0,9000.0,2023-02-01
CUS_0xb0e4_2023_01_01,CUS_0xb0e4,2023-01-01,10,2,10000,1000.0,1000.0,0.0,8000.0,2023-03-01
CUS_0xb0e4_2023_01_01,CUS_0xb0e4,2023-01-01,10,3,10000,1000.0,1000.0,0.0,7000.0,2023-04-01
CUS_0xb0e4_2023_01_01,CUS_0xb0e4,2023-01-01,10,4,10000,1000.0,1000.0,0.0,6000.0,2023-05-01
CUS_0xb0e4_2023_01_01,CUS_0xb0e4,2023-01-01,10,5,10000,1000.0,1000.0,0.0,5000.0,2023-06-01
CUS_0xb0e4_2023_01_01,CUS_0xb0e4,2023-01-01,10,6,10000,1000.0,1000.0,0.0,4000.0,2023-07-01
CUS_0xb0e4_2023_01_01,CUS_0xb0e4,2023-01-01,10,7,10000,1000.0,1000.0,0.0,3000.0,2023-08-01
CUS_0xb0e4_2023_01_01,CUS_0xb0e4,2023-01-01,10,8,10000,1000.0,1000.0,0.0,2000.0,2023-09-01
CUS_0xb0e4_2023_01_01,CUS_0xb0e4,2023-01-01,10,9,10000,1000.0,1000.0,0.0,1000.0,2023-10-01
CUS_0xb0e4_2023_01_01,CUS_0xb0e4,2023-01-01,10,10,10000,1000.0,1000.0,0.0,0.0,2023-11-01
CUS_0xb0e8_2023_05_01,CUS_0xb0e8,2023-05-01,10,0,10000,0.0,0.0,0.0,10000.0,2023-05-01
CUS_0xb0e8_2023_05_01,CUS_0xb0e8,2023-05-01,10,1,10000,1000.0,1000.0,0.0,9000.0,2023-06-01
CUS_0xb0e8_2023_05_01,CUS_0xb0e8,2023-05-01,10,2,10000,1000.0,1000.0,0.0,8000.0,2023-07-01
CUS_0xb0e8_2023_05_01,CUS_0xb0e8,2023-05-01,10,3,10000,1000.0,1000.0,0.0,7000.0,2023-08-01
CUS_0xb0e8_2023_05_01,CUS_0xb0e8,2023-05-01,10,4,10000,1000.0,1000.0,0.0,6000.0,2023-09-01
CUS_0xb0e8_2023_05_01,CUS_0xb0e8,2023-05-01,10,5,10000,1000.0,1000.0,0.0,5000.0,2023-10-01
CUS_0xb0e8_2023_05_01,CUS_0xb0e8,2023-05-01,10,6,10000,1000.0,1000.0,0.0,4000.0,2023-11-01
CUS_0xb0e8_2023_05_01,CUS_0xb0e8,2023-05-01,10,7,10000,1000.0,1000.0,0.0,3000.0,2023-12-01
CUS_0xb0e8_2023_05_01,CUS_0xb0e8,2023-05-01,10,8,10000,1000.0,1000.0,0.0,2000.0,2024-01-01
CUS_0xb0e8_2023_05_01,CUS_0xb0e8,2023-05-01,10,9,10000,1000.0,1000.0,0.0,1000.0,2024-02-01
CUS_0xb0e8_2023_05_01,CUS_0xb0e8,2023-05-01,10,10,10000,1000.0,1000.0,0.0,0.0,2024-03-01
CUS_0xb0fd_2024_02_01,CUS_0xb0fd,2024-02-01,10,0,10000,0.0,0.0,0.0,10000.0,2024-02-01
CUS_0xb0fd_2024_02_01,CUS_0xb0fd,2024-02-01,10,1,10000,1000.0,0.0,1000.0,10000.0,2024-03-01
CUS_0xb0fd_2024_02_01,CUS_0xb0fd,2024-02-01,10,2,10000,1000.0,2000.0,0.0,8000.0,2024-04-01
CUS_0xb0fd_2024_02_01,CUS_0xb0fd,2024-02-01,10,3,10000,1000.0,0.0,1000.0,8000.0,2024-05-01
CUS_0xb0fd_2024_02_01,CUS_0xb0fd,2024-02-01,10,4,10000,1000.0,0.0,2000.0,8000.0,2024-06-01
CUS_0xb0fd_2024_02_01,CUS_0xb0fd,2024-02-01,10,5,10000,1000.0,0.0,3000.0,8000.0,2024-07-01
CUS_0xb0fd_2024_02_01,CUS_0xb0fd,2024-02-01,10,6,10000,1000.0,0.0,4000.0,8000.0,2024-08-01
CUS_0xb0fd_2024_02_01,CUS_0xb0fd,2024-02-01,10,7,10000,1000.0,0.0,5000.0,8000.0,2024-09-01
CUS_0xb0fd_2024_02_01,CUS_0xb0fd,2024-02-01,10,8,10000,1000.0,0.0,6000.0,8000.0,2024-10-01
CUS_0xb0fd_2024_02_01,CUS_0xb0fd,2024-02-01,10,9,10000,1000.0,0.0,7000.0,8000.0,2024-11-01
CUS_0xb0fd_2024_02_01,CUS_0xb0fd,2024-02-01,10,10,10000,1000.0,0.0,8000.0,8000.0,2024-12-01
CUS_0xb122_2023_10_01,CUS_0xb122,2023-10-01,10,0,10000,0.0,0.0,0.0,10000.0,2023-10-01
CUS_0xb122_2023_10_01,CUS_0xb122,2023-10-01,10,1,10000,1000.0,1000.0,0.0,9000.0,2023-11-01
CUS_0xb122_2023_10_01,CUS_0xb122,2023-10-01,10,2,10000,1000.0,1000.0,0.0,8000.0,2023-12-01
CUS_0xb122_2023_10_01,CUS_0xb122,2023-10-01,10,3,10000,1000.0,1000.0,0.0,7000.0,2024-01-01
CUS_0xb122_2023_10_01,CUS_0xb122,2023-10-01,10,4,10000,1000.0,1000.0,0.0,6000.0,2024-02-01
CUS_0xb122_2023_10_01,CUS_0xb122,2023-10-01,10,5,10000,1000.0,1000.0,0.0,5000.0,2024-03-01
CUS_0xb122_2023_10_01,CUS_0xb122,2023-10-01,10,6,10000,1000.0,1000.0,0.0,4000.0,2024-04-01
CUS_0xb122_2023_10_01,CUS_0xb122,2023-10-01,10,7,10000,1000.0,1000.0,0.0,3000.0,2024-05-01
CUS_0xb122_2023_10_01,CUS_0xb122,2023-10-01,10,8,10000,1000.0,1000.0,0.0,2000.0,2024-06-01
CUS_0xb122_2023_10_01,CUS_0xb122,2023-10-01,10,9,10000,1000.0,1000.0,0.0,1000.0,2024-07-01
CUS_0xb122_2023_10_01,CUS_0xb122,2023-10-01,10,10,10000,1000.0,1000.0,0.0,0.0,2024-08-01
CUS_0xb125_2024_08_01,CUS_0xb125,2024-08-01,10,0,10000,0.0,0.0,0.0,10000.0,2024-08-01
CUS_0xb125_2024_08_01,CUS_0xb125,2024-08-01,10,1,10000,1000.0,1000.0,0.0,9000.0,2024-09-01
CUS_0xb125_2024_08_01,CUS_0xb125,2024-08-01,10,2,10000,1000.0,1000.0,0.0,8000.0,2024-10-01
CUS_0xb125_2024_08_01,CUS_0xb125,2024-08-01,10,3,10000,1000.0,1000.0,0.0,7000.0,2024-11-01
CUS_0xb125_2024_08_01,CUS_0xb125,2024-08-01,10,4,10000,1000.0,1000.0,0.0,6000.0,2024-12-01
CUS_0xb125_2024_08_01,CUS_0xb125,2024-08-01,10,5,10000,1000.0,1000.0,0.0,5000.0,2025-01-01
CUS_0xb125_2024_08_01,CUS_0xb125,2024-08-01,10,6,10000,1000.0,1000.0,0.0,4000.0,2025-02-01
CUS_0xb125_2024_08_01,CUS_0xb125,2024-08-01,10,7,10000,1000.0,1000.0,0.0,3000.0,2025-03-01
CUS_0xb125_2024_08_01,CUS_0xb125,2024-08-01,10,8,10000,1000.0,1000.0,0.0,2000.0,2025-04-01
CUS_0xb125_2024_08_01,CUS_0xb125,2024-08-01,10,9,10000,1000.0,1000.0,0.0,1000.0,2025-05-01
CUS_0xb125_2024_08_01,CUS_0xb125,2024-08-01,10,10,10000,1000.0,1000.0,0.0,0.0,2025-06-01
CUS_0xb130_2023_03_01,CUS_0xb130,2023-03-01,10,0,10000,0.0,0.0,0.0,10000.0,2023-03-01
CUS_0xb130_2023_03_01,CUS_0xb130,2023-03-01,10,1,10000,1000.0,1000.0,0.0,9000.0,2023-04-01
CUS_0xb130_2023_03_01,CUS_0xb130,2023-03-01,10,2,10000,1000.0,1000.0,0.0,8000.0,2023-05-01
CUS_0xb130_2023_03_01,CUS_0xb130,2023-03-01,10,3,10000,1000.0,1000.0,0.0,7000.0,2023-06-01
CUS_0xb130_2023_03_01,CUS_0xb130,2023-03-01,10,4,10000,1000.0,1000.0,0.0,6000.0,2023-07-01
CUS_0xb130_2023_03_01,CUS_0xb130,2023-03-01,10,5,10000,1000.0,1000.0,0.0,5000.0,2023-08-01
CUS_0xb130_2023_03_01,CUS_0xb130,2023-03-01,10,6,10000,1000.0,1000.0,0.0,4000.0,2023-09-01
CUS_0xb130_2023_03_01,CUS_0xb130,2023-03-01,10,7,10000,1000.0,1000.0,0.0,3000.0,2023-10-01
CUS_0xb130_2023_03_01,CUS_0xb130,2023-03-01,10,8,10000,1000.0,1000.0,0.0,2000.0,2023-11-01
CUS_0xb130_2023_03_01,CUS_0xb130,2023-03-01,10,9,10000,1000.0,1000.0,0.0,1000.0,2023-12-01
CUS_0xb130_2023_03_01,CUS_0xb130,2023-03-01,10,10,10000,1000.0,1000.0,0.0,0.0,2024-01-01
CUS_0xb144_2023_02_01,CUS_0xb144,2023-02-01,10,0,10000,0.0,0.0,0.0,10000.0,2023-02-01
CUS_0xb144_2023_02_01,CUS_0xb144,2023-02-01,10,1,10000,1000.0,1000.0,0.0,9000.0,2023-03-01
CUS_0xb144_2023_02_01,CUS_0xb144,2023-02-01,10,2,10000,1000.0,1000.0,0.0,8000.0,2023-04-01
CUS_0xb144_2023_02_01,CUS_0xb144,2023-02-01,10,3,10000,1000.0,1000.0,0.0,7000.0,2023-05-01
CUS_0xb144_2023_02_01,CUS_0xb144,2023-02-01,10,4,10000,1000.0,1000.0,0.0,6000.0,2023-06-01
CUS_0xb144_2023_02_01,CUS_0xb144,2023-02-01,10,5,10000,1000.0,1000.0,0.0,5000.0,2023-07-01
CUS_0xb144_2023_02_01,CUS_0xb144,2023-02-01,10,6,10000,1000.0,1000.0,0.0,4000.0,2023-08-01
CUS_0xb144_2023_02_01,CUS_0xb144,2023-02-01,10,7,10000,1000.0,1000.0,0.0,3000.0,2023-09-01
CUS_0xb144_2023_02_01,CUS_0xb144,2023-02-01,10,8,10000,1000.0,1000.0,0.0,2000.0,2023-10-01
CUS_0xb144_2023_02_01,CUS_0xb144,2023-02-01,10,9,10000,1000.0,1000.0,0.0,1000.0,2023-11-01
CUS_0xb144_2023_02_01,CUS_0xb144,2023-02-01,10,10,10000,1000.0,1000.0,0.0,0.0,2023-12-01
CUS_0xb15c_2023_06_01,CUS_0xb15c,2023-06-01,10,0,10000,0.0,0.0,0.0,10000.0,2023-06-01
CUS_0xb15c_2023_06_01,CUS_0xb15c,2023-06-01,10,1,10000,1000.0,1000.0,0.0,9000.0,2023-07-01
CUS_0xb15c_2023_06_01,CUS_0xb15c,2023-06-01,10,2,10000,1000.0,0.0,1000.0,9000.0,2023-08-01
CUS_0xb15c_2023_06_01,CUS_0xb15c,2023-06-01,10,3,10000,1000.0,0.0,2000.0,9000.0,2023-09-01
CUS_0xb15c_2023_06_01,CUS_0xb15c,2023-06-01,10,4,10000,1000.0,3000.0,0.0,6000.0,2023-10-01
CUS_0xb15c_2023_06_01,CUS_0xb15c,2023-06-01,10,5,10000,1000.0,0.0,1000.0,6000.0,2023-11-01
CUS_0xb15c_2023_06_01,CUS_0xb15c,2023-06-01,10,6,10000,1000.0,0.0,2000.0,6000.0,2023-12-01
CUS_0xb15c_2023_06_01,CUS_0xb15c,2023-06-01,10,7,10000,1000.0,0.0,3000.0,6000.0,2024-01-01
CUS_0xb15c_2023_06_01,CUS_0xb15c,2023-06-01,10,8,10000,1000.0,0.0,4000.0,6000.0,2024-02-01
CUS_0xb15c_2023_06_01,CUS_0xb15c,2023-06-01,10,9,10000,1000.0,0.0,5000.0,6000.0,2024-03-01
CUS_0xb15c_2023_06_01,CUS_0xb15c,2023-06-01,10,10,10000,1000.0,0.0,6000.0,6000.0,2024-04-01
CUS_0xb220_2023_01_01,CUS_0xb220,2023-01-01,10,0,10000,0.0,0.0,0.0,10000.0,2023-01-01
CUS_0xb220_2023_01_01,CUS_0xb220,2023-01-01,10,1,10000,1000.0,1000.0,0.0,9000.0,2023-02-01
CUS_0xb220_2023_01_01,CUS_0xb220,2023-01-01,10,2,10000,1000.0,0.0,1000.0,9000.0,2023-03-01
CUS_0xb220_2023_01_01,CUS_0xb220,2023-01-01,10,3,10000,1000.0,0.0,2000.0,9000.0,2023-04-01
CUS_0xb220_2023_01_01,CUS_0xb220,2023-01-01,10,4,10000,1000.0,3000.0,0.0,6000.0,2023-05-01
CUS_0xb220_2023_01_01,CUS_0xb220,2023-01-01,10,5,10000,1000.0,0.0,1000.0,6000.0,2023-06-01
CUS_0xb220_2023_01_01,CUS_0xb220,2023-01-01,10,6,10000,1000.0,0.0,2000.0,6000.0,2023-07-01
CUS_0xb220_2023_01_01,CUS_0xb220,2023-01-01,10,7,10000,1000.0,0.0,3000.0,6000.0,2023-08-01
CUS_0xb220_2023_01_01,CUS_0xb220,2023-01-01,10,8,10000,1000.0,0.0,4000.0,6000.0,2023-09-01
CUS_0xb220_2023_01_01,CUS_0xb220,2023-01-01,10,9,10000,1000.0,0.0,5000.0,6000.0,2023-10-01
CUS_0xb220_2023_01_01,CUS_0xb220,2023-01-01,10,10,10000,1000.0,0.0,6000.0,6000.0,2023-11-01
CUS_0xb2d5_2024_02_01,CUS_0xb2d5,2024-02-01,10,0,10000,0.0,0.0,0.0,10000.0,2024-02-01
CUS_0xb2d5_2024_02_01,CUS_0xb2d5,2024-02-01,10,1,10000,1000.0,1000.0,0.0,9000.0,2024-03-01
CUS_0xb2d5_2024_02_01,CUS_0xb2d5,2024-02-01,10,2,10000,1000.0,1000.0,0.0,8000.0,2024-04-01
CUS_0xb2d5_2024_02_01,CUS_0xb2d5,2024-02-01,10,3,10000,1000.0,1000.0,0.0,7000.0,2024-05-01
CUS_0xb2d5_2024_02_01,CUS_0xb2d5,2024-02-01,10,4,10000,1000.0,1000.0,0.0,6000.0,2024-06-01
CUS_0xb2d5_2024_02_01,CUS_0xb2d5,2024-02-01,10,5,10000,1000.0,1000.0,0.0,5000.0,2024-07-01
CUS_0xb2d5_2024_02_01,CUS_0xb2d5,2024-02-01,10,6,10000,1000.0,1000.0,0.0,4000.0,2024-08-01
CUS_0xb2d5_2024_02_01,CUS_0xb2d5,2024-02-01,10,7,10000,1000.0,1000.0,0.0,3000.0,2024-09-01
CUS_0xb2d5_2024_02_01,CUS_0xb2d5,2024-02-01,10,8,10000,1000.0,1000.0,0.0,2000.0,2024-10-01
CUS_0xb2d5_2024_02_01,CUS_0xb2d5,2024-02-01,10,9,10000,1000.0,1000.0,0.0,1000.0,2024-11-01
CUS_0xb2d5_2024_02_01,CUS_0xb2d5,2024-02-01,10,10,10000,1000.0,1000.0,0.0,0.0,2024-12-01
CUS_0xb33a_2023_04_01,CUS_0xb33a,2023-04-01,10,0,10000,0.0,0.0,0.0,10000.0,2023-04-01
CUS_0xb33a_2023_04_01,CUS_0xb33a,2023-04-01,10,1,10000,1000.0,1000.0,0.0,9000.0,2023-05-01
CUS_0xb33a_2023_04_01,CUS_0xb33a,2023-04-01,10,2,10000,1000.0,1000.0,0.0,8000.0,2023-06-01
CUS_0xb33a_2023_04_01,CUS_0xb33a,2023-04-01,10,3,10000,1000.0,1000.0,0.0,7000.0,2023-07-01
CUS_0xb33a_2023_04_01,CUS_0xb33a,2023-04-01,10,4,10000,1000.0,1000.0,0.0,6000.0,2023-08-01
CUS_0xb33a_2023_04_01,CUS_0xb33a,2023-04-01,10,5,10000,1000.0,1000.0,0.0,5000.0,2023-09-01
CUS_0xb33a_2023_04_01,CUS_0xb33a,2023-04-01,10,6,10000,1000.0,1000.0,0.0,4000.0,2023-10-01
CUS_0xb33a_2023_04_01,CUS_0xb33a,2023-04-01,10,7,10000,1000.0,1000.0,0.0,3000.0,2023-11-01
CUS_0xb33a_2023_04_01,CUS_0xb33a,2023-04-01,10,8,10000,1000.0,1000.0,0.0,2000.0,2023-12-01
CUS_0xb33a_2023_04_01,CUS_0xb33a,2023-04-01,10,9,10000,1000.0,1000.0,0.0,1000.0,2024-01-01
CUS_0xb33a_2023_04_01,CUS_0xb33a,2023-04-01,10,10,10000,1000.0,1000.0,0.0,0.0,2024-02-01
CUS_0xb340_2024_06_01,CUS_0xb340,2024-06-01,10,0,10000,0.0,0.0,0.0,10000.0,2024-06-01
CUS_0xb340_2024_06_01,CUS_0xb340,2024-06-01,10,1,10000,1000.0,1000.0,0.0,9000.0,2024-07-01
CUS_0xb340_2024_06_01,CUS_0xb340,2024-06-01,10,2,10000,1000.0,1000.0,0.0,8000.0,2024-08-01
CUS_0xb340_2024_06_01,CUS_0xb340,2024-06-01,10,3,10000,1000.0,1000.0,0.0,7000.0,2024-09-01
CUS_0xb340_2024_06_01,CUS_0xb340,2024-06-01,10,4,10000,1000.0,1000.0,0.0,6000.0,2024-10-01
CUS_0xb340_2024_06_01,CUS_0xb340,2024-06-01,10,5,10000,1000.0,1000.0,0.0,5000.0,2024-11-01
CUS_0xb340_2024_06_01,CUS_0xb340,2024-06-01,10,6,10000,1000.0,1000.0,0.0,4000.0,2024-12-01
CUS_0xb340_2024_06_01,CUS_0xb340,2024-06-01,10,7,10000,1000.0,1000.0,0.0,3000.0,2025-01-01
CUS_0xb340_2024_06_01,CUS_0xb340,2024-06-01,10,8,10000,1000.0,1000.0,0.0,2000.0,2025-02-01
CUS_0xb340_2024_06_01,CUS_0xb340,2024-06-01,10,9,10000,1000.0,1000.0,0.0,1000.0,2025-03-01
CUS_0xb340_2024_06_01,CUS_0xb340,2024-06-01,10,10,10000,1000.0,1000.0,0.0,0.0,2025-04-01
CUS_0xb369_2024_07_01,CUS_0xb369,2024-07-01,10,0,10000,0.0,0.0,0.0,10000.0,2024-07-01
CUS_0xb369_2024_07_01,CUS_0xb369,2024-07-01,10,1,10000,1000.0,1000.0,0.0,9000.0,2024-08-01
CUS_0xb369_2024_07_01,CUS_0xb369,2024-07-01,10,2,10000,1000.0,1000.0,0.0,8000.0,2024-09-01
CUS_0xb369_2024_07_01,CUS_0xb369,2024-07-01,10,3,10000,1000.0,1000.0,0.0,7000.0,2024-10-01
CUS_0xb369_2024_07_01,CUS_0xb369,2024-07-01,10,4,10000,1000.0,1000.0,0.0,6000.0,2024-11-01
CUS_0xb369_2024_07_01,CUS_0xb369,2024-07-01,10,5,10000,1000.0,1000.0,0.0,5000.0,2024-12-01
CUS_0xb369_2024_07_01,CUS_0xb369,2024-07-01,10,6,10000,1000.0,1000.0,0.0,4000.0,2025-01-01
CUS_0xb369_2024_07_01,CUS_0xb369,2024-07-01,10,7,10000,1000.0,1000.0,0.0,3000.0,2025-02-01
CUS_0xb369_2024_07_01,CUS_0xb369,2024-07-01,10,8,10000,1000.0,1000.0,0.0,2000.0,2025-03-01
CUS_0xb369_2024_07_01,CUS_0xb369,2024-07-01,10,9,10000,1000.0,1000.0,0.0,1000.0,2025-04-01
CUS_0xb369_2024_07_01,CUS_0xb369,2024-07-01,10,10,10000,1000.0,1000.0,0.0,0.0,2025-05-01
CUS_0xb3bd_2023_11_01,CUS_0xb3bd,2023-11-01,10,0,10000,0.0,0.0,0.0,10000.0,2023-11-01
CUS_0xb3bd_2023_11_01,CUS_0xb3bd,2023-11-01,10,1,10000,1000.0,1000.0,0.0,9000.0,2023-12-01
CUS_0xb3bd_2023_11_01,CUS_0xb3bd,2023-11-01,10,2,10000,1000.0,1000.0,0.0,8000.0,2024-01-01
CUS_0xb3bd_2023_11_01,CUS_0xb3bd,2023-11-01,10,3,10000,1000.0,1000.0,0.0,7000.0,2024-02-01
CUS_0xb3bd_2023_11_01,CUS_0xb3bd,2023-11-01,10,4,10000,1000.0,1000.0,0.0,6000.0,2024-03-01
CUS_0xb3bd_2023_11_01,CUS_0xb3bd,2023-11-01,10,5,10000,1000.0,1000.0,0.0,5000.0,2024-04-01
CUS_0xb3bd_2023_11_01,CUS_0xb3bd,2023-11-01,10,6,10000,1000.0,1000.0,0.0,4000.0,2024-05-01
CUS_0xb3bd_2023_11_01,CUS_0xb3bd,2023-11-01,10,7,10000,1000.0,1000.0,0.0,3000.0,2024-06-01
CUS_0xb3bd_2023_11_01,CUS_0xb3bd,2023-11-01,10,8,10000,1000.0,1000.0,0.0,2000.0,2024-07-01
CUS_0xb3bd_2023_11_01,CUS_0xb3bd,2023-11-01,10,9,10000,1000.0,1000.0,0.0,1000.0,2024-08-01
CUS_0xb3bd_2023_11_01,CUS_0xb3bd,2023-11-01,10,10,10000,1000.0,1000.0,0.0,0.0,2024-09-01
CUS_0xb3e3_2024_08_01,CUS_0xb3e3,2024-08-01,10,0,10000,0.0,0.0,0.0,10000.0,2024-08-01
CUS_0xb3e3_2024_08_01,CUS_0xb3e3,2024-08-01,10,1,10000,1000.0,1000.0,0.0,9000.0,2024-09-01
CUS_0xb3e3_2024_08_01,CUS_0xb3e3,2024-08-01,10,2,10000,1000.0,1000.0,0.0,8000.0,2024-10-01
CUS_0xb3e3_2024_08_01,CUS_0xb3e3,2024-08-01,10,3,10000,1000.0,1000.0,0.0,7000.0,2024-11-01
CUS_0xb3e3_2024_08_01,CUS_0xb3e3,2024-08-01,10,4,10000,1000.0,1000.0,0.0,6000.0,2024-12-01
CUS_0xb3e3_2024_08_01,CUS_0xb3e3,2024-08-01,10,5,10000,1000.0,1000.0,0.0,5000.0,2025-01-01
CUS_0xb3e3_2024_08_01,CUS_0xb3e3,2024-08-01,10,6,10000,1000.0,1000.0,0.0,4000.0,2025-02-01
CUS_0xb3e3_2024_08_01,CUS_0xb3e3,2024-08-01,10,7,10000,1000.0,1000.0,0.0,3000.0,2025-03-01
CUS_0xb3e3_2024_08_01,CUS_0xb3e3,2024-08-01,10,8,10000,1000.0,1000.0,0.0,2000.0,2025-04-01
CUS_0xb3e3_2024_08_01,CUS_0xb3e3,2024-08-01,10,9,10000,1000.0,1000.0,0.0,1000.0,2025-05-01
CUS_0xb3e3_2024_08_01,CUS_0xb3e3,2024-08-01,10,10,10000,1000.0,1000.0,0.0,0.0,2025-06-01
CUS_0xb40d_2024_03_01,CUS_0xb40d,2024-03-01,10,0,10000,0.0,0.0,0.0,10000.0,2024-03-01
CUS_0xb40d_2024_03_01,CUS_0xb40d,2024-03-01,10,1,10000,1000.0,1000.0,0.0,9000.0,2024-04-01
CUS_0xb40d_2024_03_01,CUS_0xb40d,2024-03-01,10,2,10000,1000.0,1000.0,0.0,8000.0,2024-05-01
CUS_0xb40d_2024_03_01,CUS_0xb40d,2024-03-01,10,3,10000,1000.0,1000.0,0.0,7000.0,2024-06-01
CUS_0xb40d_2024_03_01,CUS_0xb40d,2024-03-01,10,4,10000,1000.0,1000.0,0.0,6000.0,2024-07-01
CUS_0xb40d_2024_03_01,CUS_0xb40d,2024-03-01,10,5,10000,1000.0,1000.0,0.0,5000.0,2024-08-01
CUS_0xb40d_2024_03_01,CUS_0xb40d,2024-03-01,10,6,10000,1000.0,1000.0,0.0,4000.0,2024-09-01
CUS_0xb40d_2024_03_01,CUS_0xb40d,2024-03-01,10,7,10000,1000.0,1000.0,0.0,3000.0,2024-10-01
CUS_0xb40d_2024_03_01,CUS_0xb40d,2024-03-01,10,8,10000,1000.0,1000.0,0.0,2000.0,2024-11-01
CUS_0xb40d_2024_03_01,CUS_0xb40d,2024-03-01,10,9,10000,1000.0,1000.0,0.0,1000.0,2024-12-01
CUS_0xb40d_2024_03_01,CUS_0xb40d,2024-03-01,10,10,10000,1000.0,1000.0,0.0,0.0,2025-01-01
CUS_0xb43_2024_07_01,CUS_0xb43,2024-07-01,10,0,10000,0.0,0.0,0.0,10000.0,2024-07-01
CUS_0xb43_2024_07_01,CUS_0xb43,2024-07-01,10,1,10000,1000.0,1000.0,0.0,9000.0,2024-08-01
CUS_0xb43_2024_07_01,CUS_0xb43,2024-07-01,10,2,10000,1000.0,1000.0,0.0,8000.0,2024-09-01
CUS_0xb43_2024_07_01,CUS_0xb43,2024-07-01,10,3,10000,1000.0,1000.0,0.0,7000.0,2024-10-01
CUS_0xb43_2024_07_01,CUS_0xb43,2024-07-01,10,4,10000,1000.0,1000.0,0.0,6000.0,2024-11-01
CUS_0xb43_2024_07_01,CUS_0xb43,2024-07-01,10,5,10000,1000.0,0.0,1000.0,6000.0,2024-12-01
CUS_0xb43_2024_07_01,CUS_0xb43,2024-07-01,10,6,10000,1000.0,0.0,2000.0,6000.0,2025-01-01
CUS_0xb43_2024_07_01,CUS_0xb43,2024-07-01,10,7,10000,1000.0,0.0,3000.0,6000.0,2025-02-01
CUS_0xb43_2024_07_01,CUS_0xb43,2024-07-01,10,8,10000,1000.0,0.0,4000.0,6000.0,2025-03-01
CUS_0xb43_2024_07_01,CUS_0xb43,2024-07-01,10,9,10000,1000.0,0.0,5000.0,6000.0,2025-04-01
CUS_0xb43_2024_07_01,CUS_0xb43,2024-07-01,10,10,10000,1000.0,0.0,6000.0,6000.0,2025-05-01
CUS_0xb453_2024_10_01,CUS_0xb453,2024-10-01,10,0,10000,0.0,0.0,0.0,10000.0,2024-10-01
CUS_0xb453_2024_10_01,CUS_0xb453,2024-10-01,10,1,10000,1000.0,1000.0,0.0,9000.0,2024-11-01
CUS_0xb453_2024_10_01,CUS_0xb453,2024-10-01,10,2,10000,1000.0,1000.0,0.0,8000.0,2024-12-01
CUS_0xb453_2024_10_01,CUS_0xb453,2024-10-01,10,3,10000,1000.0,1000.0,0.0,7000.0,2025-01-01
CUS_0xb453_2024_10_01,CUS_0xb453,2024-10-01,10,4,10000,1000.0,1000.0,0.0,6000.0,2025-02-01
CUS_0xb453_2024_10_01,CUS_0xb453,2024-10-01,10,5,10000,1000.0,1000.0,0.0,5000.0,2025-03-01
CUS_0xb453_2024_10_01,CUS_0xb453,2024-10-01,10,6,10000,1000.0,1000.0,0.0,4000.0,2025-04-01
CUS_0xb453_2024_10_01,CUS_0xb453,2024-10-01,10,7,10000,1000.0,1000.0,0.0,3000.0,2025-05-01
CUS_0xb453_2024_10_01,CUS_0xb453,2024-10-01,10,8,10000,1000.0,1000.0,0.0,2000.0,2025-06-01
CUS_0xb453_2024_10_01,CUS_0xb453,2024-10-01,10,9,10000,1000.0,1000.0,0.0,1000.0,2025-07-01
CUS_0xb453_2024_10_01,CUS_0xb453,2024-10-01,10,10,10000,1000.0,1000.0,0.0,0.0,2025-08-01
CUS_0xb46_2023_01_01,CUS_0xb46,2023-01-01,10,0,10000,0.0,0.0,0.0,10000.0,2023-01-01
CUS_0xb46_2023_01_01,CUS_0xb46,2023-01-01,10,1,10000,1000.0,1000.0,0.0,9000.0,2023-02-01
CUS_0xb46_2023_01_01,CUS_0xb46,2023-01-01,10,2,10000,1000.0,1000.0,0.0,8000.0,2023-03-01
CUS_0xb46_2023_01_01,CUS_0xb46,2023-01-01,10,3,10000,1000.0,1000.0,0.0,7000.0,2023-04-01
CUS_0xb46_2023_01_01,CUS_0xb46,2023-01-01,10,4,10000,1000.0,1000.0,0.0,6000.0,2023-05-01
CUS_0xb46_2023_01_01,CUS_0xb46,2023-01-01,10,5,10000,1000.0,1000.0,0.0,5000.0,2023-06-01
CUS_0xb46_2023_01_01,CUS_0xb46,2023-01-01,10,6,10000,1000.0,1000.0,0.0,4000.0,2023-07-01
CUS_0xb46_2023_01_01,CUS_0xb46,2023-01-01,10,7,10000,1000.0,1000.0,0.0,3000.0,2023-08-01
CUS_0xb46_2023_01_01,CUS_0xb46,2023-01-01,10,8,10000,1000.0,1000.0,0.0,2000.0,2023-09-01
CUS_0xb46_2023_01_01,CUS_0xb46,2023-01-01,10,9,10000,1000.0,1000.0,0.0,1000.0,2023-10-01
CUS_0xb46_2023_01_01,CUS_0xb46,2023-01-01,10,10,10000,1000.0,1000.0,0.0,0.0,2023-11-01
CUS_0xb481_2024_03_01,CUS_0xb481,2024-03-01,10,0,10000,0.0,0.0,0.0,10000.0,2024-03-01
CUS_0xb481_2024_03_01,CUS_0xb481,2024-03-01,10,1,10000,1000.0,1000.0,0.0,9000.0,2024-04-01
CUS_0xb481_2024_03_01,CUS_0xb481,2024-03-01,10,2,10000,1000.0,1000.0,0.0,8000.0,2024-05-01
CUS_0xb481_2024_03_01,CUS_0xb481,2024-03-01,10,3,10000,1000.0,1000.0,0.0,7000.0,2024-06-01
CUS_0xb481_2024_03_01,CUS_0xb481,2024-03-01,10,4,10000,1000.0,1000.0,0.0,6000.0,2024-07-01
CUS_0xb481_2024_03_01,CUS_0xb481,2024-03-01,10,5,10000,1000.0,1000.0,0.0,5000.0,2024-08-01
CUS_0xb481_2024_03_01,CUS_0xb481,2024-03-01,10,6,10000,1000.0,1000.0,0.0,4000.0,2024-09-01
CUS_0xb481_2024_03_01,CUS_0xb481,2024-03-01,10,7,10000,1000.0,1000.0,0.0,3000.0,2024-10-01
CUS_0xb481_2024_03_01,CUS_0xb481,2024-03-01,10,8,10000,1000.0,1000.0,0.0,2000.0,2024-11-01
CUS_0xb481_2024_03_01,CUS_0xb481,2024-03-01,10,9,10000,1000.0,1000.0,0.0,1000.0,2024-12-01
CUS_0xb481_2024_03_01,CUS_0xb481,2024-03-01,10,10,10000,1000.0,1000.0,0.0,0.0,2025-01-01
CUS_0xb4b7_2024_02_01,CUS_0xb4b7,2024-02-01,10,0,10000,0.0,0.0,0.0,10000.0,2024-02-01
CUS_0xb4b7_2024_02_01,CUS_0xb4b7,2024-02-01,10,1,10000,1000.0,1000.0,0.0,9000.0,2024-03-01
CUS_0xb4b7_2024_02_01,CUS_0xb4b7,2024-02-01,10,2,10000,1000.0,1000.0,0.0,8000.0,2024-04-01
CUS_0xb4b7_2024_02_01,CUS_0xb4b7,2024-02-01,10,3,10000,1000.0,0.0,1000.0,8000.0,2024-05-01
CUS_0xb4b7_2024_02_01,CUS_0xb4b7,2024-02-01,10,4,10000,1000.0,0.0,2000.0,8000.0,2024-06-01
CUS_0xb4b7_2024_02_01,CUS_0xb4b7,2024-02-01,10,5,10000,1000.0,0.0,3000.0,8000.0,2024-07-01
CUS_0xb4b7_2024_02_01,CUS_0xb4b7,2024-02-01,10,6,10000,1000.0,0.0,4000.0,8000.0,2024-08-01
CUS_0xb4b7_2024_02_01,CUS_0xb4b7,2024-02-01,10,7,10000,1000.0,0.0,5000.0,8000.0,2024-09-01
CUS_0xb4b7_2024_02_01,CUS_0xb4b7,2024-02-01,10,8,10000,1000.0,0.0,6000.0,8000.0,2024-10-01
CUS_0xb4b7_2024_02_01,CUS_0xb4b7,2024-02-01,10,9,10000,1000.0,0.0,7000.0,8000.0,2024-11-01
CUS_0xb4b7_2024_02_01,CUS_0xb4b7,2024-02-01,10,10,10000,1000.0,0.0,8000.0,8000.0,2024-12-01
CUS_0xb4cb_2024_12_01,CUS_0xb4cb,2024-12-01,10,0,10000,0.0,0.0,0.0,10000.0,2024-12-01
CUS_0xb4cb_2024_12_01,CUS_0xb4cb,2024-12-01,10,1,10000,1000.0,1000.0,0.0,9000.0,2025-01-01
CUS_0xb4cb_2024_12_01,CUS_0xb4cb,2024-12-01,10,2,10000,1000.0,1000.0,0.0,8000.0,2025-02-01
CUS_0xb4cb_2024_12_01,CUS_0xb4cb,2024-12-01,10,3,10000,1000.0,1000.0,0.0,7000.0,2025-03-01
CUS_0xb4cb_2024_12_01,CUS_0xb4cb,2024-12-01,10,4,10000,1000.0,1000.0,0.0,6000.0,2025-04-01
CUS_0xb4cb_2024_12_01,CUS_0xb4cb,2024-12-01,10,5,10000,1000.0,1000.0,0.0,5000.0,2025-05-01
CUS_0xb4cb_2024_12_01,CUS_0xb4cb,2024-12-01,10,6,10000,1000.0,1000.0,0.0,4000.0,2025-06-01
CUS_0xb4cb_2024_12_01,CUS_0xb4cb,2024-12-01,10,7,10000,1000.0,1000.0,0.0,3000.0,2025-07-01
CUS_0xb4cb_2024_12_01,CUS_0xb4cb,2024-12-01,10,8,10000,1000.0,1000.0,0.0,2000.0,2025-08-01
CUS_0xb4cb_2024_12_01,CUS_0xb4cb,2024-12-01,10,9,10000,1000.0,1000.0,0.0,1000.0,2025-09-01
CUS_0xb4cb_2024_12_01,CUS_0xb4cb,2024-12-01,10,10,10000,1000.0,1000.0,0.0,0.0,2025-10-01
CUS_0xb508_2023_03_01,CUS_0xb508,2023-03-01,10,0,10000,0.0,0.0,0.0,10000.0,2023-03-01
CUS_0xb508_2023_03_01,CUS_0xb508,2023-03-01,10,1,10000,1000.0,1000.0,0.0,9000.0,2023-04-01
CUS_0xb508_2023_03_01,CUS_0xb508,2023-03-01,10,2,10000,1000.0,1000.0,0.0,8000.0,2023-05-01
CUS_0xb508_2023_03_01,CUS_0xb508,2023-03-01,10,3,10000,1000.0,1000.0,0.0,7000.0,2023-06-01
CUS_0xb508_2023_03_01,CUS_0xb508,2023-03-01,10,4,10000,1000.0,0.0,1000.0,7000.0,2023-07-01
CUS_0xb508_2023_03_01,CUS_0xb508,2023-03-01,10,5,10000,1000.0,0.0,2000.0,7000.0,2023-08-01
CUS_0xb508_2023_03_01,CUS_0xb508,2023-03-01,10,6,10000,1000.0,0.0,3000.0,7000.0,2023-09-01
CUS_0xb508_2023_03_01,CUS_0xb508,2023-03-01,10,7,10000,1000.0,0.0,4000.0,7000.0,2023-10-01
CUS_0xb508_2023_03_01,CUS_0xb508,2023-03-01,10,8,10000,1000.0,0.0,5000.0,7000.0,2023-11-01
CUS_0xb508_2023_03_01,CUS_0xb508,2023-03-01,10,9,10000,1000.0,0.0,6000.0,7000.0,2023-12-01
CUS_0xb508_2023_03_01,CUS_0xb508,2023-03-01,10,10,10000,1000.0,0.0,7000.0,7000.0,2024-01-01
CUS_0xb538_2023_03_01,CUS_0xb538,2023-03-01,10,0,10000,0.0,0.0,0.0,10000.0,2023-03-01
CUS_0xb538_2023_03_01,CUS_0xb538,2023-03-01,10,1,10000,1000.0,1000.0,0.0,9000.0,2023-04-01
CUS_0xb538_2023_03_01,CUS_0xb538,2023-03-01,10,2,10000,1000.0,1000.0,0.0,8000.0,2023-05-01
CUS_0xb538_2023_03_01,CUS_0xb538,2023-03-01,10,3,10000,1000.0,1000.0,0.0,7000.0,2023-06-01
CUS_0xb538_2023_03_01,CUS_0xb538,2023-03-01,10,4,10000,1000.0,1000.0,0.0,6000.0,2023-07-01
CUS_0xb538_2023_03_01,CUS_0xb538,2023-03-01,10,5,10000,1000.0,1000.0,0.0,5000.0,2023-08-01
CUS_0xb538_2023_03_01,CUS_0xb538,2023-03-01,10,6,10000,1000.0,1000.0,0.0,4000.0,2023-09-01
CUS_0xb538_2023_03_01,CUS_0xb538,2023-03-01,10,7,10000,1000.0,1000.0,0.0,3000.0,2023-10-01
CUS_0xb538_2023_03_01,CUS_0xb538,2023-03-01,10,8,10000,1000.0,1000.0,0.0,2000.0,2023-11-01
CUS_0xb538_2023_03_01,CUS_0xb538,2023-03-01,10,9,10000,1000.0,1000.0,0.0,1000.0,2023-12-01
CUS_0xb538_2023_03_01,CUS_0xb538,2023-03-01,10,10,10000,1000.0,1000.0,0.0,0.0,2024-01-01
CUS_0xb53d_2024_02_01,CUS_0xb53d,2024-02-01,10,0,10000,0.0,0.0,0.0,10000.0,2024-02-01
CUS_0xb53d_2024_02_01,CUS_0xb53d,2024-02-01,10,1,10000,1000.0,1000.0,0.0,9000.0,2024-03-01
CUS_0xb53d_2024_02_01,CUS_0xb53d,2024-02-01,10,2,10000,1000.0,1000.0,0.0,8000.0,2024-04-01
CUS_0xb53d_2024_02_01,CUS_0xb53d,2024-02-01,10,3,10000,1000.0,1000.0,0.0,7000.0,2024-05-01
CUS_0xb53d_2024_02_01,CUS_0xb53d,2024-02-01,10,4,10000,1000.0,1000.0,0.0,6000.0,2024-06-01
CUS_0xb53d_2024_02_01,CUS_0xb53d,2024-02-01,10,5,10000,1000.0,1000.0,0.0,5000.0,2024-07-01
CUS_0xb53d_2024_02_01,CUS_0xb53d,2024-02-01,10,6,10000,1000.0,1000.0,0.0,4000.0,2024-08-01
CUS_0xb53d_2024_02_01,CUS_0xb53d,2024-02-01,10,7,10000,1000.0,1000.0,0.0,3000.0,2024-09-01
CUS_0xb53d_2024_02_01,CUS_0xb53d,2024-02-01,10,8,10000,1000.0,1000.0,0.0,2000.0,2024-10-01
CUS_0xb53d_2024_02_01,CUS_0xb53d,2024-02-01,10,9,10000,1000.0,1000.0,0.0,1000.0,2024-11-01
CUS_0xb53d_2024_02_01,CUS_0xb53d,2024-02-01,10,10,10000,1000.0,1000.0,0.0,0.0,2024-12-01
CUS_0xb53e_2024_02_01,CUS_0xb53e,2024-02-01,10,0,10000,0.0,0.0,0.0,10000.0,2024-02-01
CUS_0xb53e_2024_02_01,CUS_0xb53e,2024-02-01,10,1,10000,1000.0,1000.0,0.0,9000.0,2024-03-01
CUS_0xb53e_2024_02_01,CUS_0xb53e,2024-02-01,10,2,10000,1000.0,1000.0,0.0,8000.0,2024-04-01
CUS_0xb53e_2024_02_01,CUS_0xb53e,2024-02-01,10,3,10000,1000.0,1000.0,0.0,7000.0,2024-05-01
CUS_0xb53e_2024_02_01,CUS_0xb53e,2024-02-01,10,4,10000,1000.0,1000.0,0.0,6000.0,2024-06-01
CUS_0xb53e_2024_02_01,CUS_0xb53e,2024-02-01,10,5,10000,1000.0,1000.0,0.0,5000.0,2024-07-01
CUS_0xb53e_2024_02_01,CUS_0xb53e,2024-02-01,10,6,10000,1000.0,1000.0,0.0,4000.0,2024-08-01
CUS_0xb53e_2024_02_01,CUS_0xb53e,2024-02-01,10,7,10000,1000.0,1000.0,0.0,3000.0,2024-09-01
CUS_0xb53e_2024_02_01,CUS_0xb53e,2024-02-01,10,8,10000,1000.0,1000.0,0.0,2000.0,2024-10-01
CUS_0xb53e_2024_02_01,CUS_0xb53e,2024-02-01,10,9,10000,1000.0,1000.0,0.0,1000.0,2024-11-01
CUS_0xb53e_2024_02_01,CUS_0xb53e,2024-02-01,10,10,10000,1000.0,1000.0,0.0,0.0,2024-12-01
CUS_0xb586_2023_07_01,CUS_0xb586,2023-07-01,10,0,10000,0.0,0.0,0.0,10000.0,2023-07-01
CUS_0xb586_2023_07_01,CUS_0xb586,2023-07-01,10,1,10000,1000.0,1000.0,0.0,9000.0,2023-08-01
CUS_0xb586_2023_07_01,CUS_0xb586,2023-07-01,10,2,10000,1000.0,1000.0,0.0,8000.0,2023-09-01
CUS_0xb586_2023_07_01,CUS_0xb586,2023-07-01,10,3,10000,1000.0,1000.0,0.0,7000.0,2023-10-01
CUS_0xb586_2023_07_01,CUS_0xb586,2023-07-01,10,4,10000,1000.0,1000.0,0.0,6000.0,2023-11-01
CUS_0xb586_2023_07_01,CUS_0xb586,2023-07-01,10,5,10000,1000.0,1000.0,0.0,5000.0,2023-12-01
CUS_0xb586_2023_07_01,CUS_0xb586,2023-07-01,10,6,10000,1000.0,1000.0,0.0,4000.0,2024-01-01
CUS_0xb586_2023_07_01,CUS_0xb586,2023-07-01,10,7,10000,1000.0,1000.0,0.0,3000.0,2024-02-01
CUS_0xb586_2023_07_01,CUS_0xb586,2023-07-01,10,8,10000,1000.0,1000.0,0.0,2000.0,2024-03-01
CUS_0xb586_2023_07_01,CUS_0xb586,2023-07-01,10,9,10000,1000.0,1000.0,0.0,1000.0,2024-04-01
CUS_0xb586_2023_07_01,CUS_0xb586,2023-07-01,10,10,10000,1000.0,1000.0,0.0,0.0,2024-05-01
CUS_0xb63e_2023_04_01,CUS_0xb63e,2023-04-01,10,0,10000,0.0,0.0,0.0,10000.0,2023-04-01
CUS_0xb63e_2023_04_01,CUS_0xb63e,2023-04-01,10,1,10000,1000.0,1000.0,0.0,9000.0,2023-05-01
CUS_0xb63e_2023_04_01,CUS_0xb63e,2023-04-01,10,2,10000,1000.0,1000.0,0.0,8000.0,2023-06-01
CUS_0xb63e_2023_04_01,CUS_0xb63e,2023-04-01,10,3,10000,1000.0,1000.0,0.0,7000.0,2023-07-01
CUS_0xb63e_2023_04_01,CUS_0xb63e,2023-04-01,10,4,10000,1000.0,1000.0,0.0,6000.0,2023-08-01
CUS_0xb63e_2023_04_01,CUS_0xb63e,2023-04-01,10,5,10000,1000.0,1000.0,0.0,5000.0,2023-09-01
CUS_0xb63e_2023_04_01,CUS_0xb63e,2023-04-01,10,6,10000,1000.0,1000.0,0.0,4000.0,2023-10-01
CUS_0xb63e_2023_04_01,CUS_0xb63e,2023-04-01,10,7,10000,1000.0,1000.0,0.0,3000.0,2023-11-01
CUS_0xb63e_2023_04_01,CUS_0xb63e,2023-04-01,10,8,10000,1000.0,1000.0,0.0,2000.0,2023-12-01
CUS_0xb63e_2023_04_01,CUS_0xb63e,2023-04-01,10,9,10000,1000.0,1000.0,0.0,1000.0,2024-01-01
CUS_0xb63e_2023_04_01,CUS_0xb63e,2023-04-01,10,10,10000,1000.0,1000.0,0.0,0.0,2024-02-01
CUS_0xb645_2023_03_01,CUS_0xb645,2023-03-01,10,0,10000,0.0,0.0,0.0,10000.0,2023-03-01
CUS_0xb645_2023_03_01,CUS_0xb645,2023-03-01,10,1,10000,1000.0,1000.0,0.0,9000.0,2023-04-01
CUS_0xb645_2023_03_01,CUS_0xb645,2023-03-01,10,2,10000,1000.0,1000.0,0.0,8000.0,2023-05-01
CUS_0xb645_2023_03_01,CUS_0xb645,2023-03-01,10,3,10000,1000.0,1000.0,0.0,7000.0,2023-06-01
CUS_0xb645_2023_03_01,CUS_0xb645,2023-03-01,10,4,10000,1000.0,1000.0,0.0,6000.0,2023-07-01
CUS_0xb645_2023_03_01,CUS_0xb645,2023-03-01,10,5,10000,1000.0,1000.0,0.0,5000.0,2023-08-01
CUS_0xb645_2023_03_01,CUS_0xb645,2023-03-01,10,6,10000,1000.0,1000.0,0.0,4000.0,2023-09-01
CUS_0xb645_2023_03_01,CUS_0xb645,2023-03-01,10,7,10000,1000.0,1000.0,0.0,3000.0,2023-10-01
CUS_0xb645_2023_03_01,CUS_0xb645,2023-03-01,10,8,10000,1000.0,1000.0,0.0,2000.0,2023-11-01
CUS_0xb645_2023_03_01,CUS_0xb645,2023-03-01,10,9,10000,1000.0,1000.0,0.0,1000.0,2023-12-01
CUS_0xb645_2023_03_01,CUS_0xb645,2023-03-01,10,10,10000,1000.0,1000.0,0.0,0.0,2024-01-01
CUS_0xb749_2023_02_01,CUS_0xb749,2023-02-01,10,0,10000,0.0,0.0,0.0,10000.0,2023-02-01
CUS_0xb749_2023_02_01,CUS_0xb749,2023-02-01,10,1,10000,1000.0,0.0,1000.0,10000.0,2023-03-01
CUS_0xb749_2023_02_01,CUS_0xb749,2023-02-01,10,2,10000,1000.0,2000.0,0.0,8000.0,2023-04-01
CUS_0xb749_2023_02_01,CUS_0xb749,2023-02-01,10,3,10000,1000.0,0.0,1000.0,8000.0,2023-05-01
CUS_0xb749_2023_02_01,CUS_0xb749,2023-02-01,10,4,10000,1000.0,2000.0,0.0,6000.0,2023-06-01
CUS_0xb749_2023_02_01,CUS_0xb749,2023-02-01,10,5,10000,1000.0,0.0,1000.0,6000.0,2023-07-01
CUS_0xb749_2023_02_01,CUS_0xb749,2023-02-01,10,6,10000,1000.0,0.0,2000.0,6000.0,2023-08-01
CUS_0xb749_2023_02_01,CUS_0xb749,2023-02-01,10,7,10000,1000.0,0.0,3000.0,6000.0,2023-09-01
CUS_0xb749_2023_02_01,CUS_0xb749,2023-02-01,10,8,10000,1000.0,0.0,4000.0,6000.0,2023-10-01
CUS_0xb749_2023_02_01,CUS_0xb749,2023-02-01,10,9,10000,1000.0,0.0,5000.0,6000.0,2023-11-01
CUS_0xb749_2023_02_01,CUS_0xb749,2023-02-01,10,10,10000,1000.0,0.0,6000.0,6000.0,2023-12-01
CUS_0xb761_2023_11_01,CUS_0xb761,2023-11-01,10,0,10000,0.0,0.0,0.0,10000.0,2023-11-01
CUS_0xb761_2023_11_01,CUS_0xb761,2023-11-01,10,1,10000,1000.0,1000.0,0.0,9000.0,2023-12-01
CUS_0xb761_2023_11_01,CUS_0xb761,2023-11-01,10,2,10000,1000.0,1000.0,0.0,8000.0,2024-01-01
CUS_0xb761_2023_11_01,CUS_0xb761,2023-11-01,10,3,10000,1000.0,1000.0,0.0,7000.0,2024-02-01
CUS_0xb761_2023_11_01,CUS_0xb761,2023-11-01,10,4,10000,1000.0,1000.0,0.0,6000.0,2024-03-01
CUS_0xb761_2023_11_01,CUS_0xb761,2023-11-01,10,5,10000,1000.0,1000.0,0.0,5000.0,2024-04-01
CUS_0xb761_2023_11_01,CUS_0xb761,2023-11-01,10,6,10000,1000.0,1000.0,0.0,4000.0,2024-05-01
CUS_0xb761_2023_11_01,CUS_0xb761,2023-11-01,10,7,10000,1000.0,1000.0,0.0,3000.0,2024-06-01
CUS_0xb761_2023_11_01,CUS_0xb761,2023-11-01,10,8,10000,1000.0,1000.0,0.0,2000.0,2024-07-01
CUS_0xb761_2023_11_01,CUS_0xb761,2023-11-01,10,9,10000,1000.0,1000.0,0.0,1000.0,2024-08-01
CUS_0xb761_2023_11_01,CUS_0xb761,2023-11-01,10,10,10000,1000.0,1000.0,0.0,0.0,2024-09-01
CUS_0xb7b1_2024_12_01,CUS_0xb7b1,2024-12-01,10,0,10000,0.0,0.0,0.0,10000.0,2024-12-01
CUS_0xb7b1_2024_12_01,CUS_0xb7b1,2024-12-01,10,1,10000,1000.0,1000.0,0.0,9000.0,2025-01-01
CUS_0xb7b1_2024_12_01,CUS_0xb7b1,2024-12-01,10,2,10000,1000.0,1000.0,0.0,8000.0,2025-02-01
CUS_0xb7b1_2024_12_01,CUS_0xb7b1,2024-12-01,10,3,10000,1000.0,1000.0,0.0,7000.0,2025-03-01
CUS_0xb7b1_2024_12_01,CUS_0xb7b1,2024-12-01,10,4,10000,1000.0,1000.0,0.0,6000.0,2025-04-01
CUS_0xb7b1_2024_12_01,CUS_0xb7b1,2024-12-01,10,5,10000,1000.0,1000.0,0.0,5000.0,2025-05-01
CUS_0xb7b1_2024_12_01,CUS_0xb7b1,2024-12-01,10,6,10000,1000.0,1000.0,0.0,4000.0,2025-06-01
CUS_0xb7b1_2024_12_01,CUS_0xb7b1,2024-12-01,10,7,10000,1000.0,1000.0,0.0,3000.0,2025-07-01
CUS_0xb7b1_2024_12_01,CUS_0xb7b1,2024-12-01,10,8,10000,1000.0,1000.0,0.0,2000.0,2025-08-01
CUS_0xb7b1_2024_12_01,CUS_0xb7b1,2024-12-01,10,9,10000,1000.0,1000.0,0.0,1000.0,2025-09-01
CUS_0xb7b1_2024_12_01,CUS_0xb7b1,2024-12-01,10,10,10000,1000.0,1000.0,0.0,0.0,2025-10-01
CUS_0xb7d4_2024_01_01,CUS_0xb7d4,2024-01-01,10,0,10000,0.0,0.0,0.0,10000.0,2024-01-01
CUS_0xb7d4_2024_01_01,CUS_0xb7d4,2024-01-01,10,1,10000,1000.0,1000.0,0.0,9000.0,2024-02-01
CUS_0xb7d4_2024_01_01,CUS_0xb7d4,2024-01-01,10,2,10000,1000.0,1000.0,0.0,8000.0,2024-03-01
CUS_0xb7d4_2024_01_01,CUS_0xb7d4,2024-01-01,10,3,10000,1000.0,1000.0,0.0,7000.0,2024-04-01
CUS_0xb7d4_2024_01_01,CUS_0xb7d4,2024-01-01,10,4,10000,1000.0,1000.0,0.0,6000.0,2024-05-01
CUS_0xb7d4_2024_01_01,CUS_0xb7d4,2024-01-01,10,5,10000,1000.0,1000.0,0.0,5000.0,2024-06-01
CUS_0xb7d4_2024_01_01,CUS_0xb7d4,2024-01-01,10,6,10000,1000.0,1000.0,0.0,4000.0,2024-07-01
CUS_0xb7d4_2024_01_01,CUS_0xb7d4,2024-01-01,10,7,10000,1000.0,1000.0,0.0,3000.0,2024-08-01
CUS_0xb7d4_2024_01_01,CUS_0xb7d4,2024-01-01,10,8,10000,1000.0,1000.0,0.0,2000.0,2024-09-01
CUS_0xb7d4_2024_01_01,CUS_0xb7d4,2024-01-01,10,9,10000,1000.0,1000.0,0.0,1000.0,2024-10-01
CUS_0xb7d4_2024_01_01,CUS_0xb7d4,2024-01-01,10,10,10000,1000.0,1000.0,0.0,0.0,2024-11-01
CUS_0xb7d9_2024_12_01,CUS_0xb7d9,2024-12-01,10,0,10000,0.0,0.0,0.0,10000.0,2024-12-01
CUS_0xb7d9_2024_12_01,CUS_0xb7d9,2024-12-01,10,1,10000,1000.0,1000.0,0.0,9000.0,2025-01-01
CUS_0xb7d9_2024_12_01,CUS_0xb7d9,2024-12-01,10,2,10000,1000.0,1000.0,0.0,8000.0,2025-02-01
CUS_0xb7d9_2024_12_01,CUS_0xb7d9,2024-12-01,10,3,10000,1000.0,1000.0,0.0,7000.0,2025-03-01
CUS_0xb7d9_2024_12_01,CUS_0xb7d9,2024-12-01,10,4,10000,1000.0,1000.0,0.0,6000.0,2025-04-01
CUS_0xb7d9_2024_12_01,CUS_0xb7d9,2024-12-01,10,5,10000,1000.0,1000.0,0.0,5000.0,2025-05-01
CUS_0xb7d9_2024_12_01,CUS_0xb7d9,2024-12-01,10,6,10000,1000.0,1000.0,0.0,4000.0,2025-06-01
CUS_0xb7d9_2024_12_01,CUS_0xb7d9,2024-12-01,10,7,10000,1000.0,1000.0,0.0,3000.0,2025-07-01
CUS_0xb7d9_2024_12_01,CUS_0xb7d9,2024-12-01,10,8,10000,1000.0,1000.0,0.0,2000.0,2025-08-01
CUS_0xb7d9_2024_12_01,CUS_0xb7d9,2024-12-01,10,9,10000,1000.0,1000.0,0.0,1000.0,2025-09-01
CUS_0xb7d9_2024_12_01,CUS_0xb7d9,2024-12-01,10,10,10000,1000.0,1000.0,0.0,0.0,2025-10-01
CUS_0xb7ef_2024_12_01,CUS_0xb7ef,2024-12-01,10,0,10000,0.0,0.0,0.0,10000.0,2024-12-01
CUS_0xb7ef_2024_12_01,CUS_0xb7ef,2024-12-01,10,1,10000,1000.0,1000.0,0.0,9000.0,2025-01-01
CUS_0xb7ef_2024_12_01,CUS_0xb7ef,2024-12-01,10,2,10000,1000.0,1000.0,0.0,8000.0,2025-02-01
CUS_0xb7ef_2024_12_01,CUS_0xb7ef,2024-12-01,10,3,10000,1000.0,1000.0,0.0,7000.0,2025-03-01
CUS_0xb7ef_2024_12_01,CUS_0xb7ef,2024-12-01,10,4,10000,1000.0,1000.0,0.0,6000.0,2025-04-01
CUS_0xb7ef_2024_12_01,CUS_0xb7ef,2024-12-01,10,5,10000,1000.0,1000.0,0.0,5000.0,2025-05-01
CUS_0xb7ef_2024_12_01,CUS_0xb7ef,2024-12-01,10,6,10000,1000.0,1000.0,0.0,4000.0,2025-06-01
CUS_0xb7ef_2024_12_01,CUS_0xb7ef,2024-12-01,10,7,10000,1000.0,1000.0,0.0,3000.0,2025-07-01
CUS_0xb7ef_2024_12_01,CUS_0xb7ef,2024-12-01,10,8,10000,1000.0,1000.0,0.0,2000.0,2025-08-01
CUS_0xb7ef_2024_12_01,CUS_0xb7ef,2024-12-01,10,9,10000,1000.0,1000.0,0.0,1000.0,2025-09-01
CUS_0xb7ef_2024_12_01,CUS_0xb7ef,2024-12-01,10,10,10000,1000.0,1000.0,0.0,0.0,2025-10-01
CUS_0xb807_2024_08_01,CUS_0xb807,2024-08-01,10,0,10000,0.0,0.0,0.0,10000.0,2024-08-01
CUS_0xb807_2024_08_01,CUS_0xb807,2024-08-01,10,1,10000,1000.0,1000.0,0.0,9000.0,2024-09-01
CUS_0xb807_2024_08_01,CUS_0xb807,2024-08-01,10,2,10000,1000.0,1000.0,0.0,8000.0,2024-10-01
CUS_0xb807_2024_08_01,CUS_0xb807,2024-08-01,10,3,10000,1000.0,0.0,1000.0,8000.0,2024-11-01
CUS_0xb807_2024_08_01,CUS_0xb807,2024-08-01,10,4,10000,1000.0,2000.0,0.0,6000.0,2024-12-01
CUS_0xb807_2024_08_01,CUS_0xb807,2024-08-01,10,5,10000,1000.0,0.0,1000.0,6000.0,2025-01-01
CUS_0xb807_2024_08_01,CUS_0xb807,2024-08-01,10,6,10000,1000.0,0.0,2000.0,6000.0,2025-02-01
CUS_0xb807_2024_08_01,CUS_0xb807,2024-08-01,10,7,10000,1000.0,0.0,3000.0,6000.0,2025-03-01
CUS_0xb807_2024_08_01,CUS_0xb807,2024-08-01,10,8,10000,1000.0,0.0,4000.0,6000.0,2025-04-01
CUS_0xb807_2024_08_01,CUS_0xb807,2024-08-01,10,9,10000,1000.0,0.0,5000.0,6000.0,2025-05-01
CUS_0xb807_2024_08_01,CUS_0xb807,2024-08-01,10,10,10000,1000.0,0.0,6000.0,6000.0,2025-06-01
CUS_0xb808_2024_02_01,CUS_0xb808,2024-02-01,10,0,10000,0.0,0.0,0.0,10000.0,2024-02-01
CUS_0xb808_2024_02_01,CUS_0xb808,2024-02-01,10,1,10000,1000.0,1000.0,0.0,9000.0,2024-03-01
CUS_0xb808_2024_02_01,CUS_0xb808,2024-02-01,10,2,10000,1000.0,1000.0,0.0,8000.0,2024-04-01
CUS_0xb808_2024_02_01,CUS_0xb808,2024-02-01,10,3,10000,1000.0,1000.0,0.0,7000.0,2024-05-01
CUS_0xb808_2024_02_01,CUS_0xb808,2024-02-01,10,4,10000,1000.0,1000.0,0.0,6000.0,2024-06-01
CUS_0xb808_2024_02_01,CUS_0xb808,2024-02-01,10,5,10000,1000.0,1000.0,0.0,5000.0,2024-07-01
CUS_0xb808_2024_02_01,CUS_0xb808,2024-02-01,10,6,10000,1000.0,1000.0,0.0,4000.0,2024-08-01
CUS_0xb808_2024_02_01,CUS_0xb808,2024-02-01,10,7,10000,1000.0,1000.0,0.0,3000.0,2024-09-01
CUS_0xb808_2024_02_01,CUS_0xb808,2024-02-01,10,8,10000,1000.0,1000.0,0.0,2000.0,2024-10-01
CUS_0xb808_2024_02_01,CUS_0xb808,2024-02-01,10,9,10000,1000.0,1000.0,0.0,1000.0,2024-11-01
CUS_0xb808_2024_02_01,CUS_0xb808,2024-02-01,10,10,10000,1000.0,1000.0,0.0,0.0,2024-12-01
CUS_0xb8c_2024_03_01,CUS_0xb8c,2024-03-01,10,0,10000,0.0,0.0,0.0,10000.0,2024-03-01
CUS_0xb8c_2024_03_01,CUS_0xb8c,2024-03-01,10,1,10000,1000.0,1000.0,0.0,9000.0,2024-04-01
CUS_0xb8c_2024_03_01,CUS_0xb8c,2024-03-01,10,2,10000,1000.0,0.0,1000.0,9000.0,2024-05-01
CUS_0xb8c_2024_03_01,CUS_0xb8c,2024-03-01,10,3,10000,1000.0,0.0,2000.0,9000.0,2024-06-01
CUS_0xb8c_2024_03_01,CUS_0xb8c,2024-03-01,10,4,10000,1000.0,0.0,3000.0,9000.0,2024-07-01
CUS_0xb8c_2024_03_01,CUS_0xb8c,2024-03-01,10,5,10000,1000.0,0.0,4000.0,9000.0,2024-08-01
CUS_0xb8c_2024_03_01,CUS_0xb8c,2024-03-01,10,6,10000,1000.0,0.0,5000.0,9000.0,2024-09-01
CUS_0xb8c_2024_03_01,CUS_0xb8c,2024-03-01,10,7,10000,1000.0,0.0,6000.0,9000.0,2024-10-01
CUS_0xb8c_2024_03_01,CUS_0xb8c,2024-03-01,10,8,10000,1000.0,0.0,7000.0,9000.0,2024-11-01
CUS_0xb8c_2024_03_01,CUS_0xb8c,2024-03-01,10,9,10000,1000.0,0.0,8000.0,9000.0,2024-12-01
CUS_0xb8c_2024_03_01,CUS_0xb8c,2024-03-01,10,10,10000,1000.0,0.0,9000.0,9000.0,2025-01-01
CUS_0xb8d4_2023_03_01,CUS_0xb8d4,2023-03-01,10,0,10000,0.0,0.0,0.0,10000.0,2023-03-01
CUS_0xb8d4_2023_03_01,CUS_0xb8d4,2023-03-01,10,1,10000,1000.0,1000.0,0.0,9000.0,2023-04-01
CUS_0xb8d4_2023_03_01,CUS_0xb8d4,2023-03-01,10,2,10000,1000.0,1000.0,0.0,8000.0,2023-05-01
CUS_0xb8d4_2023_03_01,CUS_0xb8d4,2023-03-01,10,3,10000,1000.0,1000.0,0.0,7000.0,2023-06-01
CUS_0xb8d4_2023_03_01,CUS_0xb8d4,2023-03-01,10,4,10000,1000.0,1000.0,0.0,6000.0,2023-07-01
CUS_0xb8d4_2023_03_01,CUS_0xb8d4,2023-03-01,10,5,10000,1000.0,1000.0,0.0,5000.0,2023-08-01
CUS_0xb8d4_2023_03_01,CUS_0xb8d4,2023-03-01,10,6,10000,1000.0,1000.0,0.0,4000.0,2023-09-01
CUS_0xb8d4_2023_03_01,CUS_0xb8d4,2023-03-01,10,7,10000,1000.0,1000.0,0.0,3000.0,2023-10-01
CUS_0xb8d4_2023_03_01,CUS_0xb8d4,2023-03-01,10,8,10000,1000.0,1000.0,0.0,2000.0,2023-11-01
CUS_0xb8d4_2023_03_01,CUS_0xb8d4,2023-03-01,10,9,10000,1000.0,1000.0,0.0,1000.0,2023-12-01
CUS_0xb8d4_2023_03_01,CUS_0xb8d4,2023-03-01,10,10,10000,1000.0,1000.0,0.0,0.0,2024-01-01
CUS_0xb8f6_2023_06_01,CUS_0xb8f6,2023-06-01,10,0,10000,0.0,0.0,0.0,10000.0,2023-06-01
CUS_0xb8f6_2023_06_01,CUS_0xb8f6,2023-06-01,10,1,10000,1000.0,1000.0,0.0,9000.0,2023-07-01
CUS_0xb8f6_2023_06_01,CUS_0xb8f6,2023-06-01,10,2,10000,1000.0,1000.0,0.0,8000.0,2023-08-01
CUS_0xb8f6_2023_06_01,CUS_0xb8f6,2023-06-01,10,3,10000,1000.0,1000.0,0.0,7000.0,2023-09-01
CUS_0xb8f6_2023_06_01,CUS_0xb8f6,2023-06-01,10,4,10000,1000.0,1000.0,0.0,6000.0,2023-10-01
CUS_0xb8f6_2023_06_01,CUS_0xb8f6,2023-06-01,10,5,10000,1000.0,1000.0,0.0,5000.0,2023-11-01
CUS_0xb8f6_2023_06_01,CUS_0xb8f6,2023-06-01,10,6,10000,1000.0,1000.0,0.0,4000.0,2023-12-01
CUS_0xb8f6_2023_06_01,CUS_0xb8f6,2023-06-01,10,7,10000,1000.0,1000.0,0.0,3000.0,2024-01-01
CUS_0xb8f6_2023_06_01,CUS_0xb8f6,2023-06-01,10,8,10000,1000.0,1000.0,0.0,2000.0,2024-02-01
CUS_0xb8f6_2023_06_01,CUS_0xb8f6,2023-06-01,10,9,10000,1000.0,1000.0,0.0,1000.0,2024-03-01
CUS_0xb8f6_2023_06_01,CUS_0xb8f6,2023-06-01,10,10,10000,1000.0,1000.0,0.0,0.0,2024-04-01
CUS_0xb92e_2024_02_01,CUS_0xb92e,2024-02-01,10,0,10000,0.0,0.0,0.0,10000.0,2024-02-01
CUS_0xb92e_2024_02_01,CUS_0xb92e,2024-02-01,10,1,10000,1000.0,1000.0,0.0,9000.0,2024-03-01
CUS_0xb92e_2024_02_01,CUS_0xb92e,2024-02-01,10,2,10000,1000.0,1000.0,0.0,8000.0,2024-04-01
CUS_0xb92e_2024_02_01,CUS_0xb92e,2024-02-01,10,3,10000,1000.0,1000.0,0.0,7000.0,2024-05-01
CUS_0xb92e_2024_02_01,CUS_0xb92e,2024-02-01,10,4,10000,1000.0,1000.0,0.0,6000.0,2024-06-01
CUS_0xb92e_2024_02_01,CUS_0xb92e,2024-02-01,10,5,10000,1000.0,1000.0,0.0,5000.0,2024-07-01
CUS_0xb92e_2024_02_01,CUS_0xb92e,2024-02-01,10,6,10000,1000.0,1000.0,0.0,4000.0,2024-08-01
CUS_0xb92e_2024_02_01,CUS_0xb92e,2024-02-01,10,7,10000,1000.0,1000.0,0.0,3000.0,2024-09-01
CUS_0xb92e_2024_02_01,CUS_0xb92e,2024-02-01,10,8,10000,1000.0,1000.0,0.0,2000.0,2024-10-01
CUS_0xb92e_2024_02_01,CUS_0xb92e,2024-02-01,10,9,10000,1000.0,1000.0,0.0,1000.0,2024-11-01
CUS_0xb92e_2024_02_01,CUS_0xb92e,2024-02-01,10,10,10000,1000.0,1000.0,0.0,0.0,2024-12-01
CUS_0xb948_2023_08_01,CUS_0xb948,2023-08-01,10,0,10000,0.0,0.0,0.0,10000.0,2023-08-01
CUS_0xb948_2023_08_01,CUS_0xb948,2023-08-01,10,1,10000,1000.0,1000.0,0.0,9000.0,2023-09-01
CUS_0xb948_2023_08_01,CUS_0xb948,2023-08-01,10,2,10000,1000.0,1000.0,0.0,8000.0,2023-10-01
CUS_0xb948_2023_08_01,CUS_0xb948,2023-08-01,10,3,10000,1000.0,1000.0,0.0,7000.0,2023-11-01
CUS_0xb948_2023_08_01,CUS_0xb948,2023-08-01,10,4,10000,1000.0,1000.0,0.0,6000.0,2023-12-01
CUS_0xb948_2023_08_01,CUS_0xb948,2023-08-01,10,5,10000,1000.0,1000.0,0.0,5000.0,2024-01-01
CUS_0xb948_2023_08_01,CUS_0xb948,2023-08-01,10,6,10000,1000.0,1000.0,0.0,4000.0,2024-02-01
CUS_0xb948_2023_08_01,CUS_0xb948,2023-08-01,10,7,10000,1000.0,1000.0,0.0,3000.0,2024-03-01
CUS_0xb948_2023_08_01,CUS_0xb948,2023-08-01,10,8,10000,1000.0,1000.0,0.0,2000.0,2024-04-01
CUS_0xb948_2023_08_01,CUS_0xb948,2023-08-01,10,9,10000,1000.0,1000.0,0.0,1000.0,2024-05-01
CUS_0xb948_2023_08_01,CUS_0xb948,2023-08-01,10,10,10000,1000.0,1000.0,0.0,0.0,2024-06-01
CUS_0xb970_2023_11_01,CUS_0xb970,2023-11-01,10,0,10000,0.0,0.0,0.0,10000.0,2023-11-01
CUS_0xb970_2023_11_01,CUS_0xb970,2023-11-01,10,1,10000,1000.0,1000.0,0.0,9000.0,2023-12-01
CUS_0xb970_2023_11_01,CUS_0xb970,2023-11-01,10,2,10000,1000.0,1000.0,0.0,8000.0,2024-01-01
CUS_0xb970_2023_11_01,CUS_0xb970,2023-11-01,10,3,10000,1000.0,1000.0,0.0,7000.0,2024-02-01
CUS_0xb970_2023_11_01,CUS_0xb970,2023-11-01,10,4,10000,1000.0,1000.0,0.0,6000.0,2024-03-01
CUS_0xb970_2023_11_01,CUS_0xb970,2023-11-01,10,5,10000,1000.0,1000.0,0.0,5000.0,2024-04-01
CUS_0xb970_2023_11_01,CUS_0xb970,2023-11-01,10,6,10000,1000.0,1000.0,0.0,4000.0,2024-05-01
CUS_0xb970_2023_11_01,CUS_0xb970,2023-11-01,10,7,10000,1000.0,1000.0,0.0,3000.0,2024-06-01
CUS_0xb970_2023_11_01,CUS_0xb970,2023-11-01,10,8,10000,1000.0,1000.0,0.0,2000.0,2024-07-01
CUS_0xb970_2023_11_01,CUS_0xb970,2023-11-01,10,9,10000,1000.0,1000.0,0.0,1000.0,2024-08-01
CUS_0xb970_2023_11_01,CUS_0xb970,2023-11-01,10,10,10000,1000.0,1000.0,0.0,0.0,2024-09-01
CUS_0xb997_2024_09_01,CUS_0xb997,2024-09-01,10,0,10000,0.0,0.0,0.0,10000.0,2024-09-01
CUS_0xb997_2024_09_01,CUS_0xb997,2024-09-01,10,1,10000,1000.0,1000.0,0.0,9000.0,2024-10-01
CUS_0xb997_2024_09_01,CUS_0xb997,2024-09-01,10,2,10000,1000.0,1000.0,0.0,8000.0,2024-11-01
CUS_0xb997_2024_09_01,CUS_0xb997,2024-09-01,10,3,10000,1000.0,1000.0,0.0,7000.0,2024-12-01
CUS_0xb997_2024_09_01,CUS_0xb997,2024-09-01,10,4,10000,1000.0,1000.0,0.0,6000.0,2025-01-01
CUS_0xb997_2024_09_01,CUS_0xb997,2024-09-01,10,5,10000,1000.0,1000.0,0.0,5000.0,2025-02-01
CUS_0xb997_2024_09_01,CUS_0xb997,2024-09-01,10,6,10000,1000.0,1000.0,0.0,4000.0,2025-03-01
CUS_0xb997_2024_09_01,CUS_0xb997,2024-09-01,10,7,10000,1000.0,1000.0,0.0,3000.0,2025-04-01
CUS_0xb997_2024_09_01,CUS_0xb997,2024-09-01,10,8,10000,1000.0,1000.0,0.0,2000.0,2025-05-01
CUS_0xb997_2024_09_01,CUS_0xb997,2024-09-01,10,9,10000,1000.0,1000.0,0.0,1000.0,2025-06-01
CUS_0xb997_2024_09_01,CUS_0xb997,2024-09-01,10,10,10000,1000.0,1000.0,0.0,0.0,2025-07-01
CUS_0xb9ae_2024_06_01,CUS_0xb9ae,2024-06-01,10,0,10000,0.0,0.0,0.0,10000.0,2024-06-01
CUS_0xb9ae_2024_06_01,CUS_0xb9ae,2024-06-01,10,1,10000,1000.0,1000.0,0.0,9000.0,2024-07-01
CUS_0xb9ae_2024_06_01,CUS_0xb9ae,2024-06-01,10,2,10000,1000.0,1000.0,0.0,8000.0,2024-08-01
CUS_0xb9ae_2024_06_01,CUS_0xb9ae,2024-06-01,10,3,10000,1000.0,1000.0,0.0,7000.0,2024-09-01
CUS_0xb9ae_2024_06_01,CUS_0xb9ae,2024-06-01,10,4,10000,1000.0,1000.0,0.0,6000.0,2024-10-01
CUS_0xb9ae_2024_06_01,CUS_0xb9ae,2024-06-01,10,5,10000,1000.0,1000.0,0.0,5000.0,2024-11-01
CUS_0xb9ae_2024_06_01,CUS_0xb9ae,2024-06-01,10,6,10000,1000.0,1000.0,0.0,4000.0,2024-12-01
CUS_0xb9ae_2024_06_01,CUS_0xb9ae,2024-06-01,10,7,10000,1000.0,1000.0,0.0,3000.0,2025-01-01
CUS_0xb9ae_2024_06_01,CUS_0xb9ae,2024-06-01,10,8,10000,1000.0,1000.0,0.0,2000.0,2025-02-01
CUS_0xb9ae_2024_06_01,CUS_0xb9ae,2024-06-01,10,9,10000,1000.0,1000.0,0.0,1000.0,2025-03-01
CUS_0xb9ae_2024_06_01,CUS_0xb9ae,2024-06-01,10,10,10000,1000.0,1000.0,0.0,0.0,2025-04-01
CUS_0xb9e6_2023_08_01,CUS_0xb9e6,2023-08-01,10,0,10000,0.0,0.0,0.0,10000.0,2023-08-01
CUS_0xb9e6_2023_08_01,CUS_0xb9e6,2023-08-01,10,1,10000,1000.0,1000.0,0.0,9000.0,2023-09-01
CUS_0xb9e6_2023_08_01,CUS_0xb9e6,2023-08-01,10,2,10000,1000.0,1000.0,0.0,8000.0,2023-10-01
CUS_0xb9e6_2023_08_01,CUS_0xb9e6,2023-08-01,10,3,10000,1000.0,1000.0,0.0,7000.0,2023-11-01
CUS_0xb9e6_2023_08_01,CUS_0xb9e6,2023-08-01,10,4,10000,1000.0,1000.0,0.0,6000.0,2023-12-01
CUS_0xb9e6_2023_08_01,CUS_0xb9e6,2023-08-01,10,5,10000,1000.0,1000.0,0.0,5000.0,2024-01-01
CUS_0xb9e6_2023_08_01,CUS_0xb9e6,2023-08-01,10,6,10000,1000.0,1000.0,0.0,4000.0,2024-02-01
CUS_0xb9e6_2023_08_01,CUS_0xb9e6,2023-08-01,10,7,10000,1000.0,1000.0,0.0,3000.0,2024-03-01
CUS_0xb9e6_2023_08_01,CUS_0xb9e6,2023-08-01,10,8,10000,1000.0,1000.0,0.0,2000.0,2024-04-01
CUS_0xb9e6_2023_08_01,CUS_0xb9e6,2023-08-01,10,9,10000,1000.0,1000.0,0.0,1000.0,2024-05-01
CUS_0xb9e6_2023_08_01,CUS_0xb9e6,2023-08-01,10,10,10000,1000.0,1000.0,0.0,0.0,2024-06-01
CUS_0xb9ea_2023_05_01,CUS_0xb9ea,2023-05-01,10,0,10000,0.0,0.0,0.0,10000.0,2023-05-01
CUS_0xb9ea_2023_05_01,CUS_0xb9ea,2023-05-01,10,1,10000,1000.0,1000.0,0.0,9000.0,2023-06-01
CUS_0xb9ea_2023_05_01,CUS_0xb9ea,2023-05-01,10,2,10000,1000.0,1000.0,0.0,8000.0,2023-07-01
CUS_0xb9ea_2023_05_01,CUS_0xb9ea,2023-05-01,10,3,10000,1000.0,1000.0,0.0,7000.0,2023-08-01
CUS_0xb9ea_2023_05_01,CUS_0xb9ea,2023-05-01,10,4,10000,1000.0,1000.0,0.0,6000.0,2023-09-01
CUS_0xb9ea_2023_05_01,CUS_0xb9ea,2023-05-01,10,5,10000,1000.0,1000.0,0.0,5000.0,2023-10-01
CUS_0xb9ea_2023_05_01,CUS_0xb9ea,2023-05-01,10,6,10000,1000.0,1000.0,0.0,4000.0,2023-11-01
CUS_0xb9ea_2023_05_01,CUS_0xb9ea,2023-05-01,10,7,10000,1000.0,1000.0,0.0,3000.0,2023-12-01
CUS_0xb9ea_2023_05_01,CUS_0xb9ea,2023-05-01,10,8,10000,1000.0,1000.0,0.0,2000.0,2024-01-01
CUS_0xb9ea_2023_05_01,CUS_0xb9ea,2023-05-01,10,9,10000,1000.0,1000.0,0.0,1000.0,2024-02-01
CUS_0xb9ea_2023_05_01,CUS_0xb9ea,2023-05-01,10,10,10000,1000.0,1000.0,0.0,0.0,2024-03-01
CUS_0xba03_2023_03_01,CUS_0xba03,2023-03-01,10,0,10000,0.0,0.0,0.0,10000.0,2023-03-01
CUS_0xba03_2023_03_01,CUS_0xba03,2023-03-01,10,1,10000,1000.0,1000.0,0.0,9000.0,2023-04-01
CUS_0xba03_2023_03_01,CUS_0xba03,2023-03-01,10,2,10000,1000.0,1000.0,0.0,8000.0,2023-05-01
CUS_0xba03_2023_03_01,CUS_0xba03,2023-03-01,10,3,10000,1000.0,1000.0,0.0,7000.0,2023-06-01
CUS_0xba03_2023_03_01,CUS_0xba03,2023-03-01,10,4,10000,1000.0,1000.0,0.0,6000.0,2023-07-01
CUS_0xba03_2023_03_01,CUS_0xba03,2023-03-01,10,5,10000,1000.0,1000.0,0.0,5000.0,2023-08-01
CUS_0xba03_2023_03_01,CUS_0xba03,2023-03-01,10,6,10000,1000.0,1000.0,0.0,4000.0,2023-09-01
CUS_0xba03_2023_03_01,CUS_0xba03,2023-03-01,10,7,10000,1000.0,1000.0,0.0,3000.0,2023-10-01
CUS_0xba03_2023_03_01,CUS_0xba03,2023-03-01,10,8,10000,1000.0,1000.0,0.0,2000.0,2023-11-01
CUS_0xba03_2023_03_01,CUS_0xba03,2023-03-01,10,9,10000,1000.0,1000.0,0.0,1000.0,2023-12-01
CUS_0xba03_2023_03_01,CUS_0xba03,2023-03-01,10,10,10000,1000.0,1000.0,0.0,0.0,2024-01-01
CUS_0xba6_2023_08_01,CUS_0xba6,2023-08-01,10,0,10000,0.0,0.0,0.0,10000.0,2023-08-01
CUS_0xba6_2023_08_01,CUS_0xba6,2023-08-01,10,1,10000,1000.0,1000.0,0.0,9000.0,2023-09-01
CUS_0xba6_2023_08_01,CUS_0xba6,2023-08-01,10,2,10000,1000.0,1000.0,0.0,8000.0,2023-10-01
CUS_0xba6_2023_08_01,CUS_0xba6,2023-08-01,10,3,10000,1000.0,1000.0,0.0,7000.0,2023-11-01
CUS_0xba6_2023_08_01,CUS_0xba6,2023-08-01,10,4,10000,1000.0,1000.0,0.0,6000.0,2023-12-01
CUS_0xba6_2023_08_01,CUS_0xba6,2023-08-01,10,5,10000,1000.0,1000.0,0.0,5000.0,2024-01-01
CUS_0xba6_2023_08_01,CUS_0xba6,2023-08-01,10,6,10000,1000.0,1000.0,0.0,4000.0,2024-02-01
CUS_0xba6_2023_08_01,CUS_0xba6,2023-08-01,10,7,10000,1000.0,1000.0,0.0,3000.0,2024-03-01
CUS_0xba6_2023_08_01,CUS_0xba6,2023-08-01,10,8,10000,1000.0,1000.0,0.0,2000.0,2024-04-01
CUS_0xba6_2023_08_01,CUS_0xba6,2023-08-01,10,9,10000,1000.0,1000.0,0.0,1000.0,2024-05-01
CUS_0xba6_2023_08_01,CUS_0xba6,2023-08-01,10,10,10000,1000.0,1000.0,0.0,0.0,2024-06-01
CUS_0xbaa0_2024_04_01,CUS_0xbaa0,2024-04-01,10,0,10000,0.0,0.0,0.0,10000.0,2024-04-01
CUS_0xbaa0_2024_04_01,CUS_0xbaa0,2024-04-01,10,1,10000,1000.0,1000.0,0.0,9000.0,2024-05-01
CUS_0xbaa0_2024_04_01,CUS_0xbaa0,2024-04-01,10,2,10000,1000.0,1000.0,0.0,8000.0,2024-06-01
CUS_0xbaa0_2024_04_01,CUS_0xbaa0,2024-04-01,10,3,10000,1000.0,0.0,1000.0,8000.0,2024-07-01
CUS_0xbaa0_2024_04_01,CUS_0xbaa0,2024-04-01,10,4,10000,1000.0,0.0,2000.0,8000.0,2024-08-01
CUS_0xbaa0_2024_04_01,CUS_0xbaa0,2024-04-01,10,5,10000,1000.0,0.0,3000.0,8000.0,2024-09-01
CUS_0xbaa0_2024_04_01,CUS_0xbaa0,2024-04-01,10,6,10000,1000.0,0.0,4000.0,8000.0,2024-10-01
CUS_0xbaa0_2024_04_01,CUS_0xbaa0,2024-04-01,10,7,10000,1000.0,0.0,5000.0,8000.0,2024-11-01
CUS_0xbaa0_2024_04_01,CUS_0xbaa0,2024-04-01,10,8,10000,1000.0,0.0,6000.0,8000.0,2024-12-01
CUS_0xbaa0_2024_04_01,CUS_0xbaa0,2024-04-01,10,9,10000,1000.0,0.0,7000.0,8000.0,2025-01-01
CUS_0xbaa0_2024_04_01,CUS_0xbaa0,2024-04-01,10,10,10000,1000.0,0.0,8000.0,8000.0,2025-02-01
CUS_0xbad6_2024_09_01,CUS_0xbad6,2024-09-01,10,0,10000,0.0,0.0,0.0,10000.0,2024-09-01
CUS_0xbad6_2024_09_01,CUS_0xbad6,2024-09-01,10,1,10000,1000.0,1000.0,0.0,9000.0,2024-10-01
CUS_0xbad6_2024_09_01,CUS_0xbad6,2024-09-01,10,2,10000,1000.0,1000.0,0.0,8000.0,2024-11-01
CUS_0xbad6_2024_09_01,CUS_0xbad6,2024-09-01,10,3,10000,1000.0,1000.0,0.0,7000.0,2024-12-01
CUS_0xbad6_2024_09_01,CUS_0xbad6,2024-09-01,10,4,10000,1000.0,1000.0,0.0,6000.0,2025-01-01
CUS_0xbad6_2024_09_01,CUS_0xbad6,2024-09-01,10,5,10000,1000.0,1000.0,0.0,5000.0,2025-02-01
CUS_0xbad6_2024_09_01,CUS_0xbad6,2024-09-01,10,6,10000,1000.0,1000.0,0.0,4000.0,2025-03-01
CUS_0xbad6_2024_09_01,CUS_0xbad6,2024-09-01,10,7,10000,1000.0,1000.0,0.0,3000.0,2025-04-01
CUS_0xbad6_2024_09_01,CUS_0xbad6,2024-09-01,10,8,10000,1000.0,1000.0,0.0,2000.0,2025-05-01
CUS_0xbad6_2024_09_01,CUS_0xbad6,2024-09-01,10,9,10000,1000.0,1000.0,0.0,1000.0,2025-06-01
CUS_0xbad6_2024_09_01,CUS_0xbad6,2024-09-01,10,10,10000,1000.0,1000.0,0.0,0.0,2025-07-01
CUS_0xbaf2_2024_08_01,CUS_0xbaf2,2024-08-01,10,0,10000,0.0,0.0,0.0,10000.0,2024-08-01
CUS_0xbaf2_2024_08_01,CUS_0xbaf2,2024-08-01,10,1,10000,1000.0,1000.0,0.0,9000.0,2024-09-01
CUS_0xbaf2_2024_08_01,CUS_0xbaf2,2024-08-01,10,2,10000,1000.0,1000.0,0.0,8000.0,2024-10-01
CUS_0xbaf2_2024_08_01,CUS_0xbaf2,2024-08-01,10,3,10000,1000.0,0.0,1000.0,8000.0,2024-11-01
CUS_0xbaf2_2024_08_01,CUS_0xbaf2,2024-08-01,10,4,10000,1000.0,0.0,2000.0,8000.0,2024-12-01
CUS_0xbaf2_2024_08_01,CUS_0xbaf2,2024-08-01,10,5,10000,1000.0,0.0,3000.0,8000.0,2025-01-01
CUS_0xbaf2_2024_08_01,CUS_0xbaf2,2024-08-01,10,6,10000,1000.0,0.0,4000.0,8000.0,2025-02-01
CUS_0xbaf2_2024_08_01,CUS_0xbaf2,2024-08-01,10,7,10000,1000.0,0.0,5000.0,8000.0,2025-03-01
CUS_0xbaf2_2024_08_01,CUS_0xbaf2,2024-08-01,10,8,10000,1000.0,0.0,6000.0,8000.0,2025-04-01
CUS_0xbaf2_2024_08_01,CUS_0xbaf2,2024-08-01,10,9,10000,1000.0,0.0,7000.0,8000.0,2025-05-01
CUS_0xbaf2_2024_08_01,CUS_0xbaf2,2024-08-01,10,10,10000,1000.0,0.0,8000.0,8000.0,2025-06-01
CUS_0xbb2a_2024_09_01,CUS_0xbb2a,2024-09-01,10,0,10000,0.0,0.0,0.0,10000.0,2024-09-01
CUS_0xbb2a_2024_09_01,CUS_0xbb2a,2024-09-01,10,1,10000,1000.0,1000.0,0.0,9000.0,2024-10-01
CUS_0xbb2a_2024_09_01,CUS_0xbb2a,2024-09-01,10,2,10000,1000.0,1000.0,0.0,8000.0,2024-11-01
CUS_0xbb2a_2024_09_01,CUS_0xbb2a,2024-09-01,10,3,10000,1000.0,1000.0,0.0,7000.0,2024-12-01
CUS_0xbb2a_2024_09_01,CUS_0xbb2a,2024-09-01,10,4,10000,1000.0,1000.0,0.0,6000.0,2025-01-01
CUS_0xbb2a_2024_09_01,CUS_0xbb2a,2024-09-01,10,5,10000,1000.0,1000.0,0.0,5000.0,2025-02-01
CUS_0xbb2a_2024_09_01,CUS_0xbb2a,2024-09-01,10,6,10000,1000.0,1000.0,0.0,4000.0,2025-03-01
CUS_0xbb2a_2024_09_01,CUS_0xbb2a,2024-09-01,10,7,10000,1000.0,1000.0,0.0,3000.0,2025-04-01
CUS_0xbb2a_2024_09_01,CUS_0xbb2a,2024-09-01,10,8,10000,1000.0,1000.0,0.0,2000.0,2025-05-01
CUS_0xbb2a_2024_09_01,CUS_0xbb2a,2024-09-01,10,9,10000,1000.0,1000.0,0.0,1000.0,2025-06-01
CUS_0xbb2a_2024_09_01,CUS_0xbb2a,2024-09-01,10,10,10000,1000.0,1000.0,0.0,0.0,2025-07-01
CUS_0xbbaf_2024_11_01,CUS_0xbbaf,2024-11-01,10,0,10000,0.0,0.0,0.0,10000.0,2024-11-01
CUS_0xbbaf_2024_11_01,CUS_0xbbaf,2024-11-01,10,1,10000,1000.0,1000.0,0.0,9000.0,2024-12-01
CUS_0xbbaf_2024_11_01,CUS_0xbbaf,2024-11-01,10,2,10000,1000.0,0.0,1000.0,9000.0,2025-01-01
CUS_0xbbaf_2024_11_01,CUS_0xbbaf,2024-11-01,10,3,10000,1000.0,0.0,2000.0,9000.0,2025-02-01
CUS_0xbbaf_2024_11_01,CUS_0xbbaf,2024-11-01,10,4,10000,1000.0,3000.0,0.0,6000.0,2025-03-01
CUS_0xbbaf_2024_11_01,CUS_0xbbaf,2024-11-01,10,5,10000,1000.0,0.0,1000.0,6000.0,2025-04-01
CUS_0xbbaf_2024_11_01,CUS_0xbbaf,2024-11-01,10,6,10000,1000.0,0.0,2000.0,6000.0,2025-05-01
CUS_0xbbaf_2024_11_01,CUS_0xbbaf,2024-11-01,10,7,10000,1000.0,0.0,3000.0,6000.0,2025-06-01
CUS_0xbbaf_2024_11_01,CUS_0xbbaf,2024-11-01,10,8,10000,1000.0,0.0,4000.0,6000.0,2025-07-01
CUS_0xbbaf_2024_11_01,CUS_0xbbaf,2024-11-01,10,9,10000,1000.0,0.0,5000.0,6000.0,2025-08-01
CUS_0xbbaf_2024_11_01,CUS_0xbbaf,2024-11-01,10,10,10000,1000.0,0.0,6000.0,6000.0,2025-09-01
CUS_0xbbc6_2024_08_01,CUS_0xbbc6,2024-08-01,10,0,10000,0.0,0.0,0.0,10000.0,2024-08-01
CUS_0xbbc6_2024_08_01,CUS_0xbbc6,2024-08-01,10,1,10000,1000.0,1000.0,0.0,9000.0,2024-09-01
CUS_0xbbc6_2024_08_01,CUS_0xbbc6,2024-08-01,10,2,10000,1000.0,1000.0,0.0,8000.0,2024-10-01
CUS_0xbbc6_2024_08_01,CUS_0xbbc6,2024-08-01,10,3,10000,1000.0,1000.0,0.0,7000.0,2024-11-01
CUS_0xbbc6_2024_08_01,CUS_0xbbc6,2024-08-01,10,4,10000,1000.0,1000.0,0.0,6000.0,2024-12-01
CUS_0xbbc6_2024_08_01,CUS_0xbbc6,2024-08-01,10,5,10000,1000.0,1000.0,0.0,5000.0,2025-01-01
CUS_0xbbc6_2024_08_01,CUS_0xbbc6,2024-08-01,10,6,10000,1000.0,1000.0,0.0,4000.0,2025-02-01
CUS_0xbbc6_2024_08_01,CUS_0xbbc6,2024-08-01,10,7,10000,1000.0,1000.0,0.0,3000.0,2025-03-01
CUS_0xbbc6_2024_08_01,CUS_0xbbc6,2024-08-01,10,8,10000,1000.0,1000.0,0.0,2000.0,2025-04-01
CUS_0xbbc6_2024_08_01,CUS_0xbbc6,2024-08-01,10,9,10000,1000.0,1000.0,0.0,1000.0,2025-05-01
CUS_0xbbc6_2024_08_01,CUS_0xbbc6,2024-08-01,10,10,10000,1000.0,1000.0,0.0,0.0,2025-06-01
CUS_0xbbd8_2024_04_01,CUS_0xbbd8,2024-04-01,10,0,10000,0.0,0.0,0.0,10000.0,2024-04-01
CUS_0xbbd8_2024_04_01,CUS_0xbbd8,2024-04-01,10,1,10000,1000.0,0.0,1000.0,10000.0,2024-05-01
CUS_0xbbd8_2024_04_01,CUS_0xbbd8,2024-04-01,10,2,10000,1000.0,2000.0,0.0,8000.0,2024-06-01
CUS_0xbbd8_2024_04_01,CUS_0xbbd8,2024-04-01,10,3,10000,1000.0,1000.0,0.0,7000.0,2024-07-01
CUS_0xbbd8_2024_04_01,CUS_0xbbd8,2024-04-01,10,4,10000,1000.0,0.0,1000.0,7000.0,2024-08-01
CUS_0xbbd8_2024_04_01,CUS_0xbbd8,2024-04-01,10,5,10000,1000.0,0.0,2000.0,7000.0,2024-09-01
CUS_0xbbd8_2024_04_01,CUS_0xbbd8,2024-04-01,10,6,10000,1000.0,0.0,3000.0,7000.0,2024-10-01
CUS_0xbbd8_2024_04_01,CUS_0xbbd8,2024-04-01,10,7,10000,1000.0,0.0,4000.0,7000.0,2024-11-01
CUS_0xbbd8_2024_04_01,CUS_0xbbd8,2024-04-01,10,8,10000,1000.0,0.0,5000.0,7000.0,2024-12-01
CUS_0xbbd8_2024_04_01,CUS_0xbbd8,2024-04-01,10,9,10000,1000.0,0.0,6000.0,7000.0,2025-01-01
CUS_0xbbd8_2024_04_01,CUS_0xbbd8,2024-04-01,10,10,10000,1000.0,0.0,7000.0,7000.0,2025-02-01
CUS_0xbbe4_2023_01_01,CUS_0xbbe4,2023-01-01,10,0,10000,0.0,0.0,0.0,10000.0,2023-01-01
CUS_0xbbe4_2023_01_01,CUS_0xbbe4,2023-01-01,10,1,10000,1000.0,1000.0,0.0,9000.0,2023-02-01
CUS_0xbbe4_2023_01_01,CUS_0xbbe4,2023-01-01,10,2,10000,1000.0,1000.0,0.0,8000.0,2023-03-01
CUS_0xbbe4_2023_01_01,CUS_0xbbe4,2023-01-01,10,3,10000,1000.0,1000.0,0.0,7000.0,2023-04-01
CUS_0xbbe4_2023_01_01,CUS_0xbbe4,2023-01-01,10,4,10000,1000.0,1000.0,0.0,6000.0,2023-05-01
CUS_0xbbe4_2023_01_01,CUS_0xbbe4,2023-01-01,10,5,10000,1000.0,1000.0,0.0,5000.0,2023-06-01
CUS_0xbbe4_2023_01_01,CUS_0xbbe4,2023-01-01,10,6,10000,1000.0,1000.0,0.0,4000.0,2023-07-01
CUS_0xbbe4_2023_01_01,CUS_0xbbe4,2023-01-01,10,7,10000,1000.0,1000.0,0.0,3000.0,2023-08-01
CUS_0xbbe4_2023_01_01,CUS_0xbbe4,2023-01-01,10,8,10000,1000.0,1000.0,0.0,2000.0,2023-09-01
CUS_0xbbe4_2023_01_01,CUS_0xbbe4,2023-01-01,10,9,10000,1000.0,1000.0,0.0,1000.0,2023-10-01
CUS_0xbbe4_2023_01_01,CUS_0xbbe4,2023-01-01,10,10,10000,1000.0,1000.0,0.0,0.0,2023-11-01
CUS_0xbbff_2024_12_01,CUS_0xbbff,2024-12-01,10,0,10000,0.0,0.0,0.0,10000.0,2024-12-01
CUS_0xbbff_2024_12_01,CUS_0xbbff,2024-12-01,10,1,10000,1000.0,1000.0,0.0,9000.0,2025-01-01
CUS_0xbbff_2024_12_01,CUS_0xbbff,2024-12-01,10,2,10000,1000.0,1000.0,0.0,8000.0,2025-02-01
CUS_0xbbff_2024_12_01,CUS_0xbbff,2024-12-01,10,3,10000,1000.0,1000.0,0.0,7000.0,2025-03-01
CUS_0xbbff_2024_12_01,CUS_0xbbff,2024-12-01,10,4,10000,1000.0,1000.0,0.0,6000.0,2025-04-01
CUS_0xbbff_2024_12_01,CUS_0xbbff,2024-12-01,10,5,10000,1000.0,1000.0,0.0,5000.0,2025-05-01
CUS_0xbbff_2024_12_01,CUS_0xbbff,2024-12-01,10,6,10000,1000.0,1000.0,0.0,4000.0,2025-06-01
CUS_0xbbff_2024_12_01,CUS_0xbbff,2024-12-01,10,7,10000,1000.0,1000.0,0.0,3000.0,2025-07-01
CUS_0xbbff_2024_12_01,CUS_0xbbff,2024-12-01,10,8,10000,1000.0,1000.0,0.0,2000.0,2025-08-01
CUS_0xbbff_2024_12_01,CUS_0xbbff,2024-12-01,10,9,10000,1000.0,1000.0,0.0,1000.0,2025-09-01
CUS_0xbbff_2024_12_01,CUS_0xbbff,2024-12-01,10,10,10000,1000.0,1000.0,0.0,0.0,2025-10-01
CUS_0xbc03_2024_05_01,CUS_0xbc03,2024-05-01,10,0,10000,0.0,0.0,0.0,10000.0,2024-05-01
CUS_0xbc03_2024_05_01,CUS_0xbc03,2024-05-01,10,1,10000,1000.0,1000.0,0.0,9000.0,2024-06-01
CUS_0xbc03_2024_05_01,CUS_0xbc03,2024-05-01,10,2,10000,1000.0,1000.0,0.0,8000.0,2024-07-01
CUS_0xbc03_2024_05_01,CUS_0xbc03,2024-05-01,10,3,10000,1000.0,1000.0,0.0,7000.0,2024-08-01
CUS_0xbc03_2024_05_01,CUS_0xbc03,2024-05-01,10,4,10000,1000.0,0.0,1000.0,7000.0,2024-09-01
CUS_0xbc03_2024_05_01,CUS_0xbc03,2024-05-01,10,5,10000,1000.0,0.0,2000.0,7000.0,2024-10-01
CUS_0xbc03_2024_05_01,CUS_0xbc03,2024-05-01,10,6,10000,1000.0,0.0,3000.0,7000.0,2024-11-01
CUS_0xbc03_2024_05_01,CUS_0xbc03,2024-05-01,10,7,10000,1000.0,0.0,4000.0,7000.0,2024-12-01
CUS_0xbc03_2024_05_01,CUS_0xbc03,2024-05-01,10,8,10000,1000.0,0.0,5000.0,7000.0,2025-01-01
CUS_0xbc03_2024_05_01,CUS_0xbc03,2024-05-01,10,9,10000,1000.0,0.0,6000.0,7000.0,2025-02-01
CUS_0xbc03_2024_05_01,CUS_0xbc03,2024-05-01,10,10,10000,1000.0,0.0,7000.0,7000.0,2025-03-01
CUS_0xbc23_2024_04_01,CUS_0xbc23,2024-04-01,10,0,10000,0.0,0.0,0.0,10000.0,2024-04-01
CUS_0xbc23_2024_04_01,CUS_0xbc23,2024-04-01,10,1,10000,1000.0,1000.0,0.0,9000.0,2024-05-01
CUS_0xbc23_2024_04_01,CUS_0xbc23,2024-04-01,10,2,10000,1000.0,1000.0,0.0,8000.0,2024-06-01
CUS_0xbc23_2024_04_01,CUS_0xbc23,2024-04-01,10,3,10000,1000.0,1000.0,0.0,7000.0,2024-07-01
CUS_0xbc23_2024_04_01,CUS_0xbc23,2024-04-01,10,4,10000,1000.0,1000.0,0.0,6000.0,2024-08-01
CUS_0xbc23_2024_04_01,CUS_0xbc23,2024-04-01,10,5,10000,1000.0,1000.0,0.0,5000.0,2024-09-01
CUS_0xbc23_2024_04_01,CUS_0xbc23,2024-04-01,10,6,10000,1000.0,1000.0,0.0,4000.0,2024-10-01
CUS_0xbc23_2024_04_01,CUS_0xbc23,2024-04-01,10,7,10000,1000.0,1000.0,0.0,3000.0,2024-11-01
CUS_0xbc23_2024_04_01,CUS_0xbc23,2024-04-01,10,8,10000,1000.0,1000.0,0.0,2000.0,2024-12-01
CUS_0xbc23_2024_04_01,CUS_0xbc23,2024-04-01,10,9,10000,1000.0,1000.0,0.0,1000.0,2025-01-01
CUS_0xbc23_2024_04_01,CUS_0xbc23,2024-04-01,10,10,10000,1000.0,1000.0,0.0,0.0,2025-02-01
CUS_0xbc5f_2024_07_01,CUS_0xbc5f,2024-07-01,10,0,10000,0.0,0.0,0.0,10000.0,2024-07-01
CUS_0xbc5f_2024_07_01,CUS_0xbc5f,2024-07-01,10,1,10000,1000.0,1000.0,0.0,9000.0,2024-08-01
CUS_0xbc5f_2024_07_01,CUS_0xbc5f,2024-07-01,10,2,10000,1000.0,1000.0,0.0,8000.0,2024-09-01
CUS_0xbc5f_2024_07_01,CUS_0xbc5f,2024-07-01,10,3,10000,1000.0,1000.0,0.0,7000.0,2024-10-01
CUS_0xbc5f_2024_07_01,CUS_0xbc5f,2024-07-01,10,4,10000,1000.0,1000.0,0.0,6000.0,2024-11-01
CUS_0xbc5f_2024_07_01,CUS_0xbc5f,2024-07-01,10,5,10000,1000.0,1000.0,0.0,5000.0,2024-12-01
CUS_0xbc5f_2024_07_01,CUS_0xbc5f,2024-07-01,10,6,10000,1000.0,1000.0,0.0,4000.0,2025-01-01
CUS_0xbc5f_2024_07_01,CUS_0xbc5f,2024-07-01,10,7,10000,1000.0,1000.0,0.0,3000.0,2025-02-01
CUS_0xbc5f_2024_07_01,CUS_0xbc5f,2024-07-01,10,8,10000,1000.0,1000.0,0.0,2000.0,2025-03-01
CUS_0xbc5f_2024_07_01,CUS_0xbc5f,2024-07-01,10,9,10000,1000.0,1000.0,0.0,1000.0,2025-04-01
CUS_0xbc5f_2024_07_01,CUS_0xbc5f,2024-07-01,10,10,10000,1000.0,1000.0,0.0,0.0,2025-05-01
CUS_0xbc71_2024_06_01,CUS_0xbc71,2024-06-01,10,0,10000,0.0,0.0,0.0,10000.0,2024-06-01
CUS_0xbc71_2024_06_01,CUS_0xbc71,2024-06-01,10,1,10000,1000.0,1000.0,0.0,9000.0,2024-07-01
CUS_0xbc71_2024_06_01,CUS_0xbc71,2024-06-01,10,2,10000,1000.0,1000.0,0.0,8000.0,2024-08-01
CUS_0xbc71_2024_06_01,CUS_0xbc71,2024-06-01,10,3,10000,1000.0,0.0,1000.0,8000.0,2024-09-01
CUS_0xbc71_2024_06_01,CUS_0xbc71,2024-06-01,10,4,10000,1000.0,2000.0,0.0,6000.0,2024-10-01
CUS_0xbc71_2024_06_01,CUS_0xbc71,2024-06-01,10,5,10000,1000.0,0.0,1000.0,6000.0,2024-11-01
CUS_0xbc71_2024_06_01,CUS_0xbc71,2024-06-01,10,6,10000,1000.0,0.0,2000.0,6000.0,2024-12-01
CUS_0xbc71_2024_06_01,CUS_0xbc71,2024-06-01,10,7,10000,1000.0,0.0,3000.0,6000.0,2025-01-01
CUS_0xbc71_2024_06_01,CUS_0xbc71,2024-06-01,10,8,10000,1000.0,0.0,4000.0,6000.0,2025-02-01
CUS_0xbc71_2024_06_01,CUS_0xbc71,2024-06-01,10,9,10000,1000.0,0.0,5000.0,6000.0,2025-03-01
CUS_0xbc71_2024_06_01,CUS_0xbc71,2024-06-01,10,10,10000,1000.0,0.0,6000.0,6000.0,2025-04-01
CUS_0xbc7f_2024_04_01,CUS_0xbc7f,2024-04-01,10,0,10000,0.0,0.0,0.0,10000.0,2024-04-01
CUS_0xbc7f_2024_04_01,CUS_0xbc7f,2024-04-01,10,1,10000,1000.0,1000.0,0.0,9000.0,2024-05-01
CUS_0xbc7f_2024_04_01,CUS_0xbc7f,2024-04-01,10,2,10000,1000.0,1000.0,0.0,8000.0,2024-06-01
CUS_0xbc7f_2024_04_01,CUS_0xbc7f,2024-04-01,10,3,10000,1000.0,1000.0,0.0,7000.0,2024-07-01
CUS_0xbc7f_2024_04_01,CUS_0xbc7f,2024-04-01,10,4,10000,1000.0,1000.0,0.0,6000.0,2024-08-01
CUS_0xbc7f_2024_04_01,CUS_0xbc7f,2024-04-01,10,5,10000,1000.0,1000.0,0.0,5000.0,2024-09-01
CUS_0xbc7f_2024_04_01,CUS_0xbc7f,2024-04-01,10,6,10000,1000.0,1000.0,0.0,4000.0,2024-10-01
CUS_0xbc7f_2024_04_01,CUS_0xbc7f,2024-04-01,10,7,10000,1000.0,1000.0,0.0,3000.0,2024-11-01
CUS_0xbc7f_2024_04_01,CUS_0xbc7f,2024-04-01,10,8,10000,1000.0,1000.0,0.0,2000.0,2024-12-01
CUS_0xbc7f_2024_04_01,CUS_0xbc7f,2024-04-01,10,9,10000,1000.0,1000.0,0.0,1000.0,2025-01-01
CUS_0xbc7f_2024_04_01,CUS_0xbc7f,2024-04-01,10,10,10000,1000.0,1000.0,0.0,0.0,2025-02-01
CUS_0xbcb2_2024_11_01,CUS_0xbcb2,2024-11-01,10,0,10000,0.0,0.0,0.0,10000.0,2024-11-01
CUS_0xbcb2_2024_11_01,CUS_0xbcb2,2024-11-01,10,1,10000,1000.0,1000.0,0.0,9000.0,2024-12-01
CUS_0xbcb2_2024_11_01,CUS_0xbcb2,2024-11-01,10,2,10000,1000.0,1000.0,0.0,8000.0,2025-01-01
CUS_0xbcb2_2024_11_01,CUS_0xbcb2,2024-11-01,10,3,10000,1000.0,0.0,1000.0,8000.0,2025-02-01
CUS_0xbcb2_2024_11_01,CUS_0xbcb2,2024-11-01,10,4,10000,1000.0,0.0,2000.0,8000.0,2025-03-01
CUS_0xbcb2_2024_11_01,CUS_0xbcb2,2024-11-01,10,5,10000,1000.0,0.0,3000.0,8000.0,2025-04-01
CUS_0xbcb2_2024_11_01,CUS_0xbcb2,2024-11-01,10,6,10000,1000.0,0.0,4000.0,8000.0,2025-05-01
CUS_0xbcb2_2024_11_01,CUS_0xbcb2,2024-11-01,10,7,10000,1000.0,0.0,5000.0,8000.0,2025-06-01
CUS_0xbcb2_2024_11_01,CUS_0xbcb2,2024-11-01,10,8,10000,1000.0,0.0,6000.0,8000.0,2025-07-01
CUS_0xbcb2_2024_11_01,CUS_0xbcb2,2024-11-01,10,9,10000,1000.0,0.0,7000.0,8000.0,2025-08-01
CUS_0xbcb2_2024_11_01,CUS_0xbcb2,2024-11-01,10,10,10000,1000.0,0.0,8000.0,8000.0,2025-09-01
CUS_0xbcc9_2023_02_01,CUS_0xbcc9,2023-02-01,10,0,10000,0.0,0.0,0.0,10000.0,2023-02-01
CUS_0xbcc9_2023_02_01,CUS_0xbcc9,2023-02-01,10,1,10000,1000.0,1000.0,0.0,9000.0,2023-03-01
CUS_0xbcc9_2023_02_01,CUS_0xbcc9,2023-02-01,10,2,10000,1000.0,1000.0,0.0,8000.0,2023-04-01
CUS_0xbcc9_2023_02_01,CUS_0xbcc9,2023-02-01,10,3,10000,1000.0,1000.0,0.0,7000.0,2023-05-01
CUS_0xbcc9_2023_02_01,CUS_0xbcc9,2023-02-01,10,4,10000,1000.0,1000.0,0.0,6000.0,2023-06-01
CUS_0xbcc9_2023_02_01,CUS_0xbcc9,2023-02-01,10,5,10000,1000.0,1000.0,0.0,5000.0,2023-07-01
CUS_0xbcc9_2023_02_01,CUS_0xbcc9,2023-02-01,10,6,10000,1000.0,1000.0,0.0,4000.0,2023-08-01
CUS_0xbcc9_2023_02_01,CUS_0xbcc9,2023-02-01,10,7,10000,1000.0,1000.0,0.0,3000.0,2023-09-01
CUS_0xbcc9_2023_02_01,CUS_0xbcc9,2023-02-01,10,8,10000,1000.0,1000.0,0.0,2000.0,2023-10-01
CUS_0xbcc9_2023_02_01,CUS_0xbcc9,2023-02-01,10,9,10000,1000.0,1000.0,0.0,1000.0,2023-11-01
CUS_0xbcc9_2023_02_01,CUS_0xbcc9,2023-02-01,10,10,10000,1000.0,1000.0,0.0,0.0,2023-12-01
CUS_0xbcca_2023_05_01,CUS_0xbcca,2023-05-01,10,0,10000,0.0,0.0,0.0,10000.0,2023-05-01
CUS_0xbcca_2023_05_01,CUS_0xbcca,2023-05-01,10,1,10000,1000.0,1000.0,0.0,9000.0,2023-06-01
CUS_0xbcca_2023_05_01,CUS_0xbcca,2023-05-01,10,2,10000,1000.0,1000.0,0.0,8000.0,2023-07-01
CUS_0xbcca_2023_05_01,CUS_0xbcca,2023-05-01,10,3,10000,1000.0,1000.0,0.0,7000.0,2023-08-01
CUS_0xbcca_2023_05_01,CUS_0xbcca,2023-05-01,10,4,10000,1000.0,1000.0,0.0,6000.0,2023-09-01
CUS_0xbcca_2023_05_01,CUS_0xbcca,2023-05-01,10,5,10000,1000.0,1000.0,0.0,5000.0,2023-10-01
CUS_0xbcca_2023_05_01,CUS_0xbcca,2023-05-01,10,6,10000,1000.0,1000.0,0.0,4000.0,2023-11-01
CUS_0xbcca_2023_05_01,CUS_0xbcca,2023-05-01,10,7,10000,1000.0,1000.0,0.0,3000.0,2023-12-01
CUS_0xbcca_2023_05_01,CUS_0xbcca,2023-05-01,10,8,10000,1000.0,1000.0,0.0,2000.0,2024-01-01
CUS_0xbcca_2023_05_01,CUS_0xbcca,2023-05-01,10,9,10000,1000.0,1000.0,0.0,1000.0,2024-02-01
CUS_0xbcca_2023_05_01,CUS_0xbcca,2023-05-01,10,10,10000,1000.0,1000.0,0.0,0.0,2024-03-01
CUS_0xbccb_2023_03_01,CUS_0xbccb,2023-03-01,10,0,10000,0.0,0.0,0.0,10000.0,2023-03-01
CUS_0xbccb_2023_03_01,CUS_0xbccb,2023-03-01,10,1,10000,1000.0,1000.0,0.0,9000.0,2023-04-01
CUS_0xbccb_2023_03_01,CUS_0xbccb,2023-03-01,10,2,10000,1000.0,0.0,1000.0,9000.0,2023-05-01
CUS_0xbccb_2023_03_01,CUS_0xbccb,2023-03-01,10,3,10000,1000.0,0.0,2000.0,9000.0,2023-06-01
CUS_0xbccb_2023_03_01,CUS_0xbccb,2023-03-01,10,4,10000,1000.0,0.0,3000.0,9000.0,2023-07-01
CUS_0xbccb_2023_03_01,CUS_0xbccb,2023-03-01,10,5,10000,1000.0,0.0,4000.0,9000.0,2023-08-01
CUS_0xbccb_2023_03_01,CUS_0xbccb,2023-03-01,10,6,10000,1000.0,0.0,5000.0,9000.0,2023-09-01
CUS_0xbccb_2023_03_01,CUS_0xbccb,2023-03-01,10,7,10000,1000.0,0.0,6000.0,9000.0,2023-10-01
CUS_0xbccb_2023_03_01,CUS_0xbccb,2023-03-01,10,8,10000,1000.0,0.0,7000.0,9000.0,2023-11-01
CUS_0xbccb_2023_03_01,CUS_0xbccb,2023-03-01,10,9,10000,1000.0,0.0,8000.0,9000.0,2023-12-01
CUS_0xbccb_2023_03_01,CUS_0xbccb,2023-03-01,10,10,10000,1000.0,0.0,9000.0,9000.0,2024-01-01
CUS_0xbce_2023_09_01,CUS_0xbce,2023-09-01,10,0,10000,0.0,0.0,0.0,10000.0,2023-09-01
CUS_0xbce_2023_09_01,CUS_0xbce,2023-09-01,10,1,10000,1000.0,1000.0,0.0,9000.0,2023-10-01
CUS_0xbce_2023_09_01,CUS_0xbce,2023-09-01,10,2,10000,1000.0,1000.0,0.0,8000.0,2023-11-01
CUS_0xbce_2023_09_01,CUS_0xbce,2023-09-01,10,3,10000,1000.0,1000.0,0.0,7000.0,2023-12-01
CUS_0xbce_2023_09_01,CUS_0xbce,2023-09-01,10,4,10000,1000.0,0.0,1000.0,7000.0,2024-01-01
CUS_0xbce_2023_09_01,CUS_0xbce,2023-09-01,10,5,10000,1000.0,0.0,2000.0,7000.0,2024-02-01
CUS_0xbce_2023_09_01,CUS_0xbce,2023-09-01,10,6,10000,1000.0,0.0,3000.0,7000.0,2024-03-01
CUS_0xbce_2023_09_01,CUS_0xbce,2023-09-01,10,7,10000,1000.0,0.0,4000.0,7000.0,2024-04-01
CUS_0xbce_2023_09_01,CUS_0xbce,2023-09-01,10,8,10000,1000.0,0.0,5000.0,7000.0,2024-05-01
CUS_0xbce_2023_09_01,CUS_0xbce,2023-09-01,10,9,10000,1000.0,0.0,6000.0,7000.0,2024-06-01
CUS_0xbce_2023_09_01,CUS_0xbce,2023-09-01,10,10,10000,1000.0,0.0,7000.0,7000.0,2024-07-01
CUS_0xbd95_2025_01_01,CUS_0xbd95,2025-01-01,10,0,10000,0.0,0.0,0.0,10000.0,2025-01-01
CUS_0xbd95_2025_01_01,CUS_0xbd95,2025-01-01,10,1,10000,1000.0,1000.0,0.0,9000.0,2025-02-01
CUS_0xbd95_2025_01_01,CUS_0xbd95,2025-01-01,10,2,10000,1000.0,1000.0,0.0,8000.0,2025-03-01
CUS_0xbd95_2025_01_01,CUS_0xbd95,2025-01-01,10,3,10000,1000.0,1000.0,0.0,7000.0,2025-04-01
CUS_0xbd95_2025_01_01,CUS_0xbd95,2025-01-01,10,4,10000,1000.0,1000.0,0.0,6000.0,2025-05-01
CUS_0xbd95_2025_01_01,CUS_0xbd95,2025-01-01,10,5,10000,1000.0,1000.0,0.0,5000.0,2025-06-01
CUS_0xbd95_2025_01_01,CUS_0xbd95,2025-01-01,10,6,10000,1000.0,1000.0,0.0,4000.0,2025-07-01
CUS_0xbd95_2025_01_01,CUS_0xbd95,2025-01-01,10,7,10000,1000.0,1000.0,0.0,3000.0,2025-08-01
CUS_0xbd95_2025_01_01,CUS_0xbd95,2025-01-01,10,8,10000,1000.0,1000.0,0.0,2000.0,2025-09-01
CUS_0xbd95_2025_01_01,CUS_0xbd95,2025-01-01,10,9,10000,1000.0,1000.0,0.0,1000.0,2025-10-01
CUS_0xbd95_2025_01_01,CUS_0xbd95,2025-01-01,10,10,10000,1000.0,1000.0,0.0,0.0,2025-11-01
CUS_0xbdb4_2024_01_01,CUS_0xbdb4,2024-01-01,10,0,10000,0.0,0.0,0.0,10000.0,2024-01-01
CUS_0xbdb4_2024_01_01,CUS_0xbdb4,2024-01-01,10,1,10000,1000.0,1000.0,0.0,9000.0,2024-02-01
CUS_0xbdb4_2024_01_01,CUS_0xbdb4,2024-01-01,10,2,10000,1000.0,0.0,1000.0,9000.0,2024-03-01
CUS_0xbdb4_2024_01_01,CUS_0xbdb4,2024-01-01,10,3,10000,1000.0,2000.0,0.0,7000.0,2024-04-01
CUS_0xbdb4_2024_01_01,CUS_0xbdb4,2024-01-01,10,4,10000,1000.0,0.0,1000.0,7000.0,2024-05-01
CUS_0xbdb4_2024_01_01,CUS_0xbdb4,2024-01-01,10,5,10000,1000.0,0.0,2000.0,7000.0,2024-06-01
CUS_0xbdb4_2024_01_01,CUS_0xbdb4,2024-01-01,10,6,10000,1000.0,0.0,3000.0,7000.0,2024-07-01
CUS_0xbdb4_2024_01_01,CUS_0xbdb4,2024-01-01,10,7,10000,1000.0,0.0,4000.0,7000.0,2024-08-01
CUS_0xbdb4_2024_01_01,CUS_0xbdb4,2024-01-01,10,8,10000,1000.0,0.0,5000.0,7000.0,2024-09-01
CUS_0xbdb4_2024_01_01,CUS_0xbdb4,2024-01-01,10,9,10000,1000.0,0.0,6000.0,7000.0,2024-10-01
CUS_0xbdb4_2024_01_01,CUS_0xbdb4,2024-01-01,10,10,10000,1000.0,0.0,7000.0,7000.0,2024-11-01
CUS_0xbdf7_2024_06_01,CUS_0xbdf7,2024-06-01,10,0,10000,0.0,0.0,0.0,10000.0,2024-06-01
CUS_0xbdf7_2024_06_01,CUS_0xbdf7,2024-06-01,10,1,10000,1000.0,1000.0,0.0,9000.0,2024-07-01
CUS_0xbdf7_2024_06_01,CUS_0xbdf7,2024-06-01,10,2,10000,1000.0,1000.0,0.0,8000.0,2024-08-01
CUS_0xbdf7_2024_06_01,CUS_0xbdf7,2024-06-01,10,3,10000,1000.0,1000.0,0.0,7000.0,2024-09-01
CUS_0xbdf7_2024_06_01,CUS_0xbdf7,2024-06-01,10,4,10000,1000.0,1000.0,0.0,6000.0,2024-10-01
CUS_0xbdf7_2024_06_01,CUS_0xbdf7,2024-06-01,10,5,10000,1000.0,1000.0,0.0,5000.0,2024-11-01
CUS_0xbdf7_2024_06_01,CUS_0xbdf7,2024-06-01,10,6,10000,1000.0,1000.0,0.0,4000.0,2024-12-01
CUS_0xbdf7_2024_06_01,CUS_0xbdf7,2024-06-01,10,7,10000,1000.0,1000.0,0.0,3000.0,2025-01-01
CUS_0xbdf7_2024_06_01,CUS_0xbdf7,2024-06-01,10,8,10000,1000.0,1000.0,0.0,2000.0,2025-02-01
CUS_0xbdf7_2024_06_01,CUS_0xbdf7,2024-06-01,10,9,10000,1000.0,1000.0,0.0,1000.0,2025-03-01
CUS_0xbdf7_2024_06_01,CUS_0xbdf7,2024-06-01,10,10,10000,1000.0,1000.0,0.0,0.0,2025-04-01
CUS_0xbe1d_2024_11_01,CUS_0xbe1d,2024-11-01,10,0,10000,0.0,0.0,0.0,10000.0,2024-11-01
CUS_0xbe1d_2024_11_01,CUS_0xbe1d,2024-11-01,10,1,10000,1000.0,1000.0,0.0,9000.0,2024-12-01
CUS_0xbe1d_2024_11_01,CUS_0xbe1d,2024-11-01,10,2,10000,1000.0,1000.0,0.0,8000.0,2025-01-01
CUS_0xbe1d_2024_11_01,CUS_0xbe1d,2024-11-01,10,3,10000,1000.0,1000.0,0.0,7000.0,2025-02-01
CUS_0xbe1d_2024_11_01,CUS_0xbe1d,2024-11-01,10,4,10000,1000.0,1000.0,0.0,6000.0,2025-03-01
CUS_0xbe1d_2024_11_01,CUS_0xbe1d,2024-11-01,10,5,10000,1000.0,1000.0,0.0,5000.0,2025-04-01
CUS_0xbe1d_2024_11_01,CUS_0xbe1d,2024-11-01,10,6,10000,1000.0,1000.0,0.0,4000.0,2025-05-01
CUS_0xbe1d_2024_11_01,CUS_0xbe1d,2024-11-01,10,7,10000,1000.0,1000.0,0.0,3000.0,2025-06-01
CUS_0xbe1d_2024_11_01,CUS_0xbe1d,2024-11-01,10,8,10000,1000.0,1000.0,0.0,2000.0,2025-07-01
CUS_0xbe1d_2024_11_01,CUS_0xbe1d,2024-11-01,10,9,10000,1000.0,1000.0,0.0,1000.0,2025-08-01
CUS_0xbe1d_2024_11_01,CUS_0xbe1d,2024-11-01,10,10,10000,1000.0,1000.0,0.0,0.0,2025-09-01
CUS_0xbe64_2023_05_01,CUS_0xbe64,2023-05-01,10,0,10000,0.0,0.0,0.0,10000.0,2023-05-01
CUS_0xbe64_2023_05_01,CUS_0xbe64,2023-05-01,10,1,10000,1000.0,1000.0,0.0,9000.0,2023-06-01
CUS_0xbe64_2023_05_01,CUS_0xbe64,2023-05-01,10,2,10000,1000.0,1000.0,0.0,8000.0,2023-07-01
CUS_0xbe64_2023_05_01,CUS_0xbe64,2023-05-01,10,3,10000,1000.0,1000.0,0.0,7000.0,2023-08-01
CUS_0xbe64_2023_05_01,CUS_0xbe64,2023-05-01,10,4,10000,1000.0,1000.0,0.0,6000.0,2023-09-01
CUS_0xbe64_2023_05_01,CUS_0xbe64,2023-05-01,10,5,10000,1000.0,1000.0,0.0,5000.0,2023-10-01
CUS_0xbe64_2023_05_01,CUS_0xbe64,2023-05-01,10,6,10000,1000.0,1000.0,0.0,4000.0,2023-11-01
CUS_0xbe64_2023_05_01,CUS_0xbe64,2023-05-01,10,7,10000,1000.0,1000.0,0.0,3000.0,2023-12-01
CUS_0xbe64_2023_05_01,CUS_0xbe64,2023-05-01,10,8,10000,1000.0,1000.0,0.0,2000.0,2024-01-01
CUS_0xbe64_2023_05_01,CUS_0xbe64,2023-05-01,10,9,10000,1000.0,1000.0,0.0,1000.0,2024-02-01
CUS_0xbe64_2023_05_01,CUS_0xbe64,2023-05-01,10,10,10000,1000.0,1000.0,0.0,0.0,2024-03-01
CUS_0xbe9_2024_05_01,CUS_0xbe9,2024-05-01,10,0,10000,0.0,0.0,0.0,10000.0,2024-05-01
CUS_0xbe9_2024_05_01,CUS_0xbe9,2024-05-01,10,1,10000,1000.0,1000.0,0.0,9000.0,2024-06-01
CUS_0xbe9_2024_05_01,CUS_0xbe9,2024-05-01,10,2,10000,1000.0,1000.0,0.0,8000.0,2024-07-01
CUS_0xbe9_2024_05_01,CUS_0xbe9,2024-05-01,10,3,10000,1000.0,0.0,1000.0,8000.0,2024-08-01
CUS_0xbe9_2024_05_01,CUS_0xbe9,2024-05-01,10,4,10000,1000.0,0.0,2000.0,8000.0,2024-09-01
CUS_0xbe9_2024_05_01,CUS_0xbe9,2024-05-01,10,5,10000,1000.0,0.0,3000.0,8000.0,2024-10-01
CUS_0xbe9_2024_05_01,CUS_0xbe9,2024-05-01,10,6,10000,1000.0,0.0,4000.0,8000.0,2024-11-01
CUS_0xbe9_2024_05_01,CUS_0xbe9,2024-05-01,10,7,10000,1000.0,0.0,5000.0,8000.0,2024-12-01
CUS_0xbe9_2024_05_01,CUS_0xbe9,2024-05-01,10,8,10000,1000.0,0.0,6000.0,8000.0,2025-01-01
CUS_0xbe9_2024_05_01,CUS_0xbe9,2024-05-01,10,9,10000,1000.0,0.0,7000.0,8000.0,2025-02-01
CUS_0xbe9_2024_05_01,CUS_0xbe9,2024-05-01,10,10,10000,1000.0,0.0,8000.0,8000.0,2025-03-01
CUS_0xbe97_2024_09_01,CUS_0xbe97,2024-09-01,10,0,10000,0.0,0.0,0.0,10000.0,2024-09-01
CUS_0xbe97_2024_09_01,CUS_0xbe97,2024-09-01,10,1,10000,1000.0,1000.0,0.0,9000.0,2024-10-01
CUS_0xbe97_2024_09_01,CUS_0xbe97,2024-09-01,10,2,10000,1000.0,1000.0,0.0,8000.0,2024-11-01
CUS_0xbe97_2024_09_01,CUS_0xbe97,2024-09-01,10,3,10000,1000.0,1000.0,0.0,7000.0,2024-12-01
CUS_0xbe97_2024_09_01,CUS_0xbe97,2024-09-01,10,4,10000,1000.0,1000.0,0.0,6000.0,2025-01-01
CUS_0xbe97_2024_09_01,CUS_0xbe97,2024-09-01,10,5,10000,1000.0,1000.0,0.0,5000.0,2025-02-01
CUS_0xbe97_2024_09_01,CUS_0xbe97,2024-09-01,10,6,10000,1000.0,1000.0,0.0,4000.0,2025-03-01
CUS_0xbe97_2024_09_01,CUS_0xbe97,2024-09-01,10,7,10000,1000.0,1000.0,0.0,3000.0,2025-04-01
CUS_0xbe97_2024_09_01,CUS_0xbe97,2024-09-01,10,8,10000,1000.0,1000.0,0.0,2000.0,2025-05-01
CUS_0xbe97_2024_09_01,CUS_0xbe97,2024-09-01,10,9,10000,1000.0,1000.0,0.0,1000.0,2025-06-01
CUS_0xbe97_2024_09_01,CUS_0xbe97,2024-09-01,10,10,10000,1000.0,1000.0,0.0,0.0,2025-07-01
CUS_0xbeb8_2023_03_01,CUS_0xbeb8,2023-03-01,10,0,10000,0.0,0.0,0.0,10000.0,2023-03-01
CUS_0xbeb8_2023_03_01,CUS_0xbeb8,2023-03-01,10,1,10000,1000.0,0.0,1000.0,10000.0,2023-04-01
CUS_0xbeb8_2023_03_01,CUS_0xbeb8,2023-03-01,10,2,10000,1000.0,0.0,2000.0,10000.0,2023-05-01
CUS_0xbeb8_2023_03_01,CUS_0xbeb8,2023-03-01,10,3,10000,1000.0,3000.0,0.0,7000.0,2023-06-01
CUS_0xbeb8_2023_03_01,CUS_0xbeb8,2023-03-01,10,4,10000,1000.0,0.0,1000.0,7000.0,2023-07-01
CUS_0xbeb8_2023_03_01,CUS_0xbeb8,2023-03-01,10,5,10000,1000.0,0.0,2000.0,7000.0,2023-08-01
CUS_0xbeb8_2023_03_01,CUS_0xbeb8,2023-03-01,10,6,10000,1000.0,0.0,3000.0,7000.0,2023-09-01
CUS_0xbeb8_2023_03_01,CUS_0xbeb8,2023-03-01,10,7,10000,1000.0,0.0,4000.0,7000.0,2023-10-01
CUS_0xbeb8_2023_03_01,CUS_0xbeb8,2023-03-01,10,8,10000,1000.0,0.0,5000.0,7000.0,2023-11-01
CUS_0xbeb8_2023_03_01,CUS_0xbeb8,2023-03-01,10,9,10000,1000.0,0.0,6000.0,7000.0,2023-12-01
CUS_0xbeb8_2023_03_01,CUS_0xbeb8,2023-03-01,10,10,10000,1000.0,0.0,7000.0,7000.0,2024-01-01
CUS_0xbf55_2023_01_01,CUS_0xbf55,2023-01-01,10,0,10000,0.0,0.0,0.0,10000.0,2023-01-01
CUS_0xbf55_2023_01_01,CUS_0xbf55,2023-01-01,10,1,10000,1000.0,1000.0,0.0,9000.0,2023-02-01
CUS_0xbf55_2023_01_01,CUS_0xbf55,2023-01-01,10,2,10000,1000.0,0.0,1000.0,9000.0,2023-03-01
CUS_0xbf55_2023_01_01,CUS_0xbf55,2023-01-01,10,3,10000,1000.0,0.0,2000.0,9000.0,2023-04-01
CUS_0xbf55_2023_01_01,CUS_0xbf55,2023-01-01,10,4,10000,1000.0,0.0,3000.0,9000.0,2023-05-01
CUS_0xbf55_2023_01_01,CUS_0xbf55,2023-01-01,10,5,10000,1000.0,0.0,4000.0,9000.0,2023-06-01
CUS_0xbf55_2023_01_01,CUS_0xbf55,2023-01-01,10,6,10000,1000.0,0.0,5000.0,9000.0,2023-07-01
CUS_0xbf55_2023_01_01,CUS_0xbf55,2023-01-01,10,7,10000,1000.0,0.0,6000.0,9000.0,2023-08-01
CUS_0xbf55_2023_01_01,CUS_0xbf55,2023-01-01,10,8,10000,1000.0,0.0,7000.0,9000.0,2023-09-01
CUS_0xbf55_2023_01_01,CUS_0xbf55,2023-01-01,10,9,10000,1000.0,0.0,8000.0,9000.0,2023-10-01
CUS_0xbf55_2023_01_01,CUS_0xbf55,2023-01-01,10,10,10000,1000.0,0.0,9000.0,9000.0,2023-11-01
CUS_0xbfa6_2023_04_01,CUS_0xbfa6,2023-04-01,10,0,10000,0.0,0.0,0.0,10000.0,2023-04-01
CUS_0xbfa6_2023_04_01,CUS_0xbfa6,2023-04-01,10,1,10000,1000.0,1000.0,0.0,9000.0,2023-05-01
CUS_0xbfa6_2023_04_01,CUS_0xbfa6,2023-04-01,10,2,10000,1000.0,0.0,1000.0,9000.0,2023-06-01
CUS_0xbfa6_2023_04_01,CUS_0xbfa6,2023-04-01,10,3,10000,1000.0,0.0,2000.0,9000.0,2023-07-01
CUS_0xbfa6_2023_04_01,CUS_0xbfa6,2023-04-01,10,4,10000,1000.0,0.0,3000.0,9000.0,2023-08-01
CUS_0xbfa6_2023_04_01,CUS_0xbfa6,2023-04-01,10,5,10000,1000.0,0.0,4000.0,9000.0,2023-09-01
CUS_0xbfa6_2023_04_01,CUS_0xbfa6,2023-04-01,10,6,10000,1000.0,0.0,5000.0,9000.0,2023-10-01
CUS_0xbfa6_2023_04_01,CUS_0xbfa6,2023-04-01,10,7,10000,1000.0,0.0,6000.0,9000.0,2023-11-01
CUS_0xbfa6_2023_04_01,CUS_0xbfa6,2023-04-01,10,8,10000,1000.0,0.0,7000.0,9000.0,2023-12-01
CUS_0xbfa6_2023_04_01,CUS_0xbfa6,2023-04-01,10,9,10000,1000.0,0.0,8000.0,9000.0,2024-01-01
CUS_0xbfa6_2023_04_01,CUS_0xbfa6,2023-04-01,10,10,10000,1000.0,0.0,9000.0,9000.0,2024-02-01
CUS_0xbfd5_2023_08_01,CUS_0xbfd5,2023-08-01,10,0,10000,0.0,0.0,0.0,10000.0,2023-08-01
CUS_0xbfd5_2023_08_01,CUS_0xbfd5,2023-08-01,10,1,10000,1000.0,1000.0,0.0,9000.0,2023-09-01
CUS_0xbfd5_2023_08_01,CUS_0xbfd5,2023-08-01,10,2,10000,1000.0,1000.0,0.0,8000.0,2023-10-01
CUS_0xbfd5_2023_08_01,CUS_0xbfd5,2023-08-01,10,3,10000,1000.0,1000.0,0.0,7000.0,2023-11-01
CUS_0xbfd5_2023_08_01,CUS_0xbfd5,2023-08-01,10,4,10000,1000.0,1000.0,0.0,6000.0,2023-12-01
CUS_0xbfd5_2023_08_01,CUS_0xbfd5,2023-08-01,10,5,10000,1000.0,1000.0,0.0,5000.0,2024-01-01
CUS_0xbfd5_2023_08_01,CUS_0xbfd5,2023-08-01,10,6,10000,1000.0,1000.0,0.0,4000.0,2024-02-01
CUS_0xbfd5_2023_08_01,CUS_0xbfd5,2023-08-01,10,7,10000,1000.0,1000.0,0.0,3000.0,2024-03-01
CUS_0xbfd5_2023_08_01,CUS_0xbfd5,2023-08-01,10,8,10000,1000.0,1000.0,0.0,2000.0,2024-04-01
CUS_0xbfd5_2023_08_01,CUS_0xbfd5,2023-08-01,10,9,10000,1000.0,1000.0,0.0,1000.0,2024-05-01
CUS_0xbfd5_2023_08_01,CUS_0xbfd5,2023-08-01,10,10,10000,1000.0,1000.0,0.0,0.0,2024-06-01
CUS_0xbfdb_2024_03_01,CUS_0xbfdb,2024-03-01,10,0,10000,0.0,0.0,0.0,10000.0,2024-03-01
CUS_0xbfdb_2024_03_01,CUS_0xbfdb,2024-03-01,10,1,10000,1000.0,1000.0,0.0,9000.0,2024-04-01
CUS_0xbfdb_2024_03_01,CUS_0xbfdb,2024-03-01,10,2,10000,1000.0,1000.0,0.0,8000.0,2024-05-01
CUS_0xbfdb_2024_03_01,CUS_0xbfdb,2024-03-01,10,3,10000,1000.0,1000.0,0.0,7000.0,2024-06-01
CUS_0xbfdb_2024_03_01,CUS_0xbfdb,2024-03-01,10,4,10000,1000.0,1000.0,0.0,6000.0,2024-07-01
CUS_0xbfdb_2024_03_01,CUS_0xbfdb,2024-03-01,10,5,10000,1000.0,1000.0,0.0,5000.0,2024-08-01
CUS_0xbfdb_2024_03_01,CUS_0xbfdb,2024-03-01,10,6,10000,1000.0,1000.0,0.0,4000.0,2024-09-01
CUS_0xbfdb_2024_03_01,CUS_0xbfdb,2024-03-01,10,7,10000,1000.0,1000.0,0.0,3000.0,2024-10-01
CUS_0xbfdb_2024_03_01,CUS_0xbfdb,2024-03-01,10,8,10000,1000.0,1000.0,0.0,2000.0,2024-11-01
CUS_0xbfdb_2024_03_01,CUS_0xbfdb,2024-03-01,10,9,10000,1000.0,1000.0,0.0,1000.0,2024-12-01
CUS_0xbfdb_2024_03_01,CUS_0xbfdb,2024-03-01,10,10,10000,1000.0,1000.0,0.0,0.0,2025-01-01
CUS_0xc02f_2023_06_01,CUS_0xc02f,2023-06-01,10,0,10000,0.0,0.0,0.0,10000.0,2023-06-01
CUS_0xc02f_2023_06_01,CUS_0xc02f,2023-06-01,10,1,10000,1000.0,1000.0,0.0,9000.0,2023-07-01
CUS_0xc02f_2023_06_01,CUS_0xc02f,2023-06-01,10,2,10000,1000.0,1000.0,0.0,8000.0,2023-08-01
CUS_0xc02f_2023_06_01,CUS_0xc02f,2023-06-01,10,3,10000,1000.0,1000.0,0.0,7000.0,2023-09-01
CUS_0xc02f_2023_06_01,CUS_0xc02f,2023-06-01,10,4,10000,1000.0,1000.0,0.0,6000.0,2023-10-01
CUS_0xc02f_2023_06_01,CUS_0xc02f,2023-06-01,10,5,10000,1000.0,1000.0,0.0,5000.0,2023-11-01
CUS_0xc02f_2023_06_01,CUS_0xc02f,2023-06-01,10,6,10000,1000.0,1000.0,0.0,4000.0,2023-12-01
CUS_0xc02f_2023_06_01,CUS_0xc02f,2023-06-01,10,7,10000,1000.0,1000.0,0.0,3000.0,2024-01-01
CUS_0xc02f_2023_06_01,CUS_0xc02f,2023-06-01,10,8,10000,1000.0,1000.0,0.0,2000.0,2024-02-01
CUS_0xc02f_2023_06_01,CUS_0xc02f,2023-06-01,10,9,10000,1000.0,1000.0,0.0,1000.0,2024-03-01
CUS_0xc02f_2023_06_01,CUS_0xc02f,2023-06-01,10,10,10000,1000.0,1000.0,0.0,0.0,2024-04-01
CUS_0xc03a_2024_10_01,CUS_0xc03a,2024-10-01,10,0,10000,0.0,0.0,0.0,10000.0,2024-10-01
CUS_0xc03a_2024_10_01,CUS_0xc03a,2024-10-01,10,1,10000,1000.0,1000.0,0.0,9000.0,2024-11-01
CUS_0xc03a_2024_10_01,CUS_0xc03a,2024-10-01,10,2,10000,1000.0,1000.0,0.0,8000.0,2024-12-01
CUS_0xc03a_2024_10_01,CUS_0xc03a,2024-10-01,10,3,10000,1000.0,1000.0,0.0,7000.0,2025-01-01
CUS_0xc03a_2024_10_01,CUS_0xc03a,2024-10-01,10,4,10000,1000.0,1000.0,0.0,6000.0,2025-02-01
CUS_0xc03a_2024_10_01,CUS_0xc03a,2024-10-01,10,5,10000,1000.0,1000.0,0.0,5000.0,2025-03-01
CUS_0xc03a_2024_10_01,CUS_0xc03a,2024-10-01,10,6,10000,1000.0,1000.0,0.0,4000.0,2025-04-01
CUS_0xc03a_2024_10_01,CUS_0xc03a,2024-10-01,10,7,10000,1000.0,1000.0,0.0,3000.0,2025-05-01
CUS_0xc03a_2024_10_01,CUS_0xc03a,2024-10-01,10,8,10000,1000.0,1000.0,0.0,2000.0,2025-06-01
CUS_0xc03a_2024_10_01,CUS_0xc03a,2024-10-01,10,9,10000,1000.0,1000.0,0.0,1000.0,2025-07-01
CUS_0xc03a_2024_10_01,CUS_0xc03a,2024-10-01,10,10,10000,1000.0,1000.0,0.0,0.0,2025-08-01
CUS_0xc044_2023_07_01,CUS_0xc044,2023-07-01,10,0,10000,0.0,0.0,0.0,10000.0,2023-07-01
CUS_0xc044_2023_07_01,CUS_0xc044,2023-07-01,10,1,10000,1000.0,1000.0,0.0,9000.0,2023-08-01
CUS_0xc044_2023_07_01,CUS_0xc044,2023-07-01,10,2,10000,1000.0,1000.0,0.0,8000.0,2023-09-01
CUS_0xc044_2023_07_01,CUS_0xc044,2023-07-01,10,3,10000,1000.0,1000.0,0.0,7000.0,2023-10-01
CUS_0xc044_2023_07_01,CUS_0xc044,2023-07-01,10,4,10000,1000.0,1000.0,0.0,6000.0,2023-11-01
CUS_0xc044_2023_07_01,CUS_0xc044,2023-07-01,10,5,10000,1000.0,1000.0,0.0,5000.0,2023-12-01
CUS_0xc044_2023_07_01,CUS_0xc044,2023-07-01,10,6,10000,1000.0,1000.0,0.0,4000.0,2024-01-01
CUS_0xc044_2023_07_01,CUS_0xc044,2023-07-01,10,7,10000,1000.0,1000.0,0.0,3000.0,2024-02-01
CUS_0xc044_2023_07_01,CUS_0xc044,2023-07-01,10,8,10000,1000.0,1000.0,0.0,2000.0,2024-03-01
CUS_0xc044_2023_07_01,CUS_0xc044,2023-07-01,10,9,10000,1000.0,1000.0,0.0,1000.0,2024-04-01
CUS_0xc044_2023_07_01,CUS_0xc044,2023-07-01,10,10,10000,1000.0,1000.0,0.0,0.0,2024-05-01
CUS_0xc045_2024_03_01,CUS_0xc045,2024-03-01,10,0,10000,0.0,0.0,0.0,10000.0,2024-03-01
CUS_0xc045_2024_03_01,CUS_0xc045,2024-03-01,10,1,10000,1000.0,1000.0,0.0,9000.0,2024-04-01
CUS_0xc045_2024_03_01,CUS_0xc045,2024-03-01,10,2,10000,1000.0,1000.0,0.0,8000.0,2024-05-01
CUS_0xc045_2024_03_01,CUS_0xc045,2024-03-01,10,3,10000,1000.0,1000.0,0.0,7000.0,2024-06-01
CUS_0xc045_2024_03_01,CUS_0xc045,2024-03-01,10,4,10000,1000.0,1000.0,0.0,6000.0,2024-07-01
CUS_0xc045_2024_03_01,CUS_0xc045,2024-03-01,10,5,10000,1000.0,1000.0,0.0,5000.0,2024-08-01
CUS_0xc045_2024_03_01,CUS_0xc045,2024-03-01,10,6,10000,1000.0,1000.0,0.0,4000.0,2024-09-01
CUS_0xc045_2024_03_01,CUS_0xc045,2024-03-01,10,7,10000,1000.0,1000.0,0.0,3000.0,2024-10-01
CUS_0xc045_2024_03_01,CUS_0xc045,2024-03-01,10,8,10000,1000.0,1000.0,0.0,2000.0,2024-11-01
CUS_0xc045_2024_03_01,CUS_0xc045,2024-03-01,10,9,10000,1000.0,1000.0,0.0,1000.0,2024-12-01
CUS_0xc045_2024_03_01,CUS_0xc045,2024-03-01,10,10,10000,1000.0,1000.0,0.0,0.0,2025-01-01
CUS_0xc06a_2024_12_01,CUS_0xc06a,2024-12-01,10,0,10000,0.0,0.0,0.0,10000.0,2024-12-01
CUS_0xc06a_2024_12_01,CUS_0xc06a,2024-12-01,10,1,10000,1000.0,1000.0,0.0,9000.0,2025-01-01
CUS_0xc06a_2024_12_01,CUS_0xc06a,2024-12-01,10,2,10000,1000.0,0.0,1000.0,9000.0,2025-02-01
CUS_0xc06a_2024_12_01,CUS_0xc06a,2024-12-01,10,3,10000,1000.0,0.0,2000.0,9000.0,2025-03-01
CUS_0xc06a_2024_12_01,CUS_0xc06a,2024-12-01,10,4,10000,1000.0,0.0,3000.0,9000.0,2025-04-01
CUS_0xc06a_2024_12_01,CUS_0xc06a,2024-12-01,10,5,10000,1000.0,0.0,4000.0,9000.0,2025-05-01
CUS_0xc06a_2024_12_01,CUS_0xc06a,2024-12-01,10,6,10000,1000.0,0.0,5000.0,9000.0,2025-06-01
CUS_0xc06a_2024_12_01,CUS_0xc06a,2024-12-01,10,7,10000,1000.0,0.0,6000.0,9000.0,2025-07-01
CUS_0xc06a_2024_12_01,CUS_0xc06a,2024-12-01,10,8,10000,1000.0,0.0,7000.0,9000.0,2025-08-01
CUS_0xc06a_2024_12_01,CUS_0xc06a,2024-12-01,10,9,10000,1000.0,0.0,8000.0,9000.0,2025-09-01
CUS_0xc06a_2024_12_01,CUS_0xc06a,2024-12-01,10,10,10000,1000.0,0.0,9000.0,9000.0,2025-10-01
CUS_0xc0d9_2023_02_01,CUS_0xc0d9,2023-02-01,10,0,10000,0.0,0.0,0.0,10000.0,2023-02-01
CUS_0xc0d9_2023_02_01,CUS_0xc0d9,2023-02-01,10,1,10000,1000.0,1000.0,0.0,9000.0,2023-03-01
CUS_0xc0d9_2023_02_01,CUS_0xc0d9,2023-02-01,10,2,10000,1000.0,1000.0,0.0,8000.0,2023-04-01
CUS_0xc0d9_2023_02_01,CUS_0xc0d9,2023-02-01,10,3,10000,1000.0,1000.0,0.0,7000.0,2023-05-01
CUS_0xc0d9_2023_02_01,CUS_0xc0d9,2023-02-01,10,4,10000,1000.0,1000.0,0.0,6000.0,2023-06-01
CUS_0xc0d9_2023_02_01,CUS_0xc0d9,2023-02-01,10,5,10000,1000.0,1000.0,0.0,5000.0,2023-07-01
CUS_0xc0d9_2023_02_01,CUS_0xc0d9,2023-02-01,10,6,10000,1000.0,1000.0,0.0,4000.0,2023-08-01
CUS_0xc0d9_2023_02_01,CUS_0xc0d9,2023-02-01,10,7,10000,1000.0,1000.0,0.0,3000.0,2023-09-01
CUS_0xc0d9_2023_02_01,CUS_0xc0d9,2023-02-01,10,8,10000,1000.0,1000.0,0.0,2000.0,2023-10-01
CUS_0xc0d9_2023_02_01,CUS_0xc0d9,2023-02-01,10,9,10000,1000.0,1000.0,0.0,1000.0,2023-11-01
CUS_0xc0d9_2023_02_01,CUS_0xc0d9,2023-02-01,10,10,10000,1000.0,1000.0,0.0,0.0,2023-12-01
CUS_0xc19f_2024_07_01,CUS_0xc19f,2024-07-01,10,0,10000,0.0,0.0,0.0,10000.0,2024-07-01
CUS_0xc19f_2024_07_01,CUS_0xc19f,2024-07-01,10,1,10000,1000.0,1000.0,0.0,9000.0,2024-08-01
CUS_0xc19f_2024_07_01,CUS_0xc19f,2024-07-01,10,2,10000,1000.0,1000.0,0.0,8000.0,2024-09-01
CUS_0xc19f_2024_07_01,CUS_0xc19f,2024-07-01,10,3,10000,1000.0,1000.0,0.0,7000.0,2024-10-01
CUS_0xc19f_2024_07_01,CUS_0xc19f,2024-07-01,10,4,10000,1000.0,1000.0,0.0,6000.0,2024-11-01
CUS_0xc19f_2024_07_01,CUS_0xc19f,2024-07-01,10,5,10000,1000.0,1000.0,0.0,5000.0,2024-12-01
CUS_0xc19f_2024_07_01,CUS_0xc19f,2024-07-01,10,6,10000,1000.0,1000.0,0.0,4000.0,2025-01-01
CUS_0xc19f_2024_07_01,CUS_0xc19f,2024-07-01,10,7,10000,1000.0,1000.0,0.0,3000.0,2025-02-01
CUS_0xc19f_2024_07_01,CUS_0xc19f,2024-07-01,10,8,10000,1000.0,1000.0,0.0,2000.0,2025-03-01
CUS_0xc19f_2024_07_01,CUS_0xc19f,2024-07-01,10,9,10000,1000.0,1000.0,0.0,1000.0,2025-04-01
CUS_0xc19f_2024_07_01,CUS_0xc19f,2024-07-01,10,10,10000,1000.0,1000.0,0.0,0.0,2025-05-01
CUS_0xc1ce_2024_01_01,CUS_0xc1ce,2024-01-01,10,0,10000,0.0,0.0,0.0,10000.0,2024-01-01
CUS_0xc1ce_2024_01_01,CUS_0xc1ce,2024-01-01,10,1,10000,1000.0,1000.0,0.0,9000.0,2024-02-01
CUS_0xc1ce_2024_01_01,CUS_0xc1ce,2024-01-01,10,2,10000,1000.0,1000.0,0.0,8000.0,2024-03-01
CUS_0xc1ce_2024_01_01,CUS_0xc1ce,2024-01-01,10,3,10000,1000.0,0.0,1000.0,8000.0,2024-04-01
CUS_0xc1ce_2024_01_01,CUS_0xc1ce,2024-01-01,10,4,10000,1000.0,2000.0,0.0,6000.0,2024-05-01
CUS_0xc1ce_2024_01_01,CUS_0xc1ce,2024-01-01,10,5,10000,1000.0,0.0,1000.0,6000.0,2024-06-01
CUS_0xc1ce_2024_01_01,CUS_0xc1ce,2024-01-01,10,6,10000,1000.0,0.0,2000.0,6000.0,2024-07-01
CUS_0xc1ce_2024_01_01,CUS_0xc1ce,2024-01-01,10,7,10000,1000.0,0.0,3000.0,6000.0,2024-08-01
CUS_0xc1ce_2024_01_01,CUS_0xc1ce,2024-01-01,10,8,10000,1000.0,0.0,4000.0,6000.0,2024-09-01
CUS_0xc1ce_2024_01_01,CUS_0xc1ce,2024-01-01,10,9,10000,1000.0,0.0,5000.0,6000.0,2024-10-01
CUS_0xc1ce_2024_01_01,CUS_0xc1ce,2024-01-01,10,10,10000,1000.0,0.0,6000.0,6000.0,2024-11-01
CUS_0xc1f_2023_10_01,CUS_0xc1f,2023-10-01,10,0,10000,0.0,0.0,0.0,10000.0,2023-10-01
CUS_0xc1f_2023_10_01,CUS_0xc1f,2023-10-01,10,1,10000,1000.0,1000.0,0.0,9000.0,2023-11-01
CUS_0xc1f_2023_10_01,CUS_0xc1f,2023-10-01,10,2,10000,1000.0,1000.0,0.0,8000.0,2023-12-01
CUS_0xc1f_2023_10_01,CUS_0xc1f,2023-10-01,10,3,10000,1000.0,0.0,1000.0,8000.0,2024-01-01
CUS_0xc1f_2023_10_01,CUS_0xc1f,2023-10-01,10,4,10000,1000.0,0.0,2000.0,8000.0,2024-02-01
CUS_0xc1f_2023_10_01,CUS_0xc1f,2023-10-01,10,5,10000,1000.0,0.0,3000.0,8000.0,2024-03-01
CUS_0xc1f_2023_10_01,CUS_0xc1f,2023-10-01,10,6,10000,1000.0,0.0,4000.0,8000.0,2024-04-01
CUS_0xc1f_2023_10_01,CUS_0xc1f,2023-10-01,10,7,10000,1000.0,0.0,5000.0,8000.0,2024-05-01
CUS_0xc1f_2023_10_01,CUS_0xc1f,2023-10-01,10,8,10000,1000.0,0.0,6000.0,8000.0,2024-06-01
CUS_0xc1f_2023_10_01,CUS_0xc1f,2023-10-01,10,9,10000,1000.0,0.0,7000.0,8000.0,2024-07-01
CUS_0xc1f_2023_10_01,CUS_0xc1f,2023-10-01,10,10,10000,1000.0,0.0,8000.0,8000.0,2024-08-01
CUS_0xc2a6_2023_09_01,CUS_0xc2a6,2023-09-01,10,0,10000,0.0,0.0,0.0,10000.0,2023-09-01
CUS_0xc2a6_2023_09_01,CUS_0xc2a6,2023-09-01,10,1,10000,1000.0,1000.0,0.0,9000.0,2023-10-01
CUS_0xc2a6_2023_09_01,CUS_0xc2a6,2023-09-01,10,2,10000,1000.0,1000.0,0.0,8000.0,2023-11-01
CUS_0xc2a6_2023_09_01,CUS_0xc2a6,2023-09-01,10,3,10000,1000.0,1000.0,0.0,7000.0,2023-12-01
CUS_0xc2a6_2023_09_01,CUS_0xc2a6,2023-09-01,10,4,10000,1000.0,1000.0,0.0,6000.0,2024-01-01
CUS_0xc2a6_2023_09_01,CUS_0xc2a6,2023-09-01,10,5,10000,1000.0,1000.0,0.0,5000.0,2024-02-01
CUS_0xc2a6_2023_09_01,CUS_0xc2a6,2023-09-01,10,6,10000,1000.0,1000.0,0.0,4000.0,2024-03-01
CUS_0xc2a6_2023_09_01,CUS_0xc2a6,2023-09-01,10,7,10000,1000.0,1000.0,0.0,3000.0,2024-04-01
CUS_0xc2a6_2023_09_01,CUS_0xc2a6,2023-09-01,10,8,10000,1000.0,1000.0,0.0,2000.0,2024-05-01
CUS_0xc2a6_2023_09_01,CUS_0xc2a6,2023-09-01,10,9,10000,1000.0,1000.0,0.0,1000.0,2024-06-01
CUS_0xc2a6_2023_09_01,CUS_0xc2a6,2023-09-01,10,10,10000,1000.0,1000.0,0.0,0.0,2024-07-01
CUS_0xc2cb_2023_09_01,CUS_0xc2cb,2023-09-01,10,0,10000,0.0,0.0,0.0,10000.0,2023-09-01
CUS_0xc2cb_2023_09_01,CUS_0xc2cb,2023-09-01,10,1,10000,1000.0,1000.0,0.0,9000.0,2023-10-01
CUS_0xc2cb_2023_09_01,CUS_0xc2cb,2023-09-01,10,2,10000,1000.0,1000.0,0.0,8000.0,2023-11-01
CUS_0xc2cb_2023_09_01,CUS_0xc2cb,2023-09-01,10,3,10000,1000.0,1000.0,0.0,7000.0,2023-12-01
CUS_0xc2cb_2023_09_01,CUS_0xc2cb,2023-09-01,10,4,10000,1000.0,1000.0,0.0,6000.0,2024-01-01
CUS_0xc2cb_2023_09_01,CUS_0xc2cb,2023-09-01,10,5,10000,1000.0,1000.0,0.0,5000.0,2024-02-01
CUS_0xc2cb_2023_09_01,CUS_0xc2cb,2023-09-01,10,6,10000,1000.0,1000.0,0.0,4000.0,2024-03-01
CUS_0xc2cb_2023_09_01,CUS_0xc2cb,2023-09-01,10,7,10000,1000.0,1000.0,0.0,3000.0,2024-04-01
CUS_0xc2cb_2023_09_01,CUS_0xc2cb,2023-09-01,10,8,10000,1000.0,1000.0,0.0,2000.0,2024-05-01
CUS_0xc2cb_2023_09_01,CUS_0xc2cb,2023-09-01,10,9,10000,1000.0,1000.0,0.0,1000.0,2024-06-01
CUS_0xc2cb_2023_09_01,CUS_0xc2cb,2023-09-01,10,10,10000,1000.0,1000.0,0.0,0.0,2024-07-01
CUS_0xc2eb_2024_07_01,CUS_0xc2eb,2024-07-01,10,0,10000,0.0,0.0,0.0,10000.0,2024-07-01
CUS_0xc2eb_2024_07_01,CUS_0xc2eb,2024-07-01,10,1,10000,1000.0,1000.0,0.0,9000.0,2024-08-01
CUS_0xc2eb_2024_07_01,CUS_0xc2eb,2024-07-01,10,2,10000,1000.0,1000.0,0.0,8000.0,2024-09-01
CUS_0xc2eb_2024_07_01,CUS_0xc2eb,2024-07-01,10,3,10000,1000.0,1000.0,0.0,7000.0,2024-10-01
CUS_0xc2eb_2024_07_01,CUS_0xc2eb,2024-07-01,10,4,10000,1000.0,1000.0,0.0,6000.0,2024-11-01
CUS_0xc2eb_2024_07_01,CUS_0xc2eb,2024-07-01,10,5,10000,1000.0,1000.0,0.0,5000.0,2024-12-01
CUS_0xc2eb_2024_07_01,CUS_0xc2eb,2024-07-01,10,6,10000,1000.0,1000.0,0.0,4000.0,2025-01-01
CUS_0xc2eb_2024_07_01,CUS_0xc2eb,2024-07-01,10,7,10000,1000.0,1000.0,0.0,3000.0,2025-02-01
CUS_0xc2eb_2024_07_01,CUS_0xc2eb,2024-07-01,10,8,10000,1000.0,1000.0,0.0,2000.0,2025-03-01
CUS_0xc2eb_2024_07_01,CUS_0xc2eb,2024-07-01,10,9,10000,1000.0,1000.0,0.0,1000.0,2025-04-01
CUS_0xc2eb_2024_07_01,CUS_0xc2eb,2024-07-01,10,10,10000,1000.0,1000.0,0.0,0.0,2025-05-01
CUS_0xc305_2023_01_01,CUS_0xc305,2023-01-01,10,0,10000,0.0,0.0,0.0,10000.0,2023-01-01
CUS_0xc305_2023_01_01,CUS_0xc305,2023-01-01,10,1,10000,1000.0,0.0,1000.0,10000.0,2023-02-01
CUS_0xc305_2023_01_01,CUS_0xc305,2023-01-01,10,2,10000,1000.0,2000.0,0.0,8000.0,2023-03-01
CUS_0xc305_2023_01_01,CUS_0xc305,2023-01-01,10,3,10000,1000.0,0.0,1000.0,8000.0,2023-04-01
CUS_0xc305_2023_01_01,CUS_0xc305,2023-01-01,10,4,10000,1000.0,0.0,2000.0,8000.0,2023-05-01
CUS_0xc305_2023_01_01,CUS_0xc305,2023-01-01,10,5,10000,1000.0,0.0,3000.0,8000.0,2023-06-01
CUS_0xc305_2023_01_01,CUS_0xc305,2023-01-01,10,6,10000,1000.0,0.0,4000.0,8000.0,2023-07-01
CUS_0xc305_2023_01_01,CUS_0xc305,2023-01-01,10,7,10000,1000.0,0.0,5000.0,8000.0,2023-08-01
CUS_0xc305_2023_01_01,CUS_0xc305,2023-01-01,10,8,10000,1000.0,0.0,6000.0,8000.0,2023-09-01
CUS_0xc305_2023_01_01,CUS_0xc305,2023-01-01,10,9,10000,1000.0,0.0,7000.0,8000.0,2023-10-01
CUS_0xc305_2023_01_01,CUS_0xc305,2023-01-01,10,10,10000,1000.0,0.0,8000.0,8000.0,2023-11-01
CUS_0xc331_2023_12_01,CUS_0xc331,2023-12-01,10,0,10000,0.0,0.0,0.0,10000.0,2023-12-01
CUS_0xc331_2023_12_01,CUS_0xc331,2023-12-01,10,1,10000,1000.0,1000.0,0.0,9000.0,2024-01-01
CUS_0xc331_2023_12_01,CUS_0xc331,2023-12-01,10,2,10000,1000.0,0.0,1000.0,9000.0,2024-02-01
CUS_0xc331_2023_12_01,CUS_0xc331,2023-12-01,10,3,10000,1000.0,0.0,2000.0,9000.0,2024-03-01
CUS_0xc331_2023_12_01,CUS_0xc331,2023-12-01,10,4,10000,1000.0,0.0,3000.0,9000.0,2024-04-01
CUS_0xc331_2023_12_01,CUS_0xc331,2023-12-01,10,5,10000,1000.0,0.0,4000.0,9000.0,2024-05-01
CUS_0xc331_2023_12_01,CUS_0xc331,2023-12-01,10,6,10000,1000.0,0.0,5000.0,9000.0,2024-06-01
CUS_0xc331_2023_12_01,CUS_0xc331,2023-12-01,10,7,10000,1000.0,0.0,6000.0,9000.0,2024-07-01
CUS_0xc331_2023_12_01,CUS_0xc331,2023-12-01,10,8,10000,1000.0,0.0,7000.0,9000.0,2024-08-01
CUS_0xc331_2023_12_01,CUS_0xc331,2023-12-01,10,9,10000,1000.0,0.0,8000.0,9000.0,2024-09-01
CUS_0xc331_2023_12_01,CUS_0xc331,2023-12-01,10,10,10000,1000.0,0.0,9000.0,9000.0,2024-10-01
CUS_0xc3aa_2023_01_01,CUS_0xc3aa,2023-01-01,10,0,10000,0.0,0.0,0.0,10000.0,2023-01-01
CUS_0xc3aa_2023_01_01,CUS_0xc3aa,2023-01-01,10,1,10000,1000.0,1000.0,0.0,9000.0,2023-02-01
CUS_0xc3aa_2023_01_01,CUS_0xc3aa,2023-01-01,10,2,10000,1000.0,1000.0,0.0,8000.0,2023-03-01
CUS_0xc3aa_2023_01_01,CUS_0xc3aa,2023-01-01,10,3,10000,1000.0,1000.0,0.0,7000.0,2023-04-01
CUS_0xc3aa_2023_01_01,CUS_0xc3aa,2023-01-01,10,4,10000,1000.0,1000.0,0.0,6000.0,2023-05-01
CUS_0xc3aa_2023_01_01,CUS_0xc3aa,2023-01-01,10,5,10000,1000.0,1000.0,0.0,5000.0,2023-06-01
CUS_0xc3aa_2023_01_01,CUS_0xc3aa,2023-01-01,10,6,10000,1000.0,1000.0,0.0,4000.0,2023-07-01
CUS_0xc3aa_2023_01_01,CUS_0xc3aa,2023-01-01,10,7,10000,1000.0,1000.0,0.0,3000.0,2023-08-01
CUS_0xc3aa_2023_01_01,CUS_0xc3aa,2023-01-01,10,8,10000,1000.0,1000.0,0.0,2000.0,2023-09-01
CUS_0xc3aa_2023_01_01,CUS_0xc3aa,2023-01-01,10,9,10000,1000.0,1000.0,0.0,1000.0,2023-10-01
CUS_0xc3aa_2023_01_01,CUS_0xc3aa,2023-01-01,10,10,10000,1000.0,1000.0,0.0,0.0,2023-11-01
CUS_0xc3d8_2024_11_01,CUS_0xc3d8,2024-11-01,10,0,10000,0.0,0.0,0.0,10000.0,2024-11-01
CUS_0xc3d8_2024_11_01,CUS_0xc3d8,2024-11-01,10,1,10000,1000.0,1000.0,0.0,9000.0,2024-12-01
CUS_0xc3d8_2024_11_01,CUS_0xc3d8,2024-11-01,10,2,10000,1000.0,1000.0,0.0,8000.0,2025-01-01
CUS_0xc3d8_2024_11_01,CUS_0xc3d8,2024-11-01,10,3,10000,1000.0,1000.0,0.0,7000.0,2025-02-01
CUS_0xc3d8_2024_11_01,CUS_0xc3d8,2024-11-01,10,4,10000,1000.0,1000.0,0.0,6000.0,2025-03-01
CUS_0xc3d8_2024_11_01,CUS_0xc3d8,2024-11-01,10,5,10000,1000.0,1000.0,0.0,5000.0,2025-04-01
CUS_0xc3d8_2024_11_01,CUS_0xc3d8,2024-11-01,10,6,10000,1000.0,1000.0,0.0,4000.0,2025-05-01
CUS_0xc3d8_2024_11_01,CUS_0xc3d8,2024-11-01,10,7,10000,1000.0,1000.0,0.0,3000.0,2025-06-01
CUS_0xc3d8_2024_11_01,CUS_0xc3d8,2024-11-01,10,8,10000,1000.0,1000.0,0.0,2000.0,2025-07-01
CUS_0xc3d8_2024_11_01,CUS_0xc3d8,2024-11-01,10,9,10000,1000.0,1000.0,0.0,1000.0,2025-08-01
CUS_0xc3d8_2024_11_01,CUS_0xc3d8,2024-11-01,10,10,10000,1000.0,1000.0,0.0,0.0,2025-09-01
CUS_0xc3e4_2024_07_01,CUS_0xc3e4,2024-07-01,10,0,10000,0.0,0.0,0.0,10000.0,2024-07-01
CUS_0xc3e4_2024_07_01,CUS_0xc3e4,2024-07-01,10,1,10000,1000.0,1000.0,0.0,9000.0,2024-08-01
CUS_0xc3e4_2024_07_01,CUS_0xc3e4,2024-07-01,10,2,10000,1000.0,1000.0,0.0,8000.0,2024-09-01
CUS_0xc3e4_2024_07_01,CUS_0xc3e4,2024-07-01,10,3,10000,1000.0,1000.0,0.0,7000.0,2024-10-01
CUS_0xc3e4_2024_07_01,CUS_0xc3e4,2024-07-01,10,4,10000,1000.0,1000.0,0.0,6000.0,2024-11-01
CUS_0xc3e4_2024_07_01,CUS_0xc3e4,2024-07-01,10,5,10000,1000.0,1000.0,0.0,5000.0,2024-12-01
CUS_0xc3e4_2024_07_01,CUS_0xc3e4,2024-07-01,10,6,10000,1000.0,1000.0,0.0,4000.0,2025-01-01
CUS_0xc3e4_2024_07_01,CUS_0xc3e4,2024-07-01,10,7,10000,1000.0,1000.0,0.0,3000.0,2025-02-01
CUS_0xc3e4_2024_07_01,CUS_0xc3e4,2024-07-01,10,8,10000,1000.0,1000.0,0.0,2000.0,2025-03-01
CUS_0xc3e4_2024_07_01,CUS_0xc3e4,2024-07-01,10,9,10000,1000.0,1000.0,0.0,1000.0,2025-04-01
CUS_0xc3e4_2024_07_01,CUS_0xc3e4,2024-07-01,10,10,10000,1000.0,1000.0,0.0,0.0,2025-05-01
CUS_0xc3f2_2024_08_01,CUS_0xc3f2,2024-08-01,10,0,10000,0.0,0.0,0.0,10000.0,2024-08-01
CUS_0xc3f2_2024_08_01,CUS_0xc3f2,2024-08-01,10,1,10000,1000.0,1000.0,0.0,9000.0,2024-09-01
CUS_0xc3f2_2024_08_01,CUS_0xc3f2,2024-08-01,10,2,10000,1000.0,1000.0,0.0,8000.0,2024-10-01
CUS_0xc3f2_2024_08_01,CUS_0xc3f2,2024-08-01,10,3,10000,1000.0,1000.0,0.0,7000.0,2024-11-01
CUS_0xc3f2_2024_08_01,CUS_0xc3f2,2024-08-01,10,4,10000,1000.0,1000.0,0.0,6000.0,2024-12-01
CUS_0xc3f2_2024_08_01,CUS_0xc3f2,2024-08-01,10,5,10000,1000.0,1000.0,0.0,5000.0,2025-01-01
CUS_0xc3f2_2024_08_01,CUS_0xc3f2,2024-08-01,10,6,10000,1000.0,1000.0,0.0,4000.0,2025-02-01
CUS_0xc3f2_2024_08_01,CUS_0xc3f2,2024-08-01,10,7,10000,1000.0,1000.0,0.0,3000.0,2025-03-01
CUS_0xc3f2_2024_08_01,CUS_0xc3f2,2024-08-01,10,8,10000,1000.0,1000.0,0.0,2000.0,2025-04-01
CUS_0xc3f2_2024_08_01,CUS_0xc3f2,2024-08-01,10,9,10000,1000.0,1000.0,0.0,1000.0,2025-05-01
CUS_0xc3f2_2024_08_01,CUS_0xc3f2,2024-08-01,10,10,10000,1000.0,1000.0,0.0,0.0,2025-06-01
CUS_0xc405_2025_01_01,CUS_0xc405,2025-01-01,10,0,10000,0.0,0.0,0.0,10000.0,2025-01-01
CUS_0xc405_2025_01_01,CUS_0xc405,2025-01-01,10,1,10000,1000.0,1000.0,0.0,9000.0,2025-02-01
CUS_0xc405_2025_01_01,CUS_0xc405,2025-01-01,10,2,10000,1000.0,1000.0,0.0,8000.0,2025-03-01
CUS_0xc405_2025_01_01,CUS_0xc405,2025-01-01,10,3,10000,1000.0,1000.0,0.0,7000.0,2025-04-01
CUS_0xc405_2025_01_01,CUS_0xc405,2025-01-01,10,4,10000,1000.0,1000.0,0.0,6000.0,2025-05-01
CUS_0xc405_2025_01_01,CUS_0xc405,2025-01-01,10,5,10000,1000.0,1000.0,0.0,5000.0,2025-06-01
CUS_0xc405_2025_01_01,CUS_0xc405,2025-01-01,10,6,10000,1000.0,1000.0,0.0,4000.0,2025-07-01
CUS_0xc405_2025_01_01,CUS_0xc405,2025-01-01,10,7,10000,1000.0,1000.0,0.0,3000.0,2025-08-01
CUS_0xc405_2025_01_01,CUS_0xc405,2025-01-01,10,8,10000,1000.0,1000.0,0.0,2000.0,2025-09-01
CUS_0xc405_2025_01_01,CUS_0xc405,2025-01-01,10,9,10000,1000.0,1000.0,0.0,1000.0,2025-10-01
CUS_0xc405_2025_01_01,CUS_0xc405,2025-01-01,10,10,10000,1000.0,1000.0,0.0,0.0,2025-11-01
CUS_0xc41f_2024_08_01,CUS_0xc41f,2024-08-01,10,0,10000,0.0,0.0,0.0,10000.0,2024-08-01
CUS_0xc41f_2024_08_01,CUS_0xc41f,2024-08-01,10,1,10000,1000.0,1000.0,0.0,9000.0,2024-09-01
CUS_0xc41f_2024_08_01,CUS_0xc41f,2024-08-01,10,2,10000,1000.0,1000.0,0.0,8000.0,2024-10-01
CUS_0xc41f_2024_08_01,CUS_0xc41f,2024-08-01,10,3,10000,1000.0,1000.0,0.0,7000.0,2024-11-01
CUS_0xc41f_2024_08_01,CUS_0xc41f,2024-08-01,10,4,10000,1000.0,1000.0,0.0,6000.0,2024-12-01
CUS_0xc41f_2024_08_01,CUS_0xc41f,2024-08-01,10,5,10000,1000.0,1000.0,0.0,5000.0,2025-01-01
CUS_0xc41f_2024_08_01,CUS_0xc41f,2024-08-01,10,6,10000,1000.0,1000.0,0.0,4000.0,2025-02-01
CUS_0xc41f_2024_08_01,CUS_0xc41f,2024-08-01,10,7,10000,1000.0,1000.0,0.0,3000.0,2025-03-01
CUS_0xc41f_2024_08_01,CUS_0xc41f,2024-08-01,10,8,10000,1000.0,1000.0,0.0,2000.0,2025-04-01
CUS_0xc41f_2024_08_01,CUS_0xc41f,2024-08-01,10,9,10000,1000.0,1000.0,0.0,1000.0,2025-05-01
CUS_0xc41f_2024_08_01,CUS_0xc41f,2024-08-01,10,10,10000,1000.0,1000.0,0.0,0.0,2025-06-01
CUS_0xc491_2024_08_01,CUS_0xc491,2024-08-01,10,0,10000,0.0,0.0,0.0,10000.0,2024-08-01
CUS_0xc491_2024_08_01,CUS_0xc491,2024-08-01,10,1,10000,1000.0,1000.0,0.0,9000.0,2024-09-01
CUS_0xc491_2024_08_01,CUS_0xc491,2024-08-01,10,2,10000,1000.0,0.0,1000.0,9000.0,2024-10-01
CUS_0xc491_2024_08_01,CUS_0xc491,2024-08-01,10,3,10000,1000.0,2000.0,0.0,7000.0,2024-11-01
CUS_0xc491_2024_08_01,CUS_0xc491,2024-08-01,10,4,10000,1000.0,0.0,1000.0,7000.0,2024-12-01
CUS_0xc491_2024_08_01,CUS_0xc491,2024-08-01,10,5,10000,1000.0,0.0,2000.0,7000.0,2025-01-01
CUS_0xc491_2024_08_01,CUS_0xc491,2024-08-01,10,6,10000,1000.0,0.0,3000.0,7000.0,2025-02-01
CUS_0xc491_2024_08_01,CUS_0xc491,2024-08-01,10,7,10000,1000.0,0.0,4000.0,7000.0,2025-03-01
CUS_0xc491_2024_08_01,CUS_0xc491,2024-08-01,10,8,10000,1000.0,0.0,5000.0,7000.0,2025-04-01
CUS_0xc491_2024_08_01,CUS_0xc491,2024-08-01,10,9,10000,1000.0,0.0,6000.0,7000.0,2025-05-01
CUS_0xc491_2024_08_01,CUS_0xc491,2024-08-01,10,10,10000,1000.0,0.0,7000.0,7000.0,2025-06-01
CUS_0xc4bc_2024_11_01,CUS_0xc4bc,2024-11-01,10,0,10000,0.0,0.0,0.0,10000.0,2024-11-01
CUS_0xc4bc_2024_11_01,CUS_0xc4bc,2024-11-01,10,1,10000,1000.0,1000.0,0.0,9000.0,2024-12-01
CUS_0xc4bc_2024_11_01,CUS_0xc4bc,2024-11-01,10,2,10000,1000.0,1000.0,0.0,8000.0,2025-01-01
CUS_0xc4bc_2024_11_01,CUS_0xc4bc,2024-11-01,10,3,10000,1000.0,1000.0,0.0,7000.0,2025-02-01
CUS_0xc4bc_2024_11_01,CUS_0xc4bc,2024-11-01,10,4,10000,1000.0,1000.0,0.0,6000.0,2025-03-01
CUS_0xc4bc_2024_11_01,CUS_0xc4bc,2024-11-01,10,5,10000,1000.0,1000.0,0.0,5000.0,2025-04-01
CUS_0xc4bc_2024_11_01,CUS_0xc4bc,2024-11-01,10,6,10000,1000.0,1000.0,0.0,4000.0,2025-05-01
CUS_0xc4bc_2024_11_01,CUS_0xc4bc,2024-11-01,10,7,10000,1000.0,1000.0,0.0,3000.0,2025-06-01
CUS_0xc4bc_2024_11_01,CUS_0xc4bc,2024-11-01,10,8,10000,1000.0,1000.0,0.0,2000.0,2025-07-01
CUS_0xc4bc_2024_11_01,CUS_0xc4bc,2024-11-01,10,9,10000,1000.0,1000.0,0.0,1000.0,2025-08-01
CUS_0xc4bc_2024_11_01,CUS_0xc4bc,2024-11-01,10,10,10000,1000.0,1000.0,0.0,0.0,2025-09-01
CUS_0xc4c9_2024_01_01,CUS_0xc4c9,2024-01-01,10,0,10000,0.0,0.0,0.0,10000.0,2024-01-01
CUS_0xc4c9_2024_01_01,CUS_0xc4c9,2024-01-01,10,1,10000,1000.0,1000.0,0.0,9000.0,2024-02-01
CUS_0xc4c9_2024_01_01,CUS_0xc4c9,2024-01-01,10,2,10000,1000.0,1000.0,0.0,8000.0,2024-03-01
CUS_0xc4c9_2024_01_01,CUS_0xc4c9,2024-01-01,10,3,10000,1000.0,1000.0,0.0,7000.0,2024-04-01
CUS_0xc4c9_2024_01_01,CUS_0xc4c9,2024-01-01,10,4,10000,1000.0,1000.0,0.0,6000.0,2024-05-01
CUS_0xc4c9_2024_01_01,CUS_0xc4c9,2024-01-01,10,5,10000,1000.0,1000.0,0.0,5000.0,2024-06-01
CUS_0xc4c9_2024_01_01,CUS_0xc4c9,2024-01-01,10,6,10000,1000.0,1000.0,0.0,4000.0,2024-07-01
CUS_0xc4c9_2024_01_01,CUS_0xc4c9,2024-01-01,10,7,10000,1000.0,1000.0,0.0,3000.0,2024-08-01
CUS_0xc4c9_2024_01_01,CUS_0xc4c9,2024-01-01,10,8,10000,1000.0,1000.0,0.0,2000.0,2024-09-01
CUS_0xc4c9_2024_01_01,CUS_0xc4c9,2024-01-01,10,9,10000,1000.0,1000.0,0.0,1000.0,2024-10-01
CUS_0xc4c9_2024_01_01,CUS_0xc4c9,2024-01-01,10,10,10000,1000.0,1000.0,0.0,0.0,2024-11-01
CUS_0xc4d7_2024_07_01,CUS_0xc4d7,2024-07-01,10,0,10000,0.0,0.0,0.0,10000.0,2024-07-01
CUS_0xc4d7_2024_07_01,CUS_0xc4d7,2024-07-01,10,1,10000,1000.0,1000.0,0.0,9000.0,2024-08-01
CUS_0xc4d7_2024_07_01,CUS_0xc4d7,2024-07-01,10,2,10000,1000.0,1000.0,0.0,8000.0,2024-09-01
CUS_0xc4d7_2024_07_01,CUS_0xc4d7,2024-07-01,10,3,10000,1000.0,1000.0,0.0,7000.0,2024-10-01
CUS_0xc4d7_2024_07_01,CUS_0xc4d7,2024-07-01,10,4,10000,1000.0,1000.0,0.0,6000.0,2024-11-01
CUS_0xc4d7_2024_07_01,CUS_0xc4d7,2024-07-01,10,5,10000,1000.0,1000.0,0.0,5000.0,2024-12-01
CUS_0xc4d7_2024_07_01,CUS_0xc4d7,2024-07-01,10,6,10000,1000.0,1000.0,0.0,4000.0,2025-01-01
CUS_0xc4d7_2024_07_01,CUS_0xc4d7,2024-07-01,10,7,10000,1000.0,1000.0,0.0,3000.0,2025-02-01
CUS_0xc4d7_2024_07_01,CUS_0xc4d7,2024-07-01,10,8,10000,1000.0,1000.0,0.0,2000.0,2025-03-01
CUS_0xc4d7_2024_07_01,CUS_0xc4d7,2024-07-01,10,9,10000,1000.0,1000.0,0.0,1000.0,2025-04-01
CUS_0xc4d7_2024_07_01,CUS_0xc4d7,2024-07-01,10,10,10000,1000.0,1000.0,0.0,0.0,2025-05-01
CUS_0xc599_2024_04_01,CUS_0xc599,2024-04-01,10,0,10000,0.0,0.0,0.0,10000.0,2024-04-01
CUS_0xc599_2024_04_01,CUS_0xc599,2024-04-01,10,1,10000,1000.0,1000.0,0.0,9000.0,2024-05-01
CUS_0xc599_2024_04_01,CUS_0xc599,2024-04-01,10,2,10000,1000.0,1000.0,0.0,8000.0,2024-06-01
CUS_0xc599_2024_04_01,CUS_0xc599,2024-04-01,10,3,10000,1000.0,1000.0,0.0,7000.0,2024-07-01
CUS_0xc599_2024_04_01,CUS_0xc599,2024-04-01,10,4,10000,1000.0,1000.0,0.0,6000.0,2024-08-01
CUS_0xc599_2024_04_01,CUS_0xc599,2024-04-01,10,5,10000,1000.0,1000.0,0.0,5000.0,2024-09-01
CUS_0xc599_2024_04_01,CUS_0xc599,2024-04-01,10,6,10000,1000.0,1000.0,0.0,4000.0,2024-10-01
CUS_0xc599_2024_04_01,CUS_0xc599,2024-04-01,10,7,10000,1000.0,1000.0,0.0,3000.0,2024-11-01
CUS_0xc599_2024_04_01,CUS_0xc599,2024-04-01,10,8,10000,1000.0,1000.0,0.0,2000.0,2024-12-01
CUS_0xc599_2024_04_01,CUS_0xc599,2024-04-01,10,9,10000,1000.0,1000.0,0.0,1000.0,2025-01-01
CUS_0xc599_2024_04_01,CUS_0xc599,2024-04-01,10,10,10000,1000.0,1000.0,0.0,0.0,2025-02-01
CUS_0xc5a4_2023_07_01,CUS_0xc5a4,2023-07-01,10,0,10000,0.0,0.0,0.0,10000.0,2023-07-01
CUS_0xc5a4_2023_07_01,CUS_0xc5a4,2023-07-01,10,1,10000,1000.0,0.0,1000.0,10000.0,2023-08-01
CUS_0xc5a4_2023_07_01,CUS_0xc5a4,2023-07-01,10,2,10000,1000.0,2000.0,0.0,8000.0,2023-09-01
CUS_0xc5a4_2023_07_01,CUS_0xc5a4,2023-07-01,10,3,10000,1000.0,0.0,1000.0,8000.0,2023-10-01
CUS_0xc5a4_2023_07_01,CUS_0xc5a4,2023-07-01,10,4,10000,1000.0,0.0,2000.0,8000.0,2023-11-01
CUS_0xc5a4_2023_07_01,CUS_0xc5a4,2023-07-01,10,5,10000,1000.0,0.0,3000.0,8000.0,2023-12-01
CUS_0xc5a4_2023_07_01,CUS_0xc5a4,2023-07-01,10,6,10000,1000.0,0.0,4000.0,8000.0,2024-01-01
CUS_0xc5a4_2023_07_01,CUS_0xc5a4,2023-07-01,10,7,10000,1000.0,0.0,5000.0,8000.0,2024-02-01
CUS_0xc5a4_2023_07_01,CUS_0xc5a4,2023-07-01,10,8,10000,1000.0,0.0,6000.0,8000.0,2024-03-01
CUS_0xc5a4_2023_07_01,CUS_0xc5a4,2023-07-01,10,9,10000,1000.0,0.0,7000.0,8000.0,2024-04-01
CUS_0xc5a4_2023_07_01,CUS_0xc5a4,2023-07-01,10,10,10000,1000.0,0.0,8000.0,8000.0,2024-05-01
CUS_0xc620_2024_07_01,CUS_0xc620,2024-07-01,10,0,10000,0.0,0.0,0.0,10000.0,2024-07-01
CUS_0xc620_2024_07_01,CUS_0xc620,2024-07-01,10,1,10000,1000.0,1000.0,0.0,9000.0,2024-08-01
CUS_0xc620_2024_07_01,CUS_0xc620,2024-07-01,10,2,10000,1000.0,1000.0,0.0,8000.0,2024-09-01
CUS_0xc620_2024_07_01,CUS_0xc620,2024-07-01,10,3,10000,1000.0,1000.0,0.0,7000.0,2024-10-01
CUS_0xc620_2024_07_01,CUS_0xc620,2024-07-01,10,4,10000,1000.0,1000.0,0.0,6000.0,2024-11-01
CUS_0xc620_2024_07_01,CUS_0xc620,2024-07-01,10,5,10000,1000.0,1000.0,0.0,5000.0,2024-12-01
CUS_0xc620_2024_07_01,CUS_0xc620,2024-07-01,10,6,10000,1000.0,1000.0,0.0,4000.0,2025-01-01
CUS_0xc620_2024_07_01,CUS_0xc620,2024-07-01,10,7,10000,1000.0,1000.0,0.0,3000.0,2025-02-01
CUS_0xc620_2024_07_01,CUS_0xc620,2024-07-01,10,8,10000,1000.0,1000.0,0.0,2000.0,2025-03-01
CUS_0xc620_2024_07_01,CUS_0xc620,2024-07-01,10,9,10000,1000.0,1000.0,0.0,1000.0,2025-04-01
CUS_0xc620_2024_07_01,CUS_0xc620,2024-07-01,10,10,10000,1000.0,1000.0,0.0,0.0,2025-05-01
CUS_0xc651_2023_07_01,CUS_0xc651,2023-07-01,10,0,10000,0.0,0.0,0.0,10000.0,2023-07-01
CUS_0xc651_2023_07_01,CUS_0xc651,2023-07-01,10,1,10000,1000.0,1000.0,0.0,9000.0,2023-08-01
CUS_0xc651_2023_07_01,CUS_0xc651,2023-07-01,10,2,10000,1000.0,1000.0,0.0,8000.0,2023-09-01
CUS_0xc651_2023_07_01,CUS_0xc651,2023-07-01,10,3,10000,1000.0,1000.0,0.0,7000.0,2023-10-01
CUS_0xc651_2023_07_01,CUS_0xc651,2023-07-01,10,4,10000,1000.0,1000.0,0.0,6000.0,2023-11-01
CUS_0xc651_2023_07_01,CUS_0xc651,2023-07-01,10,5,10000,1000.0,1000.0,0.0,5000.0,2023-12-01
CUS_0xc651_2023_07_01,CUS_0xc651,2023-07-01,10,6,10000,1000.0,1000.0,0.0,4000.0,2024-01-01
CUS_0xc651_2023_07_01,CUS_0xc651,2023-07-01,10,7,10000,1000.0,1000.0,0.0,3000.0,2024-02-01
CUS_0xc651_2023_07_01,CUS_0xc651,2023-07-01,10,8,10000,1000.0,1000.0,0.0,2000.0,2024-03-01
CUS_0xc651_2023_07_01,CUS_0xc651,2023-07-01,10,9,10000,1000.0,1000.0,0.0,1000.0,2024-04-01
CUS_0xc651_2023_07_01,CUS_0xc651,2023-07-01,10,10,10000,1000.0,1000.0,0.0,0.0,2024-05-01
CUS_0xc675_2024_08_01,CUS_0xc675,2024-08-01,10,0,10000,0.0,0.0,0.0,10000.0,2024-08-01
CUS_0xc675_2024_08_01,CUS_0xc675,2024-08-01,10,1,10000,1000.0,1000.0,0.0,9000.0,2024-09-01
CUS_0xc675_2024_08_01,CUS_0xc675,2024-08-01,10,2,10000,1000.0,1000.0,0.0,8000.0,2024-10-01
CUS_0xc675_2024_08_01,CUS_0xc675,2024-08-01,10,3,10000,1000.0,0.0,1000.0,8000.0,2024-11-01
CUS_0xc675_2024_08_01,CUS_0xc675,2024-08-01,10,4,10000,1000.0,0.0,2000.0,8000.0,2024-12-01
CUS_0xc675_2024_08_01,CUS_0xc675,2024-08-01,10,5,10000,1000.0,0.0,3000.0,8000.0,2025-01-01
CUS_0xc675_2024_08_01,CUS_0xc675,2024-08-01,10,6,10000,1000.0,0.0,4000.0,8000.0,2025-02-01
CUS_0xc675_2024_08_01,CUS_0xc675,2024-08-01,10,7,10000,1000.0,0.0,5000.0,8000.0,2025-03-01
CUS_0xc675_2024_08_01,CUS_0xc675,2024-08-01,10,8,10000,1000.0,0.0,6000.0,8000.0,2025-04-01
CUS_0xc675_2024_08_01,CUS_0xc675,2024-08-01,10,9,10000,1000.0,0.0,7000.0,8000.0,2025-05-01
CUS_0xc675_2024_08_01,CUS_0xc675,2024-08-01,10,10,10000,1000.0,0.0,8000.0,8000.0,2025-06-01
CUS_0xc68d_2024_01_01,CUS_0xc68d,2024-01-01,10,0,10000,0.0,0.0,0.0,10000.0,2024-01-01
CUS_0xc68d_2024_01_01,CUS_0xc68d,2024-01-01,10,1,10000,1000.0,1000.0,0.0,9000.0,2024-02-01
CUS_0xc68d_2024_01_01,CUS_0xc68d,2024-01-01,10,2,10000,1000.0,1000.0,0.0,8000.0,2024-03-01
CUS_0xc68d_2024_01_01,CUS_0xc68d,2024-01-01,10,3,10000,1000.0,1000.0,0.0,7000.0,2024-04-01
CUS_0xc68d_2024_01_01,CUS_0xc68d,2024-01-01,10,4,10000,1000.0,1000.0,0.0,6000.0,2024-05-01
CUS_0xc68d_2024_01_01,CUS_0xc68d,2024-01-01,10,5,10000,1000.0,1000.0,0.0,5000.0,2024-06-01
CUS_0xc68d_2024_01_01,CUS_0xc68d,2024-01-01,10,6,10000,1000.0,1000.0,0.0,4000.0,2024-07-01
CUS_0xc68d_2024_01_01,CUS_0xc68d,2024-01-01,10,7,10000,1000.0,1000.0,0.0,3000.0,2024-08-01
CUS_0xc68d_2024_01_01,CUS_0xc68d,2024-01-01,10,8,10000,1000.0,1000.0,0.0,2000.0,2024-09-01
CUS_0xc68d_2024_01_01,CUS_0xc68d,2024-01-01,10,9,10000,1000.0,1000.0,0.0,1000.0,2024-10-01
CUS_0xc68d_2024_01_01,CUS_0xc68d,2024-01-01,10,10,10000,1000.0,1000.0,0.0,0.0,2024-11-01
CUS_0xc6ac_2023_09_01,CUS_0xc6ac,2023-09-01,10,0,10000,0.0,0.0,0.0,10000.0,2023-09-01
CUS_0xc6ac_2023_09_01,CUS_0xc6ac,2023-09-01,10,1,10000,1000.0,1000.0,0.0,9000.0,2023-10-01
CUS_0xc6ac_2023_09_01,CUS_0xc6ac,2023-09-01,10,2,10000,1000.0,1000.0,0.0,8000.0,2023-11-01
CUS_0xc6ac_2023_09_01,CUS_0xc6ac,2023-09-01,10,3,10000,1000.0,1000.0,0.0,7000.0,2023-12-01
CUS_0xc6ac_2023_09_01,CUS_0xc6ac,2023-09-01,10,4,10000,1000.0,1000.0,0.0,6000.0,2024-01-01
CUS_0xc6ac_2023_09_01,CUS_0xc6ac,2023-09-01,10,5,10000,1000.0,1000.0,0.0,5000.0,2024-02-01
CUS_0xc6ac_2023_09_01,CUS_0xc6ac,2023-09-01,10,6,10000,1000.0,1000.0,0.0,4000.0,2024-03-01
CUS_0xc6ac_2023_09_01,CUS_0xc6ac,2023-09-01,10,7,10000,1000.0,1000.0,0.0,3000.0,2024-04-01
CUS_0xc6ac_2023_09_01,CUS_0xc6ac,2023-09-01,10,8,10000,1000.0,1000.0,0.0,2000.0,2024-05-01
CUS_0xc6ac_2023_09_01,CUS_0xc6ac,2023-09-01,10,9,10000,1000.0,1000.0,0.0,1000.0,2024-06-01
CUS_0xc6ac_2023_09_01,CUS_0xc6ac,2023-09-01,10,10,10000,1000.0,1000.0,0.0,0.0,2024-07-01
CUS_0xc6dd_2023_06_01,CUS_0xc6dd,2023-06-01,10,0,10000,0.0,0.0,0.0,10000.0,2023-06-01
CUS_0xc6dd_2023_06_01,CUS_0xc6dd,2023-06-01,10,1,10000,1000.0,1000.0,0.0,9000.0,2023-07-01
CUS_0xc6dd_2023_06_01,CUS_0xc6dd,2023-06-01,10,2,10000,1000.0,1000.0,0.0,8000.0,2023-08-01
CUS_0xc6dd_2023_06_01,CUS_0xc6dd,2023-06-01,10,3,10000,1000.0,1000.0,0.0,7000.0,2023-09-01
CUS_0xc6dd_2023_06_01,CUS_0xc6dd,2023-06-01,10,4,10000,1000.0,1000.0,0.0,6000.0,2023-10-01
CUS_0xc6dd_2023_06_01,CUS_0xc6dd,2023-06-01,10,5,10000,1000.0,1000.0,0.0,5000.0,2023-11-01
CUS_0xc6dd_2023_06_01,CUS_0xc6dd,2023-06-01,10,6,10000,1000.0,1000.0,0.0,4000.0,2023-12-01
CUS_0xc6dd_2023_06_01,CUS_0xc6dd,2023-06-01,10,7,10000,1000.0,1000.0,0.0,3000.0,2024-01-01
CUS_0xc6dd_2023_06_01,CUS_0xc6dd,2023-06-01,10,8,10000,1000.0,1000.0,0.0,2000.0,2024-02-01
CUS_0xc6dd_2023_06_01,CUS_0xc6dd,2023-06-01,10,9,10000,1000.0,1000.0,0.0,1000.0,2024-03-01
CUS_0xc6dd_2023_06_01,CUS_0xc6dd,2023-06-01,10,10,10000,1000.0,1000.0,0.0,0.0,2024-04-01
CUS_0xc6f2_2023_07_01,CUS_0xc6f2,2023-07-01,10,0,10000,0.0,0.0,0.0,10000.0,2023-07-01
CUS_0xc6f2_2023_07_01,CUS_0xc6f2,2023-07-01,10,1,10000,1000.0,1000.0,0.0,9000.0,2023-08-01
CUS_0xc6f2_2023_07_01,CUS_0xc6f2,2023-07-01,10,2,10000,1000.0,1000.0,0.0,8000.0,2023-09-01
CUS_0xc6f2_2023_07_01,CUS_0xc6f2,2023-07-01,10,3,10000,1000.0,1000.0,0.0,7000.0,2023-10-01
CUS_0xc6f2_2023_07_01,CUS_0xc6f2,2023-07-01,10,4,10000,1000.0,1000.0,0.0,6000.0,2023-11-01
CUS_0xc6f2_2023_07_01,CUS_0xc6f2,2023-07-01,10,5,10000,1000.0,1000.0,0.0,5000.0,2023-12-01
CUS_0xc6f2_2023_07_01,CUS_0xc6f2,2023-07-01,10,6,10000,1000.0,1000.0,0.0,4000.0,2024-01-01
CUS_0xc6f2_2023_07_01,CUS_0xc6f2,2023-07-01,10,7,10000,1000.0,1000.0,0.0,3000.0,2024-02-01
CUS_0xc6f2_2023_07_01,CUS_0xc6f2,2023-07-01,10,8,10000,1000.0,1000.0,0.0,2000.0,2024-03-01
CUS_0xc6f2_2023_07_01,CUS_0xc6f2,2023-07-01,10,9,10000,1000.0,1000.0,0.0,1000.0,2024-04-01
CUS_0xc6f2_2023_07_01,CUS_0xc6f2,2023-07-01,10,10,10000,1000.0,1000.0,0.0,0.0,2024-05-01
CUS_0xc727_2023_11_01,CUS_0xc727,2023-11-01,10,0,10000,0.0,0.0,0.0,10000.0,2023-11-01
CUS_0xc727_2023_11_01,CUS_0xc727,2023-11-01,10,1,10000,1000.0,1000.0,0.0,9000.0,2023-12-01
CUS_0xc727_2023_11_01,CUS_0xc727,2023-11-01,10,2,10000,1000.0,1000.0,0.0,8000.0,2024-01-01
CUS_0xc727_2023_11_01,CUS_0xc727,2023-11-01,10,3,10000,1000.0,1000.0,0.0,7000.0,2024-02-01
CUS_0xc727_2023_11_01,CUS_0xc727,2023-11-01,10,4,10000,1000.0,0.0,1000.0,7000.0,2024-03-01
CUS_0xc727_2023_11_01,CUS_0xc727,2023-11-01,10,5,10000,1000.0,0.0,2000.0,7000.0,2024-04-01
CUS_0xc727_2023_11_01,CUS_0xc727,2023-11-01,10,6,10000,1000.0,0.0,3000.0,7000.0,2024-05-01
CUS_0xc727_2023_11_01,CUS_0xc727,2023-11-01,10,7,10000,1000.0,0.0,4000.0,7000.0,2024-06-01
CUS_0xc727_2023_11_01,CUS_0xc727,2023-11-01,10,8,10000,1000.0,0.0,5000.0,7000.0,2024-07-01
CUS_0xc727_2023_11_01,CUS_0xc727,2023-11-01,10,9,10000,1000.0,0.0,6000.0,7000.0,2024-08-01
CUS_0xc727_2023_11_01,CUS_0xc727,2023-11-01,10,10,10000,1000.0,0.0,7000.0,7000.0,2024-09-01
CUS_0xc734_2024_10_01,CUS_0xc734,2024-10-01,10,0,10000,0.0,0.0,0.0,10000.0,2024-10-01
CUS_0xc734_2024_10_01,CUS_0xc734,2024-10-01,10,1,10000,1000.0,1000.0,0.0,9000.0,2024-11-01
CUS_0xc734_2024_10_01,CUS_0xc734,2024-10-01,10,2,10000,1000.0,1000.0,0.0,8000.0,2024-12-01
CUS_0xc734_2024_10_01,CUS_0xc734,2024-10-01,10,3,10000,1000.0,1000.0,0.0,7000.0,2025-01-01
CUS_0xc734_2024_10_01,CUS_0xc734,2024-10-01,10,4,10000,1000.0,1000.0,0.0,6000.0,2025-02-01
CUS_0xc734_2024_10_01,CUS_0xc734,2024-10-01,10,5,10000,1000.0,1000.0,0.0,5000.0,2025-03-01
CUS_0xc734_2024_10_01,CUS_0xc734,2024-10-01,10,6,10000,1000.0,1000.0,0.0,4000.0,2025-04-01
CUS_0xc734_2024_10_01,CUS_0xc734,2024-10-01,10,7,10000,1000.0,1000.0,0.0,3000.0,2025-05-01
CUS_0xc734_2024_10_01,CUS_0xc734,2024-10-01,10,8,10000,1000.0,1000.0,0.0,2000.0,2025-06-01
CUS_0xc734_2024_10_01,CUS_0xc734,2024-10-01,10,9,10000,1000.0,1000.0,0.0,1000.0,2025-07-01
CUS_0xc734_2024_10_01,CUS_0xc734,2024-10-01,10,10,10000,1000.0,1000.0,0.0,0.0,2025-08-01
CUS_0xc78_2024_02_01,CUS_0xc78,2024-02-01,10,0,10000,0.0,0.0,0.0,10000.0,2024-02-01
CUS_0xc78_2024_02_01,CUS_0xc78,2024-02-01,10,1,10000,1000.0,1000.0,0.0,9000.0,2024-03-01
CUS_0xc78_2024_02_01,CUS_0xc78,2024-02-01,10,2,10000,1000.0,1000.0,0.0,8000.0,2024-04-01
CUS_0xc78_2024_02_01,CUS_0xc78,2024-02-01,10,3,10000,1000.0,1000.0,0.0,7000.0,2024-05-01
CUS_0xc78_2024_02_01,CUS_0xc78,2024-02-01,10,4,10000,1000.0,1000.0,0.0,6000.0,2024-06-01
CUS_0xc78_2024_02_01,CUS_0xc78,2024-02-01,10,5,10000,1000.0,1000.0,0.0,5000.0,2024-07-01
CUS_0xc78_2024_02_01,CUS_0xc78,2024-02-01,10,6,10000,1000.0,1000.0,0.0,4000.0,2024-08-01
CUS_0xc78_2024_02_01,CUS_0xc78,2024-02-01,10,7,10000,1000.0,1000.0,0.0,3000.0,2024-09-01
CUS_0xc78_2024_02_01,CUS_0xc78,2024-02-01,10,8,10000,1000.0,1000.0,0.0,2000.0,2024-10-01
CUS_0xc78_2024_02_01,CUS_0xc78,2024-02-01,10,9,10000,1000.0,1000.0,0.0,1000.0,2024-11-01
CUS_0xc78_2024_02_01,CUS_0xc78,2024-02-01,10,10,10000,1000.0,1000.0,0.0,0.0,2024-12-01
CUS_0xc7c_2024_04_01,CUS_0xc7c,2024-04-01,10,0,10000,0.0,0.0,0.0,10000.0,2024-04-01
CUS_0xc7c_2024_04_01,CUS_0xc7c,2024-04-01,10,1,10000,1000.0,1000.0,0.0,9000.0,2024-05-01
CUS_0xc7c_2024_04_01,CUS_0xc7c,2024-04-01,10,2,10000,1000.0,1000.0,0.0,8000.0,2024-06-01
CUS_0xc7c_2024_04_01,CUS_0xc7c,2024-04-01,10,3,10000,1000.0,1000.0,0.0,7000.0,2024-07-01
CUS_0xc7c_2024_04_01,CUS_0xc7c,2024-04-01,10,4,10000,1000.0,1000.0,0.0,6000.0,2024-08-01
CUS_0xc7c_2024_04_01,CUS_0xc7c,2024-04-01,10,5,10000,1000.0,1000.0,0.0,5000.0,2024-09-01
CUS_0xc7c_2024_04_01,CUS_0xc7c,2024-04-01,10,6,10000,1000.0,1000.0,0.0,4000.0,2024-10-01
CUS_0xc7c_2024_04_01,CUS_0xc7c,2024-04-01,10,7,10000,1000.0,1000.0,0.0,3000.0,2024-11-01
CUS_0xc7c_2024_04_01,CUS_0xc7c,2024-04-01,10,8,10000,1000.0,1000.0,0.0,2000.0,2024-12-01
CUS_0xc7c_2024_04_01,CUS_0xc7c,2024-04-01,10,9,10000,1000.0,1000.0,0.0,1000.0,2025-01-01
CUS_0xc7c_2024_04_01,CUS_0xc7c,2024-04-01,10,10,10000,1000.0,1000.0,0.0,0.0,2025-02-01
CUS_0xd33_2023_02_01,CUS_0xd33,2023-02-01,10,0,10000,0.0,0.0,0.0,10000.0,2023-02-01
CUS_0xd33_2023_02_01,CUS_0xd33,2023-02-01,10,1,10000,1000.0,1000.0,0.0,9000.0,2023-03-01
CUS_0xd33_2023_02_01,CUS_0xd33,2023-02-01,10,2,10000,1000.0,1000.0,0.0,8000.0,2023-04-01
CUS_0xd33_2023_02_01,CUS_0xd33,2023-02-01,10,3,10000,1000.0,0.0,1000.0,8000.0,2023-05-01
CUS_0xd33_2023_02_01,CUS_0xd33,2023-02-01,10,4,10000,1000.0,2000.0,0.0,6000.0,2023-06-01
CUS_0xd33_2023_02_01,CUS_0xd33,2023-02-01,10,5,10000,1000.0,0.0,1000.0,6000.0,2023-07-01
CUS_0xd33_2023_02_01,CUS_0xd33,2023-02-01,10,6,10000,1000.0,0.0,2000.0,6000.0,2023-08-01
CUS_0xd33_2023_02_01,CUS_0xd33,2023-02-01,10,7,10000,1000.0,0.0,3000.0,6000.0,2023-09-01
CUS_0xd33_2023_02_01,CUS_0xd33,2023-02-01,10,8,10000,1000.0,0.0,4000.0,6000.0,2023-10-01
CUS_0xd33_2023_02_01,CUS_0xd33,2023-02-01,10,9,10000,1000.0,0.0,5000.0,6000.0,2023-11-01
CUS_0xd33_2023_02_01,CUS_0xd33,2023-02-01,10,10,10000,1000.0,0.0,6000.0,6000.0,2023-12-01
CUS_0xd39_2023_07_01,CUS_0xd39,2023-07-01,10,0,10000,0.0,0.0,0.0,10000.0,2023-07-01
CUS_0xd39_2023_07_01,CUS_0xd39,2023-07-01,10,1,10000,1000.0,1000.0,0.0,9000.0,2023-08-01
CUS_0xd39_2023_07_01,CUS_0xd39,2023-07-01,10,2,10000,1000.0,1000.0,0.0,8000.0,2023-09-01
CUS_0xd39_2023_07_01,CUS_0xd39,2023-07-01,10,3,10000,1000.0,1000.0,0.0,7000.0,2023-10-01
CUS_0xd39_2023_07_01,CUS_0xd39,2023-07-01,10,4,10000,1000.0,1000.0,0.0,6000.0,2023-11-01
CUS_0xd39_2023_07_01,CUS_0xd39,2023-07-01,10,5,10000,1000.0,1000.0,0.0,5000.0,2023-12-01
CUS_0xd39_2023_07_01,CUS_0xd39,2023-07-01,10,6,10000,1000.0,1000.0,0.0,4000.0,2024-01-01
CUS_0xd39_2023_07_01,CUS_0xd39,2023-07-01,10,7,10000,1000.0,1000.0,0.0,3000.0,2024-02-01
CUS_0xd39_2023_07_01,CUS_0xd39,2023-07-01,10,8,10000,1000.0,1000.0,0.0,2000.0,2024-03-01
CUS_0xd39_2023_07_01,CUS_0xd39,2023-07-01,10,9,10000,1000.0,1000.0,0.0,1000.0,2024-04-01
CUS_0xd39_2023_07_01,CUS_0xd39,2023-07-01,10,10,10000,1000.0,1000.0,0.0,0.0,2024-05-01
CUS_0xdc1_2024_07_01,CUS_0xdc1,2024-07-01,10,0,10000,0.0,0.0,0.0,10000.0,2024-07-01
CUS_0xdc1_2024_07_01,CUS_0xdc1,2024-07-01,10,1,10000,1000.0,1000.0,0.0,9000.0,2024-08-01
CUS_0xdc1_2024_07_01,CUS_0xdc1,2024-07-01,10,2,10000,1000.0,1000.0,0.0,8000.0,2024-09-01
CUS_0xdc1_2024_07_01,CUS_0xdc1,2024-07-01,10,3,10000,1000.0,1000.0,0.0,7000.0,2024-10-01
CUS_0xdc1_2024_07_01,CUS_0xdc1,2024-07-01,10,4,10000,1000.0,1000.0,0.0,6000.0,2024-11-01
CUS_0xdc1_2024_07_01,CUS_0xdc1,2024-07-01,10,5,10000,1000.0,1000.0,0.0,5000.0,2024-12-01
CUS_0xdc1_2024_07_01,CUS_0xdc1,2024-07-01,10,6,10000,1000.0,1000.0,0.0,4000.0,2025-01-01
CUS_0xdc1_2024_07_01,CUS_0xdc1,2024-07-01,10,7,10000,1000.0,1000.0,0.0,3000.0,2025-02-01
CUS_0xdc1_2024_07_01,CUS_0xdc1,2024-07-01,10,8,10000,1000.0,1000.0,0.0,2000.0,2025-03-01
CUS_0xdc1_2024_07_01,CUS_0xdc1,2024-07-01,10,9,10000,1000.0,1000.0,0.0,1000.0,2025-04-01
CUS_0xdc1_2024_07_01,CUS_0xdc1,2024-07-01,10,10,10000,1000.0,1000.0,0.0,0.0,2025-05-01
CUS_0xdcb_2024_06_01,CUS_0xdcb,2024-06-01,10,0,10000,0.0,0.0,0.0,10000.0,2024-06-01
CUS_0xdcb_2024_06_01,CUS_0xdcb,2024-06-01,10,1,10000,1000.0,1000.0,0.0,9000.0,2024-07-01
CUS_0xdcb_2024_06_01,CUS_0xdcb,2024-06-01,10,2,10000,1000.0,1000.0,0.0,8000.0,2024-08-01
CUS_0xdcb_2024_06_01,CUS_0xdcb,2024-06-01,10,3,10000,1000.0,1000.0,0.0,7000.0,2024-09-01
CUS_0xdcb_2024_06_01,CUS_0xdcb,2024-06-01,10,4,10000,1000.0,1000.0,0.0,6000.0,2024-10-01
CUS_0xdcb_2024_06_01,CUS_0xdcb,2024-06-01,10,5,10000,1000.0,1000.0,0.0,5000.0,2024-11-01
CUS_0xdcb_2024_06_01,CUS_0xdcb,2024-06-01,10,6,10000,1000.0,1000.0,0.0,4000.0,2024-12-01
CUS_0xdcb_2024_06_01,CUS_0xdcb,2024-06-01,10,7,10000,1000.0,1000.0,0.0,3000.0,2025-01-01
CUS_0xdcb_2024_06_01,CUS_0xdcb,2024-06-01,10,8,10000,1000.0,1000.0,0.0,2000.0,2025-02-01
CUS_0xdcb_2024_06_01,CUS_0xdcb,2024-06-01,10,9,10000,1000.0,1000.0,0.0,1000.0,2025-03-01
CUS_0xdcb_2024_06_01,CUS_0xdcb,2024-06-01,10,10,10000,1000.0,1000.0,0.0,0.0,2025-04-01
CUS_0xde1_2024_05_01,CUS_0xde1,2024-05-01,10,0,10000,0.0,0.0,0.0,10000.0,2024-05-01
CUS_0xde1_2024_05_01,CUS_0xde1,2024-05-01,10,1,10000,1000.0,1000.0,0.0,9000.0,2024-06-01
CUS_0xde1_2024_05_01,CUS_0xde1,2024-05-01,10,2,10000,1000.0,1000.0,0.0,8000.0,2024-07-01
CUS_0xde1_2024_05_01,CUS_0xde1,2024-05-01,10,3,10000,1000.0,1000.0,0.0,7000.0,2024-08-01
CUS_0xde1_2024_05_01,CUS_0xde1,2024-05-01,10,4,10000,1000.0,1000.0,0.0,6000.0,2024-09-01
CUS_0xde1_2024_05_01,CUS_0xde1,2024-05-01,10,5,10000,1000.0,1000.0,0.0,5000.0,2024-10-01
CUS_0xde1_2024_05_01,CUS_0xde1,2024-05-01,10,6,10000,1000.0,1000.0,0.0,4000.0,2024-11-01
CUS_0xde1_2024_05_01,CUS_0xde1,2024-05-01,10,7,10000,1000.0,1000.0,0.0,3000.0,2024-12-01
CUS_0xde1_2024_05_01,CUS_0xde1,2024-05-01,10,8,10000,1000.0,1000.0,0.0,2000.0,2025-01-01
CUS_0xde1_2024_05_01,CUS_0xde1,2024-05-01,10,9,10000,1000.0,1000.0,0.0,1000.0,2025-02-01
CUS_0xde1_2024_05_01,CUS_0xde1,2024-05-01,10,10,10000,1000.0,1000.0,0.0,0.0,2025-03-01
CUS_0xe34_2023_07_01,CUS_0xe34,2023-07-01,10,0,10000,0.0,0.0,0.0,10000.0,2023-07-01
CUS_0xe34_2023_07_01,CUS_0xe34,2023-07-01,10,1,10000,1000.0,1000.0,0.0,9000.0,2023-08-01
CUS_0xe34_2023_07_01,CUS_0xe34,2023-07-01,10,2,10000,1000.0,1000.0,0.0,8000.0,2023-09-01
CUS_0xe34_2023_07_01,CUS_0xe34,2023-07-01,10,3,10000,1000.0,1000.0,0.0,7000.0,2023-10-01
CUS_0xe34_2023_07_01,CUS_0xe34,2023-07-01,10,4,10000,1000.0,1000.0,0.0,6000.0,2023-11-01
CUS_0xe34_2023_07_01,CUS_0xe34,2023-07-01,10,5,10000,1000.0,1000.0,0.0,5000.0,2023-12-01
CUS_0xe34_2023_07_01,CUS_0xe34,2023-07-01,10,6,10000,1000.0,1000.0,0.0,4000.0,2024-01-01
CUS_0xe34_2023_07_01,CUS_0xe34,2023-07-01,10,7,10000,1000.0,1000.0,0.0,3000.0,2024-02-01
CUS_0xe34_2023_07_01,CUS_0xe34,2023-07-01,10,8,10000,1000.0,1000.0,0.0,2000.0,2024-03-01
CUS_0xe34_2023_07_01,CUS_0xe34,2023-07-01,10,9,10000,1000.0,1000.0,0.0,1000.0,2024-04-01
CUS_0xe34_2023_07_01,CUS_0xe34,2023-07-01,10,10,10000,1000.0,1000.0,0.0,0.0,2024-05-01
CUS_0xeda_2023_11_01,CUS_0xeda,2023-11-01,10,0,10000,0.0,0.0,0.0,10000.0,2023-11-01
CUS_0xeda_2023_11_01,CUS_0xeda,2023-11-01,10,1,10000,1000.0,1000.0,0.0,9000.0,2023-12-01
CUS_0xeda_2023_11_01,CUS_0xeda,2023-11-01,10,2,10000,1000.0,0.0,1000.0,9000.0,2024-01-01
CUS_0xeda_2023_11_01,CUS_0xeda,2023-11-01,10,3,10000,1000.0,0.0,2000.0,9000.0,2024-02-01
CUS_0xeda_2023_11_01,CUS_0xeda,2023-11-01,10,4,10000,1000.0,0.0,3000.0,9000.0,2024-03-01
CUS_0xeda_2023_11_01,CUS_0xeda,2023-11-01,10,5,10000,1000.0,0.0,4000.0,9000.0,2024-04-01
CUS_0xeda_2023_11_01,CUS_0xeda,2023-11-01,10,6,10000,1000.0,0.0,5000.0,9000.0,2024-05-01
CUS_0xeda_2023_11_01,CUS_0xeda,2023-11-01,10,7,10000,1000.0,0.0,6000.0,9000.0,2024-06-01
CUS_0xeda_2023_11_01,CUS_0xeda,2023-11-01,10,8,10000,1000.0,0.0,7000.0,9000.0,2024-07-01
CUS_0xeda_2023_11_01,CUS_0xeda,2023-11-01,10,9,10000,1000.0,0.0,8000.0,9000.0,2024-08-01
CUS_0xeda_2023_11_01,CUS_0xeda,2023-11-01,10,10,10000,1000.0,0.0,9000.0,9000.0,2024-09-01
CUS_0xedb_2023_10_01,CUS_0xedb,2023-10-01,10,0,10000,0.0,0.0,0.0,10000.0,2023-10-01
CUS_0xedb_2023_10_01,CUS_0xedb,2023-10-01,10,1,10000,1000.0,1000.0,0.0,9000.0,2023-11-01
CUS_0xedb_2023_10_01,CUS_0xedb,2023-10-01,10,2,10000,1000.0,1000.0,0.0,8000.0,2023-12-01
CUS_0xedb_2023_10_01,CUS_0xedb,2023-10-01,10,3,10000,1000.0,0.0,1000.0,8000.0,2024-01-01
CUS_0xedb_2023_10_01,CUS_0xedb,2023-10-01,10,4,10000,1000.0,2000.0,0.0,6000.0,2024-02-01
CUS_0xedb_2023_10_01,CUS_0xedb,2023-10-01,10,5,10000,1000.0,0.0,1000.0,6000.0,2024-03-01
CUS_0xedb_2023_10_01,CUS_0xedb,2023-10-01,10,6,10000,1000.0,0.0,2000.0,6000.0,2024-04-01
CUS_0xedb_2023_10_01,CUS_0xedb,2023-10-01,10,7,10000,1000.0,0.0,3000.0,6000.0,2024-05-01
CUS_0xedb_2023_10_01,CUS_0xedb,2023-10-01,10,8,10000,1000.0,0.0,4000.0,6000.0,2024-06-01
CUS_0xedb_2023_10_01,CUS_0xedb,2023-10-01,10,9,10000,1000.0,0.0,5000.0,6000.0,2024-07-01
CUS_0xedb_2023_10_01,CUS_0xedb,2023-10-01,10,10,10000,1000.0,0.0,6000.0,6000.0,2024-08-01
CUS_0xf64_2024_04_01,CUS_0xf64,2024-04-01,10,0,10000,0.0,0.0,0.0,10000.0,2024-04-01
CUS_0xf64_2024_04_01,CUS_0xf64,2024-04-01,10,1,10000,1000.0,1000.0,0.0,9000.0,2024-05-01
CUS_0xf64_2024_04_01,CUS_0xf64,2024-04-01,10,2,10000,1000.0,1000.0,0.0,8000.0,2024-06-01
CUS_0xf64_2024_04_01,CUS_0xf64,2024-04-01,10,3,10000,1000.0,1000.0,0.0,7000.0,2024-07-01
CUS_0xf64_2024_04_01,CUS_0xf64,2024-04-01,10,4,10000,1000.0,1000.0,0.0,6000.0,2024-08-01
CUS_0xf64_2024_04_01,CUS_0xf64,2024-04-01,10,5,10000,1000.0,1000.0,0.0,5000.0,2024-09-01
CUS_0xf64_2024_04_01,CUS_0xf64,2024-04-01,10,6,10000,1000.0,1000.0,0.0,4000.0,2024-10-01
CUS_0xf64_2024_04_01,CUS_0xf64,2024-04-01,10,7,10000,1000.0,1000.0,0.0,3000.0,2024-11-01
CUS_0xf64_2024_04_01,CUS_0xf64,2024-04-01,10,8,10000,1000.0,1000.0,0.0,2000.0,2024-12-01
CUS_0xf64_2024_04_01,CUS_0xf64,2024-04-01,10,9,10000,1000.0,1000.0,0.0,1000.0,2025-01-01
CUS_0xf64_2024_04_01,CUS_0xf64,2024-04-01,10,10,10000,1000.0,1000.0,0.0,0.0,2025-02-01
CUS_0xf95_2025_01_01,CUS_0xf95,2025-01-01,10,0,10000,0.0,0.0,0.0,10000.0,2025-01-01
CUS_0xf95_2025_01_01,CUS_0xf95,2025-01-01,10,1,10000,1000.0,1000.0,0.0,9000.0,2025-02-01
CUS_0xf95_2025_01_01,CUS_0xf95,2025-01-01,10,2,10000,1000.0,1000.0,0.0,8000.0,2025-03-01
CUS_0xf95_2025_01_01,CUS_0xf95,2025-01-01,10,3,10000,1000.0,1000.0,0.0,7000.0,2025-04-01
CUS_0xf95_2025_01_01,CUS_0xf95,2025-01-01,10,4,10000,1000.0,1000.0,0.0,6000.0,2025-05-01
CUS_0xf95_2025_01_01,CUS_0xf95,2025-01-01,10,5,10000,1000.0,1000.0,0.0,5000.0,2025-06-01
CUS_0xf95_2025_01_01,CUS_0xf95,2025-01-01,10,6,10000,1000.0,1000.0,0.0,4000.0,2025-07-01
CUS_0xf95_2025_01_01,CUS_0xf95,2025-01-01,10,7,10000,1000.0,1000.0,0.0,3000.0,2025-08-01
CUS_0xf95_2025_01_01,CUS_0xf95,2025-01-01,10,8,10000,1000.0,1000.0,0.0,2000.0,2025-09-01
CUS_0xf95_2025_01_01,CUS_0xf95,2025-01-01,10,9,10000,1000.0,1000.0,0.0,1000.0,2025-10-01
CUS_0xf95_2025_01_01,CUS_0xf95,2025-01-01,10,10,10000,1000.0,1000.0,0.0,0.0,2025-11-01
CUS_0xfaf_2023_04_01,CUS_0xfaf,2023-04-01,10,0,10000,0.0,0.0,0.0,10000.0,2023-04-01
CUS_0xfaf_2023_04_01,CUS_0xfaf,2023-04-01,10,1,10000,1000.0,1000.0,0.0,9000.0,2023-05-01
CUS_0xfaf_2023_04_01,CUS_0xfaf,2023-04-01,10,2,10000,1000.0,1000.0,0.0,8000.0,2023-06-01
CUS_0xfaf_2023_04_01,CUS_0xfaf,2023-04-01,10,3,10000,1000.0,1000.0,0.0,7000.0,2023-07-01
CUS_0xfaf_2023_04_01,CUS_0xfaf,2023-04-01,10,4,10000,1000.0,1000.0,0.0,6000.0,2023-08-01
CUS_0xfaf_2023_04_01,CUS_0xfaf,2023-04-01,10,5,10000,1000.0,1000.0,0.0,5000.0,2023-09-01
CUS_0xfaf_2023_04_01,CUS_0xfaf,2023-04-01,10,6,10000,1000.0,1000.0,0.0,4000.0,2023-10-01
CUS_0xfaf_2023_04_01,CUS_0xfaf,2023-04-01,10,7,10000,1000.0,1000.0,0.0,3000.0,2023-11-01
CUS_0xfaf_2023_04_01,CUS_0xfaf,2023-04-01,10,8,10000,1000.0,1000.0,0.0,2000.0,2023-12-01
CUS_0xfaf_2023_04_01,CUS_0xfaf,2023-04-01,10,9,10000,1000.0,1000.0,0.0,1000.0,2024-01-01
CUS_0xfaf_2023_04_01,CUS_0xfaf,2023-04-01,10,10,10000,1000.0,1000.0,0.0,0.0,2024-02-01
CUS_0xfd1_2024_12_01,CUS_0xfd1,2024-12-01,10,0,10000,0.0,0.0,0.0,10000.0,2024-12-01
CUS_0xfd1_2024_12_01,CUS_0xfd1,2024-12-01,10,1,10000,1000.0,1000.0,0.0,9000.0,2025-01-01
CUS_0xfd1_2024_12_01,CUS_0xfd1,2024-12-01,10,2,10000,1000.0,1000.0,0.0,8000.0,2025-02-01
CUS_0xfd1_2024_12_01,CUS_0xfd1,2024-12-01,10,3,10000,1000.0,1000.0,0.0,7000.0,2025-03-01
CUS_0xfd1_2024_12_01,CUS_0xfd1,2024-12-01,10,4,10000,1000.0,1000.0,0.0,6000.0,2025-04-01
CUS_0xfd1_2024_12_01,CUS_0xfd1,2024-12-01,10,5,10000,1000.0,1000.0,0.0,5000.0,2025-05-01
CUS_0xfd1_2024_12_01,CUS_0xfd1,2024-12-01,10,6,10000,1000.0,1000.0,0.0,4000.0,2025-06-01
CUS_0xfd1_2024_12_01,CUS_0xfd1,2024-12-01,10,7,10000,1000.0,1000.0,0.0,3000.0,2025-07-01
CUS_0xfd1_2024_12_01,CUS_0xfd1,2024-12-01,10,8,10000,1000.0,1000.0,0.0,2000.0,2025-08-01
CUS_0xfd1_2024_12_01,CUS_0xfd1,2024-12-01,10,9,10000,1000.0,1000.0,0.0,1000.0,2025-09-01
CUS_0xfd1_2024_12_01,CUS_0xfd1,2024-12-01,10,10,10000,1000.0,1000.0,0.0,0.0,2025-10-01
CUS_0xfe4_2023_09_01,CUS_0xfe4,2023-09-01,10,0,10000,0.0,0.0,0.0,10000.0,2023-09-01
CUS_0xfe4_2023_09_01,CUS_0xfe4,2023-09-01,10,1,10000,1000.0,1000.0,0.0,9000.0,2023-10-01
CUS_0xfe4_2023_09_01,CUS_0xfe4,2023-09-01,10,2,10000,1000.0,1000.0,0.0,8000.0,2023-11-01
CUS_0xfe4_2023_09_01,CUS_0xfe4,2023-09-01,10,3,10000,1000.0,1000.0,0.0,7000.0,2023-12-01
CUS_0xfe4_2023_09_01,CUS_0xfe4,2023-09-01,10,4,10000,1000.0,1000.0,0.0,6000.0,2024-01-01
CUS_0xfe4_2023_09_01,CUS_0xfe4,2023-09-01,10,5,10000,1000.0,1000.0,0.0,5000.0,2024-02-01
CUS_0xfe4_2023_09_01,CUS_0xfe4,2023-09-01,10,6,10000,1000.0,1000.0,0.0,4000.0,2024-03-01
CUS_0xfe4_2023_09_01,CUS_0xfe4,2023-09-01,10,7,10000,1000.0,1000.0,0.0,3000.0,2024-04-01
CUS_0xfe4_2023_09_01,CUS_0xfe4,2023-09-01,10,8,10000,1000.0,1000.0,0.0,2000.0,2024-05-01
CUS_0xfe4_2023_09_01,CUS_0xfe4,2023-09-01,10,9,10000,1000.0,1000.0,0.0,1000.0,2024-06-01
CUS_0xfe4_2023_09_01,CUS_0xfe4,2023-09-01,10,10,10000,1000.0,1000.0,0.0,0.0,2024-07-01
CUS_0xff6_2024_10_01,CUS_0xff6,2024-10-01,10,0,10000,0.0,0.0,0.0,10000.0,2024-10-01
CUS_0xff6_2024_10_01,CUS_0xff6,2024-10-01,10,1,10000,1000.0,1000.0,0.0,9000.0,2024-11-01
CUS_0xff6_2024_10_01,CUS_0xff6,2024-10-01,10,2,10000,1000.0,1000.0,0.0,8000.0,2024-12-01
CUS_0xff6_2024_10_01,CUS_0xff6,2024-10-01,10,3,10000,1000.0,1000.0,0.0,7000.0,2025-01-01
CUS_0xff6_2024_10_01,CUS_0xff6,2024-10-01,10,4,10000,1000.0,1000.0,0.0,6000.0,2025-02-01
CUS_0xff6_2024_10_01,CUS_0xff6,2024-10-01,10,5,10000,1000.0,1000.0,0.0,5000.0,2025-03-01
CUS_0xff6_2024_10_01,CUS_0xff6,2024-10-01,10,6,10000,1000.0,1000.0,0.0,4000.0,2025-04-01
CUS_0xff6_2024_10_01,CUS_0xff6,2024-10-01,10,7,10000,1000.0,1000.0,0.0,3000.0,2025-05-01
CUS_0xff6_2024_10_01,CUS_0xff6,2024-10-01,10,8,10000,1000.0,1000.0,0.0,2000.0,2025-06-01
CUS_0xff6_2024_10_01,CUS_0xff6,2024-10-01,10,9,10000,1000.0,1000.0,0.0,1000.0,2025-07-01
CUS_0xff6_2024_10_01,CUS_0xff6,2024-10-01,10,10,10000,1000.0,1000.0,0.0,0.0,2025-08-01
